task_type,complexity,assignee_level,tech_stack,task_priority,story_points,team_size,num_dependencies,estimated_hours,sprint_day,created_hour,remote_work,meetings_today,blocker_flag,avg_experience,juniors,mediors,seniors,tech_leads,predicted_duration_days
Design Review,High,Junior,Other,Medium,7,3,1,14,1,14,False,1,False,4.16666667,1,1,0,1,2.93937917
Feature Dev,Medium,Tech Lead,Go,Low,8,4,2,16,7,9,False,3,True,3.625,2,0,2,0,3.97094775
Code Review,High,Tech Lead,Java,Low,3,3,1,6,8,17,False,2,False,5.0,1,0,1,1,1.488146
Refactoring,High,Junior,Other,Critical,3,3,0,6,5,13,True,3,False,3.5,1,1,1,0,1.34533665
Feature Dev,High,Tech Lead,C++,High,12,2,3,24,10,13,True,3,True,1.5,2,0,0,0,6.68060663
Deployment,Medium,Mid,C++,Low,11,5,0,22,6,12,False,2,False,2.7,3,1,1,0,4.736413
Deployment,Medium,Junior,Go,Critical,7,3,0,14,1,17,False,3,False,4.91666667,0,1,2,0,2.11568542
Code Review,High,Senior,Go,High,3,3,2,6,10,13,False,1,False,2.66666667,1,2,0,0,1.5486
Bug Fix,Low,Tech Lead,Java,Critical,9,2,1,18,2,16,False,1,False,3.25,0,2,0,0,2.78109375
Refactoring,High,Junior,Java,High,6,5,1,12,5,18,True,2,False,3.05,2,2,1,0,2.70111547
Refactoring,Medium,Mid,Other,Critical,9,3,2,18,1,13,True,2,False,2.66666667,1,2,0,0,3.537275
Documentation,Medium,Senior,Python,Critical,11,4,3,22,8,11,False,3,False,4.5625,1,1,1,1,3.51130219
Documentation,Medium,Junior,C++,High,3,4,3,6,1,9,True,1,False,4.5625,1,1,1,1,1.32651422
Deployment,High,Senior,Java,Low,8,4,1,16,2,18,False,1,False,2.375,2,2,0,0,4.24194375
Design Review,Medium,Senior,C++,Medium,13,2,3,26,8,13,False,3,False,1.5,2,0,0,0,6.09875
Deployment,High,Senior,Go,Critical,9,2,2,18,1,9,False,1,True,4.5,0,1,1,0,3.60285888
Refactoring,High,Tech Lead,Python,Medium,11,3,1,22,10,18,False,1,False,2.91666667,2,0,1,0,4.91462625
Testing,High,Junior,JavaScript,Critical,1,2,0,2,5,10,True,0,True,2.375,1,1,0,0,0.5
Feature Dev,Medium,Senior,Go,High,8,3,3,16,8,12,True,1,False,3.5,1,1,1,0,3.17962969
Code Review,Low,Mid,Python,Critical,11,3,3,22,1,15,True,0,True,2.08333333,2,1,0,0,4.31147784
Documentation,Medium,Tech Lead,Other,Critical,5,4,3,10,2,16,True,1,False,5.1875,1,0,2,1,1.72169944
Deployment,High,Mid,JavaScript,Critical,11,3,0,22,9,12,True,2,False,2.66666667,1,2,0,0,4.538065
Refactoring,High,Senior,Java,Critical,8,2,0,16,3,11,False,1,False,4.5,0,1,1,0,2.72703375
Bug Fix,Medium,Junior,Go,Low,1,4,1,2,10,14,True,1,False,3.5,2,1,0,1,0.65972156
Code Review,Medium,Senior,Other,Low,7,4,3,14,4,12,False,1,False,2.8125,1,3,0,0,3.53529688
Documentation,High,Tech Lead,C++,High,13,3,1,26,4,16,False,0,False,2.66666667,1,2,0,0,5.3331
Client Meeting,Medium,Mid,JavaScript,Medium,5,3,3,10,6,17,True,0,False,4.33333333,1,0,2,0,2.1360325
Code Review,Low,Senior,Python,Critical,13,5,0,26,4,15,False,2,False,2.2,3,2,0,0,4.10652
Bug Fix,High,Senior,JavaScript,High,3,2,2,6,10,10,False,1,False,2.375,1,1,0,0,1.5719625
Feature Dev,Low,Tech Lead,Go,Medium,10,4,0,20,9,11,True,1,False,1.5,4,0,0,0,3.982125
Client Meeting,Medium,Junior,Java,Medium,6,3,1,12,7,18,False,2,True,2.08333333,2,1,0,0,3.01239583
Code Review,Low,Senior,Other,Low,2,2,1,4,5,11,True,1,False,1.5,2,0,0,0,1.14835875
Client Meeting,Medium,Mid,Go,High,11,5,3,22,5,13,False,0,False,3.1,3,1,0,1,3.91867875
Design Review,Low,Tech Lead,Java,Low,3,3,3,6,6,18,True,3,False,2.66666667,1,2,0,0,2.043195
Testing,Medium,Mid,Java,Medium,8,3,3,16,4,16,False,1,False,2.91666667,2,0,1,0,3.47078125
Design Review,High,Junior,JavaScript,Low,2,3,0,4,10,18,True,0,True,3.5,1,1,1,0,1.04875964
Code Review,High,Tech Lead,JavaScript,Medium,9,3,3,18,6,14,True,1,False,3.5,1,1,1,0,4.41850762
Code Review,High,Junior,C++,High,1,3,2,2,4,10,False,3,False,4.33333333,1,0,2,0,0.792138
Deployment,Medium,Junior,JavaScript,Low,5,3,2,10,1,18,False,0,False,2.08333333,2,1,0,0,2.51945833
Documentation,Medium,Tech Lead,Java,Critical,1,3,2,2,10,10,True,3,False,3.58333333,2,0,0,1,0.78075156
Testing,High,Junior,C++,High,11,4,1,22,7,15,True,1,True,3.4375,1,2,1,0,4.96932293
Code Review,High,Mid,Go,High,9,4,3,18,1,9,False,0,False,3.4375,1,2,1,0,3.71906184
Design Review,Low,Mid,C++,Medium,10,2,3,20,9,18,True,2,True,1.5,2,0,0,0,5.03146875
Code Review,High,Mid,Go,Medium,4,5,1,8,5,14,False,1,False,3.55,2,1,2,0,1.8123435
Design Review,Medium,Mid,C++,Low,4,3,2,8,3,11,True,0,False,5.58333333,0,1,1,1,1.716099
Code Review,Medium,Mid,C++,Medium,10,2,0,20,4,13,True,2,True,5.75,0,0,2,0,3.875949
Design Review,High,Mid,Other,Critical,10,2,2,20,3,14,False,2,False,2.375,1,1,0,0,4.25371875
Design Review,High,Tech Lead,Java,High,4,3,1,8,5,10,False,2,False,4.75,0,2,0,1,1.61498812
Deployment,Medium,Mid,Other,Medium,2,2,0,4,7,16,True,1,False,2.375,1,1,0,0,0.92728125
Bug Fix,High,Senior,Python,Medium,4,2,1,8,4,14,False,3,False,1.5,2,0,0,0,2.34725
Feature Dev,Low,Senior,Python,High,12,4,3,24,6,16,False,1,False,1.9375,3,1,0,0,4.39669688
Deployment,Low,Senior,Java,High,1,4,3,2,3,18,True,1,False,2.8125,1,3,0,0,0.82501453
Code Review,Low,Mid,Go,Critical,13,3,1,26,1,12,True,1,False,2.66666667,1,2,0,0,4.2533575
Refactoring,High,Junior,JavaScript,Critical,8,3,2,16,5,11,False,1,False,3.5,1,1,1,0,3.111663
Refactoring,High,Senior,Go,High,6,2,0,12,1,14,False,0,False,2.375,1,1,0,0,2.437425
Code Review,Medium,Mid,Go,Critical,7,5,0,14,2,11,True,1,True,3.1,3,1,0,1,2.55596158
Feature Dev,Low,Junior,C++,Critical,13,3,2,26,1,15,True,3,True,2.08333333,2,1,0,0,5.1620415
Code Review,High,Senior,Go,Low,10,2,3,20,9,18,False,2,False,1.5,2,0,0,0,5.919375
Documentation,Medium,Mid,Java,Medium,1,2,1,2,9,10,False,3,False,1.5,2,0,0,0,0.87125
Code Review,Medium,Mid,Python,High,13,4,2,26,10,10,False,1,True,4.5625,1,1,1,1,4.446981
Code Review,Low,Mid,C++,Critical,10,3,0,20,2,18,False,0,False,3.58333333,2,0,0,1,2.6768625
Refactoring,Low,Mid,Other,Critical,2,3,2,4,2,17,True,0,False,2.66666667,1,2,0,0,0.880005
Refactoring,Low,Senior,C++,Low,13,4,2,26,9,17,True,2,False,2.375,2,2,0,0,5.87072063
Code Review,High,Senior,Python,Low,7,4,1,14,1,10,False,0,True,2.8125,1,3,0,0,3.91204344
Code Review,High,Tech Lead,C++,Low,1,2,0,2,3,17,False,0,False,1.5,2,0,0,0,0.51865
Bug Fix,Medium,Mid,Other,Critical,8,4,2,16,8,13,True,3,False,3.5,2,1,0,1,2.98028062
Documentation,Medium,Mid,Java,High,1,2,3,2,9,9,False,0,False,3.625,1,0,1,0,0.68175844
Refactoring,High,Senior,JavaScript,Low,13,5,2,26,2,15,True,0,False,3.55,2,1,2,0,6.28978581
Client Meeting,High,Tech Lead,Go,Medium,12,2,2,24,6,15,False,3,False,1.5,2,0,0,0,6.273
Feature Dev,Medium,Junior,Other,Medium,6,5,1,12,1,13,True,2,False,3.1,3,1,0,1,2.59225313
Client Meeting,High,Senior,Java,Low,5,2,0,10,3,15,True,0,False,3.25,0,2,0,0,2.49046875
Refactoring,Medium,Senior,C++,Medium,11,2,0,22,1,12,False,1,False,2.375,1,1,0,0,4.415625
Refactoring,Medium,Junior,Go,Medium,7,2,3,14,7,13,True,2,True,2.375,1,1,0,0,3.91003594
Design Review,Medium,Tech Lead,JavaScript,Low,2,2,2,4,8,10,False,2,True,3.625,1,0,1,0,1.40183794
Client Meeting,Medium,Junior,JavaScript,Medium,9,2,2,18,5,11,False,3,True,2.375,1,1,0,0,4.533375
Refactoring,Low,Mid,Go,Medium,2,2,3,4,8,15,False,3,True,1.5,2,0,0,0,1.657425
Documentation,Low,Tech Lead,JavaScript,Low,8,2,1,16,2,9,False,2,False,3.25,0,2,0,0,3.3309375
Testing,Medium,Junior,Java,Medium,13,2,0,26,6,16,False,1,True,1.5,2,0,0,0,5.97575
Design Review,High,Senior,Java,Medium,11,5,1,22,6,15,True,3,False,4.45,2,0,2,1,4.51833086
Testing,Medium,Senior,Other,Critical,9,5,2,18,2,10,True,1,False,4.3,1,2,1,1,2.906694
Refactoring,Medium,Senior,Java,Low,4,3,1,8,8,13,True,2,False,4.33333333,1,0,2,0,1.87011825
Code Review,Low,Mid,Go,Critical,4,4,0,8,7,9,False,1,False,2.8125,1,3,0,0,1.25582188
Deployment,Low,Junior,JavaScript,High,8,3,2,16,9,11,False,1,False,2.66666667,1,2,0,0,2.8536
Documentation,Medium,Tech Lead,Java,Medium,7,5,2,14,3,14,False,1,True,1.85,4,1,0,0,3.5464
Code Review,Medium,Tech Lead,Java,Critical,2,2,2,4,6,13,False,1,False,2.375,1,1,0,0,1.000875
Refactoring,Medium,Junior,Other,High,1,4,2,2,3,12,False,1,True,3.0,2,1,1,0,0.729828
Feature Dev,Medium,Junior,Java,Critical,7,4,3,14,8,17,True,3,False,2.375,2,2,0,0,3.10896797
Documentation,Medium,Mid,Other,Low,6,5,1,12,3,18,True,1,False,5.15,0,2,2,1,2.31545738
Refactoring,Low,Mid,C++,Low,12,4,2,24,1,17,False,0,False,2.375,2,2,0,0,4.9867125
Code Review,Medium,Tech Lead,Other,Critical,2,4,3,4,10,15,False,3,False,2.5625,3,0,1,0,1.24203195
Bug Fix,High,Tech Lead,C++,High,5,4,0,10,8,9,False,0,False,5.0,0,2,1,1,1.61874
Testing,High,Junior,Go,High,5,5,3,10,1,12,True,1,False,3.55,2,1,2,0,2.33545174
Design Review,High,Mid,Go,High,9,2,1,18,2,10,False,0,False,2.375,1,1,0,0,3.78860625
Bug Fix,High,Tech Lead,Java,Critical,3,2,0,6,7,12,True,0,False,2.375,1,1,0,0,1.20855656
Design Review,Low,Tech Lead,Other,Critical,6,2,3,12,4,13,False,3,False,2.375,1,1,0,0,2.42712188
Client Meeting,High,Tech Lead,Python,High,10,5,1,20,1,9,False,1,True,2.55,2,3,0,0,4.66945875
Testing,High,Junior,Python,Medium,1,2,2,2,8,12,False,0,False,2.375,1,1,0,0,0.74575
Client Meeting,Medium,Tech Lead,Java,Medium,4,5,0,8,10,15,False,0,True,3.95,2,1,1,1,1.461328
Client Meeting,Medium,Junior,C++,Medium,6,4,3,12,2,13,False,1,True,2.5625,3,0,1,0,3.05912234
Bug Fix,Medium,Senior,Java,High,12,5,0,24,6,16,True,3,True,3.55,2,1,2,0,4.59715237
Client Meeting,Medium,Tech Lead,JavaScript,Medium,8,3,0,16,4,17,False,1,True,4.16666667,1,1,0,1,3.0749125
Client Meeting,High,Tech Lead,Go,Critical,3,4,2,6,2,12,True,1,False,3.9375,1,2,0,1,1.36301205
Refactoring,Low,Mid,Go,High,5,2,3,10,2,14,False,2,False,1.5,2,0,0,0,2.260125
Design Review,Low,Senior,Go,Low,1,3,1,2,5,18,True,0,False,4.75,0,2,0,1,0.5
Documentation,Medium,Junior,Python,High,8,4,0,16,9,16,False,3,False,3.0,2,1,1,0,2.902725
Documentation,Medium,Mid,JavaScript,Low,9,4,1,18,8,13,True,0,True,3.4375,1,2,1,0,4.28927748
Bug Fix,Medium,Tech Lead,Other,Low,9,4,1,18,9,13,False,1,True,3.0625,3,0,0,1,4.19046633
Refactoring,High,Junior,Python,High,13,4,0,26,5,9,False,1,True,4.5625,1,1,1,1,4.8281508
Documentation,High,Junior,Java,Low,9,2,2,18,10,10,False,2,False,1.5,2,0,0,0,5.2316
Code Review,Low,Senior,C++,Critical,3,3,3,6,4,16,True,1,False,3.58333333,2,0,0,1,1.27262505
Design Review,Medium,Tech Lead,Go,Critical,13,5,0,26,8,9,True,3,False,5.15,0,2,2,1,3.71346938
Code Review,Medium,Junior,C++,Critical,9,3,0,18,3,11,False,3,True,4.08333333,0,2,1,0,3.16865656
Testing,Medium,Mid,C++,High,11,2,2,22,10,18,False,0,False,2.375,1,1,0,0,4.1506875
Testing,High,Tech Lead,Python,Low,7,2,1,14,4,15,True,1,False,2.375,1,1,0,0,3.93270281
Feature Dev,Low,Senior,C++,Critical,11,4,2,22,8,12,False,2,False,3.0625,3,0,0,1,3.41012297
Testing,Medium,Tech Lead,JavaScript,Critical,8,5,2,16,10,18,False,0,True,3.05,2,2,1,0,3.00767294
Deployment,Medium,Junior,C++,Low,2,2,0,4,9,15,False,3,False,3.625,1,0,1,0,1.07833688
Deployment,High,Tech Lead,JavaScript,Low,2,5,3,4,9,14,True,2,False,3.95,2,1,1,1,1.50562451
Code Review,Low,Tech Lead,C++,Medium,11,2,0,22,8,14,False,3,False,3.25,0,2,0,0,3.99375
Deployment,Medium,Senior,C++,Medium,10,5,3,20,5,18,True,2,True,3.4,1,3,1,0,4.84495358
Refactoring,High,Mid,Java,High,3,4,1,6,7,18,False,0,False,4.0625,1,1,2,0,1.16089706
Testing,High,Junior,Java,Critical,1,2,1,2,1,14,True,2,False,2.375,1,1,0,0,0.70937016
Bug Fix,High,Junior,Other,Medium,3,5,2,6,4,17,True,0,False,4.3,1,2,1,1,1.4362488
Refactoring,High,Tech Lead,C++,Low,6,2,0,12,6,17,False,3,True,2.375,1,1,0,0,3.63317625
Refactoring,Medium,Senior,C++,High,6,5,0,12,9,10,False,3,False,2.2,3,2,0,0,2.4057
Feature Dev,Low,Tech Lead,Go,Critical,11,2,1,22,5,10,True,1,False,2.375,1,1,0,0,3.68697328
Feature Dev,Medium,Mid,Go,Medium,5,2,0,10,4,15,False,2,False,4.5,0,1,1,0,1.86725
Deployment,Medium,Tech Lead,JavaScript,Low,7,4,1,14,3,17,True,3,False,2.375,2,2,0,0,3.68336719
Testing,Low,Mid,C++,High,2,4,3,4,5,14,True,3,False,2.8125,1,3,0,0,1.33271578
Feature Dev,Low,Tech Lead,Java,Medium,10,3,1,20,10,18,True,0,False,2.08333333,2,1,0,0,3.92109375
Deployment,High,Mid,Python,Critical,2,2,2,4,2,11,False,1,False,2.375,1,1,0,0,1.1009625
Design Review,Low,Senior,Go,Critical,12,5,0,24,10,10,True,2,False,3.8,1,3,0,1,3.48747945
Code Review,Medium,Tech Lead,JavaScript,Medium,1,3,3,2,3,14,False,2,False,5.0,1,0,1,1,0.8211
Documentation,Medium,Senior,JavaScript,Medium,13,3,1,26,10,17,True,3,True,3.58333333,2,0,0,1,5.70867172
Testing,High,Junior,Java,High,7,5,2,14,8,18,False,3,False,3.45,2,2,0,1,3.02930775
Bug Fix,Medium,Junior,C++,High,2,5,3,4,2,16,False,0,True,3.55,2,1,2,0,1.07309812
Deployment,High,Tech Lead,Java,Medium,2,4,3,4,5,16,False,3,True,2.375,2,2,0,0,1.80255625
Bug Fix,Medium,Senior,Java,High,12,3,1,24,9,18,False,3,False,2.91666667,2,0,1,0,4.37318437
Refactoring,High,Mid,Other,Medium,1,2,1,2,1,12,False,3,False,2.375,1,1,0,0,0.8929375
Refactoring,Low,Junior,JavaScript,Critical,10,2,2,20,9,16,True,1,False,3.25,0,2,0,0,3.346875
Client Meeting,Low,Mid,Go,Medium,11,4,0,22,10,11,False,2,True,2.8125,1,3,0,0,4.3901
Refactoring,High,Senior,Python,Medium,4,5,1,8,1,15,False,2,False,2.55,2,3,0,0,2.129775
Testing,Medium,Tech Lead,Go,High,5,2,3,10,3,15,False,2,False,2.375,1,1,0,0,2.34028125
Deployment,Medium,Mid,Go,Medium,2,4,1,4,4,12,True,2,False,3.9375,1,2,0,1,1.03599727
Bug Fix,Medium,Tech Lead,Java,Medium,1,3,1,2,1,12,False,2,True,3.5,1,1,1,0,0.74023125
Testing,Low,Mid,JavaScript,High,8,3,1,16,4,12,True,3,False,2.66666667,1,2,0,0,3.041955
Code Review,Medium,Senior,Java,Medium,5,2,3,10,4,9,False,1,False,1.5,2,0,0,0,2.61375
Feature Dev,Medium,Tech Lead,Other,Critical,9,3,0,18,8,10,False,2,False,3.5,1,1,1,0,2.8981175
Feature Dev,High,Tech Lead,Go,Low,3,3,0,6,10,9,False,1,False,4.16666667,1,1,0,1,1.37905167
Documentation,High,Junior,Go,Critical,12,4,2,24,7,16,True,1,False,3.0,2,1,1,0,4.8688374
Testing,High,Junior,JavaScript,High,9,5,0,18,4,12,True,2,True,5.15,0,2,2,1,3.4128968
Testing,High,Mid,Other,Medium,5,2,1,10,5,17,False,1,False,4.5,0,1,1,0,2.1643125
Refactoring,Medium,Junior,Go,Low,1,2,1,2,6,15,False,1,False,1.5,2,0,0,0,0.732875
Deployment,Low,Junior,JavaScript,High,9,4,3,18,2,11,True,0,False,3.5,2,1,0,1,3.06424519
Bug Fix,Low,Mid,JavaScript,Low,12,2,3,24,10,18,False,0,True,2.375,1,1,0,0,5.66348063
Bug Fix,Medium,Tech Lead,Python,Low,3,2,0,6,8,18,False,0,False,1.5,2,0,0,0,1.353
Refactoring,Medium,Mid,JavaScript,Critical,13,5,2,26,7,16,True,1,False,3.6,3,0,1,1,4.2303072
Design Review,Medium,Junior,JavaScript,Medium,6,3,3,12,10,12,False,2,True,2.66666667,1,2,0,0,3.24316667
Bug Fix,Medium,Mid,Python,High,1,4,0,2,10,17,True,3,True,3.4375,1,2,1,0,0.65508965
Testing,Medium,Mid,C++,Critical,4,4,2,8,6,17,True,1,False,4.5625,1,1,1,1,1.43179313
Testing,Medium,Tech Lead,Java,Critical,4,5,0,8,5,12,True,0,True,5.15,0,2,2,1,1.1883102
Bug Fix,Medium,Junior,Python,Low,8,3,2,16,5,16,False,0,False,2.08333333,2,1,0,0,3.83395833
Deployment,High,Senior,JavaScript,High,7,3,0,14,2,14,False,1,False,2.91666667,2,0,1,0,2.7655185
Feature Dev,Low,Mid,Go,High,5,4,2,10,5,17,False,3,False,3.25,0,4,0,0,2.025
Deployment,High,Senior,Python,Medium,9,4,3,18,6,16,True,2,False,2.375,2,2,0,0,4.93519688
Bug Fix,High,Senior,Other,High,6,2,3,12,10,14,False,3,False,1.5,2,0,0,0,3.237975
Documentation,Medium,Senior,C++,High,1,4,1,2,7,11,False,3,False,2.5625,3,0,1,0,0.72117984
Bug Fix,Medium,Senior,C++,High,1,4,3,2,2,10,False,2,False,3.4375,1,2,1,0,0.85076578
Deployment,Medium,Senior,JavaScript,Low,3,3,2,6,10,13,False,2,True,3.25,0,3,0,0,1.9284375
Testing,Low,Senior,Python,High,12,2,0,24,3,17,False,2,False,3.25,0,2,0,0,3.81375
Feature Dev,High,Junior,Java,Critical,1,5,0,2,4,12,False,3,False,3.9,1,2,2,0,0.5495522
Client Meeting,Medium,Tech Lead,Python,Critical,7,3,0,14,1,9,False,0,False,2.91666667,2,0,1,0,2.20278917
Refactoring,High,Senior,JavaScript,Medium,9,2,2,18,6,18,False,0,False,3.625,1,0,1,0,3.9568725
Client Meeting,Medium,Junior,Python,Low,5,3,1,10,6,9,False,0,True,2.66666667,1,2,0,0,2.51478333
Refactoring,Medium,Mid,C++,Critical,2,4,0,4,10,15,False,1,False,3.4375,1,2,1,0,0.68871516
Feature Dev,High,Junior,Java,High,8,5,0,16,6,11,True,2,False,3.4,1,3,1,0,3.30763986
Refactoring,Medium,Senior,Java,High,8,4,0,16,3,10,True,3,False,3.9375,1,2,0,1,2.83773164
Testing,Medium,Tech Lead,Go,Critical,3,2,0,6,8,11,False,3,False,2.375,1,1,0,0,1.25109375
Documentation,Medium,Junior,Python,Medium,10,4,1,20,2,13,False,1,False,3.4375,1,2,1,0,3.82619531
Client Meeting,Medium,Senior,Other,Critical,11,4,3,22,10,16,True,2,False,4.0625,1,1,2,0,3.79978807
Testing,High,Senior,JavaScript,Critical,10,5,2,20,10,18,True,3,False,2.55,2,3,0,0,4.5133725
Client Meeting,High,Tech Lead,Other,Low,1,5,2,2,3,17,False,2,False,3.9,1,2,2,0,0.8983392
Client Meeting,Low,Tech Lead,Python,Critical,10,4,3,20,3,10,False,3,False,3.5,2,1,0,1,3.24917812
Refactoring,Low,Mid,C++,High,7,3,3,14,1,12,False,1,False,4.75,0,2,0,1,2.26393313
Documentation,Low,Tech Lead,Other,High,10,2,3,20,9,9,False,2,True,2.375,1,1,0,0,4.12860938
Code Review,High,Senior,JavaScript,Medium,9,2,1,18,8,17,False,3,False,2.375,1,1,0,0,4.5039375
Design Review,High,Junior,Go,High,6,3,1,12,7,18,False,3,False,3.5,1,1,1,0,2.59215525
Code Review,High,Junior,C++,High,7,5,2,14,6,9,True,1,False,3.05,2,2,1,0,3.14406367
Code Review,High,Senior,C++,Medium,1,4,3,2,5,14,False,1,False,2.375,2,2,0,0,0.9910625
Client Meeting,Medium,Tech Lead,Other,Medium,6,3,0,12,4,17,False,2,False,3.5,1,1,1,0,2.33285
Design Review,High,Mid,JavaScript,High,6,2,2,12,1,12,False,2,False,3.625,1,0,1,0,2.61474413
Deployment,Medium,Junior,Other,Medium,2,5,3,4,2,13,True,0,False,3.6,3,0,1,1,1.1109
Bug Fix,Low,Junior,JavaScript,Medium,10,3,3,20,10,18,True,1,False,2.08333333,2,1,0,0,4.33934375
Code Review,Medium,Tech Lead,JavaScript,Critical,2,2,3,4,1,15,True,2,False,3.25,0,2,0,0,1.21324219
Bug Fix,High,Senior,Go,High,6,3,0,12,6,16,True,1,False,2.66666667,1,2,0,0,2.61261
Refactoring,Medium,Junior,C++,Medium,11,5,1,22,1,18,True,3,False,3.55,2,1,2,0,4.41596138
Refactoring,Medium,Senior,Java,Critical,5,4,3,10,6,9,False,3,False,2.8125,1,3,0,0,2.24253906
Documentation,High,Senior,Python,High,8,4,1,16,1,11,True,1,False,4.0625,1,1,2,0,3.13100767
Refactoring,Low,Tech Lead,JavaScript,Critical,2,4,2,4,1,15,True,3,False,3.0625,3,0,0,1,1.05973777
Refactoring,Medium,Senior,Python,Critical,12,4,1,24,2,11,False,0,False,3.875,0,3,1,0,3.69865547
Bug Fix,High,Senior,Java,Medium,10,3,3,20,9,14,True,1,True,2.66666667,1,2,0,0,5.749975
Documentation,High,Senior,Other,Critical,5,4,2,10,1,11,True,1,False,4.5625,1,1,1,1,1.93292072
Refactoring,High,Tech Lead,Go,Low,8,4,0,16,8,17,False,3,False,3.9375,1,2,0,1,3.75618719
Client Meeting,Medium,Senior,Other,Medium,11,2,3,22,4,11,False,1,False,2.375,1,1,0,0,4.8571875
Testing,Low,Mid,Go,High,2,2,3,4,3,13,False,3,True,3.25,0,2,0,0,1.36434375
Bug Fix,Medium,Mid,Python,High,11,2,3,22,10,17,False,2,False,2.375,1,1,0,0,4.45978125
Refactoring,High,Junior,C++,High,10,3,1,20,10,13,True,3,True,2.91666667,2,0,1,0,4.85860784
Feature Dev,High,Junior,JavaScript,High,7,2,2,14,3,15,True,2,False,4.5,0,1,1,0,2.98369575
Testing,High,Tech Lead,Go,Medium,1,5,0,2,6,14,True,2,False,4.8,1,1,2,1,0.5304222
Deployment,Medium,Senior,JavaScript,Critical,12,5,0,24,10,18,True,2,False,3.95,2,1,1,1,3.70521375
Documentation,Low,Tech Lead,Python,Critical,5,4,0,10,5,11,False,3,True,3.9375,1,2,0,1,1.68462164
Documentation,High,Tech Lead,Other,High,11,4,1,22,6,11,False,1,True,2.375,2,2,0,0,5.15833313
Client Meeting,High,Junior,JavaScript,Low,6,3,0,12,10,13,False,3,False,2.91666667,2,0,1,0,3.11537325
Refactoring,High,Tech Lead,Python,Medium,9,2,0,18,2,12,False,3,True,2.375,1,1,0,0,4.792425
Deployment,Low,Senior,Go,High,5,2,2,10,7,9,True,1,True,2.375,1,1,0,0,2.24402063
Deployment,High,Senior,JavaScript,Low,12,3,3,24,5,14,False,0,True,3.58333333,2,0,0,1,6.31923256
Documentation,Medium,Mid,Other,Low,5,2,2,10,10,10,False,3,True,3.625,1,0,1,0,2.80367588
Deployment,Low,Tech Lead,Python,High,11,4,1,22,2,10,True,0,False,1.9375,3,1,0,0,3.89608734
Code Review,Medium,Tech Lead,C++,Critical,2,5,2,4,10,16,False,2,True,4.3,1,2,1,1,0.9896601
Bug Fix,Medium,Senior,Java,Low,9,3,2,18,8,14,False,2,False,3.5,1,1,1,0,4.0465975
Code Review,Medium,Mid,Go,High,3,3,1,6,8,9,False,2,False,4.91666667,0,1,2,0,1.12006875
Client Meeting,High,Senior,Python,High,9,5,2,18,4,9,False,0,True,3.9,1,2,2,0,3.73933692
Client Meeting,Medium,Mid,C++,Medium,11,3,2,22,9,10,True,3,False,4.75,0,2,0,1,4.30171875
Bug Fix,Low,Tech Lead,Java,High,10,5,0,20,9,15,False,3,False,2.55,2,3,0,0,3.413475
Refactoring,High,Tech Lead,Java,Low,11,5,2,22,4,17,True,1,False,3.05,2,2,1,0,5.79596267
Client Meeting,Low,Junior,Java,Low,11,3,1,22,3,13,True,1,False,2.08333333,2,1,0,0,4.84228938
Feature Dev,High,Junior,Other,Low,12,3,0,24,7,9,False,2,True,3.5,1,1,1,0,6.2100467
Testing,Medium,Mid,Java,High,3,5,1,6,7,14,False,0,False,2.75,4,0,0,1,1.11096563
Testing,Medium,Tech Lead,JavaScript,High,1,2,1,2,5,12,False,2,True,5.75,0,0,2,0,0.5932575
Design Review,High,Junior,Go,High,6,4,0,12,9,12,False,0,False,3.625,2,0,2,0,2.1452445
Design Review,Medium,Mid,Python,High,13,5,2,26,3,13,False,1,True,2.2,3,2,0,0,5.48856
Code Review,Medium,Tech Lead,Python,Medium,6,4,1,12,1,17,True,2,False,3.4375,1,2,1,0,2.59956211
Documentation,Medium,Mid,Other,Critical,4,5,0,8,3,18,False,1,True,3.1,3,1,0,1,1.42697362
Testing,Low,Junior,Go,High,13,4,2,26,9,17,False,1,False,2.375,2,2,0,0,4.486275
Feature Dev,High,Senior,Python,Low,2,2,3,4,1,17,False,1,True,3.625,1,0,1,0,1.58515521
Design Review,High,Tech Lead,Other,Medium,6,5,3,12,9,18,False,3,False,3.8,1,3,0,1,3.034395
Code Review,High,Tech Lead,Python,Critical,13,2,3,26,1,15,False,1,True,1.5,2,0,0,0,6.25818875
Bug Fix,High,Mid,JavaScript,Low,11,5,0,22,6,14,False,1,False,3.55,2,1,2,0,4.9219434
Deployment,Medium,Senior,C++,High,7,5,0,14,7,11,False,0,False,2.55,2,3,0,0,2.4507
Client Meeting,High,Mid,Java,Low,1,2,3,2,10,9,True,2,True,3.625,1,0,1,0,1.25680163
Testing,Medium,Senior,Python,Critical,13,2,0,26,4,10,False,0,True,3.25,0,2,0,0,4.558125
Documentation,High,Tech Lead,JavaScript,Low,8,4,1,16,10,12,False,2,True,3.4375,1,2,1,0,4.39004146
Testing,Low,Junior,JavaScript,High,10,5,3,20,7,10,False,3,True,1.85,4,1,0,0,4.33879875
Testing,Low,Mid,Go,High,2,2,3,4,1,10,False,1,False,1.5,2,0,0,0,1.171575
Refactoring,Low,Tech Lead,Other,High,6,3,3,12,1,17,False,1,True,4.75,0,2,0,1,2.19830119
Feature Dev,Medium,Senior,Other,Low,7,5,2,14,10,12,True,3,False,3.9,1,2,2,0,3.3406989
Testing,Medium,Tech Lead,Python,High,13,3,0,26,9,15,True,1,False,2.08333333,2,1,0,0,4.98763125
Bug Fix,Medium,Junior,C++,High,10,4,2,20,1,16,False,2,True,4.5625,1,1,1,1,3.57346688
Documentation,Low,Mid,Go,Critical,6,2,0,12,8,18,False,3,False,2.375,1,1,0,0,2.05179375
Code Review,Low,Mid,Python,Low,11,5,3,22,2,18,False,0,False,3.1,3,1,0,1,4.35498525
Feature Dev,Low,Junior,Python,Low,10,3,1,20,10,13,False,0,False,3.25,0,3,0,0,3.8671875
Deployment,Low,Mid,Go,Medium,6,2,0,12,3,14,True,2,False,2.375,1,1,0,0,2.4315375
Documentation,Medium,Tech Lead,Go,Medium,3,2,3,6,3,13,True,3,False,3.625,1,0,1,0,1.82470641
Feature Dev,High,Mid,Python,Critical,3,5,2,6,2,17,True,0,False,2.9,1,4,0,0,1.431927
Testing,High,Mid,JavaScript,Medium,4,3,0,8,9,18,True,3,False,2.91666667,2,0,1,0,2.07969212
Refactoring,High,Senior,Python,Critical,2,3,3,4,4,17,False,2,False,3.5,1,1,1,0,1.19738012
Client Meeting,High,Mid,C++,Low,10,2,1,20,9,18,True,1,False,4.5,0,1,1,0,4.75448531
Testing,High,Mid,C++,High,11,2,3,22,6,12,False,0,False,2.375,1,1,0,0,4.86601875
Code Review,High,Junior,C++,Critical,11,3,1,22,2,18,False,2,False,5.58333333,0,1,1,1,3.596027
Deployment,High,Mid,Other,High,2,3,2,4,6,13,False,1,False,2.91666667,2,0,1,0,1.0995435
Client Meeting,Medium,Tech Lead,Other,Medium,3,5,0,6,7,18,False,0,True,3.95,2,1,1,1,1.095996
Feature Dev,Medium,Junior,JavaScript,High,8,2,0,16,8,16,False,0,False,2.375,1,1,0,0,2.826
Code Review,Medium,Mid,JavaScript,Low,2,4,2,4,9,10,True,0,False,3.0,2,1,1,0,1.17076575
Bug Fix,Medium,Mid,Go,Medium,5,2,0,10,6,13,False,3,False,3.25,0,2,0,0,2.15625
Bug Fix,High,Senior,C++,High,8,3,2,16,9,12,False,0,False,3.5,1,1,1,0,3.2139495
Code Review,Medium,Mid,C++,Medium,11,4,0,22,10,18,True,2,True,3.9375,1,2,0,1,4.55838797
Testing,Medium,Tech Lead,Other,Medium,11,5,0,22,5,15,True,3,False,4.3,1,2,1,1,4.018077
Refactoring,Medium,Junior,C++,High,10,5,2,20,9,16,False,0,False,3.55,2,1,2,0,3.3558705
Code Review,Medium,Junior,C++,Critical,6,3,2,12,8,11,True,2,False,3.5,1,1,1,0,2.32230731
Code Review,High,Senior,JavaScript,Critical,9,5,2,18,5,17,False,1,True,4.65,0,3,1,1,3.38785469
Deployment,Medium,Mid,JavaScript,Critical,5,2,1,10,4,12,False,3,True,3.625,1,0,1,0,2.04148777
Deployment,Low,Senior,Other,Medium,13,4,0,26,1,13,False,1,False,1.5,4,0,0,0,4.8995
Code Review,Medium,Mid,Other,Critical,13,2,2,26,7,17,False,3,False,1.5,2,0,0,0,5.05325
Bug Fix,Medium,Tech Lead,JavaScript,Medium,6,5,1,12,10,11,False,1,False,4.45,2,0,2,1,2.06958375
Client Meeting,Medium,Tech Lead,Java,Medium,9,3,1,18,5,17,False,2,False,6.41666667,0,0,2,1,2.988175
Client Meeting,Low,Senior,Other,High,13,3,3,26,9,12,True,3,False,4.75,0,2,0,1,4.20449991
Refactoring,Low,Mid,Other,Medium,6,3,0,12,6,11,True,2,True,2.66666667,1,2,0,0,2.63494
Documentation,Low,Mid,C++,Low,2,3,3,4,2,16,False,3,True,3.25,0,3,0,0,1.66753125
Deployment,Low,Senior,Python,Medium,6,2,0,12,8,9,True,1,False,3.25,0,2,0,0,2.2246875
Client Meeting,High,Mid,Go,High,3,4,0,6,3,17,True,1,False,4.125,2,0,1,1,1.14999885
Deployment,Medium,Senior,Other,Critical,6,4,3,12,9,14,True,3,False,3.25,0,4,0,0,2.63566406
Client Meeting,High,Junior,Java,High,6,5,0,12,1,11,False,1,True,2.55,2,3,0,0,2.7535365
Feature Dev,High,Tech Lead,Python,High,3,3,1,6,4,9,False,1,True,3.5,1,1,1,0,1.44789233
Design Review,High,Senior,Go,Critical,1,5,3,2,1,18,False,2,False,4.3,1,2,1,1,0.7681977
Design Review,Medium,Senior,Java,High,3,4,2,6,5,9,False,2,True,4.5625,1,1,1,1,1.34997638
Deployment,High,Tech Lead,Other,Low,6,5,3,12,5,11,False,1,False,3.05,2,2,1,0,3.34635208
Deployment,Medium,Senior,JavaScript,High,12,2,2,24,10,12,True,1,True,1.5,2,0,0,0,5.540535
Bug Fix,Low,Mid,JavaScript,Critical,2,3,3,4,6,11,False,2,True,2.08333333,2,1,0,0,1.27561271
Testing,High,Senior,Go,Low,11,2,0,22,5,15,True,1,False,1.5,2,0,0,0,6.108795
Documentation,Medium,Junior,Java,Low,9,2,2,18,5,9,True,1,False,4.5,0,1,1,0,3.921225
Testing,Low,Tech Lead,Other,Low,8,4,1,16,5,13,False,0,False,3.25,0,4,0,0,3.1246875
Client Meeting,High,Junior,Python,High,8,4,0,16,9,15,False,0,True,5.625,0,1,2,1,2.7560808
Feature Dev,Low,Mid,JavaScript,Critical,7,2,3,14,10,12,True,1,True,2.375,1,1,0,0,2.95746052
Testing,High,Mid,Other,Low,3,3,3,6,4,12,True,3,False,2.08333333,2,1,0,0,2.44989938
Bug Fix,High,Mid,JavaScript,High,5,5,1,10,8,10,True,1,False,3.8,1,3,0,1,2.08322888
Refactoring,High,Mid,C++,Critical,5,4,1,10,9,13,True,3,False,4.5625,1,1,1,1,1.96871555
Feature Dev,High,Senior,Other,Low,9,4,3,18,6,16,False,3,False,2.8125,1,3,0,0,5.16047812
Code Review,Medium,Junior,JavaScript,High,5,3,3,10,7,18,True,1,True,2.91666667,2,0,1,0,2.45335643
Design Review,Medium,Junior,C++,Critical,13,3,3,26,1,17,False,3,True,3.5,1,1,1,0,4.99162606
Code Review,High,Junior,Java,Low,13,3,3,26,1,12,False,2,False,3.5,1,1,1,0,6.54364425
Code Review,Low,Junior,JavaScript,Medium,2,4,3,4,6,16,False,1,False,3.5,2,1,0,1,1.1160125
Bug Fix,Medium,Senior,Java,Medium,13,5,3,26,7,9,False,0,False,3.55,2,1,2,0,4.8993975
Design Review,Low,Mid,C++,High,5,2,0,10,10,17,True,0,False,3.25,0,2,0,0,1.5946875
Deployment,High,Mid,JavaScript,High,8,5,0,16,6,9,False,1,True,5.15,0,2,2,1,2.8309743
Refactoring,Medium,Tech Lead,C++,Critical,1,2,3,2,7,18,False,2,False,4.5,0,1,1,0,0.75750938
Refactoring,High,Tech Lead,JavaScript,High,7,3,3,14,7,11,False,3,False,4.91666667,0,1,2,0,2.86882125
Documentation,Medium,Tech Lead,Go,Medium,4,5,1,8,7,10,True,2,False,3.9,1,2,2,0,1.74180825
Documentation,Medium,Senior,Python,Medium,4,3,3,8,8,18,True,1,True,3.25,0,3,0,0,2.32804688
Feature Dev,Low,Mid,Go,Critical,12,2,0,24,10,15,True,2,False,1.5,2,0,0,0,4.1349525
Deployment,High,Junior,Python,Low,11,4,3,22,10,17,False,1,False,3.0,2,1,1,0,5.6865765
Documentation,Medium,Mid,JavaScript,High,5,2,1,10,9,9,True,2,False,1.5,2,0,0,0,2.27626875
Documentation,Low,Junior,Java,Low,7,4,3,14,7,18,True,2,False,3.9375,1,2,0,1,3.14132388
Deployment,Medium,Mid,Other,Low,8,4,0,16,6,18,False,0,True,3.875,0,3,1,0,3.40373
Client Meeting,High,Mid,Go,Medium,6,2,1,12,8,15,False,0,False,2.375,1,1,0,0,2.8554375
Code Review,High,Tech Lead,Other,Medium,5,2,1,10,7,9,True,2,False,2.375,1,1,0,0,2.73032812
Code Review,High,Tech Lead,Other,High,9,3,0,18,4,14,True,2,False,4.16666667,1,1,0,1,3.47414287
Documentation,Low,Junior,Other,Medium,3,4,1,6,5,11,True,2,False,2.375,2,2,0,0,1.47334688
Client Meeting,Medium,Senior,Python,Critical,8,5,1,16,8,9,True,2,True,3.6,3,0,1,1,2.94988386
Testing,Medium,Mid,Java,Medium,4,3,2,8,4,16,False,3,False,2.66666667,1,2,0,0,2.12666667
Documentation,Low,Junior,Python,Critical,8,2,0,16,4,16,False,3,False,3.25,0,2,0,0,2.5340625
Testing,Medium,Mid,Go,Medium,9,5,3,18,10,18,True,1,False,4.8,1,1,2,1,3.3352305
Feature Dev,Medium,Senior,JavaScript,Critical,6,5,2,12,7,14,False,0,False,2.35,4,0,1,0,2.18719238
Documentation,Low,Tech Lead,Java,Low,12,2,0,24,8,17,True,3,True,2.375,1,1,0,0,5.75965294
Client Meeting,High,Junior,C++,Low,6,4,0,12,9,16,True,2,False,3.0,2,1,1,0,3.1504242
Deployment,High,Senior,Other,Low,5,3,0,10,2,16,False,2,False,2.66666667,1,2,0,0,2.65833333
Deployment,Medium,Senior,Other,Low,1,3,3,2,6,16,False,2,False,2.08333333,2,1,0,0,1.1501875
Testing,Medium,Mid,Go,Critical,9,5,0,18,6,9,True,1,False,3.45,2,2,0,1,2.90969503
Feature Dev,High,Tech Lead,Java,Critical,4,4,2,8,8,17,True,0,False,4.125,2,0,1,1,1.57045639
Refactoring,High,Junior,Java,High,10,5,0,20,9,10,False,0,True,3.8,1,3,0,1,3.936933
Documentation,High,Tech Lead,C++,High,6,3,2,12,2,10,False,1,False,4.33333333,1,0,2,0,2.361468
Refactoring,Medium,Senior,C++,Medium,11,5,2,22,8,13,True,0,False,3.6,3,0,1,1,4.176984
Refactoring,Medium,Senior,Java,Critical,8,2,3,16,10,17,True,2,True,1.5,2,0,0,0,3.87423094
Feature Dev,High,Junior,Other,Low,6,3,2,12,5,11,True,2,False,3.5,1,1,1,0,3.37841543
Deployment,Medium,Mid,Go,High,9,5,2,18,1,11,False,0,True,2.55,2,3,0,0,3.7548225
Documentation,High,Mid,Go,Low,6,4,2,12,10,12,False,3,False,2.375,2,2,0,0,3.6267
Code Review,High,Mid,Java,Critical,9,2,0,18,5,18,True,2,True,4.5,0,1,1,0,3.61634976
Client Meeting,Medium,Mid,C++,High,12,3,3,24,4,17,False,3,False,4.08333333,0,2,1,0,4.34044688
Deployment,Medium,Tech Lead,C++,Critical,4,4,3,8,6,12,True,1,False,1.5,4,0,0,0,1.96684688
Feature Dev,Medium,Senior,Java,Critical,8,2,1,16,6,15,False,0,False,3.25,0,2,0,0,2.66953125
Testing,Medium,Junior,Java,High,4,5,2,8,8,11,False,3,False,3.05,2,2,1,0,1.8197685
Testing,Medium,Mid,C++,Critical,8,2,0,16,5,15,False,1,True,1.5,2,0,0,0,3.1626375
Documentation,High,Senior,JavaScript,Medium,11,3,1,22,9,17,False,2,False,3.58333333,2,0,0,1,4.73262292
Bug Fix,Medium,Junior,Other,Low,6,4,2,12,3,9,False,3,True,3.4375,1,2,1,0,3.26802094
Code Review,High,Mid,Other,Low,11,3,3,22,6,17,False,3,True,2.08333333,2,1,0,0,7.00080792
Feature Dev,Low,Tech Lead,JavaScript,Low,7,4,2,14,6,16,True,1,False,2.375,2,2,0,0,3.30936375
Design Review,Low,Senior,C++,Critical,3,3,2,6,3,18,True,3,False,3.58333333,2,0,0,1,1.31166263
Testing,Medium,Mid,Java,Critical,13,3,3,26,2,15,True,3,False,3.5,1,1,1,0,4.76473397
Code Review,Medium,Junior,Other,High,8,3,0,16,1,11,True,0,False,2.91666667,2,0,1,0,2.798838
Feature Dev,Medium,Senior,Python,High,8,3,0,16,6,18,True,2,False,2.08333333,2,1,0,0,3.1996125
Client Meeting,High,Senior,JavaScript,Critical,6,3,3,12,8,9,True,1,False,3.58333333,2,0,0,1,2.58428767
Refactoring,Medium,Junior,C++,High,8,3,3,16,9,11,True,1,True,4.75,0,2,0,1,3.19402617
Testing,High,Senior,Python,Medium,7,4,3,14,8,10,True,3,False,3.625,2,0,2,0,3.60002081
Code Review,Medium,Junior,Go,High,6,4,2,12,10,14,False,0,True,1.9375,3,1,0,0,2.68135313
Testing,High,Mid,Python,Low,11,5,1,22,4,15,False,1,False,4.8,1,1,2,1,4.4707014
Client Meeting,Low,Mid,Other,Medium,3,5,2,6,6,18,False,1,False,3.8,1,3,0,1,1.27946
Client Meeting,High,Tech Lead,Python,Low,9,3,1,18,5,16,False,2,False,4.16666667,1,1,0,1,4.18374458
Documentation,High,Senior,Java,Critical,4,4,2,8,6,16,True,0,False,2.8125,1,3,0,0,1.83235828
Client Meeting,Low,Tech Lead,Go,High,4,3,2,8,6,10,True,0,False,3.25,0,3,0,0,1.54153125
Client Meeting,Medium,Junior,JavaScript,Medium,1,5,2,2,1,10,True,3,False,3.55,2,1,2,0,0.9105075
Design Review,Low,Mid,Java,Low,8,4,1,16,7,11,True,2,True,3.5,2,1,0,1,3.60613956
Feature Dev,Low,Junior,Other,Critical,9,3,0,18,3,18,False,1,False,2.08333333,2,1,0,0,2.82717083
Testing,Low,Mid,Other,Critical,10,4,0,20,9,17,False,2,False,3.5,2,1,0,1,2.8383625
Documentation,Low,Mid,Python,Low,7,2,2,14,7,16,False,2,False,2.375,1,1,0,0,3.2597125
Refactoring,Medium,Mid,Go,Low,11,3,0,22,5,10,True,1,False,2.91666667,2,0,1,0,4.81050281
Design Review,Low,Tech Lead,Other,High,8,4,1,16,7,10,False,0,True,3.9375,1,2,0,1,2.57364886
Feature Dev,High,Senior,Go,High,8,2,2,16,5,16,True,2,False,4.5,0,1,1,0,3.35264738
Bug Fix,High,Senior,Go,High,3,2,3,6,7,18,True,2,False,3.25,0,2,0,0,1.79845313
Code Review,High,Tech Lead,C++,Critical,5,2,1,10,4,17,False,2,True,3.25,0,2,0,0,2.32289062
Bug Fix,Medium,Mid,Other,Medium,1,3,2,2,4,16,False,3,True,4.91666667,0,1,2,0,0.88320833
Code Review,High,Mid,JavaScript,Medium,8,5,3,16,6,17,False,1,False,5.15,0,2,2,1,3.199995
Feature Dev,High,Junior,C++,High,1,4,1,2,8,18,True,2,True,2.8125,1,3,0,0,0.80778895
Refactoring,Medium,Tech Lead,JavaScript,Low,7,2,1,14,4,12,False,0,False,1.5,2,0,0,0,3.326125
Bug Fix,High,Senior,Java,Low,3,2,0,6,1,11,False,3,True,3.625,1,0,1,0,1.81160595
Code Review,High,Tech Lead,Go,Medium,12,2,0,24,1,16,False,0,False,2.375,1,1,0,0,5.4165
Feature Dev,High,Junior,Other,Low,4,3,2,8,3,11,False,3,False,4.08333333,0,2,1,0,2.33228417
Refactoring,High,Junior,Go,Medium,12,3,0,24,5,17,True,1,False,3.5,1,1,1,0,5.29467225
Client Meeting,Medium,Mid,JavaScript,High,3,2,3,6,9,14,False,0,False,2.375,1,1,0,0,1.45715625
Client Meeting,Medium,Mid,C++,Low,8,4,1,16,4,13,True,0,False,2.8125,1,3,0,0,3.71206172
Feature Dev,Medium,Senior,C++,Medium,2,5,0,4,8,11,True,0,False,3.1,3,1,0,1,0.75411
Design Review,Medium,Junior,C++,Medium,2,2,0,4,1,14,True,0,False,2.375,1,1,0,0,0.82425
Code Review,Medium,Senior,C++,Critical,5,2,0,10,9,14,True,0,False,2.375,1,1,0,0,1.75153125
Client Meeting,Medium,Tech Lead,Java,Critical,1,5,2,2,1,11,False,1,False,3.8,1,3,0,1,0.58786
Code Review,Medium,Mid,Other,Low,7,2,0,14,1,16,False,0,False,2.375,1,1,0,0,3.02225
Code Review,Low,Mid,Other,Critical,6,2,3,12,9,9,False,0,True,2.375,1,1,0,0,2.39459344
Feature Dev,Medium,Tech Lead,C++,Critical,7,5,3,14,9,16,False,2,False,3.9,1,2,2,0,2.49467775
Documentation,Medium,Junior,C++,High,3,3,1,6,10,9,True,2,True,4.91666667,0,1,2,0,1.29367941
Refactoring,High,Mid,Other,High,7,3,2,14,7,14,False,0,True,2.08333333,2,1,0,0,3.47028
Code Review,High,Mid,C++,High,4,5,0,8,7,12,False,1,False,3.9,1,2,2,0,1.4853222
Documentation,Low,Tech Lead,JavaScript,Low,5,3,3,10,6,12,True,3,False,2.66666667,1,2,0,0,2.847075
Testing,High,Senior,Go,Medium,6,5,2,12,7,14,False,2,False,4.45,2,0,2,1,2.5459785
Code Review,Low,Senior,C++,Low,10,2,0,20,4,18,True,0,True,1.5,2,0,0,0,4.688145
Bug Fix,Medium,Tech Lead,Python,High,6,2,1,12,9,12,False,1,False,3.25,0,2,0,0,2.2359375
Client Meeting,Medium,Junior,Python,Low,2,5,0,4,9,18,False,2,False,3.6,3,0,1,1,0.93104
Client Meeting,High,Senior,Other,Low,4,5,1,8,9,15,True,3,False,3.9,1,2,2,0,2.25005897
Bug Fix,Medium,Tech Lead,Python,Critical,5,3,2,10,8,18,False,0,False,2.08333333,2,1,0,0,1.94685417
Code Review,Medium,Senior,Go,Low,9,4,2,18,2,12,False,3,True,3.5,2,1,0,1,4.4658075
Testing,Low,Junior,Other,Critical,8,3,3,16,1,15,True,3,True,3.58333333,2,0,0,1,3.11754099
Refactoring,High,Junior,C++,High,10,5,1,20,5,18,False,3,False,3.45,2,2,0,1,4.00471313
Deployment,High,Senior,Python,High,6,3,0,12,1,12,False,2,False,5.0,1,0,1,1,2.083248
Feature Dev,Medium,Mid,Python,Medium,1,5,0,2,7,17,False,1,False,3.2,3,0,2,0,0.5
Refactoring,High,Senior,Java,Low,9,3,0,18,9,14,True,0,True,2.08333333,2,1,0,0,5.23795388
Deployment,High,Senior,Java,Critical,7,3,0,14,3,10,False,1,False,4.33333333,1,0,2,0,2.34320067
Client Meeting,High,Junior,JavaScript,Medium,4,4,1,8,10,13,False,1,False,3.0,2,1,1,0,1.925935
Testing,Medium,Senior,Go,Low,4,5,0,8,9,11,True,3,False,3.05,2,2,1,0,2.01691009
Deployment,Medium,Mid,Java,Low,9,5,3,18,2,18,False,3,False,2.7,3,1,1,0,4.47899925
Design Review,Low,Mid,JavaScript,Low,4,4,3,8,6,16,False,1,True,1.9375,3,1,0,0,2.41542469
Testing,High,Senior,Java,Low,7,4,1,14,2,16,True,0,False,5.0,0,2,1,1,3.0438177
Deployment,Medium,Mid,JavaScript,Critical,5,3,3,10,8,10,True,0,False,1.5,3,0,0,0,2.24129063
Bug Fix,Medium,Junior,C++,Low,5,4,0,10,2,11,True,2,False,3.5,2,1,0,1,2.23290375
Deployment,High,Tech Lead,C++,Low,7,3,3,14,4,14,True,2,False,6.41666667,0,0,2,1,3.38144153
Feature Dev,Medium,Mid,Other,Medium,3,5,3,6,1,18,True,0,False,2.7,3,1,1,0,1.62170663
Design Review,Medium,Senior,C++,Medium,7,5,3,14,10,15,False,1,False,3.4,1,3,1,0,3.022035
Deployment,High,Mid,Go,Medium,2,5,2,4,2,18,False,3,False,3.9,1,2,2,0,1.293064
Code Review,High,Junior,Java,Critical,3,4,0,6,4,10,True,2,False,4.125,2,0,1,1,1.15949584
Testing,Medium,Junior,Java,Low,12,5,2,24,9,12,True,3,True,5.15,0,2,2,1,5.19011955
Testing,Low,Mid,Other,Medium,6,4,0,12,6,16,False,1,False,3.0625,3,0,0,1,2.03294063
Deployment,Medium,Senior,C++,Medium,4,2,1,8,5,17,False,2,False,4.5,0,1,1,0,1.6550625
Design Review,Low,Senior,Java,Critical,1,5,0,2,5,14,False,1,False,2.2,3,2,0,0,0.5
Client Meeting,Medium,Mid,C++,High,12,3,3,24,9,10,True,1,False,3.5,1,1,1,0,4.53627169
Refactoring,Low,Tech Lead,Python,High,12,4,0,24,1,15,False,2,False,3.5,2,1,0,1,3.574755
Bug Fix,High,Junior,Go,Critical,10,2,3,20,6,12,True,2,False,4.5,0,1,1,0,3.97692422
Bug Fix,Low,Tech Lead,JavaScript,Critical,6,2,2,12,2,16,True,2,False,2.375,1,1,0,0,2.32953656
Code Review,Medium,Senior,Java,High,11,4,3,22,3,10,True,2,True,4.5625,1,1,1,1,4.21073513
Client Meeting,Medium,Junior,Other,Low,1,3,3,2,4,9,True,2,True,2.66666667,1,2,0,0,1.2895575
Bug Fix,High,Junior,Java,Medium,4,3,3,8,10,17,False,2,False,2.66666667,1,2,0,0,2.407
Deployment,Low,Tech Lead,Other,Medium,6,3,1,12,3,13,False,1,False,2.08333333,2,1,0,0,2.39995833
Client Meeting,Medium,Senior,C++,High,11,5,3,22,3,16,False,0,True,3.4,1,3,1,0,4.33143315
Documentation,Low,Senior,Other,Low,5,5,2,10,1,12,False,2,False,3.45,2,2,0,1,2.22924625
Bug Fix,Medium,Senior,C++,Critical,2,5,1,4,10,12,True,2,False,4.3,1,2,1,1,0.83567453
Client Meeting,High,Junior,Python,High,1,5,2,2,9,9,False,2,False,3.05,2,2,1,0,0.7940808
Client Meeting,Low,Senior,Go,Medium,3,2,0,6,7,10,False,0,False,3.25,0,2,0,0,1.0125
Refactoring,Low,Junior,Go,Critical,6,2,1,12,1,17,True,1,False,1.5,2,0,0,0,2.20469813
Bug Fix,High,Mid,C++,High,5,3,0,10,10,15,False,0,True,2.08333333,2,1,0,0,2.2675125
Feature Dev,High,Junior,Java,Critical,8,3,1,16,1,10,False,2,True,2.66666667,1,2,0,0,3.64244833
Documentation,High,Senior,Python,Low,13,3,2,26,3,17,False,0,False,2.91666667,2,0,1,0,6.39364183
Testing,High,Mid,C++,Low,6,3,1,12,3,9,False,2,False,4.16666667,1,1,0,1,2.89787208
Testing,Medium,Senior,Other,Critical,13,4,2,26,1,12,False,2,True,1.9375,3,1,0,0,5.34615469
Design Review,High,Tech Lead,Go,Low,2,2,2,4,6,17,False,2,False,2.375,1,1,0,0,1.5327125
Refactoring,High,Senior,Other,High,8,5,3,16,3,17,False,1,False,3.4,1,3,1,0,3.4342947
Documentation,Medium,Junior,Python,High,13,4,2,26,5,12,False,2,False,4.5625,1,1,1,1,4.11490125
Client Meeting,Medium,Tech Lead,C++,Critical,7,5,2,14,4,16,False,2,False,3.9,1,2,2,0,2.3862135
Deployment,Medium,Junior,Other,Medium,6,3,3,12,8,15,True,2,True,2.66666667,1,2,0,0,3.405325
Refactoring,Low,Senior,Java,High,2,3,3,4,1,12,False,0,False,3.58333333,2,0,0,1,0.92115563
Refactoring,Low,Senior,Go,Low,8,5,1,16,4,9,False,0,True,2.2,3,2,0,0,3.629637
Code Review,High,Tech Lead,JavaScript,Low,5,3,3,10,9,13,False,0,False,5.58333333,0,1,1,1,2.36555
Refactoring,Medium,Tech Lead,Go,High,8,4,3,16,1,16,True,0,False,3.0625,3,0,0,1,3.10270816
Code Review,Medium,Tech Lead,C++,Critical,11,2,2,22,9,16,True,1,False,5.75,0,0,2,0,3.422916
Code Review,Medium,Tech Lead,Other,High,3,2,2,6,6,14,False,0,False,3.625,1,0,1,0,1.20310313
Design Review,High,Tech Lead,Python,Medium,3,4,0,6,9,11,False,3,True,3.4375,1,2,1,0,1.66371975
Testing,High,Senior,Other,Medium,12,3,1,24,5,18,False,0,False,2.66666667,1,2,0,0,5.481
Documentation,High,Junior,Other,Medium,2,3,0,4,7,15,True,3,False,4.75,0,2,0,1,1.04961938
Documentation,Low,Junior,Go,High,5,2,1,10,9,11,False,0,False,2.375,1,1,0,0,1.72209375
Documentation,Low,Mid,Python,Critical,3,2,2,6,5,12,False,0,False,1.5,2,0,0,0,1.202325
Testing,Medium,Senior,JavaScript,High,1,2,0,2,4,12,True,2,False,2.375,1,1,0,0,0.55636875
Documentation,High,Junior,Python,Medium,10,5,2,20,7,15,False,1,False,3.4,1,3,1,0,4.5105
Client Meeting,Low,Junior,Java,Medium,12,5,0,24,5,14,False,3,False,2.55,2,3,0,0,4.49295
Feature Dev,High,Senior,C++,Critical,7,4,1,14,1,12,True,0,False,2.375,2,2,0,0,2.95133016
Design Review,Low,Mid,Python,Medium,12,3,3,24,9,10,False,2,True,4.16666667,1,1,0,1,4.63100458
Design Review,High,Tech Lead,Java,Critical,9,5,2,18,6,16,False,0,False,3.8,1,3,0,1,3.262623
Testing,Medium,Tech Lead,Java,High,10,5,2,20,7,12,True,1,False,2.9,1,4,0,0,3.97089
Testing,Medium,Senior,Other,Medium,12,4,0,24,1,16,False,0,False,3.5,2,1,0,1,4.218
Bug Fix,Medium,Senior,Go,Low,12,2,0,24,7,14,False,0,True,3.625,1,0,1,0,5.176017
Client Meeting,Medium,Tech Lead,Go,Low,2,4,2,4,6,12,False,0,True,4.125,2,0,1,1,1.09441475
Code Review,Medium,Tech Lead,Go,High,9,4,0,18,2,13,False,2,False,3.0,2,1,1,0,3.15153
Refactoring,Medium,Mid,JavaScript,High,4,5,1,8,7,14,False,0,False,2.2,3,2,0,0,1.55925
Deployment,Low,Senior,C++,Low,2,2,1,4,4,18,False,2,False,2.375,1,1,0,0,1.15493125
Code Review,Medium,Tech Lead,C++,Critical,1,5,2,2,7,14,False,0,False,1.5,5,0,0,0,0.609875
Code Review,High,Tech Lead,Java,Low,8,4,0,16,10,16,True,1,False,3.5,2,1,0,1,3.83653463
Bug Fix,Medium,Senior,Python,Medium,5,5,0,10,10,16,True,3,False,3.9,1,2,2,0,2.0544405
Feature Dev,Low,Mid,Other,High,13,4,1,26,9,17,False,2,False,3.9375,1,2,0,1,3.88402453
Refactoring,High,Mid,Python,Critical,5,5,0,10,1,18,True,2,False,4.8,1,1,2,1,1.70779875
Design Review,High,Tech Lead,Go,High,8,3,1,16,3,17,True,2,False,2.66666667,1,2,0,0,3.681405
Documentation,Medium,Senior,Go,Critical,4,3,1,8,2,13,False,2,False,1.5,3,0,0,0,1.6989375
Bug Fix,High,Mid,Python,High,11,2,1,22,7,11,False,1,False,2.375,1,1,0,0,4.68939375
Documentation,Medium,Tech Lead,JavaScript,Low,11,5,2,22,1,14,True,3,False,2.7,3,1,1,0,5.40568875
Design Review,Medium,Senior,JavaScript,Critical,11,4,2,22,2,18,False,2,False,5.0,0,2,1,1,3.25703
Code Review,Medium,Senior,C++,Low,6,4,3,12,5,13,True,0,False,2.8125,1,3,0,0,3.15802266
Feature Dev,Medium,Junior,JavaScript,Medium,13,5,1,26,6,15,True,3,False,3.4,1,3,1,0,5.35170825
Documentation,High,Junior,Go,Critical,7,4,2,14,10,15,False,1,True,3.875,0,3,1,0,2.97536284
Design Review,Medium,Junior,C++,High,11,4,2,22,8,13,True,0,False,4.375,0,3,0,1,3.71836828
Design Review,Medium,Mid,Java,Critical,12,5,0,24,6,11,True,0,True,3.05,2,2,1,0,4.33104903
Code Review,Low,Senior,Python,Medium,2,2,0,4,3,9,False,1,False,3.25,0,2,0,0,0.76875
Bug Fix,Medium,Junior,Python,High,8,4,3,16,9,11,True,1,False,3.4375,1,2,1,0,3.19037168
Client Meeting,High,Junior,Other,Critical,11,5,1,22,8,14,True,1,False,3.25,0,5,0,0,4.44297656
Design Review,High,Senior,C++,Medium,9,5,2,18,1,18,False,2,False,3.75,0,4,1,0,4.10698
Documentation,Medium,Mid,Go,Low,8,3,3,16,2,14,False,0,False,4.91666667,0,1,2,0,3.22371042
Testing,Medium,Senior,Other,Medium,7,4,0,14,7,12,False,1,False,5.0,0,2,1,1,2.2678
Design Review,Low,Mid,Python,Low,3,2,1,6,4,11,False,0,False,1.5,2,0,0,0,1.386825
Code Review,High,Mid,C++,Medium,10,3,3,20,3,17,False,3,True,2.66666667,1,2,0,0,5.68883333
Code Review,Medium,Mid,Other,High,8,2,3,16,7,14,True,1,False,2.375,1,1,0,0,3.47730469
Testing,Low,Senior,JavaScript,Low,7,2,0,14,5,15,False,0,False,1.5,2,0,0,0,2.8413
Feature Dev,High,Senior,Java,High,5,2,0,10,10,17,False,2,True,1.5,2,0,0,0,2.536875
Design Review,Medium,Junior,JavaScript,Medium,1,2,2,2,9,15,True,1,False,2.375,1,1,0,0,0.82425
Deployment,High,Mid,Java,High,1,5,1,2,4,15,True,0,False,3.4,1,3,1,0,0.52001555
Code Review,High,Tech Lead,Other,High,10,3,1,20,10,10,True,1,False,4.33333333,1,0,2,0,3.80562525
Client Meeting,Low,Junior,JavaScript,Medium,9,4,0,18,4,17,False,1,False,3.5,2,1,0,1,2.935025
Deployment,Medium,Tech Lead,JavaScript,Low,7,2,3,14,3,14,False,0,False,3.25,0,2,0,0,3.3515625
Bug Fix,Low,Senior,Java,Low,10,5,3,20,2,11,False,0,False,3.8,1,3,0,1,3.8513475
Feature Dev,Medium,Tech Lead,Python,Medium,4,2,1,8,1,16,True,0,False,3.625,1,0,1,0,1.63755703
Testing,High,Junior,Java,Medium,13,3,1,26,1,13,True,3,False,4.16666667,1,1,0,1,5.71908312
Client Meeting,High,Junior,Java,Critical,9,3,3,18,6,16,True,2,False,5.0,1,0,1,1,3.34310865
Client Meeting,High,Mid,Other,Medium,12,4,3,24,1,11,True,2,False,3.0,2,1,1,0,5.96993775
Design Review,High,Senior,Python,Medium,6,3,2,12,7,13,False,1,False,3.25,0,3,0,0,2.9625
Testing,Medium,Senior,JavaScript,High,6,2,1,12,4,12,False,2,False,1.5,2,0,0,0,2.536875
Bug Fix,Medium,Senior,JavaScript,High,7,5,3,14,3,17,False,2,True,3.05,2,2,1,0,3.13910066
Feature Dev,Medium,Junior,JavaScript,High,3,5,2,6,5,9,False,0,False,3.45,2,2,0,1,1.18951875
Client Meeting,High,Tech Lead,JavaScript,Medium,5,3,1,10,5,11,True,3,False,3.5,1,1,1,0,2.59080938
Refactoring,High,Senior,Java,Low,1,5,1,2,4,12,False,3,False,3.05,2,2,1,0,0.91999408
Refactoring,Medium,Mid,Python,Critical,7,2,1,14,4,12,False,2,True,2.375,1,1,0,0,2.89002656
Feature Dev,High,Junior,Go,Critical,11,3,0,22,6,16,False,2,False,2.08333333,2,1,0,0,4.45237083
Testing,Low,Tech Lead,Other,Critical,13,4,3,26,8,12,False,2,False,1.9375,3,1,0,0,4.54465781
Documentation,Low,Junior,Go,Medium,2,2,2,4,10,10,False,3,False,1.5,2,0,0,0,1.353
Refactoring,Low,Senior,C++,Critical,8,4,1,16,7,18,False,2,False,2.8125,1,3,0,0,2.63396406
Deployment,Medium,Mid,Java,Medium,9,2,2,18,1,9,True,0,False,2.375,1,1,0,0,4.01821875
Documentation,Medium,Tech Lead,JavaScript,High,4,2,2,8,1,9,True,0,False,2.375,1,1,0,0,1.76183438
Documentation,Medium,Senior,Go,Critical,8,3,1,16,5,9,True,2,False,2.66666667,1,2,0,0,3.0627625
Documentation,Medium,Senior,Go,Critical,10,5,3,20,10,11,True,3,False,3.8,1,3,0,1,3.66493969
Bug Fix,Medium,Junior,Other,Medium,13,4,3,26,4,9,False,2,False,4.125,2,0,1,1,4.8101625
Design Review,High,Tech Lead,Other,High,9,3,0,18,1,12,False,3,False,4.33333333,1,0,2,0,3.318012
Documentation,Medium,Mid,Java,Low,11,2,1,22,2,12,True,0,False,4.5,0,1,1,0,4.46039344
Bug Fix,High,Tech Lead,Other,Critical,2,3,3,4,8,12,True,0,False,2.08333333,2,1,0,0,1.21763031
Bug Fix,Medium,Tech Lead,Python,Medium,7,5,2,14,9,14,False,3,False,3.2,3,0,2,0,3.00424
Code Review,Medium,Mid,Python,Critical,10,2,0,20,7,16,False,0,False,2.375,1,1,0,0,3.33625
Documentation,Low,Junior,C++,Medium,7,5,0,14,6,16,False,3,False,3.45,2,2,0,1,2.4847725
Bug Fix,Medium,Tech Lead,Java,Medium,12,2,0,24,4,13,True,2,True,2.375,1,1,0,0,5.66671875
Client Meeting,High,Junior,JavaScript,Critical,4,2,1,8,6,18,False,0,True,3.625,1,0,1,0,1.65818802
Documentation,Medium,Junior,Python,Critical,11,5,2,22,3,15,False,0,False,4.65,0,3,1,1,3.1884095
Code Review,High,Mid,Java,Medium,5,5,2,10,8,15,True,3,False,4.3,1,2,1,1,2.479239
Refactoring,Medium,Junior,Java,Critical,4,5,1,8,6,15,False,3,False,3.45,2,2,0,1,1.53536031
Design Review,Low,Junior,Go,Low,10,3,0,20,9,14,True,0,False,4.75,0,2,0,1,3.40696125
Feature Dev,High,Senior,Python,Critical,12,5,1,24,9,9,False,0,False,3.55,2,1,2,0,4.17922943
Refactoring,High,Tech Lead,JavaScript,Medium,4,5,3,8,3,12,False,0,False,3.4,1,3,1,0,2.065809
Code Review,Medium,Junior,Other,Critical,9,5,3,18,10,15,True,3,False,2.2,3,2,0,0,3.84355125
Refactoring,Medium,Junior,Python,High,7,4,3,14,2,18,False,2,True,4.0625,1,1,2,0,2.87947997
Feature Dev,Low,Senior,Java,High,5,3,0,10,8,13,False,3,False,2.08333333,2,1,0,0,1.882125
Feature Dev,Low,Senior,Other,Low,1,2,3,2,8,17,True,0,True,1.5,2,0,0,0,1.05483263
Feature Dev,Low,Mid,Python,Critical,8,5,2,16,4,9,False,0,True,3.45,2,2,0,1,2.61984896
Documentation,High,Tech Lead,Python,Low,1,3,2,2,5,9,False,2,False,3.5,1,1,1,0,0.947496
Testing,High,Mid,JavaScript,High,13,5,3,26,7,11,True,1,False,3.05,2,2,1,0,5.67147396
Code Review,High,Senior,JavaScript,High,5,2,1,10,2,10,False,0,True,2.375,1,1,0,0,2.38002188
Refactoring,Medium,Junior,Python,Low,9,5,2,18,3,12,True,0,False,2.55,2,3,0,0,4.38062625
Refactoring,Medium,Senior,Go,Critical,10,3,3,20,6,15,False,2,True,2.91666667,2,0,1,0,4.02402378
Deployment,High,Tech Lead,Python,High,2,3,3,4,4,12,True,3,False,3.5,1,1,1,0,1.41599509
Documentation,Medium,Junior,Python,High,3,2,3,6,6,16,False,2,False,2.375,1,1,0,0,1.63378125
Design Review,High,Junior,C++,High,8,2,2,16,3,17,True,1,True,1.5,2,0,0,0,4.347189
Refactoring,High,Junior,Go,Medium,1,5,1,2,10,17,False,1,False,3.9,1,2,2,0,0.603997
Refactoring,High,Tech Lead,Java,Critical,5,2,1,10,8,12,True,2,False,1.5,2,0,0,0,2.42425312
Code Review,Medium,Mid,C++,Medium,12,3,2,24,8,15,True,1,False,4.08333333,0,2,1,0,4.7445125
Testing,Medium,Tech Lead,Java,Low,3,4,1,6,8,13,True,0,False,2.5625,3,0,1,0,1.46993421
Client Meeting,High,Junior,Java,Low,4,2,2,8,1,11,True,3,False,1.5,2,0,0,0,2.888655
Client Meeting,High,Senior,Java,Medium,1,3,3,2,4,13,True,0,False,3.25,0,3,0,0,0.89578125
Design Review,Medium,Mid,JavaScript,Low,3,5,3,6,6,18,False,0,False,3.45,2,2,0,1,1.59924188
Deployment,Low,Tech Lead,JavaScript,High,9,3,0,18,8,10,False,1,False,2.66666667,1,2,0,0,2.9058
Documentation,High,Junior,C++,Low,10,4,3,20,6,14,False,2,False,4.125,2,0,1,1,4.74849375
Client Meeting,Medium,Senior,C++,Critical,5,2,1,10,6,11,False,2,False,1.5,2,0,0,0,2.0474375
Design Review,Medium,Junior,Java,High,2,3,2,4,5,14,False,1,True,2.91666667,2,0,1,0,1.0995435
Client Meeting,High,Tech Lead,Other,Low,10,2,3,20,6,16,False,1,False,2.375,1,1,0,0,5.55878125
Client Meeting,Medium,Junior,Python,Critical,7,3,1,14,1,15,False,0,False,2.66666667,1,2,0,0,2.42391667
Refactoring,Medium,Tech Lead,Other,Critical,11,4,1,22,10,17,True,0,False,2.5625,3,0,1,0,3.828263
Design Review,Low,Mid,Other,Low,7,5,1,14,5,11,True,3,False,3.8,1,3,0,1,2.96553758
Code Review,High,Junior,C++,High,13,4,0,26,5,17,True,3,False,4.5625,1,1,1,1,4.76029103
Testing,High,Senior,Python,Critical,13,3,1,26,9,17,True,2,True,2.66666667,1,2,0,0,6.00732825
Deployment,High,Senior,Java,Medium,8,3,3,16,8,18,False,0,False,3.5,1,1,1,0,3.7056425
Testing,Medium,Mid,Python,Low,12,2,0,24,9,16,True,1,False,1.5,2,0,0,0,5.8009875
Feature Dev,High,Tech Lead,Java,Low,3,2,3,6,8,16,False,3,True,5.75,0,0,2,0,2.0592627
Client Meeting,Low,Mid,Other,Low,12,4,1,24,2,16,True,3,False,2.375,2,2,0,0,5.40604969
Client Meeting,Medium,Tech Lead,JavaScript,Low,7,3,1,14,3,12,False,3,True,4.16666667,1,1,0,1,3.33115521
Testing,Medium,Tech Lead,C++,Medium,4,2,2,8,5,18,False,0,False,4.5,0,1,1,0,1.612625
Client Meeting,High,Tech Lead,JavaScript,Critical,1,4,3,2,9,12,False,3,False,4.5625,1,1,1,1,0.82498556
Refactoring,Medium,Mid,JavaScript,High,6,5,1,12,6,16,True,2,True,3.05,2,2,1,0,2.62729077
Deployment,High,Senior,JavaScript,Critical,5,4,3,10,10,17,False,3,False,3.625,2,0,2,0,2.23894781
Client Meeting,Low,Junior,Python,Critical,10,2,0,20,1,14,True,3,False,3.25,0,2,0,0,3.26320313
Testing,Medium,Mid,Python,Low,12,5,0,24,10,11,True,3,False,2.2,3,2,0,0,5.831595
Testing,Medium,Tech Lead,C++,Critical,4,2,0,8,5,12,False,3,False,2.375,1,1,0,0,1.58471875
Bug Fix,High,Tech Lead,JavaScript,Medium,9,5,1,18,9,12,True,1,False,3.95,2,1,1,1,3.82726785
Client Meeting,Medium,Senior,Python,High,10,2,0,20,9,16,False,0,False,1.5,2,0,0,0,3.69
Deployment,Medium,Tech Lead,Go,High,9,3,0,18,3,15,False,2,False,2.08333333,2,1,0,0,3.40575
Design Review,Medium,Junior,C++,Medium,9,3,1,18,2,16,False,2,False,2.91666667,2,0,1,0,3.65588958
Testing,Medium,Junior,Python,Critical,12,3,2,24,1,17,True,2,False,4.75,0,2,0,1,3.87584859
Testing,High,Mid,Java,Medium,1,4,1,2,10,13,True,1,False,3.0,2,1,1,0,0.68697825
Feature Dev,Low,Tech Lead,C++,Low,10,3,3,20,6,17,False,2,False,2.66666667,1,2,0,0,4.51916667
Refactoring,Medium,Senior,Python,Critical,6,2,2,12,5,12,False,2,False,3.625,1,0,1,0,2.19677719
Bug Fix,Low,Mid,C++,Medium,6,4,2,12,5,17,True,3,False,3.5,2,1,0,1,2.5466175
Code Review,Medium,Tech Lead,Other,Medium,11,4,2,22,9,14,False,2,False,3.0,2,1,1,0,4.51535
Deployment,High,Tech Lead,Other,High,13,3,2,26,8,11,False,2,True,4.75,0,2,0,1,5.2564545
Deployment,Medium,Junior,Go,Medium,10,5,1,20,2,12,True,2,True,5.15,0,2,2,1,3.80084513
Bug Fix,High,Tech Lead,C++,Medium,9,5,1,18,7,11,True,3,False,2.55,2,3,0,0,4.68696375
Refactoring,Medium,Tech Lead,Python,Critical,3,4,2,6,9,18,True,1,True,3.625,2,0,2,0,1.35658215
Refactoring,Medium,Senior,Other,Medium,7,2,2,14,6,15,True,0,False,3.625,1,0,1,0,2.90081531
Code Review,Medium,Tech Lead,Go,Medium,5,3,3,10,9,11,True,2,False,5.58333333,0,1,1,1,2.175915
Client Meeting,High,Tech Lead,C++,Low,7,2,1,14,4,12,False,2,False,1.5,2,0,0,0,4.025175
Documentation,Low,Senior,Other,Medium,2,4,3,4,2,16,False,1,False,3.5,2,1,0,1,1.1160125
Testing,Medium,Tech Lead,JavaScript,Medium,8,3,1,16,4,12,True,0,False,4.75,0,2,0,1,2.88215156
Feature Dev,High,Junior,Java,Critical,1,5,2,2,4,9,True,0,True,3.45,2,2,0,1,0.6574338
Code Review,Medium,Mid,C++,Critical,10,2,1,20,7,14,False,1,False,3.625,1,0,1,0,3.21941484
Bug Fix,High,Junior,Python,Medium,4,3,1,8,8,9,False,3,True,2.66666667,1,2,0,0,2.43503333
Testing,High,Senior,Other,Critical,10,3,1,20,10,15,True,1,False,4.33333333,1,0,2,0,3.59420163
Documentation,Low,Tech Lead,Other,Low,5,4,3,10,6,17,False,1,False,2.375,2,2,0,0,2.53653125
Refactoring,Low,Mid,JavaScript,Low,8,2,3,16,4,10,False,0,True,1.5,2,0,0,0,4.1300325
Deployment,Low,Senior,JavaScript,Low,7,2,1,14,6,10,False,1,False,2.375,1,1,0,0,2.98986875
Client Meeting,High,Tech Lead,Other,High,12,5,1,24,6,15,False,0,True,3.95,2,1,1,1,4.66072299
Refactoring,Low,Senior,JavaScript,Low,10,4,3,20,6,15,True,0,False,2.375,2,2,0,0,4.59004219
Testing,Medium,Senior,Java,Critical,1,3,1,2,5,14,False,1,False,4.33333333,1,0,2,0,0.5
Deployment,High,Senior,Python,Low,1,5,1,2,5,14,False,3,True,3.55,2,1,2,0,0.95481887
Bug Fix,Low,Mid,Other,Low,13,2,2,26,10,17,True,3,False,2.375,1,1,0,0,5.984055
Bug Fix,High,Junior,Go,Low,7,3,3,14,5,15,False,1,False,3.25,0,3,0,0,3.8878125
Client Meeting,Low,Tech Lead,C++,Medium,2,3,2,4,4,10,False,0,False,2.66666667,1,2,0,0,0.986
Refactoring,High,Tech Lead,C++,High,11,4,0,22,6,9,False,2,False,5.625,0,1,2,1,3.581271
Documentation,Medium,Senior,Other,Critical,2,3,2,4,5,17,False,3,False,3.5,1,1,1,0,1.0677275
Refactoring,High,Tech Lead,C++,Low,2,2,1,4,4,17,True,1,False,5.75,0,0,2,0,1.07972865
Code Review,Low,Junior,Python,Critical,11,4,3,22,3,9,True,1,False,1.9375,3,1,0,0,4.03775367
Design Review,Medium,Mid,JavaScript,High,11,4,0,22,9,16,True,3,True,3.5,2,1,0,1,4.29326494
Code Review,Medium,Mid,Python,Medium,13,5,2,26,3,14,False,1,False,3.9,1,2,2,0,4.76392
Client Meeting,Medium,Mid,Other,Critical,4,2,1,8,3,17,True,3,False,3.625,1,0,1,0,1.63053893
Design Review,Medium,Mid,Go,Critical,7,5,1,14,4,11,False,2,False,3.05,2,2,1,0,2.46082331
Code Review,High,Tech Lead,C++,Critical,9,2,2,18,1,18,False,3,False,2.375,1,1,0,0,3.95345625
Testing,Medium,Senior,C++,Medium,3,3,3,6,6,18,True,2,False,2.66666667,1,2,0,0,1.87775
Refactoring,High,Mid,Java,Critical,4,4,3,8,5,12,False,3,False,3.625,2,0,2,0,1.90127044
Design Review,Medium,Senior,Other,Medium,7,2,1,14,4,9,False,2,False,3.625,1,0,1,0,2.80724063
Feature Dev,Medium,Junior,Other,Medium,6,4,3,12,7,14,False,0,True,4.125,2,0,1,1,2.57775375
Testing,High,Tech Lead,Go,High,12,4,3,24,6,15,False,1,False,3.5,2,1,0,1,4.80061125
Refactoring,Medium,Senior,Python,Medium,2,2,0,4,8,11,False,3,True,3.625,1,0,1,0,1.07833688
Testing,Medium,Mid,Python,High,9,3,3,18,1,11,False,1,True,5.0,1,0,1,1,3.212847
Design Review,Medium,Tech Lead,Other,Medium,6,2,0,12,1,16,True,1,False,3.625,1,0,1,0,2.33936719
Feature Dev,Low,Senior,C++,Medium,6,5,0,12,1,11,True,0,True,2.2,3,2,0,0,2.469852
Deployment,Low,Junior,Go,Low,6,3,1,12,9,12,False,2,False,4.75,0,2,0,1,2.26229438
Refactoring,Low,Tech Lead,Go,Critical,1,2,1,2,3,17,True,2,False,3.25,0,2,0,0,0.59407031
Client Meeting,High,Tech Lead,JavaScript,Medium,4,4,1,8,3,11,True,2,False,3.625,2,0,2,0,1.98590569
Refactoring,Medium,Tech Lead,Other,Medium,12,5,3,24,9,14,True,2,False,4.15,0,4,0,1,4.85196469
Feature Dev,High,Tech Lead,JavaScript,Low,12,3,3,24,6,10,True,0,False,3.5,1,1,1,0,6.18685279
Documentation,Medium,Senior,Go,Critical,8,3,3,16,3,18,True,0,True,3.5,1,1,1,0,3.21519443
Design Review,Medium,Junior,C++,High,12,2,3,24,7,10,False,1,False,5.75,0,0,2,0,3.847185
Documentation,Low,Tech Lead,Python,Low,13,5,2,26,5,14,False,2,False,1.85,4,1,0,0,5.740735
Deployment,High,Senior,Python,Critical,2,2,1,4,10,14,True,3,False,3.625,1,0,1,0,1.08967724
Design Review,High,Tech Lead,Other,High,10,3,0,20,7,13,True,3,True,2.91666667,2,0,1,0,4.71429276
Code Review,Medium,Mid,Go,Critical,11,5,0,22,5,12,True,1,True,1.85,4,1,0,0,4.45100906
Feature Dev,High,Mid,Python,Critical,12,4,3,24,10,13,False,1,False,3.9375,1,2,0,1,4.42668977
Refactoring,Medium,Tech Lead,Other,Low,8,5,1,16,4,11,True,0,False,3.9,1,2,2,0,3.29157098
Refactoring,Low,Tech Lead,JavaScript,High,13,2,1,26,3,18,True,3,False,1.5,2,0,0,0,4.96904625
Bug Fix,Medium,Mid,Other,High,2,2,0,4,1,15,False,2,False,2.375,1,1,0,0,0.883125
Deployment,High,Senior,Python,Critical,7,2,1,14,4,11,True,0,True,3.625,1,0,1,0,2.94849162
Client Meeting,Medium,Senior,Go,High,12,3,1,24,6,11,False,2,False,2.08333333,2,1,0,0,4.6156875
Refactoring,Medium,Mid,C++,Critical,12,2,0,24,6,14,False,3,False,3.625,1,0,1,0,3.86329781
Client Meeting,Medium,Senior,JavaScript,Critical,10,3,2,20,2,14,False,0,False,4.16666667,1,1,0,1,3.09608958
Documentation,Medium,Tech Lead,Other,Medium,2,4,3,4,6,18,False,0,True,2.5625,3,0,1,0,1.29623828
Bug Fix,High,Tech Lead,Other,Medium,9,3,0,18,1,11,False,1,False,2.66666667,1,2,0,0,4.09866667
Refactoring,Medium,Tech Lead,JavaScript,Critical,3,5,2,6,8,15,True,0,False,3.55,2,1,2,0,1.16089706
Documentation,Low,Mid,JavaScript,High,6,5,2,12,5,9,False,0,False,1.85,4,1,0,0,2.230605
Code Review,High,Senior,Go,Low,6,2,0,12,10,15,False,2,False,3.625,1,0,1,0,2.9017065
Testing,Medium,Mid,JavaScript,Low,6,4,2,12,2,16,False,3,False,1.9375,3,1,0,0,3.3103125
Feature Dev,Low,Senior,Go,Critical,1,5,0,2,7,10,True,3,True,2.55,2,3,0,0,0.63013624
Refactoring,High,Tech Lead,C++,Critical,12,5,0,24,5,16,True,2,True,4.3,1,2,1,1,4.57222966
Documentation,High,Tech Lead,Go,High,7,3,1,14,6,10,False,0,False,4.75,0,2,0,1,2.48516438
Code Review,Medium,Tech Lead,JavaScript,Critical,6,2,0,12,3,14,False,2,False,3.625,1,0,1,0,1.96952438
Client Meeting,Low,Mid,JavaScript,Low,13,5,0,26,10,18,True,2,False,2.75,4,0,0,1,5.15378325
Client Meeting,Low,Junior,C++,High,2,2,3,4,3,18,True,1,False,1.5,2,0,0,0,1.23015375
Design Review,High,Mid,Other,Critical,12,5,1,24,2,14,True,1,False,3.55,2,1,2,0,4.46558403
Bug Fix,High,Senior,Java,Critical,3,3,2,6,2,16,False,2,False,3.58333333,2,0,0,1,1.39791708
Documentation,High,Junior,C++,Critical,12,4,1,24,6,14,True,2,False,4.0625,1,1,2,0,4.41678336
Deployment,Low,Mid,Java,Medium,12,5,3,24,6,15,True,2,True,2.55,2,3,0,0,5.58249038
Client Meeting,High,Senior,Java,High,10,2,0,20,6,10,False,0,False,2.375,1,1,0,0,4.062375
Design Review,High,Mid,Other,Medium,7,3,2,14,7,9,False,0,False,2.66666667,1,2,0,0,3.40266667
Design Review,High,Mid,Other,Medium,4,5,1,8,6,18,True,0,False,3.05,2,2,1,0,1.92040721
Feature Dev,Low,Mid,JavaScript,High,11,2,3,22,3,16,False,0,False,3.25,0,2,0,0,3.7209375
Client Meeting,Medium,Senior,JavaScript,High,10,2,3,20,5,9,False,1,False,1.5,2,0,0,0,4.197375
Feature Dev,High,Senior,Other,Critical,13,3,2,26,7,10,True,0,False,2.66666667,1,2,0,0,5.41807
Code Review,High,Senior,C++,Medium,2,4,1,4,6,10,False,0,False,3.875,0,3,1,0,0.94059688
Design Review,Medium,Junior,Java,Critical,13,3,1,26,7,14,False,2,False,2.91666667,2,0,1,0,4.36624281
Design Review,High,Junior,Java,Critical,5,3,3,10,8,9,False,2,False,2.91666667,2,0,1,0,2.32079573
Design Review,High,Tech Lead,JavaScript,Medium,13,3,3,26,3,12,True,3,False,3.5,1,1,1,0,6.34041712
Feature Dev,Medium,Tech Lead,JavaScript,High,13,3,2,26,3,10,True,3,True,2.08333333,2,1,0,0,6.00397875
Deployment,Low,Junior,Java,Low,13,4,0,26,10,10,False,1,False,2.375,2,2,0,0,5.1594125
Design Review,Medium,Senior,Go,Medium,12,4,3,24,4,9,True,3,False,3.0,2,1,1,0,5.37004125
Testing,High,Junior,Other,Low,12,4,2,24,4,16,True,2,True,5.1875,1,0,2,1,5.78602216
Deployment,Medium,Tech Lead,C++,Medium,2,3,3,4,6,11,False,2,False,4.16666667,1,1,0,1,1.22827083
Code Review,High,Junior,Go,Critical,13,2,1,26,5,18,True,3,False,2.375,1,1,0,0,5.63117297
Code Review,High,Tech Lead,C++,Low,6,2,1,12,9,13,True,0,False,1.5,2,0,0,0,3.44507625
Documentation,Medium,Junior,Other,Low,10,5,3,20,3,10,False,2,False,3.55,2,1,2,0,4.43547225
Documentation,Medium,Junior,C++,High,1,3,0,2,9,13,True,0,True,2.91666667,2,0,1,0,0.5
Bug Fix,Medium,Tech Lead,Other,High,4,4,2,8,2,18,True,0,True,3.0,2,1,1,0,1.82000858
Design Review,High,Senior,Other,Medium,6,3,0,12,7,17,False,2,False,2.08333333,2,1,0,0,2.94766667
Design Review,High,Mid,JavaScript,High,4,2,2,8,4,9,False,0,True,2.375,1,1,0,0,2.07887625
Testing,Low,Senior,Go,High,1,2,0,2,6,13,True,2,False,2.375,1,1,0,0,0.5192775
Client Meeting,Medium,Junior,JavaScript,Critical,7,5,1,14,7,13,False,0,False,3.1,3,1,0,1,2.25110812
Deployment,Medium,Mid,JavaScript,High,10,4,1,20,5,10,False,1,False,2.375,2,2,0,0,3.75328125
Design Review,Low,Tech Lead,Java,Low,1,3,2,2,6,13,False,2,True,1.5,3,0,0,0,1.066615
Refactoring,Medium,Mid,C++,Low,10,2,1,20,7,16,True,2,False,2.375,1,1,0,0,4.93004531
Deployment,Low,Senior,Python,Critical,10,2,3,20,5,14,True,2,False,3.25,0,2,0,0,3.55605469
Refactoring,Low,Senior,Go,Critical,7,2,3,14,7,10,False,3,True,1.5,2,0,0,0,3.13388625
Feature Dev,Medium,Senior,JavaScript,Low,2,5,1,4,9,18,False,3,False,3.9,1,2,2,0,1.1697125
Documentation,Medium,Tech Lead,Python,Medium,11,5,2,22,9,14,True,2,False,3.1,3,1,0,1,4.61892375
Bug Fix,High,Senior,Other,High,7,3,2,14,1,10,True,3,False,3.5,1,1,1,0,3.23898278
Design Review,High,Tech Lead,Go,Critical,4,3,1,8,9,9,False,1,False,2.66666667,1,2,0,0,1.71728333
Refactoring,Low,Mid,JavaScript,Medium,3,4,3,6,9,14,True,1,False,4.375,0,3,0,1,1.43284641
Client Meeting,Low,Mid,Go,Medium,10,3,0,20,7,18,False,3,False,1.5,3,0,0,0,3.9975
Code Review,Medium,Junior,C++,High,9,2,0,18,4,16,True,2,False,5.75,0,0,2,0,2.869209
Client Meeting,Medium,Junior,JavaScript,Low,12,2,3,24,5,11,False,1,False,2.375,1,1,0,0,5.77465625
Refactoring,Low,Tech Lead,Java,Low,4,2,0,8,8,13,False,2,True,2.375,1,1,0,0,1.9471925
Refactoring,High,Mid,C++,Medium,13,3,1,26,8,13,False,0,False,4.33333333,1,0,2,0,5.08994333
Documentation,Medium,Senior,Java,High,8,4,3,16,9,18,False,2,False,3.0,2,1,1,0,3.1929975
Code Review,Medium,Mid,Python,Critical,11,5,0,22,5,18,False,2,False,3.05,2,2,1,0,3.59358325
Bug Fix,Low,Mid,Go,Medium,12,5,3,24,6,9,False,3,False,1.5,5,0,0,0,5.19675
Client Meeting,High,Tech Lead,Python,Medium,10,5,2,20,3,12,False,0,False,3.05,2,2,1,0,4.5034675
Design Review,Medium,Tech Lead,Python,Medium,9,4,1,18,1,15,False,3,False,3.5,2,1,0,1,3.5589375
Feature Dev,Low,Tech Lead,JavaScript,High,10,5,3,20,3,11,False,0,False,3.45,2,2,0,1,3.21170062
Refactoring,Medium,Junior,Other,Low,3,5,3,6,6,17,True,1,True,2.7,3,1,1,0,2.08119017
Documentation,Medium,Mid,Go,Low,5,2,1,10,2,18,True,0,False,4.5,0,1,1,0,2.10765844
Testing,Medium,Junior,C++,High,10,4,3,20,1,16,False,0,False,2.5625,3,0,1,0,3.77558859
Code Review,High,Junior,Python,Medium,9,4,0,18,9,15,True,3,True,2.375,2,2,0,0,5.03204625
Documentation,High,Senior,Java,Critical,3,4,0,6,4,10,False,2,False,2.375,2,2,0,0,1.31781875
Feature Dev,Medium,Tech Lead,Python,High,4,5,0,8,9,16,False,3,False,3.75,0,4,1,0,1.51356375
Bug Fix,Medium,Mid,Go,High,10,3,2,20,10,11,True,3,False,2.66666667,1,2,0,0,4.2021
Design Review,Low,Junior,Java,High,5,4,1,10,6,9,True,2,False,3.9375,1,2,0,1,1.74317801
Design Review,High,Senior,Python,High,6,4,0,12,4,13,False,0,True,3.0,2,1,1,0,2.5179066
Feature Dev,Low,Tech Lead,JavaScript,Low,5,5,1,10,2,16,False,3,False,1.5,5,0,0,0,2.536875
Client Meeting,Medium,Mid,Go,Low,12,3,2,24,6,15,False,3,False,3.58333333,2,0,0,1,5.1962625
Client Meeting,Low,Senior,JavaScript,Critical,10,2,3,20,7,14,True,1,False,2.375,1,1,0,0,3.63442734
Feature Dev,Medium,Senior,Go,Critical,7,5,2,14,8,12,False,2,False,3.9,1,2,2,0,2.3862135
Bug Fix,High,Tech Lead,Other,Medium,8,4,3,16,5,11,True,2,True,3.0,2,1,1,0,4.60855972
Testing,Medium,Tech Lead,C++,Critical,11,5,1,22,4,11,False,2,False,3.9,1,2,2,0,3.43470125
Bug Fix,Medium,Tech Lead,Other,High,3,3,2,6,8,11,True,1,False,4.75,0,2,0,1,1.238895
Deployment,Medium,Tech Lead,JavaScript,Critical,8,4,1,16,10,14,True,2,True,1.9375,3,1,0,0,3.49610379
Refactoring,High,Tech Lead,C++,High,7,5,1,14,10,10,True,0,False,2.55,2,3,0,0,3.09707213
Documentation,Low,Tech Lead,JavaScript,Critical,3,2,0,6,10,14,True,3,False,1.5,2,0,0,0,1.26244125
Code Review,High,Mid,Other,Low,7,2,2,14,6,13,True,1,True,1.5,2,0,0,0,4.71419025
Testing,Medium,Senior,Java,Low,5,5,3,10,9,15,False,3,True,3.4,1,3,1,0,3.00173775
Bug Fix,Medium,Mid,JavaScript,Critical,9,3,3,18,6,17,True,0,True,2.91666667,2,0,1,0,3.68003465
Code Review,Medium,Mid,C++,Medium,11,2,2,22,9,10,False,3,False,2.375,1,1,0,0,4.90625
Design Review,Medium,Tech Lead,C++,Low,11,2,2,22,5,11,False,2,True,4.5,0,1,1,0,5.03223875
Testing,High,Tech Lead,Python,Critical,8,3,3,16,2,12,False,2,False,3.25,0,3,0,0,3.45046875
Design Review,Medium,Senior,Python,Medium,12,5,0,24,8,9,False,0,False,3.95,2,1,1,1,3.98544
Documentation,Medium,Senior,C++,High,9,2,1,18,10,9,False,2,True,5.75,0,0,2,0,3.1244895
Design Review,High,Senior,Java,Medium,9,4,2,18,9,11,False,0,False,2.8125,1,3,0,0,4.259625
Design Review,Medium,Senior,Python,Low,13,3,0,26,6,10,False,1,False,4.08333333,0,2,1,0,5.06602708
Testing,Medium,Mid,Other,High,2,5,1,4,1,15,True,1,False,2.7,3,1,1,0,0.92879561
Bug Fix,Low,Tech Lead,Other,Low,8,2,1,16,2,18,False,1,True,1.5,2,0,0,0,3.8819825
Refactoring,Medium,Senior,Python,Medium,5,4,2,10,9,10,False,1,True,5.1875,1,0,2,1,1.99716
Testing,High,Tech Lead,Go,Medium,10,4,3,20,2,12,True,3,True,3.0,2,1,1,0,5.69417888
Refactoring,Medium,Tech Lead,C++,High,12,5,1,24,9,11,True,0,True,4.8,1,1,2,1,3.93838484
Refactoring,Medium,Mid,C++,Critical,8,5,3,16,9,16,False,0,False,3.2,3,0,2,0,2.741369
Code Review,High,Senior,C++,Low,8,4,3,16,8,13,False,0,False,2.375,2,2,0,0,4.45781875
Deployment,Medium,Junior,C++,High,13,3,3,26,9,13,False,2,False,2.91666667,2,0,1,0,4.87297687
Design Review,Medium,Mid,JavaScript,High,2,5,0,4,4,18,False,2,False,4.8,1,1,2,1,0.68886
Feature Dev,High,Mid,Java,Critical,7,5,3,14,1,10,True,3,False,3.4,1,3,1,0,3.19634327
Refactoring,Medium,Junior,Other,Low,2,3,1,4,8,10,False,0,False,5.0,1,0,1,1,0.81719
Bug Fix,High,Senior,C++,Critical,10,2,3,20,2,15,False,0,False,2.375,1,1,0,0,4.21201562
Feature Dev,Medium,Senior,Python,Low,8,5,1,16,9,17,True,1,False,4.8,1,1,2,1,3.04992765
Client Meeting,High,Senior,C++,Critical,12,2,1,24,7,13,True,3,False,1.5,2,0,0,0,5.46143063
Feature Dev,High,Senior,JavaScript,Critical,3,5,0,6,8,17,False,0,False,3.9,1,2,2,0,0.9978711
Code Review,Medium,Senior,Python,Medium,10,3,3,20,5,14,True,3,False,3.25,0,3,0,0,4.67578125
Documentation,Low,Junior,JavaScript,Medium,10,4,2,20,8,17,True,3,False,1.5,4,0,0,0,4.52025
Testing,Medium,Junior,Python,Low,2,5,1,4,1,16,False,2,False,4.15,0,4,0,1,1.07256188
Bug Fix,Medium,Tech Lead,Java,Critical,7,4,2,14,9,17,False,0,False,2.375,2,2,0,0,2.58559375
Design Review,High,Mid,Java,High,9,4,2,18,2,16,False,3,False,4.0625,1,1,2,0,3.59650462
Design Review,High,Tech Lead,Python,High,11,4,0,22,8,13,False,0,True,3.4375,1,2,1,0,4.50986889
Code Review,Low,Mid,JavaScript,Medium,13,5,2,26,5,9,False,3,True,2.75,4,0,0,1,5.31069
Testing,High,Tech Lead,C++,Low,1,4,1,2,2,13,False,2,True,2.375,2,2,0,0,0.96172313
Client Meeting,Low,Senior,Other,Medium,12,2,0,24,4,11,False,2,True,2.375,1,1,0,0,4.878775
Design Review,High,Senior,Other,High,13,3,3,26,10,16,False,0,True,2.08333333,2,1,0,0,6.33917625
Testing,High,Senior,Python,High,10,3,3,20,2,15,False,1,False,3.5,1,1,1,0,4.15875375
Refactoring,High,Junior,Java,Critical,5,4,0,10,2,12,False,3,False,4.0625,1,1,2,0,1.86316812
Testing,High,Mid,Python,High,1,2,3,2,3,15,True,0,False,3.625,1,0,1,0,0.76637669
Documentation,Medium,Senior,Other,Critical,5,3,2,10,9,13,False,3,False,4.33333333,1,0,2,0,1.83503667
Feature Dev,Medium,Mid,JavaScript,Medium,6,3,3,12,3,14,True,0,False,5.0,1,0,1,1,2.340135
Design Review,High,Tech Lead,Python,Low,13,2,0,26,8,14,False,3,True,3.625,1,0,1,0,6.77195558
Client Meeting,Medium,Tech Lead,Java,Medium,9,2,0,18,4,12,False,1,False,3.25,0,2,0,0,3.46875
Bug Fix,Low,Senior,Other,Medium,3,3,1,6,4,17,True,1,False,4.16666667,1,1,0,1,1.18295187
Refactoring,Medium,Tech Lead,C++,Low,7,4,2,14,6,12,True,0,False,3.4375,1,2,1,0,3.22345702
Design Review,Medium,Mid,C++,High,2,5,2,4,8,11,True,1,False,3.05,2,2,1,0,1.04223105
Deployment,High,Mid,Python,Low,12,2,0,24,5,12,True,3,False,1.5,2,0,0,0,6.8901525
Refactoring,Medium,Senior,Java,Low,13,5,0,26,8,13,True,1,True,2.55,2,3,0,0,6.54847463
Testing,Low,Mid,C++,Low,5,2,1,10,6,11,True,1,True,2.375,1,1,0,0,2.55569016
Bug Fix,Medium,Tech Lead,Python,Critical,10,3,0,20,10,14,False,1,False,5.58333333,0,1,1,1,2.72527
Documentation,High,Tech Lead,Java,Medium,6,5,2,12,10,16,False,1,False,3.05,2,2,1,0,2.904277
Code Review,Medium,Tech Lead,Go,Medium,3,3,2,6,3,14,False,1,False,4.08333333,0,2,1,0,1.39033333
Deployment,Low,Senior,Python,Low,5,2,3,10,10,9,False,1,False,2.375,1,1,0,0,2.53653125
Testing,High,Junior,C++,Critical,11,3,3,22,7,10,False,2,True,4.16666667,1,1,0,1,4.52245085
Testing,Low,Junior,JavaScript,High,7,5,1,14,8,12,True,0,True,1.85,4,1,0,0,2.79628099
Design Review,Medium,Tech Lead,JavaScript,High,6,5,3,12,10,15,True,3,False,3.1,3,1,0,1,2.67237731
Deployment,Medium,Mid,C++,Medium,12,2,3,24,8,14,True,3,False,3.25,0,2,0,0,5.46328125
Code Review,Low,Junior,Java,Medium,2,4,2,4,5,9,True,1,False,3.0625,3,0,0,1,1.05784875
Bug Fix,Medium,Junior,Go,Medium,13,4,0,26,5,15,False,0,False,1.9375,3,1,0,0,5.21625
Code Review,Medium,Tech Lead,C++,Critical,5,4,1,10,9,14,False,1,False,4.125,2,0,1,1,1.57255313
Bug Fix,High,Senior,C++,Low,6,4,2,12,8,10,False,2,False,3.0,2,1,1,0,3.304499
Bug Fix,High,Senior,Java,High,6,3,2,12,3,15,True,2,False,4.33333333,1,0,2,0,2.5580079
Design Review,High,Junior,Other,Low,1,4,0,2,7,15,False,1,True,3.625,2,0,2,0,0.5851923
Documentation,High,Tech Lead,C++,Low,3,2,3,6,2,11,True,2,False,3.25,0,2,0,0,2.19810938
Bug Fix,High,Mid,C++,High,3,3,0,6,8,10,True,2,False,2.66666667,1,2,0,0,1.44333
Refactoring,Medium,Tech Lead,Other,Critical,4,4,2,8,6,9,True,3,False,3.0625,3,0,0,1,1.76622961
Client Meeting,Low,Senior,Python,Critical,11,5,1,22,8,17,True,0,False,2.2,3,2,0,0,3.63149325
Refactoring,Low,Senior,C++,High,8,5,0,16,5,16,True,3,True,3.8,1,3,0,1,2.85769985
Documentation,High,Mid,C++,Low,10,4,0,20,3,15,False,1,False,2.8125,1,3,0,0,4.95996875
Bug Fix,Low,Senior,Go,Medium,6,4,2,12,7,10,False,2,False,3.25,0,4,0,0,2.49375
Refactoring,High,Tech Lead,Java,High,11,5,1,22,5,11,False,1,False,4.45,2,0,2,1,3.73227952
Deployment,High,Tech Lead,Other,Medium,4,2,2,8,5,10,False,2,False,3.25,0,2,0,0,2.19375
Bug Fix,Medium,Mid,Java,High,12,5,0,24,7,14,False,2,False,2.2,3,2,0,0,4.455
Refactoring,Medium,Mid,Other,High,2,2,2,4,8,18,True,2,False,2.375,1,1,0,0,1.20546563
Documentation,High,Mid,Python,Medium,10,3,0,20,8,15,False,3,False,3.5,1,1,1,0,4.396525
Refactoring,Medium,Mid,Python,Medium,6,3,2,12,9,16,True,2,False,5.58333333,0,1,1,1,2.38119
Refactoring,Medium,Junior,Other,Low,7,4,2,14,6,14,True,3,False,4.0625,1,1,2,0,3.31070644
Bug Fix,Medium,Tech Lead,Go,High,1,5,2,2,4,14,True,1,False,3.05,2,2,1,0,0.6948207
Bug Fix,Medium,Tech Lead,Go,High,10,2,2,20,9,12,True,1,False,2.375,1,1,0,0,4.0800375
Feature Dev,High,Junior,Go,Critical,5,5,1,10,6,17,True,3,False,3.05,2,2,1,0,2.2557547
Client Meeting,High,Tech Lead,Java,Critical,12,2,3,24,2,9,False,1,True,2.375,1,1,0,0,5.56903531
Bug Fix,High,Mid,Other,Medium,5,5,0,10,5,17,True,1,False,3.4,1,3,1,0,2.273292
Testing,Medium,Tech Lead,JavaScript,Low,8,3,1,16,9,18,False,1,False,3.58333333,2,0,0,1,3.31983438
Feature Dev,Low,Tech Lead,Other,Medium,7,2,2,14,9,17,True,0,True,2.375,1,1,0,0,3.19602938
Feature Dev,Low,Junior,Go,Critical,1,5,0,2,2,17,True,0,True,2.2,3,2,0,0,0.5
Code Review,Low,Mid,Java,Low,5,4,0,10,8,16,True,1,False,4.375,0,3,0,1,1.83720797
Bug Fix,Medium,Tech Lead,JavaScript,Low,1,2,0,2,3,17,False,1,True,1.5,2,0,0,0,0.620125
Bug Fix,Medium,Junior,Go,High,13,5,1,26,2,12,True,1,False,3.2,3,0,2,0,4.5507609
Refactoring,High,Junior,Go,Critical,5,2,3,10,2,9,False,3,False,2.375,1,1,0,0,2.54389062
Refactoring,Medium,Tech Lead,Python,Low,11,5,3,22,1,15,True,0,False,4.3,1,2,1,1,4.56094485
Client Meeting,Low,Tech Lead,JavaScript,Medium,7,2,1,14,6,15,False,2,False,2.375,1,1,0,0,2.8161875
Code Review,Low,Tech Lead,Java,Critical,12,2,1,24,7,13,True,1,False,3.25,0,2,0,0,3.82380469
Bug Fix,Medium,Tech Lead,Java,Critical,6,4,3,12,7,10,False,2,False,4.125,2,0,1,1,2.13168313
Documentation,High,Junior,Python,Medium,6,3,1,12,5,13,False,1,False,5.0,1,0,1,1,2.35382
Documentation,High,Junior,Go,High,1,3,1,2,4,14,False,0,False,2.66666667,1,2,0,0,0.5307
Refactoring,Low,Tech Lead,Other,Critical,10,3,2,20,1,12,False,0,False,2.08333333,2,1,0,0,3.3011875
Testing,Medium,Tech Lead,JavaScript,Medium,7,5,1,14,5,18,True,3,True,4.65,0,3,1,1,2.99586788
Feature Dev,Medium,Junior,Other,Medium,9,3,2,18,6,10,True,1,False,4.16666667,1,1,0,1,3.55775
Client Meeting,High,Junior,JavaScript,Critical,11,4,2,22,10,10,True,0,False,2.8125,1,3,0,0,4.58945812
Design Review,Medium,Mid,C++,Medium,5,3,0,10,9,12,True,2,False,2.08333333,2,1,0,0,2.300375
Refactoring,High,Mid,C++,Medium,4,2,0,8,2,17,False,0,False,1.5,2,0,0,0,1.886
Feature Dev,Medium,Tech Lead,Python,High,1,2,0,2,1,13,False,0,False,4.5,0,1,1,0,0.5
Deployment,High,Senior,C++,Critical,4,4,1,8,8,14,True,1,False,3.0,2,1,1,0,1.71889699
Deployment,Medium,Junior,C++,Medium,8,2,0,16,10,15,True,0,False,2.375,1,1,0,0,3.297
Deployment,High,Mid,JavaScript,Low,7,4,3,14,9,12,False,3,False,2.375,2,2,0,0,4.28511875
Client Meeting,High,Mid,JavaScript,Low,8,2,2,16,1,14,True,2,False,2.375,1,1,0,0,4.73737688
Refactoring,High,Senior,JavaScript,Critical,5,4,3,10,9,13,True,1,False,3.0,2,1,1,0,2.34395044
Testing,Medium,Mid,Go,Medium,11,3,2,22,9,15,False,2,False,2.08333333,2,1,0,0,4.87958333
Deployment,High,Mid,Python,Critical,7,4,3,14,9,18,False,0,False,3.5,2,1,0,1,2.74126062
Testing,Low,Senior,C++,Medium,2,4,0,4,9,9,True,0,False,1.9375,3,1,0,0,0.7583625
Bug Fix,Medium,Mid,Go,High,7,3,2,14,3,9,True,0,False,4.08333333,0,2,1,0,2.54561344
Refactoring,Medium,Junior,Other,Medium,13,4,3,26,9,13,False,3,False,3.25,0,4,0,0,5.578125
Documentation,High,Tech Lead,Java,Low,2,2,0,4,4,15,True,1,False,3.625,1,0,1,0,1.04990799
Documentation,Medium,Mid,JavaScript,Medium,10,3,1,20,9,13,False,1,False,2.08333333,2,1,0,0,4.23229167
Documentation,Low,Senior,Go,High,7,3,1,14,10,17,True,3,True,2.66666667,1,2,0,0,2.9844045
Testing,High,Tech Lead,C++,Low,4,3,3,8,6,9,False,3,True,2.08333333,2,1,0,0,3.12084208
Feature Dev,Medium,Mid,C++,High,5,3,1,10,7,10,True,3,False,2.66666667,1,2,0,0,2.238075
Feature Dev,Medium,Tech Lead,JavaScript,Medium,9,5,0,18,10,18,False,0,False,3.8,1,3,0,1,3.1122
Refactoring,High,Mid,Other,Critical,10,5,0,20,2,13,True,2,True,3.4,1,3,1,0,4.25105604
Documentation,High,Tech Lead,Java,Medium,11,5,3,22,6,17,False,1,False,3.8,1,3,0,1,4.849845
Design Review,High,Tech Lead,Java,High,2,3,0,4,6,16,True,1,False,4.16666667,1,1,0,1,0.81650362
Testing,High,Senior,JavaScript,Medium,6,3,1,12,7,13,True,3,False,5.58333333,0,1,1,1,2.635731
Documentation,High,Tech Lead,JavaScript,High,9,3,3,18,6,14,False,1,True,3.58333333,2,0,0,1,4.06174519
Deployment,Medium,Tech Lead,C++,Critical,6,3,0,12,3,12,False,3,False,4.08333333,0,2,1,0,1.99425938
Design Review,Medium,Junior,C++,Low,11,3,2,22,2,11,True,0,False,4.16666667,1,1,0,1,4.59839187
Deployment,Medium,Mid,Other,High,10,4,3,20,5,16,True,2,False,3.0,2,1,1,0,4.04930138
Refactoring,Medium,Junior,Java,Critical,12,4,2,24,4,13,False,2,False,3.0625,3,0,0,1,4.05238828
Refactoring,High,Mid,JavaScript,Medium,7,4,3,14,9,16,True,2,False,2.8125,1,3,0,0,3.89842031
Deployment,Medium,Junior,Other,Critical,7,2,1,14,10,17,False,2,True,5.75,0,0,2,0,2.35325475
Refactoring,High,Tech Lead,Python,High,6,2,0,12,10,18,True,3,False,2.375,1,1,0,0,2.83748063
Feature Dev,High,Junior,Go,Low,8,5,0,16,10,14,True,3,True,3.05,2,2,1,0,4.64738545
Feature Dev,Low,Senior,Other,High,13,5,3,26,3,14,False,1,False,2.2,3,2,0,0,4.65993
Design Review,Medium,Tech Lead,C++,High,2,5,3,4,3,12,False,1,False,4.25,0,3,2,0,1.01361375
Bug Fix,Medium,Tech Lead,Go,Critical,4,5,1,8,2,14,True,0,False,3.45,2,2,0,1,1.37620711
Feature Dev,High,Senior,Python,Low,9,5,1,18,5,10,False,0,False,4.3,1,2,1,1,3.8422098
Refactoring,Medium,Junior,Java,Low,8,3,1,16,5,12,False,0,False,3.25,0,3,0,0,3.4546875
Bug Fix,High,Senior,Other,High,5,4,1,10,7,12,True,1,False,3.25,0,4,0,0,2.25914062
Refactoring,High,Tech Lead,Other,Low,1,4,2,2,10,10,True,2,False,3.0,2,1,1,0,1.0217592
Refactoring,High,Senior,Other,Medium,1,2,0,2,3,12,False,1,False,2.375,1,1,0,0,0.5495
Refactoring,High,Tech Lead,Other,Low,10,5,0,20,9,13,True,0,True,3.45,2,2,0,1,5.14955884
Refactoring,High,Senior,Go,Low,6,4,2,12,1,9,False,0,False,3.4375,1,2,1,0,3.03034669
Code Review,High,Tech Lead,C++,Critical,4,3,0,8,1,12,True,1,False,5.0,1,0,1,1,1.3539939
Client Meeting,High,Mid,JavaScript,Low,2,3,2,4,5,9,False,1,True,2.08333333,2,1,0,0,1.590545
Design Review,High,Tech Lead,Go,Critical,2,3,1,4,6,11,False,2,False,4.91666667,0,1,2,0,0.86674854
Client Meeting,High,Senior,JavaScript,High,6,5,3,12,2,12,True,3,False,3.4,1,3,1,0,2.9922206
Bug Fix,High,Mid,Python,High,5,3,0,10,2,10,False,2,True,3.5,1,1,1,0,2.22069375
Bug Fix,High,Mid,Go,Low,10,4,1,20,6,14,False,2,False,2.8125,1,3,0,0,5.22379688
Documentation,Medium,Junior,JavaScript,High,7,2,2,14,10,14,True,3,True,4.5,0,1,1,0,2.99973713
Client Meeting,Medium,Tech Lead,Other,Critical,12,3,2,24,1,9,True,1,False,5.0,1,0,1,1,3.629262
Refactoring,Medium,Tech Lead,Python,Low,2,5,2,4,10,10,True,1,False,4.3,1,2,1,1,1.1284812
Feature Dev,High,Mid,Go,High,8,2,0,16,7,17,True,3,False,2.375,1,1,0,0,3.69057938
Client Meeting,High,Tech Lead,Python,High,10,3,3,20,5,13,False,1,False,3.58333333,2,0,0,1,4.05465938
Testing,High,Mid,JavaScript,Low,2,4,0,4,8,18,False,2,False,2.8125,1,3,0,0,1.18195
Refactoring,Medium,Tech Lead,Other,High,9,2,3,18,4,18,False,3,False,2.375,1,1,0,0,3.84159375
Client Meeting,High,Tech Lead,C++,Medium,6,4,3,12,1,9,False,3,False,3.0,2,1,1,0,3.234465
Deployment,Medium,Junior,Python,Medium,6,3,2,12,10,16,True,2,True,2.66666667,1,2,0,0,3.23785
Testing,Medium,Mid,JavaScript,High,11,2,1,22,8,10,True,3,False,2.375,1,1,0,0,4.49731406
Client Meeting,High,Junior,C++,Critical,4,2,1,8,5,16,False,2,False,5.75,0,0,2,0,1.4873385
Documentation,Low,Senior,Other,Low,8,4,1,16,8,10,False,3,True,3.5,2,1,0,1,3.54074738
Code Review,High,Tech Lead,C++,High,8,2,3,16,2,16,False,1,False,2.375,1,1,0,0,3.73561875
Bug Fix,High,Junior,JavaScript,High,10,3,0,20,4,9,False,3,False,2.66666667,1,2,0,0,4.263
Deployment,High,Mid,C++,Medium,13,3,1,26,7,11,True,0,False,4.16666667,1,1,0,1,5.45225187
Testing,Low,Junior,C++,Critical,7,3,2,14,7,16,True,2,True,4.16666667,1,1,0,1,2.51150467
Code Review,High,Tech Lead,Other,High,4,3,0,8,4,18,True,3,False,3.5,1,1,1,0,1.81450868
Documentation,High,Senior,JavaScript,Critical,11,2,2,22,8,18,False,3,False,4.5,0,1,1,0,4.08333625
Testing,Low,Junior,C++,Critical,5,5,2,10,4,15,False,0,False,3.8,1,3,0,1,1.5431325
Bug Fix,Low,Senior,Go,High,12,2,0,24,2,10,False,3,False,1.5,2,0,0,0,4.26195
Documentation,Medium,Tech Lead,Go,High,1,4,2,2,5,13,True,2,False,4.125,2,0,1,1,0.69932362
Feature Dev,Medium,Tech Lead,C++,Medium,1,3,2,2,10,15,True,2,False,1.5,3,0,0,0,0.968625
Testing,High,Junior,C++,Critical,5,3,2,10,3,9,True,3,False,2.91666667,2,0,1,0,2.39553322
Testing,Medium,Junior,Other,Medium,2,4,1,4,3,10,True,0,True,1.9375,3,1,0,0,1.10067891
Client Meeting,High,Senior,Go,Low,9,3,2,18,9,11,True,3,False,3.5,1,1,1,0,4.91217458
Client Meeting,Medium,Junior,JavaScript,High,13,4,0,26,8,9,False,2,True,3.4375,1,2,1,0,4.81290356
Refactoring,Low,Mid,C++,High,12,3,0,24,5,14,True,2,False,2.08333333,2,1,0,0,4.2536025
Client Meeting,High,Tech Lead,Other,High,13,3,2,26,5,10,False,1,True,3.5,1,1,1,0,5.66721045
Documentation,Medium,Tech Lead,Python,Medium,4,2,3,8,2,13,True,2,False,2.375,1,1,0,0,2.31820312
Code Review,Medium,Junior,Go,Low,7,3,2,14,7,15,False,0,False,3.5,1,1,1,0,3.0596225
Refactoring,High,Junior,C++,Medium,10,2,0,20,8,12,False,3,False,2.375,1,1,0,0,4.808125
Refactoring,Medium,Tech Lead,Other,Medium,6,4,3,12,3,18,False,2,False,3.875,0,3,1,0,2.68114063
Deployment,High,Mid,C++,Low,5,3,1,10,9,15,True,0,False,2.66666667,1,2,0,0,2.735425
Code Review,High,Junior,Java,High,9,4,3,18,6,10,True,2,False,3.9375,1,2,0,1,3.88363845
Refactoring,High,Senior,Python,High,12,2,0,24,7,12,True,3,False,2.375,1,1,0,0,5.39677688
Documentation,High,Mid,Java,Low,5,3,1,10,2,13,False,2,False,2.66666667,1,2,0,0,2.81783333
Testing,High,Mid,Python,Critical,2,3,1,4,10,12,False,1,False,4.16666667,1,1,0,1,0.84242437
Bug Fix,Medium,Junior,Go,Medium,3,4,3,6,8,17,False,1,True,3.0,2,1,1,0,1.7738875
Code Review,Medium,Tech Lead,Python,Critical,1,2,3,2,8,16,False,1,False,3.625,1,0,1,0,0.71963391
Deployment,High,Tech Lead,Python,Low,13,3,3,26,6,16,False,0,False,3.5,1,1,1,0,6.34624925
Deployment,Medium,Junior,JavaScript,Critical,9,3,0,18,6,14,False,1,False,4.08333333,0,2,1,0,2.73287396
Code Review,High,Tech Lead,Go,Low,4,3,0,8,6,14,False,2,True,4.08333333,0,2,1,0,2.14493675
Client Meeting,Medium,Senior,JavaScript,Critical,13,2,1,26,1,18,False,1,False,5.75,0,0,2,0,3.7013675
Client Meeting,Medium,Tech Lead,Java,Critical,4,2,0,8,3,10,False,2,True,3.625,1,0,1,0,1.49986856
Code Review,High,Mid,Go,Critical,9,2,2,18,6,18,True,2,True,3.25,0,2,0,0,4.2706125
Deployment,High,Senior,Python,Critical,12,2,0,24,7,17,False,1,False,1.5,2,0,0,0,4.896425
Client Meeting,Low,Tech Lead,C++,Low,5,4,0,10,5,13,False,2,True,1.9375,3,1,0,0,2.4275625
Bug Fix,High,Junior,C++,Low,4,4,3,8,7,17,False,0,True,3.4375,1,2,1,0,2.49458932
Client Meeting,Low,Mid,Python,High,5,2,3,10,1,10,True,3,True,2.375,1,1,0,0,2.60102391
Client Meeting,Low,Mid,C++,High,10,5,1,20,5,14,True,1,False,1.85,4,1,0,0,3.66553688
Testing,High,Mid,Python,Critical,10,2,1,20,3,12,False,2,True,3.625,1,0,1,0,4.12463855
Testing,High,Tech Lead,Python,Medium,10,2,1,20,5,18,False,1,False,2.375,1,1,0,0,4.7590625
Documentation,Medium,Mid,Java,Medium,9,3,3,18,7,14,False,2,False,2.91666667,2,0,1,0,3.93355208
Deployment,Low,Senior,JavaScript,Low,5,3,1,10,10,10,True,3,False,2.66666667,1,2,0,0,2.512125
Testing,Medium,Junior,Python,High,2,5,3,4,2,17,False,2,True,2.7,3,1,1,0,1.34369978
Design Review,Medium,Junior,Python,Critical,8,3,1,16,3,14,True,2,True,4.33333333,1,0,2,0,2.89388811
Documentation,High,Mid,Java,Medium,8,2,1,16,8,9,True,3,True,2.375,1,1,0,0,4.68070969
Deployment,Medium,Junior,JavaScript,Critical,1,5,3,2,7,15,False,2,False,3.55,2,1,2,0,0.77393138
Refactoring,High,Mid,Java,Critical,5,4,3,10,10,15,True,2,False,3.0,2,1,1,0,2.42619431
Feature Dev,Low,Tech Lead,Other,Critical,6,4,2,12,1,18,False,1,False,2.375,2,2,0,0,2.1352
Feature Dev,High,Senior,Go,High,2,2,2,4,1,14,True,0,True,2.375,1,1,0,0,1.24441144
Bug Fix,Low,Junior,Python,Critical,4,3,3,8,7,13,True,2,False,4.16666667,1,1,0,1,1.58008572
Deployment,Low,Tech Lead,Go,Critical,12,5,1,24,10,14,True,0,True,3.1,3,1,0,1,3.9397063
Feature Dev,Medium,Tech Lead,C++,Medium,3,3,3,6,8,9,True,2,False,4.16666667,1,1,0,1,1.64545937
Testing,Medium,Tech Lead,JavaScript,Medium,10,3,0,20,9,9,True,0,False,2.66666667,1,2,0,0,4.06
Client Meeting,Medium,Junior,Java,High,3,3,1,6,5,17,True,2,True,4.16666667,1,1,0,1,1.36484184
Code Review,Medium,Senior,Other,Low,1,3,2,2,5,17,False,2,False,2.66666667,1,2,0,0,0.957
Refactoring,High,Senior,Java,Critical,7,4,2,14,8,13,True,0,True,4.5,0,2,2,0,2.8423626
Code Review,High,Junior,Java,Low,11,3,2,22,3,11,False,3,False,3.58333333,2,0,0,1,5.44645292
Testing,Medium,Tech Lead,C++,High,13,5,0,26,10,9,False,2,True,3.4,1,3,1,0,4.8226266
Documentation,Low,Tech Lead,Other,Medium,1,2,2,2,6,13,False,2,True,2.375,1,1,0,0,0.9282625
Documentation,Medium,Junior,C++,Low,9,4,3,18,8,18,False,0,True,3.0,2,1,1,0,4.51581075
Documentation,Low,Junior,Java,Critical,1,2,2,2,5,11,True,3,False,1.5,2,0,0,0,0.87822
Refactoring,High,Senior,Java,Medium,4,5,1,8,5,13,False,3,False,3.05,2,2,1,0,2.10468175
Bug Fix,High,Tech Lead,JavaScript,High,3,5,1,6,3,16,False,2,True,2.55,2,3,0,0,1.66560075
Testing,High,Mid,Python,High,10,4,0,20,9,14,True,3,False,4.375,0,3,0,1,3.87659672
Design Review,Low,Mid,JavaScript,Critical,5,4,3,10,1,16,False,2,True,1.9375,3,1,0,0,2.29790859
Design Review,Medium,Tech Lead,Java,High,10,3,3,20,8,9,True,1,False,4.33333333,1,0,2,0,3.57022575
Deployment,Medium,Senior,Go,Medium,3,5,2,6,2,17,False,3,True,2.2,3,2,0,0,1.9602
Client Meeting,Low,Mid,Java,Critical,11,2,0,22,3,14,False,3,True,1.5,2,0,0,0,4.0826775
Design Review,Medium,Junior,C++,Critical,4,4,1,8,5,15,False,1,True,1.9375,3,1,0,0,1.73515547
Refactoring,High,Junior,Other,Low,6,3,3,12,1,11,True,2,True,2.08333333,2,1,0,0,4.31435331
Code Review,Medium,Junior,JavaScript,High,1,2,0,2,8,14,False,0,False,4.5,0,1,1,0,0.5
Deployment,High,Tech Lead,C++,Medium,8,5,1,16,7,15,False,3,False,3.95,2,1,1,1,3.429139
Deployment,Low,Tech Lead,Python,Critical,10,3,3,20,9,9,True,3,False,1.5,3,0,0,0,3.97943438
Bug Fix,Medium,Senior,Go,Low,5,2,2,10,5,17,False,1,True,2.375,1,1,0,0,2.84955
Feature Dev,Low,Tech Lead,Java,Medium,10,3,3,20,9,9,False,0,False,1.5,3,0,0,0,4.15125
Refactoring,Medium,Senior,Other,Low,7,2,0,14,5,17,False,0,True,5.75,0,0,2,0,2.707012
Bug Fix,High,Senior,Java,Critical,6,4,3,12,7,10,False,1,False,3.625,2,0,2,0,2.42980894
Documentation,Medium,Senior,Python,High,5,2,2,10,7,15,False,1,False,3.25,0,2,0,0,2.025
Client Meeting,Low,Senior,Go,Medium,11,4,1,22,3,15,False,3,True,1.5,4,0,0,0,4.972275
Client Meeting,Low,Senior,Java,Critical,10,3,2,20,9,13,True,1,False,4.16666667,1,1,0,1,3.0240875
Refactoring,Medium,Senior,Java,Medium,8,2,1,16,7,12,False,2,False,3.625,1,0,1,0,3.16371563
Testing,High,Junior,Other,Low,1,2,0,2,9,12,False,2,False,1.5,2,0,0,0,0.74415
Bug Fix,High,Tech Lead,Other,High,7,4,1,14,1,18,False,2,False,3.0,2,1,1,0,2.9607795
Feature Dev,High,Senior,Python,High,5,2,2,10,10,13,False,3,False,1.5,2,0,0,0,2.67525
Feature Dev,Medium,Mid,C++,High,1,4,2,2,8,17,True,1,True,2.8125,1,3,0,0,0.79781625
Bug Fix,High,Senior,Java,Medium,5,3,3,10,4,18,True,2,False,2.91666667,2,0,1,0,2.86686531
Design Review,Medium,Senior,Java,Critical,1,2,1,2,9,16,True,2,True,3.625,1,0,1,0,0.6561925
Testing,Medium,Mid,JavaScript,Critical,4,2,1,8,10,15,False,2,False,1.5,2,0,0,0,1.6989375
Feature Dev,Medium,Tech Lead,JavaScript,Low,1,5,3,2,5,18,True,3,False,3.05,2,2,1,0,1.22076137
Deployment,Medium,Tech Lead,Go,High,7,4,2,14,3,15,True,3,False,3.9375,1,2,0,1,2.75665359
Documentation,High,Mid,JavaScript,High,9,5,2,18,8,12,False,3,False,3.55,2,1,2,0,3.6992619
Client Meeting,Medium,Junior,Python,Medium,2,3,0,4,2,11,False,2,False,5.0,1,0,1,1,0.782
Refactoring,High,Senior,C++,Critical,10,4,0,20,4,14,True,1,False,3.0,2,1,1,0,3.86546212
Bug Fix,High,Mid,Other,Critical,5,4,0,10,4,18,False,3,False,4.375,0,3,0,1,1.85018437
Refactoring,Medium,Junior,Python,High,6,4,3,12,4,18,False,0,False,3.9375,1,2,0,1,2.20068984
Bug Fix,High,Senior,Other,High,10,3,1,20,8,16,False,1,False,2.08333333,2,1,0,0,4.3468125
Deployment,Medium,Tech Lead,JavaScript,Critical,12,4,1,24,4,9,True,3,False,4.5625,1,1,1,1,3.75845695
Bug Fix,Medium,Junior,Java,High,2,3,0,4,10,13,True,1,False,2.91666667,2,0,1,0,0.78717319
Design Review,Medium,Mid,Other,Low,1,5,2,2,8,18,False,1,True,3.45,2,2,0,1,0.852929
Feature Dev,High,Junior,C++,High,4,4,0,8,9,16,False,1,True,3.4375,1,2,1,0,1.72908017
Deployment,Medium,Tech Lead,C++,Low,9,3,0,18,3,15,False,0,False,3.5,1,1,1,0,3.55311
Refactoring,Low,Senior,Python,High,1,5,0,2,9,14,True,1,False,3.45,2,2,0,1,0.5
Refactoring,Medium,Junior,JavaScript,Critical,1,3,2,2,6,18,True,3,False,1.5,3,0,0,0,0.9148125
Design Review,Medium,Tech Lead,Go,Medium,11,3,3,22,10,9,False,0,False,2.08333333,2,1,0,0,4.82979167
Refactoring,Medium,Senior,Go,Low,2,2,0,4,2,11,True,1,False,4.5,0,1,1,0,0.88227563
Bug Fix,Low,Mid,Java,Medium,7,3,0,14,10,12,False,0,True,4.16666667,1,1,0,1,2.348115
Deployment,High,Mid,Go,Critical,3,2,2,6,9,11,False,1,False,2.375,1,1,0,0,1.48463125
Documentation,High,Mid,Java,Medium,10,3,3,20,6,13,True,0,False,4.16666667,1,1,0,1,4.49165937
Documentation,High,Senior,Go,High,1,4,2,2,8,14,True,3,False,3.9375,1,2,0,1,0.8594273
Deployment,High,Senior,Java,High,1,3,3,2,2,14,False,3,False,2.66666667,1,2,0,0,1.0527
Bug Fix,High,Tech Lead,Java,Critical,13,3,0,26,9,17,True,1,False,2.08333333,2,1,0,0,5.40379
Client Meeting,Medium,Mid,C++,Low,2,2,2,4,2,10,True,1,False,2.375,1,1,0,0,1.3600125
Testing,High,Junior,C++,Low,4,4,1,8,10,13,False,0,True,3.9375,1,2,0,1,2.06590295
Refactoring,High,Junior,Python,Critical,3,4,2,6,9,17,True,3,True,4.0625,1,1,2,0,1.63879969
Refactoring,Low,Junior,Python,Medium,2,4,3,4,1,11,False,1,False,3.5,2,1,0,1,1.1160125
Design Review,Low,Senior,Java,High,4,4,2,8,5,16,True,2,False,1.5,4,0,0,0,1.8791325
Bug Fix,Medium,Junior,JavaScript,Low,4,3,3,8,10,9,False,3,False,2.66666667,1,2,0,0,2.49883333
Bug Fix,High,Senior,JavaScript,High,5,2,1,10,6,15,False,2,False,2.375,1,1,0,0,2.34028125
Feature Dev,Low,Mid,Java,Medium,9,3,1,18,1,18,False,2,True,1.5,3,0,0,0,4.047725
Documentation,High,Tech Lead,Java,High,5,2,2,10,3,17,False,0,False,3.25,0,2,0,0,2.19375
Documentation,Medium,Tech Lead,Go,High,11,5,0,22,1,13,True,0,False,3.95,2,1,1,1,3.4523874
Testing,High,Junior,Java,Critical,7,4,2,14,1,11,False,0,False,4.0625,1,1,2,0,2.522443
Design Review,High,Junior,Go,Critical,4,4,2,8,2,18,True,3,False,3.0,2,1,1,0,2.00675055
Deployment,Medium,Junior,C++,Medium,6,4,1,12,9,11,False,3,False,3.9375,1,2,0,1,2.44521094
Documentation,Medium,Mid,JavaScript,Critical,3,4,0,6,1,15,False,2,True,3.0,2,1,1,0,1.2062435
Testing,High,Senior,Other,Low,7,4,2,14,10,13,False,2,False,3.0,2,1,1,0,3.770778
Refactoring,Medium,Mid,Other,Critical,9,5,2,18,4,9,True,0,False,3.95,2,1,1,1,2.89006672
Deployment,Low,Junior,Other,Critical,1,2,1,2,6,11,False,1,False,2.375,1,1,0,0,0.50877812
Refactoring,Medium,Tech Lead,Go,High,1,4,3,2,10,9,False,0,False,5.0,0,2,1,1,0.59823
Design Review,High,Tech Lead,Python,Low,2,3,2,4,6,12,False,2,False,3.58333333,2,0,0,1,1.36642458
Design Review,Low,Junior,Python,Low,12,3,2,24,4,16,True,1,True,1.5,3,0,0,0,6.146679
Design Review,Medium,Junior,JavaScript,Low,2,3,0,4,6,18,False,1,False,2.08333333,2,1,0,0,0.985875
Design Review,Medium,Mid,Go,High,10,3,3,20,9,13,False,3,True,3.5,1,1,1,0,4.21931813
Bug Fix,Low,Mid,JavaScript,Critical,9,3,0,18,4,16,False,1,False,2.66666667,1,2,0,0,2.74436667
Testing,Medium,Tech Lead,Other,Critical,3,3,3,6,10,14,False,2,True,4.33333333,1,0,2,0,1.43626908
Bug Fix,Medium,Junior,JavaScript,Critical,6,5,2,12,5,12,False,1,False,3.1,3,1,0,1,2.136645
Refactoring,Medium,Tech Lead,Other,Medium,5,3,3,10,7,15,False,0,False,1.5,3,0,0,0,2.51125
Refactoring,High,Junior,Other,Low,11,4,1,22,3,12,False,2,False,4.0625,1,1,2,0,5.01706494
Feature Dev,High,Tech Lead,C++,Medium,4,5,3,8,4,14,True,2,False,3.9,1,2,2,0,2.22415515
Feature Dev,Medium,Tech Lead,JavaScript,High,10,2,2,20,10,13,True,1,False,1.5,2,0,0,0,4.26195
Testing,Low,Senior,Java,Medium,2,4,2,4,9,14,False,0,True,1.9375,3,1,0,0,1.12550625
Code Review,High,Junior,Other,High,4,4,3,8,7,9,False,0,False,5.1875,1,0,2,1,1.5591465
Code Review,Low,Tech Lead,C++,Medium,12,3,1,24,1,12,True,2,False,3.58333333,2,0,0,1,4.28954094
Refactoring,Medium,Mid,Java,Medium,6,5,3,12,7,13,False,1,False,3.8,1,3,0,1,2.550275
Code Review,Medium,Tech Lead,Java,Medium,9,4,3,18,10,16,True,0,True,2.375,2,2,0,0,4.59004219
Deployment,High,Mid,Other,Medium,11,4,0,22,3,15,True,3,True,5.1875,1,0,2,1,4.6833402
Code Review,Low,Mid,Go,Medium,10,4,2,20,2,11,True,1,False,2.375,2,2,0,0,4.12125
Design Review,High,Mid,Python,Medium,2,2,3,4,3,13,True,2,False,3.625,1,0,1,0,1.46912259
Client Meeting,Medium,Mid,C++,Medium,1,3,3,2,8,10,True,1,False,3.5,1,1,1,0,0.89500688
Design Review,High,Junior,Other,Critical,6,5,2,12,9,18,False,0,False,4.3,1,2,1,1,2.1177342
Client Meeting,High,Tech Lead,JavaScript,Medium,4,3,2,8,3,9,False,1,False,2.91666667,2,0,1,0,2.07321333
Client Meeting,Low,Senior,Python,Medium,9,4,0,18,4,18,False,0,True,1.9375,3,1,0,0,3.5751375
Client Meeting,Medium,Senior,Java,Medium,8,3,2,16,6,14,False,0,False,2.08333333,2,1,0,0,3.48541667
Testing,Low,Mid,JavaScript,Medium,2,2,1,4,10,13,True,3,True,1.5,2,0,0,0,1.38513375
Client Meeting,Medium,Mid,C++,Medium,12,4,2,24,6,16,False,0,False,1.9375,3,1,0,0,5.1159375
Bug Fix,Medium,Junior,Java,Low,9,2,3,18,9,16,False,2,False,3.25,0,2,0,0,4.3828125
Design Review,High,Mid,Other,Medium,12,3,1,24,10,18,False,0,False,2.66666667,1,2,0,0,5.481
Bug Fix,High,Senior,C++,High,7,3,1,14,3,16,True,0,False,2.08333333,2,1,0,0,3.17138063
Testing,Medium,Senior,C++,Medium,1,3,0,2,5,15,False,1,True,4.33333333,1,0,2,0,0.5
Documentation,High,Senior,Python,Low,5,3,0,10,2,11,False,2,False,2.08333333,2,1,0,0,2.73854167
Documentation,Low,Senior,JavaScript,Low,3,4,0,6,8,9,False,0,True,1.9375,3,1,0,0,1.31088375
Feature Dev,High,Junior,Other,High,7,3,3,14,7,16,True,1,True,2.08333333,2,1,0,0,3.90258619
Client Meeting,Low,Tech Lead,JavaScript,Low,11,2,1,22,6,13,True,3,False,1.5,2,0,0,0,5.22088875
Refactoring,Medium,Junior,Python,Low,12,3,1,24,5,12,False,1,False,4.16666667,1,1,0,1,4.70554792
Client Meeting,High,Senior,C++,Low,6,5,3,12,4,14,True,3,True,3.05,2,2,1,0,4.0985736
Documentation,Medium,Junior,Python,High,1,2,2,2,1,18,True,0,False,5.75,0,0,2,0,0.5285385
Client Meeting,High,Senior,Go,Low,9,2,1,18,2,12,True,3,False,2.375,1,1,0,0,5.20204781
Documentation,Medium,Senior,C++,High,6,3,1,12,5,9,False,3,False,2.08333333,2,1,0,0,2.5543125
Client Meeting,Low,Junior,Go,Medium,12,2,1,24,8,15,True,2,False,2.375,1,1,0,0,4.81155938
Deployment,High,Tech Lead,Go,Medium,11,4,3,22,10,11,False,1,True,3.4375,1,2,1,0,5.55563559
Client Meeting,Low,Mid,Python,High,3,3,1,6,1,10,False,1,True,2.66666667,1,2,0,0,1.27281
Deployment,Medium,Senior,Other,Medium,1,5,2,2,8,15,True,1,False,3.55,2,1,2,0,0.728406
Refactoring,High,Mid,Java,Medium,13,2,1,26,8,10,False,0,False,4.5,0,1,1,0,5.2028375
Testing,Medium,Junior,Java,Critical,10,4,3,20,3,15,False,3,False,3.4375,1,2,1,0,3.63488555
Client Meeting,Low,Senior,Java,High,11,2,0,22,8,17,False,2,False,2.375,1,1,0,0,3.6738
Feature Dev,Medium,Tech Lead,Java,Medium,7,4,3,14,2,14,False,1,True,4.375,0,3,0,1,3.08503594
Bug Fix,Medium,Senior,Java,Low,7,4,2,14,6,17,False,3,False,1.9375,3,1,0,0,3.7516875
Client Meeting,High,Junior,Other,High,5,3,1,10,1,17,False,2,True,5.58333333,0,1,1,1,2.051577
Deployment,Low,Mid,Go,Low,10,5,0,20,2,16,False,1,False,3.45,2,2,0,1,3.58617875
Deployment,Medium,Senior,Java,Medium,6,5,3,12,6,15,False,0,False,3.2,3,0,2,0,2.51826
Feature Dev,Medium,Tech Lead,C++,High,11,2,1,22,7,12,False,2,False,4.5,0,1,1,0,3.62840625
Deployment,Medium,Junior,Java,Low,10,5,2,20,3,11,True,2,True,3.05,2,2,1,0,5.25458154
Refactoring,Medium,Junior,C++,Medium,4,3,2,8,3,9,False,3,False,4.16666667,1,1,0,1,1.86358333
Documentation,Medium,Senior,JavaScript,High,9,3,1,18,8,17,False,3,False,2.66666667,1,2,0,0,3.5235
Refactoring,High,Mid,Python,Low,7,4,1,14,6,13,False,2,True,3.5,2,1,0,1,3.79593638
Client Meeting,Medium,Senior,Java,High,10,5,1,20,9,10,True,0,False,3.1,3,1,0,1,3.52075106
Client Meeting,High,Tech Lead,JavaScript,Critical,5,2,2,10,10,13,True,0,True,2.375,1,1,0,0,2.50468969
Deployment,High,Senior,Other,Medium,7,5,0,14,1,13,True,3,True,4.8,1,1,2,1,3.11181024
Feature Dev,Medium,Tech Lead,Java,High,9,5,0,18,6,10,False,0,False,4.45,2,0,2,1,2.530359
Refactoring,Medium,Mid,Other,High,8,2,0,16,2,15,True,3,True,5.75,0,0,2,0,2.90696175
Design Review,Medium,Junior,Other,Critical,6,4,2,12,5,18,False,2,True,3.625,2,0,2,0,2.34171919
Code Review,Medium,Senior,C++,Low,1,4,2,2,2,10,False,2,False,1.9375,3,1,0,0,0.99309375
Bug Fix,High,Tech Lead,Python,Critical,8,2,0,16,1,10,True,3,True,3.625,1,0,1,0,3.48219485
Client Meeting,High,Junior,Go,Critical,5,2,2,10,9,11,False,3,False,2.375,1,1,0,0,2.41878125
Feature Dev,Medium,Senior,Other,High,12,4,0,24,1,10,False,1,False,2.8125,1,3,0,0,4.23084375
Testing,Medium,Junior,C++,High,9,3,0,18,4,16,True,2,False,4.91666667,0,1,2,0,2.88327375
Feature Dev,High,Tech Lead,Other,Medium,9,5,0,18,8,11,True,1,False,3.9,1,2,2,0,3.7873164
Documentation,High,Senior,Python,High,2,4,1,4,1,12,False,0,False,3.0,2,1,1,0,0.8874045
Documentation,Low,Senior,Java,High,1,4,1,2,3,11,True,1,False,2.375,2,2,0,0,0.56564156
Feature Dev,Low,Junior,Python,Critical,5,4,2,10,4,16,False,1,True,2.375,2,2,0,0,2.01843125
Testing,High,Senior,JavaScript,Critical,7,4,0,14,6,14,True,2,False,4.5625,1,1,1,1,2.44836624
Deployment,Medium,Tech Lead,C++,High,7,5,0,14,5,9,False,2,False,3.25,0,5,0,0,2.53125
Testing,High,Tech Lead,C++,Low,4,5,3,8,3,12,False,0,True,3.55,2,1,2,0,2.40278594
Documentation,Medium,Senior,C++,Critical,6,5,1,12,5,11,True,2,False,3.55,2,1,2,0,2.12831128
Design Review,Medium,Senior,Python,Medium,5,4,1,10,2,16,False,0,False,2.5625,3,0,1,0,2.02684531
Feature Dev,Medium,Senior,Go,High,13,4,3,26,9,13,False,1,True,3.9375,1,2,0,1,4.88398711
Refactoring,Medium,Tech Lead,C++,High,10,4,1,20,5,14,True,0,False,4.0625,1,1,2,0,3.30628036
Testing,Medium,Senior,Go,Critical,3,2,0,6,6,16,False,1,False,2.375,1,1,0,0,1.08428125
Refactoring,Medium,Mid,JavaScript,Low,3,2,3,6,7,18,True,1,True,2.375,1,1,0,0,2.18168672
Client Meeting,High,Tech Lead,Java,Low,10,3,0,20,2,14,False,0,False,6.41666667,0,0,2,1,3.82789
Deployment,High,Junior,JavaScript,Medium,6,2,2,12,1,14,True,2,False,3.625,1,0,1,0,3.05053481
Testing,Medium,Senior,Go,Low,13,5,0,26,4,13,False,0,False,3.05,2,2,1,0,5.257109
Client Meeting,High,Mid,Other,High,7,5,0,14,1,12,True,2,False,3.05,2,2,1,0,2.97035849
Feature Dev,High,Junior,Go,High,4,5,1,8,2,13,False,3,False,3.45,2,2,0,1,1.81599863
Code Review,Medium,Tech Lead,Go,Low,3,3,0,6,5,12,True,3,False,2.91666667,2,0,1,0,1.60350094
Deployment,Medium,Tech Lead,Java,Critical,7,5,2,14,4,10,True,0,False,2.2,3,2,0,0,2.7390825
Documentation,Medium,Mid,C++,High,2,3,2,4,3,9,True,2,False,4.16666667,1,1,0,1,1.04064187
Code Review,High,Senior,Python,Critical,12,3,1,24,9,11,False,3,True,5.58333333,0,1,1,1,4.3650849
Design Review,High,Mid,Python,Critical,12,4,2,24,3,13,True,0,False,2.375,2,2,0,0,5.09695594
Design Review,Low,Mid,Go,High,13,5,0,26,4,14,False,1,False,3.1,3,1,0,1,3.8621205
Documentation,Medium,Senior,Go,Medium,3,3,0,6,2,17,False,1,False,5.0,1,0,1,1,1.0166
Refactoring,High,Senior,Python,Critical,3,2,0,6,10,11,False,2,True,3.625,1,0,1,0,1.31655129
Client Meeting,Medium,Tech Lead,Other,High,3,5,3,6,7,12,False,0,False,4.3,1,2,1,1,1.209087
Code Review,High,Senior,Java,High,1,2,2,2,5,18,False,3,False,3.25,0,2,0,0,0.894375
Documentation,High,Junior,Java,Medium,3,5,0,6,9,13,False,0,True,3.45,2,2,0,1,1.33754775
Client Meeting,High,Mid,JavaScript,High,8,2,3,16,5,17,False,2,True,2.375,1,1,0,0,4.20632438
Bug Fix,Medium,Junior,JavaScript,Medium,9,5,0,18,7,18,True,3,True,2.2,3,2,0,0,4.459455
Deployment,High,Junior,C++,Critical,11,5,3,22,2,17,False,3,False,3.05,2,2,1,0,4.53885189
Bug Fix,Medium,Junior,Python,Critical,12,5,1,24,4,17,False,0,False,3.9,1,2,2,0,3.57932025
Bug Fix,Low,Senior,JavaScript,Critical,12,3,2,24,4,9,True,2,False,1.5,3,0,0,0,4.40939625
Design Review,Medium,Junior,Java,Medium,8,2,1,16,6,9,False,0,True,2.375,1,1,0,0,3.61590625
Documentation,Low,Senior,Python,Medium,6,4,2,12,8,17,True,1,False,3.5,2,1,0,1,2.36208
Testing,Low,Tech Lead,Python,Critical,9,4,0,18,4,17,False,0,True,1.5,4,0,0,0,3.105135
Documentation,High,Tech Lead,C++,Medium,2,5,0,4,9,9,True,1,True,3.05,2,2,1,0,1.08276226
Bug Fix,Medium,Tech Lead,C++,Low,9,2,0,18,10,15,False,2,False,3.25,0,2,0,0,3.91875
Deployment,High,Senior,Python,High,13,5,3,26,4,10,False,3,False,3.55,2,1,2,0,5.25232755
Client Meeting,Medium,Tech Lead,Go,Medium,6,5,3,12,7,11,False,1,False,3.55,2,1,2,0,2.5580925
Code Review,Medium,Junior,C++,Critical,4,5,2,8,4,9,False,0,False,3.9,1,2,2,0,1.3738805
Testing,Low,Mid,Java,Critical,8,2,1,16,10,11,True,1,False,2.375,1,1,0,0,2.74114641
Deployment,Medium,Junior,Other,High,8,3,3,16,10,15,True,2,True,2.66666667,1,2,0,0,3.8686725
Design Review,Medium,Senior,Go,Low,5,5,3,10,8,18,False,2,False,3.95,2,1,1,1,2.4203245
Bug Fix,Medium,Mid,Java,Low,4,2,0,8,3,18,True,1,True,4.5,0,1,1,0,1.83317269
Client Meeting,High,Senior,Java,Critical,5,4,1,10,9,12,False,3,False,3.0,2,1,1,0,2.15400625
Documentation,High,Senior,Other,Low,13,3,1,26,5,16,False,1,False,3.25,0,3,0,0,6.4246875
Bug Fix,Medium,Senior,Go,High,10,2,3,20,2,11,False,2,False,3.625,1,0,1,0,3.72961969
Documentation,Medium,Senior,C++,High,13,2,3,26,3,10,True,2,False,3.25,0,2,0,0,5.18273438
Code Review,Medium,Mid,Go,Critical,7,3,0,14,9,13,False,3,False,2.08333333,2,1,0,0,2.62402083
Bug Fix,High,Senior,Other,High,4,2,1,8,7,9,False,2,False,4.5,0,1,1,0,1.67288625
Design Review,Low,Tech Lead,C++,Medium,13,5,1,26,3,10,False,2,True,3.45,2,2,0,1,4.87526463
Design Review,High,Mid,C++,Medium,6,4,2,12,3,17,True,0,False,3.875,0,3,1,0,2.82442781
Design Review,High,Tech Lead,JavaScript,High,2,2,3,4,6,9,True,0,False,1.5,2,0,0,0,1.32701625
Documentation,High,Mid,C++,Critical,3,3,2,6,4,13,False,0,False,2.91666667,2,0,1,0,1.3216735
Bug Fix,Low,Tech Lead,Python,Low,2,5,3,4,3,17,True,1,False,1.85,4,1,0,0,1.47785138
Feature Dev,Medium,Mid,Go,High,12,3,2,24,10,13,False,0,True,3.5,1,1,1,0,4.53021525
Design Review,Medium,Junior,Python,Low,3,2,2,6,8,17,False,1,False,3.625,1,0,1,0,1.56849
Code Review,Medium,Mid,Other,Low,1,2,3,2,2,13,False,3,False,3.625,1,0,1,0,1.12735219
Code Review,Medium,Mid,JavaScript,Low,8,4,2,16,4,10,False,3,False,4.0625,1,1,2,0,3.52400125
Deployment,Low,Tech Lead,Other,Low,13,3,0,26,5,18,True,0,False,3.58333333,2,0,0,1,4.72859888
Testing,Low,Senior,Java,Low,13,2,2,26,2,15,False,1,False,3.25,0,2,0,0,5.23875
Design Review,Low,Tech Lead,Python,Critical,2,4,2,4,3,13,False,3,False,2.375,2,2,0,0,1.1009625
Feature Dev,High,Junior,JavaScript,Low,13,2,3,26,9,18,True,2,True,4.5,0,1,1,0,7.14937348
Testing,High,Junior,Java,High,1,5,1,2,5,15,False,1,True,3.55,2,1,2,0,0.60951974
Bug Fix,Medium,Junior,Go,Low,3,3,0,6,7,17,False,3,False,3.25,0,3,0,0,1.546875
Testing,Low,Senior,C++,High,9,2,0,18,10,9,True,1,True,3.25,0,2,0,0,3.25493438
Design Review,Low,Junior,Java,Low,7,3,1,14,5,13,False,2,False,2.66666667,1,2,0,0,3.05176667
Deployment,Medium,Senior,JavaScript,High,9,4,3,18,9,10,False,2,False,2.375,2,2,0,0,3.75328125
Code Review,High,Mid,Go,Low,3,3,3,6,9,12,False,1,False,2.91666667,2,0,1,0,1.96492496
Refactoring,Medium,Junior,C++,Critical,11,3,3,22,6,13,True,0,False,2.08333333,2,1,0,0,4.31058906
Design Review,Medium,Mid,Other,High,13,2,2,26,7,12,False,2,False,3.625,1,0,1,0,4.57179188
Documentation,Medium,Senior,JavaScript,Low,8,4,3,16,9,16,False,3,False,4.0625,1,1,2,0,3.66310656
Client Meeting,High,Mid,Go,Low,1,2,1,2,1,18,False,2,False,5.75,0,0,2,0,0.711909
Bug Fix,Medium,Junior,JavaScript,High,8,2,3,16,5,16,True,0,False,3.25,0,2,0,0,3.23367188
Refactoring,Medium,Junior,Other,High,5,4,3,10,3,14,False,3,False,1.5,4,0,0,0,2.536875
Testing,Medium,Junior,Python,Critical,3,3,2,6,3,16,False,1,False,2.66666667,1,2,0,0,1.31466667
Bug Fix,Medium,Junior,Other,Critical,9,4,1,18,1,18,True,3,False,2.8125,1,3,0,0,3.46778086
Documentation,Medium,Tech Lead,Java,Low,11,5,1,22,3,13,True,1,False,3.2,3,0,2,0,4.7455947
Feature Dev,Medium,Junior,C++,Critical,7,3,3,14,5,15,True,0,False,2.66666667,1,2,0,0,2.8039375
Deployment,High,Tech Lead,C++,Low,8,4,0,16,1,9,False,0,False,3.0,2,1,1,0,3.730232
Feature Dev,High,Mid,Other,Medium,10,3,1,20,1,16,True,0,False,5.0,1,0,1,1,3.900225
Design Review,Medium,Junior,Python,Critical,12,3,3,24,9,9,False,2,False,2.08333333,2,1,0,0,4.61319792
Bug Fix,Low,Junior,Python,Critical,10,3,2,20,9,18,False,3,False,2.08333333,2,1,0,0,3.555125
Client Meeting,Medium,Senior,Go,Medium,5,4,3,10,9,12,False,3,True,2.8125,1,3,0,0,2.90210938
Code Review,Medium,Tech Lead,Java,Low,1,3,3,2,7,16,False,3,False,3.5,1,1,1,0,1.13502125
Bug Fix,High,Junior,Other,High,2,2,0,4,4,9,True,0,True,3.25,0,2,0,0,0.89656875
Client Meeting,Medium,Junior,JavaScript,Low,13,2,0,26,1,18,False,0,False,1.5,2,0,0,0,5.863
Refactoring,Low,Mid,Java,Critical,7,3,0,14,6,10,False,1,False,2.08333333,2,1,0,0,2.21772083
Design Review,High,Tech Lead,Java,Critical,12,3,1,24,7,13,False,3,False,3.5,1,1,1,0,4.55309513
Documentation,Medium,Mid,Other,Medium,6,2,1,12,3,15,True,0,True,4.5,0,1,1,0,2.49978094
Refactoring,Medium,Mid,Java,Critical,3,2,2,6,4,16,False,1,False,1.5,2,0,0,0,1.394
Code Review,High,Mid,Go,Critical,2,4,3,4,9,14,True,3,False,3.625,2,0,2,0,1.28721147
Bug Fix,Low,Junior,Python,Medium,10,2,2,20,5,13,False,0,False,1.5,2,0,0,0,3.9975
Testing,Medium,Junior,Java,Low,5,2,2,10,9,10,False,3,False,3.625,1,0,1,0,2.54879625
Testing,Medium,Tech Lead,Java,Medium,5,2,3,10,10,15,True,3,False,2.375,1,1,0,0,2.83335938
Documentation,Low,Mid,Python,Low,3,2,1,6,3,14,False,1,False,2.375,1,1,0,0,1.43556875
Refactoring,High,Junior,C++,Critical,11,2,2,22,8,15,True,2,False,4.5,0,1,1,0,4.21175212
Refactoring,Medium,Senior,C++,Low,13,4,1,26,8,9,False,0,False,2.375,2,2,0,0,5.77465625
Testing,High,Tech Lead,JavaScript,Critical,8,2,1,16,3,16,False,2,False,1.5,2,0,0,0,3.5111375
Bug Fix,Medium,Junior,Other,Low,1,4,2,2,2,18,False,3,False,5.625,0,1,2,1,0.83215
Code Review,High,Tech Lead,Python,Medium,1,3,0,2,7,15,False,3,False,3.5,1,1,1,0,0.68191
Code Review,Low,Senior,Python,High,2,2,2,4,2,17,True,3,False,3.25,0,2,0,0,1.1694375
Testing,Medium,Senior,JavaScript,Medium,12,2,2,24,5,16,True,2,True,4.5,0,1,1,0,5.19562313
Feature Dev,High,Mid,Java,Medium,1,3,3,2,9,9,True,1,False,4.33333333,1,0,2,0,0.8805685
Testing,Low,Senior,Other,Medium,7,3,0,14,8,16,True,0,False,2.08333333,2,1,0,0,2.634975
Feature Dev,High,Senior,Java,Critical,5,3,3,10,5,13,False,1,False,2.66666667,1,2,0,0,2.34175
Deployment,High,Senior,Python,Low,12,5,1,24,4,14,True,2,True,3.95,2,1,1,1,6.1922404
Design Review,High,Senior,Other,Critical,7,3,1,14,5,14,True,3,False,4.91666667,0,1,2,0,2.62993347
Refactoring,High,Mid,C++,Critical,6,3,0,12,5,9,False,3,False,2.91666667,2,0,1,0,2.40733387
Design Review,Low,Mid,JavaScript,Low,9,2,2,18,7,17,False,0,False,1.5,2,0,0,0,3.99135
Client Meeting,High,Mid,JavaScript,Low,6,3,1,12,6,16,True,1,False,4.91666667,0,1,2,0,2.79137994
Design Review,Medium,Tech Lead,Python,Low,9,3,1,18,10,9,False,0,False,5.0,1,0,1,1,3.22575
Design Review,Medium,Tech Lead,Python,Low,12,5,0,24,7,16,False,0,False,3.95,2,1,1,1,4.383984
Testing,High,Junior,Python,Critical,2,2,0,4,4,13,True,0,False,4.5,0,1,1,0,0.69690862
Code Review,High,Senior,Java,Critical,12,4,2,24,1,17,False,0,False,3.875,0,3,1,0,4.34872219
Code Review,Medium,Mid,Java,Medium,8,3,0,16,4,16,True,3,False,2.08333333,2,1,0,0,3.6596875
Documentation,Medium,Senior,Go,Medium,1,3,2,2,9,14,True,3,False,2.66666667,1,2,0,0,1.015
Deployment,Medium,Senior,Python,Critical,9,4,3,18,9,10,True,3,True,3.0625,3,0,0,1,3.8415494
Feature Dev,Medium,Tech Lead,Python,Medium,8,5,2,16,4,17,False,0,False,3.95,2,1,1,1,2.90605
Documentation,Medium,Senior,Other,High,5,5,0,10,7,10,True,0,False,2.55,2,3,0,0,1.838025
Client Meeting,High,Mid,JavaScript,Low,2,2,0,4,2,17,False,3,False,3.625,1,0,1,0,1.19597363
Client Meeting,High,Tech Lead,C++,Low,7,2,1,14,3,13,False,3,True,3.25,0,2,0,0,4.16315625
Deployment,Low,Mid,Go,Medium,13,4,1,26,3,10,False,2,False,1.9375,3,1,0,0,5.04571875
Bug Fix,High,Senior,Other,Medium,8,4,1,16,2,12,True,2,False,4.0625,1,1,2,0,3.56741897
Client Meeting,High,Tech Lead,Other,High,5,5,3,10,2,11,False,0,False,3.55,2,1,2,0,2.14619625
Documentation,Medium,Junior,Java,Medium,2,3,2,4,1,16,False,2,True,4.75,0,2,0,1,1.17170625
Refactoring,Low,Tech Lead,Python,Medium,2,4,1,4,2,11,False,3,True,2.375,2,2,0,0,1.26286875
Documentation,Medium,Mid,C++,Low,10,2,2,20,10,10,False,0,True,2.375,1,1,0,0,5.10544375
Feature Dev,Low,Senior,Java,Medium,8,4,1,16,1,14,False,2,False,3.0625,3,0,0,1,2.90548594
Bug Fix,Low,Senior,Python,Critical,11,3,3,22,2,9,False,1,False,4.16666667,1,1,0,1,3.24729396
Testing,Medium,Senior,JavaScript,High,11,3,1,22,1,12,True,3,False,2.66666667,1,2,0,0,4.430475
Bug Fix,Low,Senior,Other,High,2,3,1,4,2,11,True,0,True,2.66666667,1,2,0,0,0.8742195
Design Review,Medium,Mid,Python,High,1,3,1,2,4,12,True,3,False,4.16666667,1,1,0,1,0.68041969
Bug Fix,High,Senior,Other,High,5,4,0,10,10,14,False,1,False,3.0,2,1,1,0,1.99044
Documentation,High,Senior,Java,Critical,13,3,2,26,1,12,False,0,False,3.5,1,1,1,0,4.7895205
Bug Fix,Medium,Tech Lead,Python,Medium,13,2,3,26,8,12,False,3,False,5.75,0,0,2,0,4.75405
Refactoring,Low,Senior,Go,High,6,5,0,12,1,10,True,2,False,1.85,4,1,0,0,2.2469265
Documentation,High,Senior,Other,Critical,6,4,3,12,3,9,False,2,False,4.5625,1,1,1,1,2.32495931
Feature Dev,High,Tech Lead,C++,Low,6,5,1,12,8,11,False,1,False,3.9,1,2,2,0,2.8166677
Feature Dev,High,Junior,C++,Medium,13,3,1,26,2,9,True,3,False,2.08333333,2,1,0,0,6.72336875
Deployment,Low,Mid,C++,Low,2,3,2,4,3,18,False,1,False,2.08333333,2,1,0,0,1.22686667
Feature Dev,Medium,Junior,Python,Low,6,4,3,12,5,10,False,0,True,3.0,2,1,1,0,3.17779275
Refactoring,High,Junior,JavaScript,Medium,7,5,2,14,10,18,False,1,False,4.45,2,0,2,1,2.8271295
Bug Fix,Medium,Mid,Python,Low,7,5,0,14,6,17,True,2,False,3.2,3,0,2,0,3.061674
Deployment,Low,Tech Lead,Python,High,1,4,2,2,3,16,False,1,False,2.8125,1,3,0,0,0.6562125
Feature Dev,Medium,Junior,C++,Medium,3,5,0,6,2,11,False,1,True,4.3,1,2,1,1,1.164306
Documentation,Medium,Senior,Java,Low,11,5,2,22,5,18,True,2,False,3.45,2,2,0,1,4.98672694
Testing,High,Junior,JavaScript,High,10,4,3,20,1,10,True,3,False,4.125,2,0,1,1,4.15709044
Client Meeting,Medium,Junior,Python,Low,2,4,0,4,10,11,False,3,False,4.125,2,0,1,1,0.9949225
Refactoring,Low,Tech Lead,Go,Critical,10,3,1,20,7,17,False,0,False,1.5,3,0,0,0,3.2671875
Documentation,Medium,Junior,Java,Medium,4,2,0,8,5,13,False,1,False,3.25,0,2,0,0,1.59375
Refactoring,High,Senior,Other,Medium,11,2,2,22,9,17,True,1,True,1.5,2,0,0,0,6.4639575
Bug Fix,High,Mid,C++,High,4,2,0,8,10,10,True,0,False,3.625,1,0,1,0,1.54959682
Deployment,Medium,Mid,Python,Medium,8,4,0,16,10,12,False,0,False,4.5625,1,1,1,1,2.5668
Bug Fix,High,Tech Lead,Go,High,3,4,3,6,10,9,False,3,False,3.25,0,4,0,0,1.7971875
Client Meeting,High,Junior,JavaScript,Medium,7,4,1,14,3,9,True,2,False,3.4375,1,2,1,0,3.37470427
Code Review,High,Tech Lead,C++,Low,5,3,3,10,10,13,False,1,False,4.91666667,0,1,2,0,2.51714375
Deployment,High,Junior,Java,High,4,2,3,8,8,13,False,3,False,3.25,0,2,0,0,2.1853125
Documentation,High,Junior,Other,Critical,5,5,3,10,7,10,False,3,False,3.45,2,2,0,1,2.28431656
Client Meeting,Medium,Mid,Other,Low,13,2,2,26,5,13,True,0,False,1.5,2,0,0,0,6.5113125
Refactoring,High,Senior,Python,High,13,4,2,26,1,12,True,1,False,3.5,2,1,0,1,5.29807163
Documentation,Medium,Senior,C++,Critical,3,5,3,6,5,11,False,1,True,2.35,4,0,1,0,1.55938716
Code Review,Low,Senior,Go,High,11,4,0,22,10,10,False,3,False,2.375,2,2,0,0,3.7621125
Design Review,High,Tech Lead,Python,Low,11,5,0,22,9,13,True,1,False,3.4,1,3,1,0,5.37633558
Testing,Low,Junior,Go,Medium,10,5,1,20,4,16,False,2,False,3.1,3,1,0,1,3.5461125
Deployment,High,Tech Lead,Python,High,10,2,2,20,2,14,True,2,False,2.375,1,1,0,0,4.72913438
Design Review,High,Senior,Java,High,3,4,2,6,7,11,True,1,False,4.0625,1,1,2,0,1.41811543
Refactoring,Medium,Tech Lead,Java,High,11,3,3,22,5,18,False,1,False,4.08333333,0,2,1,0,3.87120938
Refactoring,High,Senior,Java,Medium,10,5,0,20,7,17,False,1,False,3.05,2,2,1,0,4.3196525
Bug Fix,Medium,Tech Lead,Java,Medium,12,5,0,24,6,16,False,3,True,3.95,2,1,1,1,4.657983
Testing,High,Tech Lead,C++,Low,6,4,2,12,8,10,False,3,True,4.5625,1,1,1,1,3.2611194
Design Review,High,Tech Lead,C++,Critical,5,4,0,10,3,12,True,3,False,4.0625,1,1,2,0,1.95632653
Documentation,High,Tech Lead,Other,Medium,8,2,1,16,4,18,True,1,False,4.5,0,1,1,0,3.50236688
Code Review,High,Senior,Go,Medium,4,2,0,8,8,15,False,0,True,2.375,1,1,0,0,1.98605
Feature Dev,Medium,Mid,C++,Medium,1,2,2,2,4,17,True,3,True,1.5,2,0,0,0,1.183875
Client Meeting,Medium,Mid,Go,High,5,5,3,10,1,11,True,3,True,1.85,4,1,0,0,2.88006469
Documentation,Medium,Mid,JavaScript,Medium,12,5,1,24,1,12,True,0,False,2.7,3,1,1,0,4.86511988
Bug Fix,Medium,Tech Lead,Go,Medium,9,3,2,18,4,17,False,3,False,2.08333333,2,1,0,0,4.1825
Code Review,Low,Tech Lead,Python,High,6,2,1,12,6,15,False,3,False,2.375,1,1,0,0,2.30495625
Code Review,Medium,Mid,Java,High,10,4,1,20,10,9,False,0,True,3.4375,1,2,1,0,3.69880552
Bug Fix,Medium,Senior,Java,Critical,12,5,1,24,9,16,True,3,False,3.4,1,3,1,0,4.22690231
Design Review,High,Mid,Other,Low,1,4,3,2,8,9,True,3,True,3.0,2,1,1,0,1.41662656
Refactoring,High,Mid,Java,Low,13,3,2,26,5,16,True,2,False,5.58333333,0,1,1,1,5.8528008
Testing,Low,Junior,C++,Low,2,2,2,4,9,17,False,0,False,1.5,2,0,0,0,1.15005
Refactoring,High,Tech Lead,Go,High,9,3,3,18,9,13,False,3,False,5.0,1,0,1,1,3.441582
Refactoring,Medium,Junior,Other,Critical,6,3,1,12,6,17,True,0,False,3.5,1,1,1,0,2.04202884
Bug Fix,Medium,Mid,Python,High,8,3,0,16,10,11,False,1,False,4.75,0,2,0,1,2.43354375
Documentation,High,Tech Lead,Other,High,8,2,1,16,8,12,True,1,False,1.5,2,0,0,0,3.80669625
Code Review,High,Mid,JavaScript,Low,8,3,1,16,5,18,False,2,False,4.16666667,1,1,0,1,3.75512042
Documentation,Low,Mid,Go,Medium,3,2,0,6,10,17,False,3,False,1.5,2,0,0,0,1.4145
Documentation,Medium,Junior,C++,Critical,1,5,2,2,5,11,True,2,False,2.55,2,3,0,0,0.78116062
Client Meeting,Medium,Tech Lead,Go,High,9,2,2,18,9,12,False,0,False,3.625,1,0,1,0,3.12806813
Refactoring,Low,Tech Lead,C++,Critical,4,4,2,8,9,16,True,3,True,1.9375,3,1,0,0,2.00902866
Deployment,High,Tech Lead,Other,Critical,9,3,3,18,9,11,True,0,False,4.08333333,0,2,1,0,3.55975299
Testing,Low,Tech Lead,Java,Critical,2,3,0,4,5,14,True,0,False,2.08333333,2,1,0,0,0.6399225
Code Review,Medium,Tech Lead,Python,Low,6,3,1,12,9,12,False,1,False,2.08333333,2,1,0,0,2.90285417
Testing,Medium,Senior,JavaScript,Medium,12,3,3,24,5,18,False,2,False,4.33333333,1,0,2,0,4.52531667
Bug Fix,High,Mid,Go,High,1,2,2,2,7,14,False,1,True,2.375,1,1,0,0,0.83543625
Code Review,Medium,Senior,JavaScript,High,8,5,0,16,3,11,True,1,True,3.4,1,3,1,0,3.09451874
Testing,Low,Tech Lead,Other,High,13,3,0,26,1,18,True,2,False,2.08333333,2,1,0,0,4.592385
Documentation,Medium,Mid,Go,Medium,8,5,3,16,3,11,False,1,False,4.3,1,2,1,1,3.05325
Client Meeting,Medium,Mid,Other,High,3,4,3,6,3,18,False,1,False,1.9375,3,1,0,0,1.57992188
Testing,High,Tech Lead,JavaScript,Low,5,4,0,10,8,10,False,2,False,3.0,2,1,1,0,2.534125
Documentation,Medium,Tech Lead,Java,Medium,8,3,1,16,2,14,False,1,False,2.66666667,1,2,0,0,3.335
Design Review,Medium,Mid,Other,Critical,13,3,3,26,6,9,False,1,False,2.66666667,1,2,0,0,4.72458333
Testing,High,Junior,Other,Medium,10,3,2,20,7,12,True,3,False,2.08333333,2,1,0,0,5.43725
Deployment,High,Senior,Go,Critical,12,5,3,24,8,17,False,0,False,3.4,1,3,1,0,4.57770645
Feature Dev,Medium,Tech Lead,Java,Low,10,4,3,20,7,9,True,2,False,3.25,0,4,0,0,5.03507813
Feature Dev,High,Junior,Java,Low,13,4,3,26,4,13,False,3,False,4.5625,1,1,1,1,5.93813138
Code Review,High,Mid,Other,Low,11,5,0,22,3,17,True,0,False,3.95,2,1,1,1,4.85252229
Refactoring,Low,Tech Lead,C++,Low,12,2,3,24,6,18,True,2,False,2.375,1,1,0,0,5.63271844
Code Review,High,Junior,C++,Medium,9,2,1,18,10,10,False,3,True,2.375,1,1,0,0,4.95433125
Feature Dev,High,Senior,Go,Medium,12,2,1,24,2,15,True,2,False,4.5,0,1,1,0,5.23127063
Deployment,Medium,Junior,Python,High,3,2,1,6,10,17,False,3,False,2.375,1,1,0,0,1.45715625
Feature Dev,High,Senior,Other,High,10,3,0,20,10,12,False,2,True,3.58333333,2,0,0,1,4.15701
Bug Fix,Low,Tech Lead,JavaScript,Low,11,5,3,22,1,9,False,0,True,1.85,4,1,0,0,5.37612075
Client Meeting,Medium,Junior,Other,Low,11,4,1,22,7,17,True,2,False,3.5,2,1,0,1,4.82104219
Documentation,Medium,Junior,JavaScript,Low,9,5,3,18,9,17,True,3,False,1.85,4,1,0,0,5.06193188
Feature Dev,Medium,Tech Lead,Other,High,5,2,1,10,8,10,False,3,True,3.25,0,2,0,0,2.27390625
Deployment,Medium,Junior,C++,Medium,6,4,0,12,8,14,False,3,True,4.5625,1,1,1,1,2.38231125
Design Review,Medium,Mid,Other,Low,11,4,3,22,1,14,False,3,False,2.5625,3,0,1,0,5.34050172
Design Review,High,Junior,JavaScript,High,6,5,2,12,1,12,False,1,False,3.95,2,1,1,1,2.3613732
Bug Fix,High,Mid,Other,Critical,10,2,1,20,9,10,True,3,False,2.375,1,1,0,0,4.42261641
Design Review,Medium,Tech Lead,C++,High,4,4,0,8,5,17,False,3,True,4.5625,1,1,1,1,1.50879713
Documentation,High,Senior,Go,High,3,3,2,6,8,9,True,1,True,2.08333333,2,1,0,0,1.84260038
Deployment,Low,Senior,C++,Critical,8,3,0,16,2,9,True,0,True,4.16666667,1,1,0,1,2.3950773
Testing,High,Tech Lead,Go,Low,13,2,1,26,10,11,False,0,False,3.625,1,0,1,0,6.00927731
Design Review,High,Junior,Other,Low,5,5,1,10,3,10,False,2,False,4.45,2,0,2,1,2.27654213
Refactoring,Medium,Tech Lead,C++,Low,5,4,1,10,8,16,False,3,False,3.5,2,1,0,1,2.36823125
Testing,High,Mid,JavaScript,High,2,2,1,4,3,18,False,3,False,3.25,0,2,0,0,1.1559375
Refactoring,Medium,Tech Lead,Java,Critical,10,2,2,20,3,10,False,0,True,1.5,2,0,0,0,4.1210125
Refactoring,High,Senior,Java,Critical,12,2,3,24,9,9,False,3,False,2.375,1,1,0,0,5.22957188
Refactoring,Low,Mid,Java,Critical,10,3,3,20,4,13,False,3,False,2.08333333,2,1,0,0,3.68209375
Feature Dev,Medium,Junior,Other,High,2,3,2,4,8,14,True,3,False,4.08333333,0,2,1,0,1.14963188
Refactoring,Low,Tech Lead,Python,High,12,2,3,24,9,12,True,2,False,2.375,1,1,0,0,4.60858781
Documentation,High,Tech Lead,Java,High,6,2,2,12,2,18,False,0,False,4.5,0,1,1,0,2.3374575
Design Review,Medium,Junior,JavaScript,Critical,7,3,3,14,3,11,False,2,False,4.16666667,1,1,0,1,2.48407187
Client Meeting,High,Tech Lead,Java,Critical,3,4,1,6,7,17,True,0,False,3.0,2,1,1,0,1.25833129
Design Review,Medium,Junior,C++,High,6,2,2,12,5,10,True,3,False,3.625,1,0,1,0,2.52651656
Design Review,Medium,Senior,Java,Low,7,5,0,14,6,16,False,2,False,4.8,1,1,2,1,2.52582
Client Meeting,High,Senior,Go,Critical,6,2,2,12,10,10,False,2,False,4.5,0,1,1,0,2.35188625
Documentation,Medium,Mid,Go,High,13,5,3,26,1,10,False,2,False,3.45,2,2,0,1,4.63912312
Refactoring,High,Mid,Other,Low,11,3,3,22,10,13,False,3,True,3.25,0,3,0,0,6.59071875
Design Review,High,Junior,JavaScript,Medium,5,2,2,10,9,15,True,0,False,1.5,2,0,0,0,2.79825
Code Review,Medium,Mid,Other,Low,7,3,1,14,9,10,False,3,True,2.91666667,2,0,1,0,3.6396926
Deployment,Medium,Senior,C++,Medium,6,5,2,12,10,17,True,2,True,3.95,2,1,1,1,2.78108985
Refactoring,High,Mid,Go,Low,2,3,1,4,9,13,False,2,False,4.08333333,0,2,1,0,1.21393479
Documentation,High,Mid,Python,Medium,1,3,3,2,5,15,False,3,True,3.5,1,1,1,0,1.19423975
Feature Dev,Low,Tech Lead,Go,Low,10,2,3,20,7,16,True,0,False,1.5,2,0,0,0,4.79469375
Code Review,Medium,Senior,Go,High,11,3,3,22,3,14,False,1,False,2.66666667,1,2,0,0,4.3065
Feature Dev,Low,Tech Lead,Other,Medium,12,5,0,24,2,17,True,1,True,2.55,2,3,0,0,4.96470975
Design Review,High,Mid,Java,High,9,3,3,18,9,14,False,3,False,2.91666667,2,0,1,0,4.07330887
Testing,Medium,Senior,C++,Medium,9,2,2,18,2,17,True,0,True,4.5,0,1,1,0,3.82319438
Design Review,Medium,Junior,Python,Medium,13,3,0,26,9,13,False,3,False,5.58333333,0,1,1,1,4.301
Deployment,Medium,Tech Lead,Java,High,2,5,0,4,4,13,True,1,False,2.7,3,1,1,0,0.79611053
Feature Dev,High,Mid,Go,Low,3,3,0,6,10,14,False,2,False,5.58333333,0,1,1,1,1.359116
Code Review,Low,Senior,Python,Medium,2,2,1,4,10,14,False,2,False,1.5,2,0,0,0,1.09675
Client Meeting,Medium,Tech Lead,Go,Medium,11,5,1,22,1,15,False,0,False,2.2,3,2,0,0,4.5045
Deployment,Medium,Senior,C++,Critical,2,3,2,4,3,16,False,2,False,1.5,3,0,0,0,1.132625
Refactoring,Low,Junior,Python,Medium,5,5,3,10,1,9,True,0,False,2.55,2,3,0,0,2.29753125
Client Meeting,Medium,Junior,C++,Low,13,5,3,26,10,11,True,0,False,3.8,1,3,0,1,5.64151088
Testing,Medium,Tech Lead,Java,Critical,6,3,0,12,4,11,False,0,False,2.08333333,2,1,0,0,2.0315
Feature Dev,High,Tech Lead,JavaScript,Medium,9,2,3,18,8,9,False,0,False,2.375,1,1,0,0,4.5039375
Design Review,High,Mid,C++,High,5,3,3,10,3,10,True,1,False,2.08333333,2,1,0,0,2.68202813
Client Meeting,High,Tech Lead,Go,Critical,11,3,3,22,8,18,False,2,False,2.08333333,2,1,0,0,4.83327708
Deployment,High,Junior,JavaScript,Critical,10,3,0,20,7,13,False,3,False,3.5,1,1,1,0,3.73704625
Documentation,Medium,Mid,Java,Medium,10,2,1,20,7,14,False,3,False,2.375,1,1,0,0,4.3665625
Feature Dev,Medium,Senior,Go,Low,9,5,3,18,7,11,True,0,False,1.85,4,1,0,0,4.71283313
Bug Fix,Medium,Senior,JavaScript,Medium,3,5,1,6,2,10,True,1,True,3.05,2,2,1,0,1.53922086
Design Review,High,Junior,Python,Medium,4,2,3,8,10,12,False,1,False,3.625,1,0,1,0,2.12993813
Documentation,High,Junior,JavaScript,Critical,2,4,0,4,4,17,True,2,False,2.375,2,2,0,0,0.9808575
Code Review,Medium,Junior,JavaScript,Medium,6,4,2,12,3,10,False,3,False,3.0,2,1,1,0,2.7645
Testing,Medium,Tech Lead,Go,Low,8,5,1,16,7,10,True,1,False,2.7,3,1,1,0,3.72992524
Design Review,Medium,Senior,Python,Medium,9,4,1,18,9,14,False,1,False,4.5625,1,1,1,1,3.08818125
Deployment,High,Mid,Other,High,7,2,0,14,1,16,True,1,False,2.375,1,1,0,0,3.07857375
Bug Fix,Low,Tech Lead,C++,Critical,6,3,3,12,7,9,True,0,False,2.08333333,2,1,0,0,2.31971906
Deployment,Low,Senior,Go,Medium,12,2,3,24,1,15,False,0,False,1.5,2,0,0,0,4.88925
Bug Fix,Medium,Senior,JavaScript,Medium,4,4,0,8,2,11,True,1,False,5.1875,1,0,2,1,1.3503525
Design Review,High,Senior,Python,Critical,12,3,0,24,2,12,False,3,False,2.91666667,2,0,1,0,4.57865462
Refactoring,Medium,Mid,JavaScript,Critical,12,3,0,24,5,16,True,1,True,1.5,3,0,0,0,4.93083938
Client Meeting,Low,Senior,C++,Critical,8,3,0,16,10,17,True,3,False,3.25,0,3,0,0,2.66076563
Feature Dev,Medium,Mid,C++,Low,3,3,3,6,9,10,True,1,False,4.16666667,1,1,0,1,1.71216719
Bug Fix,Medium,Tech Lead,C++,Medium,6,2,1,12,4,17,True,1,False,2.375,1,1,0,0,2.73032813
Client Meeting,High,Mid,C++,Medium,5,2,1,10,5,16,False,3,False,3.625,1,0,1,0,2.45076563
Feature Dev,Medium,Mid,JavaScript,High,7,5,3,14,6,10,True,0,True,4.3,1,2,1,1,2.75067293
Refactoring,Low,Senior,Python,Low,9,4,0,18,10,15,False,0,True,2.8125,1,3,0,0,3.76113375
Client Meeting,Medium,Senior,Go,Medium,8,3,1,16,1,15,True,1,False,2.08333333,2,1,0,0,3.60740625
Refactoring,Medium,Mid,C++,Low,12,5,3,24,10,9,False,1,False,4.8,1,1,2,1,4.504379
Testing,Medium,Junior,Go,Critical,1,4,3,2,4,10,False,1,False,2.5625,3,0,1,0,0.76124539
Client Meeting,Medium,Mid,C++,Critical,12,4,0,24,9,18,False,0,False,2.5625,3,0,1,0,3.8462925
Testing,High,Junior,Other,Low,12,2,0,24,7,9,False,1,False,2.375,1,1,0,0,6.0660875
Design Review,Low,Senior,JavaScript,Critical,2,2,0,4,6,14,False,2,False,3.25,0,2,0,0,0.733125
Code Review,Low,Tech Lead,C++,Low,4,3,2,8,2,13,False,2,False,2.66666667,1,2,0,0,2.06286667
Feature Dev,Low,Mid,JavaScript,Low,3,5,2,6,6,14,False,0,False,3.1,3,1,0,1,1.3627845
Deployment,High,Mid,Java,Medium,1,3,3,2,4,17,True,1,False,3.58333333,2,0,0,1,0.92771656
Deployment,Low,Senior,C++,Critical,7,3,3,14,1,12,True,1,False,2.08333333,2,1,0,0,2.72855844
Deployment,Medium,Mid,C++,Critical,9,4,2,18,9,14,True,0,False,3.0,2,1,1,0,3.20751113
Testing,Medium,Mid,Java,High,3,4,1,6,5,9,True,2,False,3.625,2,0,2,0,1.26499472
Feature Dev,High,Mid,Go,High,13,3,3,26,10,14,False,2,False,2.91666667,2,0,1,0,5.52270712
Deployment,High,Senior,Other,High,5,4,3,10,7,17,False,2,False,3.5,2,1,0,1,2.33308125
Documentation,High,Mid,JavaScript,Medium,4,3,0,8,5,18,True,3,True,2.66666667,1,2,0,0,2.38931
Feature Dev,Medium,Junior,Python,Low,13,3,2,26,9,9,True,1,True,4.16666667,1,1,0,1,6.0268285
Refactoring,Low,Senior,C++,Critical,8,4,1,16,6,17,True,1,False,2.375,2,2,0,0,2.74114641
Feature Dev,Medium,Senior,C++,High,11,5,2,22,9,17,False,3,False,3.4,1,3,1,0,4.05945
Feature Dev,Low,Mid,Go,Critical,12,3,3,24,2,10,False,0,False,2.08333333,2,1,0,0,4.03760625
Design Review,High,Tech Lead,C++,Medium,8,3,3,16,7,16,True,0,False,3.5,1,1,1,0,3.89092462
Testing,Medium,Junior,Other,Low,4,5,2,8,5,10,True,3,False,3.05,2,2,1,0,2.33536958
Testing,Low,Tech Lead,Go,Medium,7,2,0,14,6,15,True,3,False,2.375,1,1,0,0,2.90548125
Feature Dev,High,Junior,C++,High,7,3,1,14,4,15,False,1,True,2.91666667,2,0,1,0,3.17951329
Design Review,High,Junior,Other,High,13,4,3,26,10,13,False,3,False,4.0625,1,1,2,0,5.10642956
Deployment,High,Tech Lead,JavaScript,Critical,3,2,2,6,6,14,True,2,False,1.5,2,0,0,0,1.7198475
Client Meeting,Medium,Mid,Go,Low,5,2,0,10,10,10,True,1,False,3.625,1,0,1,0,2.16157528
Code Review,Low,Senior,Python,Medium,8,3,0,16,10,16,False,1,False,2.08333333,2,1,0,0,2.96758333
Testing,High,Mid,Go,Critical,7,2,1,14,8,17,False,1,False,1.5,2,0,0,0,3.0232375
Bug Fix,Medium,Senior,JavaScript,Low,13,2,0,26,1,11,False,1,True,3.25,0,2,0,0,6.0121875
Testing,Medium,Senior,Python,Medium,11,4,2,22,10,11,True,0,False,3.4375,1,2,1,0,4.44288797
Design Review,Medium,Tech Lead,Python,Medium,4,3,3,8,10,15,True,2,False,3.5,1,1,1,0,2.11975313
Bug Fix,Medium,Junior,Python,High,2,3,3,4,1,12,True,0,False,3.5,1,1,1,0,1.05987656
Refactoring,High,Mid,C++,High,5,2,1,10,5,18,True,2,False,3.625,1,0,1,0,2.2317563
Bug Fix,High,Tech Lead,Java,Low,2,2,1,4,6,10,True,3,True,2.375,1,1,0,0,1.70794903
Feature Dev,Medium,Senior,Other,Low,13,4,0,26,2,9,False,1,False,3.625,2,0,2,0,5.03493375
Documentation,High,Senior,Other,Low,7,3,1,14,8,11,False,0,True,4.91666667,0,1,2,0,3.27405329
Refactoring,Low,Tech Lead,C++,Medium,10,2,0,20,10,9,False,2,False,2.375,1,1,0,0,3.72875
Client Meeting,Low,Mid,Java,Critical,12,2,3,24,7,15,False,0,False,3.25,0,2,0,0,3.80109375
Client Meeting,High,Senior,Java,Critical,10,3,3,20,2,16,False,2,False,3.5,1,1,1,0,4.00397813
Refactoring,Medium,Tech Lead,Python,Low,11,3,1,22,10,13,False,0,False,3.5,1,1,1,0,4.49073625
Code Review,Low,Tech Lead,Go,Medium,3,5,3,6,10,13,True,0,True,2.55,2,3,0,0,1.71855338
Code Review,Medium,Senior,Python,Medium,13,4,3,26,8,11,False,1,False,1.9375,3,1,0,0,5.76796875
Client Meeting,High,Senior,JavaScript,High,8,2,3,16,8,15,False,3,True,5.75,0,0,2,0,3.5041743
Feature Dev,High,Tech Lead,Other,Medium,7,2,1,14,3,13,False,1,False,3.625,1,0,1,0,3.09242062
Refactoring,Medium,Tech Lead,Java,Medium,13,5,3,26,2,10,False,1,False,1.85,4,1,0,0,5.793125
Refactoring,High,Tech Lead,JavaScript,Medium,8,2,3,16,5,13,True,2,True,1.5,2,0,0,0,5.12617875
Testing,Medium,Senior,C++,Medium,4,3,2,8,9,14,False,1,False,2.91666667,2,0,1,0,1.85108333
Code Review,Medium,Junior,Other,High,4,4,0,8,1,9,False,2,False,3.0625,3,0,0,1,1.45724063
Bug Fix,Medium,Mid,Java,Low,8,4,2,16,10,15,False,0,False,1.9375,3,1,0,0,3.86203125
Testing,Medium,Mid,Java,Medium,11,2,3,22,7,13,False,0,False,3.625,1,0,1,0,4.32225938
Bug Fix,Medium,Tech Lead,Java,Medium,1,3,0,2,3,12,True,0,True,2.91666667,2,0,1,0,0.5
Deployment,Medium,Tech Lead,C++,Critical,7,3,2,14,6,15,False,3,False,1.5,3,0,0,0,2.96225
Code Review,High,Mid,C++,Critical,6,4,2,12,7,9,False,0,False,3.625,2,0,2,0,2.24628862
Bug Fix,High,Tech Lead,Java,Critical,6,3,3,12,4,11,True,0,False,5.58333333,0,1,1,1,2.24037135
Code Review,Medium,Mid,Other,Medium,11,2,1,22,10,9,True,1,True,2.375,1,1,0,0,5.27004844
Design Review,Low,Mid,JavaScript,Low,13,4,3,26,1,11,False,0,True,3.9375,1,2,0,1,5.32566942
Deployment,High,Senior,C++,Medium,7,4,1,14,7,11,True,2,False,2.8125,1,3,0,0,3.59621719
Feature Dev,Medium,Tech Lead,Python,Critical,3,4,2,6,2,18,True,3,True,3.0,2,1,1,0,1.62842873
Documentation,High,Tech Lead,C++,Low,1,2,2,2,2,16,True,2,False,3.625,1,0,1,0,0.9881487
Client Meeting,High,Mid,JavaScript,Critical,12,5,2,24,6,16,False,1,False,3.05,2,2,1,0,4.6247854
Client Meeting,Low,Junior,Java,Medium,8,3,0,16,4,10,True,1,False,2.08333333,2,1,0,0,3.1159625
Client Meeting,Low,Tech Lead,Python,Critical,4,3,2,8,9,13,False,0,True,2.66666667,1,2,0,0,1.57267
Refactoring,Low,Tech Lead,Python,Critical,10,3,3,20,9,13,False,1,False,1.5,3,0,0,0,3.6156875
Documentation,Low,Mid,Go,Low,9,5,0,18,3,11,False,0,True,3.1,3,1,0,1,3.5195391
Deployment,Low,Mid,Python,Medium,12,5,0,24,6,15,False,2,False,3.45,2,2,0,1,3.982685
Bug Fix,High,Junior,Go,Critical,7,4,2,14,9,12,False,2,False,5.1875,1,0,2,1,2.392053
Client Meeting,Low,Mid,Other,Critical,6,4,3,12,4,15,True,2,False,1.5,4,0,0,0,2.57062313
Bug Fix,Medium,Senior,JavaScript,Critical,11,4,0,22,2,12,True,2,False,2.5625,3,0,1,0,3.87033183
Bug Fix,Medium,Mid,Python,Critical,1,3,2,2,8,9,False,2,True,5.58333333,0,1,1,1,0.658053
Testing,Medium,Junior,JavaScript,Critical,13,5,0,26,3,13,True,0,False,2.35,4,0,1,0,4.42298902
Feature Dev,High,Junior,Other,Medium,10,3,3,20,4,13,False,0,False,4.33333333,1,0,2,0,4.19318333
Design Review,Medium,Junior,Other,Low,13,5,1,26,4,17,False,2,False,3.6,3,0,1,1,5.167272
Design Review,Low,Mid,Go,Critical,2,2,0,4,1,16,False,2,False,2.375,1,1,0,0,0.7673375
Documentation,Medium,Junior,Go,Medium,9,5,0,18,2,18,False,3,True,3.2,3,0,2,0,3.790644
Feature Dev,Medium,Mid,Java,Medium,8,2,1,16,5,10,False,3,False,3.625,1,0,1,0,3.25283438
Feature Dev,High,Tech Lead,C++,Medium,4,3,1,8,7,13,False,3,False,4.16666667,1,1,0,1,1.93982083
Deployment,High,Tech Lead,C++,Medium,9,5,0,18,1,12,True,1,True,3.95,2,1,1,1,4.06614516
Feature Dev,Medium,Junior,Python,Medium,3,3,1,6,8,15,False,2,False,5.58333333,0,1,1,1,1.2121
Testing,High,Tech Lead,Python,Medium,2,3,0,4,3,9,True,3,False,2.08333333,2,1,0,0,1.2756625
Bug Fix,Medium,Mid,Java,Low,7,5,1,14,7,10,False,3,False,2.2,3,2,0,0,3.53925
Testing,Low,Mid,Python,Low,10,2,1,20,3,15,True,3,False,1.5,2,0,0,0,4.79469375
Code Review,Medium,Junior,C++,Critical,11,4,3,22,6,13,False,0,True,3.0625,3,0,0,1,4.07914934
Documentation,Medium,Mid,C++,Low,11,5,0,22,3,15,False,1,False,2.35,4,0,1,0,4.71747375
Bug Fix,Medium,Junior,C++,Low,1,2,3,2,5,10,True,0,False,2.375,1,1,0,0,0.96334219
Client Meeting,High,Senior,Java,Low,3,5,1,6,7,18,False,0,True,2.55,2,3,0,0,1.80038925
Design Review,Medium,Junior,Python,Low,5,2,0,10,5,10,True,2,True,3.25,0,2,0,0,2.62040625
Code Review,Low,Tech Lead,Java,Medium,11,2,2,22,8,13,False,0,False,3.25,0,2,0,0,3.99375
Testing,Medium,Mid,Java,Low,11,5,1,22,1,16,False,0,False,3.05,2,2,1,0,4.59997038
Documentation,Medium,Senior,Python,Medium,11,3,3,22,2,14,True,2,True,2.08333333,2,1,0,0,5.80844688
Client Meeting,Medium,Mid,JavaScript,High,9,4,3,18,10,9,False,0,False,4.5625,1,1,1,1,2.92374563
Testing,Medium,Junior,Java,Low,4,3,0,8,2,18,True,3,False,3.58333333,2,0,0,1,1.91973031
Deployment,Low,Junior,Other,High,2,3,2,4,2,15,False,0,False,2.66666667,1,2,0,0,0.8874
Client Meeting,Medium,Mid,Java,Critical,2,2,2,4,3,9,False,3,False,3.25,0,2,0,0,1.115625
Bug Fix,High,Mid,Go,High,11,3,0,22,7,11,True,0,False,3.5,1,1,1,0,4.29038033
Design Review,Low,Tech Lead,Other,Medium,12,3,3,24,3,15,True,2,False,4.16666667,1,1,0,1,4.42050437
Code Review,Medium,Senior,Python,Low,12,2,1,24,5,12,False,0,True,3.625,1,0,1,0,5.33776753
Design Review,Medium,Senior,Java,Medium,12,2,2,24,6,16,False,1,True,2.375,1,1,0,0,5.61275
Documentation,Low,Senior,Java,Low,10,3,1,20,7,9,True,0,False,1.5,3,0,0,0,4.43953125
Documentation,Medium,Junior,Python,Low,2,3,3,4,8,12,False,2,False,2.08333333,2,1,0,0,1.58835417
Deployment,Medium,Mid,Python,High,6,2,0,12,6,16,False,3,False,1.5,2,0,0,0,2.49075
Design Review,Medium,Mid,Other,High,9,2,3,18,8,12,True,0,False,2.375,1,1,0,0,3.75548906
Feature Dev,Low,Mid,C++,Critical,7,3,0,14,9,13,False,0,False,2.08333333,2,1,0,0,2.133075
Feature Dev,Medium,Tech Lead,C++,Low,12,3,3,24,7,12,False,0,True,2.08333333,2,1,0,0,6.32603125
Design Review,Medium,Junior,Java,Medium,2,5,1,4,8,10,False,2,False,5.15,0,2,2,1,0.869975
Feature Dev,High,Mid,C++,Critical,5,2,1,10,5,10,False,1,True,5.75,0,0,2,0,1.90501575
Design Review,High,Tech Lead,C++,Critical,12,3,1,24,8,11,False,0,False,2.66666667,1,2,0,0,4.65885
Refactoring,High,Mid,Other,Critical,10,4,3,20,5,15,True,3,False,2.375,2,2,0,0,4.68534609
Documentation,Low,Junior,Java,Medium,2,2,0,4,2,11,True,0,False,2.375,1,1,0,0,0.741825
Documentation,High,Senior,Python,High,1,4,1,2,9,15,True,0,False,4.5625,1,1,1,1,0.5
Refactoring,Low,Junior,Python,High,8,3,3,16,9,14,True,3,False,2.66666667,1,2,0,0,3.316005
Client Meeting,High,Senior,JavaScript,High,13,2,0,26,7,15,False,0,False,3.25,0,2,0,0,5.045625
Feature Dev,Low,Senior,Go,Medium,11,2,3,22,7,15,True,1,False,3.25,0,2,0,0,4.43953125
Documentation,High,Senior,Go,Low,3,2,2,6,1,14,True,0,False,4.5,0,1,1,0,1.6469145
Design Review,High,Junior,C++,High,4,2,1,8,2,12,False,0,True,2.375,1,1,0,0,1.93316062
Deployment,Low,Senior,Java,Low,4,3,3,8,9,13,False,3,False,2.08333333,2,1,0,0,2.3989625
Bug Fix,Low,Junior,Other,Critical,11,4,2,22,5,10,False,1,False,1.9375,3,1,0,0,3.71758125
Design Review,Medium,Senior,JavaScript,High,7,5,1,14,8,10,False,0,True,3.4,1,3,1,0,2.63458305
Feature Dev,Medium,Tech Lead,Python,High,13,2,0,26,9,17,False,3,True,4.5,0,1,1,0,4.62144375
Bug Fix,Medium,Junior,Java,High,7,4,1,14,9,15,False,1,True,4.125,2,0,1,1,2.48278388
Deployment,Medium,Mid,Java,Critical,7,4,2,14,2,18,True,1,False,5.0,0,2,1,1,2.233392
Refactoring,Low,Junior,JavaScript,Medium,10,5,0,20,9,17,True,1,True,2.2,3,2,0,0,4.230765
Feature Dev,High,Mid,Other,High,9,3,1,18,7,14,True,0,False,4.33333333,1,0,2,0,3.36621285
Bug Fix,Medium,Senior,JavaScript,Critical,13,4,2,26,5,14,False,1,False,3.625,2,0,2,0,4.110855
Code Review,Medium,Mid,Java,Medium,1,5,0,2,10,14,False,0,False,3.05,2,2,1,0,0.5
Client Meeting,High,Junior,JavaScript,High,9,4,0,18,1,11,True,1,True,3.875,0,3,1,0,3.87445039
Deployment,Low,Tech Lead,Python,High,7,3,3,14,7,9,True,1,False,2.08333333,2,1,0,0,2.88906188
Feature Dev,High,Mid,C++,Critical,12,3,3,24,4,15,True,0,False,3.58333333,2,0,0,1,4.66108683
Documentation,Medium,Senior,Go,Low,3,4,0,6,9,15,False,0,False,3.0,2,1,1,0,1.21638
Testing,High,Tech Lead,Other,Low,3,5,0,6,1,12,False,1,False,3.05,2,2,1,0,1.4962541
Documentation,Low,Mid,Python,Medium,1,2,3,2,3,10,False,1,False,2.375,1,1,0,0,0.8929375
Testing,Low,Tech Lead,Java,Low,5,2,2,10,7,15,False,3,True,1.5,2,0,0,0,2.9766
Client Meeting,Low,Junior,C++,Critical,7,3,3,14,1,15,True,1,True,2.08333333,2,1,0,0,3.00141428
Feature Dev,Low,Mid,Go,High,13,4,1,26,7,17,False,1,False,3.0625,3,0,0,1,3.99122016
Design Review,Low,Mid,Other,Low,4,4,0,8,8,15,False,1,False,3.5,2,1,0,1,1.4886025
Design Review,High,Junior,Java,Low,6,2,1,12,6,9,True,1,False,3.25,0,2,0,0,3.25926563
Testing,Medium,Senior,JavaScript,Low,5,3,2,10,10,10,False,0,True,4.16666667,1,1,0,1,2.35743292
Testing,Medium,Junior,Java,Low,8,5,2,16,7,10,False,2,False,2.55,2,3,0,0,3.958075
Client Meeting,Medium,Senior,Python,Medium,7,3,2,14,4,10,True,2,True,3.5,1,1,1,0,3.41986838
Bug Fix,Low,Junior,Other,High,9,4,3,18,6,17,True,3,False,2.8125,1,3,0,0,3.61737141
Deployment,High,Senior,Go,Low,2,2,0,4,7,16,False,1,False,4.5,0,1,1,0,0.9522975
Documentation,Medium,Senior,Other,Medium,1,5,2,2,7,15,False,1,False,4.45,2,0,2,1,0.62478
Bug Fix,Medium,Senior,Go,High,13,3,1,26,2,15,False,3,False,3.5,1,1,1,0,4.56251625
Feature Dev,Medium,Senior,Python,Critical,9,4,0,18,1,18,False,0,False,4.5,0,2,2,0,2.51685
Design Review,High,Tech Lead,Go,Low,12,3,2,24,10,15,False,3,True,2.66666667,1,2,0,0,7.15836
Refactoring,High,Tech Lead,Other,Critical,1,4,2,2,8,9,False,2,False,5.0,0,2,1,1,0.638112
Refactoring,Medium,Tech Lead,JavaScript,High,9,3,3,18,1,9,True,2,False,3.5,1,1,1,0,3.60358031
Code Review,High,Mid,C++,Critical,13,2,2,26,9,18,True,2,False,2.375,1,1,0,0,5.67496125
Documentation,Medium,Mid,Python,Critical,10,2,1,20,10,18,True,0,False,2.375,1,1,0,0,3.63442734
Deployment,High,Mid,Go,High,3,4,0,6,10,16,False,2,False,3.0,2,1,1,0,1.310373
Code Review,Medium,Senior,Other,Medium,1,4,1,2,4,17,False,3,False,2.5625,3,0,1,0,0.80131094
Documentation,High,Senior,C++,Medium,3,4,3,6,3,16,False,2,False,5.1875,1,0,2,1,1.535695
Code Review,High,Tech Lead,JavaScript,Low,4,2,1,8,3,15,False,2,True,4.5,0,1,1,0,2.24910263
Design Review,Medium,Senior,Other,Critical,11,4,2,22,9,9,False,0,False,3.4375,1,2,1,0,3.59662359
Bug Fix,High,Junior,Other,High,6,4,1,12,9,15,True,1,False,2.375,2,2,0,0,2.79111656
Code Review,High,Junior,Other,High,13,2,0,26,7,12,False,1,False,3.25,0,2,0,0,5.13
Documentation,High,Mid,Other,Medium,8,5,0,16,10,13,False,2,False,3.55,2,1,2,0,3.364542
Client Meeting,Medium,Tech Lead,Go,High,12,2,0,24,8,11,False,1,True,3.25,0,2,0,0,4.5478125
Code Review,Medium,Junior,Other,Critical,10,5,1,20,7,14,False,2,False,3.05,2,2,1,0,3.39827981
Testing,Medium,Tech Lead,Java,High,7,2,1,14,1,12,False,3,False,5.75,0,0,2,0,2.337075
Design Review,High,Senior,Go,High,12,2,2,24,7,14,False,1,False,3.625,1,0,1,0,4.748247
Code Review,Medium,Mid,Java,High,13,5,0,26,10,12,True,3,False,3.9,1,2,2,0,4.42151325
Code Review,Medium,Tech Lead,C++,Low,7,2,2,14,7,10,False,3,False,4.5,0,1,1,0,3.174325
Client Meeting,Medium,Mid,JavaScript,Low,7,4,0,14,8,13,True,2,False,2.5625,3,0,1,0,3.26652047
Refactoring,Medium,Senior,C++,High,11,3,0,22,3,13,True,1,False,6.41666667,0,0,2,1,3.21701625
Deployment,High,Junior,Python,Critical,3,5,3,6,6,16,False,3,True,3.95,2,1,1,1,1.65358397
Refactoring,Low,Tech Lead,Other,Low,11,5,3,22,2,9,False,0,False,3.45,2,2,0,1,4.27433738
Testing,High,Mid,JavaScript,High,12,2,3,24,9,13,True,1,False,1.5,2,0,0,0,5.87955375
Client Meeting,High,Senior,Python,Medium,11,2,1,22,5,13,False,0,False,3.625,1,0,1,0,4.64308688
Code Review,High,Mid,Go,Medium,11,5,1,22,7,17,False,3,False,3.55,2,1,2,0,4.7779965
Deployment,High,Mid,Other,High,6,5,1,12,10,18,False,3,False,3.05,2,2,1,0,2.65520768
Feature Dev,Low,Senior,Java,Critical,4,5,2,8,10,16,False,0,False,1.85,4,1,0,0,1.4900925
Refactoring,High,Junior,JavaScript,Critical,7,3,0,14,9,17,False,0,False,4.33333333,1,0,2,0,2.27262233
Deployment,Medium,Tech Lead,C++,Critical,7,2,2,14,2,10,False,0,False,5.75,0,0,2,0,2.105365
Refactoring,High,Junior,C++,Critical,1,2,0,2,7,12,True,0,False,1.5,2,0,0,0,0.5
Refactoring,High,Mid,Other,High,12,4,2,24,9,18,False,0,True,3.4375,1,2,1,0,5.18724051
Bug Fix,Low,Mid,Python,Low,8,2,3,16,7,11,True,3,False,1.5,2,0,0,0,4.29746625
Feature Dev,High,Senior,Go,Critical,4,3,3,8,1,15,False,1,False,2.91666667,2,0,1,0,1.8802379
Client Meeting,Medium,Mid,JavaScript,High,1,3,0,2,1,13,True,1,False,2.66666667,1,2,0,0,0.5
Design Review,High,Senior,Other,High,4,3,1,8,1,17,True,2,True,3.5,1,1,1,0,2.04259411
Documentation,Medium,Tech Lead,Other,Low,3,5,0,6,6,12,False,2,True,2.75,4,0,0,1,1.54895125
Bug Fix,High,Tech Lead,JavaScript,Critical,7,2,0,14,7,12,False,2,False,3.625,1,0,1,0,2.59068206
Feature Dev,High,Junior,Java,Critical,4,2,0,8,7,9,True,0,False,3.25,0,2,0,0,1.5395625
Documentation,High,Junior,Java,Low,9,3,1,18,9,17,True,2,True,4.08333333,0,2,1,0,4.95701192
Code Review,Low,Junior,Python,Low,3,2,0,6,1,11,False,2,False,2.375,1,1,0,0,1.3816
Client Meeting,High,Senior,Other,Medium,9,4,0,18,2,14,False,0,False,3.0,2,1,1,0,3.81501
Deployment,Low,Junior,Go,Medium,5,2,3,10,9,12,True,0,True,3.25,0,2,0,0,2.43632813
Refactoring,Medium,Senior,Java,Medium,4,5,3,8,6,17,True,3,False,3.95,2,1,1,1,2.04876525
Design Review,Medium,Senior,Other,High,4,2,3,8,7,17,True,2,True,2.375,1,1,0,0,2.29502109
Refactoring,High,Senior,C++,Critical,1,5,3,2,9,17,True,0,False,3.8,1,3,0,1,0.70212529
Feature Dev,Medium,Tech Lead,Python,Low,12,5,3,24,10,14,True,2,False,2.9,1,4,0,0,6.01148625
Design Review,High,Senior,Java,High,1,2,0,2,3,14,False,1,True,1.5,2,0,0,0,0.56826
Testing,Low,Mid,JavaScript,Low,4,4,2,8,3,15,True,0,False,2.8125,1,3,0,0,1.92805594
Refactoring,Medium,Senior,Go,Critical,4,5,0,8,1,11,True,0,False,3.05,2,2,1,0,1.3124391
Refactoring,High,Junior,JavaScript,High,12,4,3,24,3,9,False,1,False,5.0,0,2,1,1,4.272066
Refactoring,High,Junior,JavaScript,Low,2,2,1,4,2,15,False,1,False,1.5,2,0,0,0,1.319175
Documentation,Low,Tech Lead,JavaScript,High,4,2,2,8,7,13,False,1,False,2.375,1,1,0,0,1.62495
Testing,High,Junior,JavaScript,High,7,3,2,14,8,16,True,0,False,5.0,1,0,1,1,2.6012448
Testing,Medium,Mid,JavaScript,Medium,4,3,2,8,4,14,False,3,True,4.16666667,1,1,0,1,2.04994167
Code Review,High,Junior,Other,Medium,6,3,1,12,9,12,True,0,False,3.58333333,2,0,0,1,2.67292594
Code Review,Medium,Junior,Java,Critical,7,2,1,14,1,10,False,3,False,3.25,0,2,0,0,2.58984375
Design Review,Medium,Tech Lead,Java,Critical,9,5,2,18,9,9,False,0,True,1.85,4,1,0,0,3.67384875
Testing,Low,Senior,Java,Medium,13,3,1,26,4,16,False,1,True,2.66666667,1,2,0,0,5.24223333
Bug Fix,High,Tech Lead,Python,High,6,4,2,12,1,9,False,1,False,3.5,2,1,0,1,2.499165
Code Review,Medium,Senior,Go,Medium,2,3,3,4,5,13,True,2,True,4.16666667,1,1,0,1,1.41865281
Deployment,Medium,Junior,Java,Low,13,4,0,26,7,17,True,0,False,3.9375,1,2,0,1,5.15296031
Deployment,Medium,Tech Lead,Go,Critical,4,5,0,8,1,17,False,0,False,2.55,2,3,0,0,1.3226
Code Review,High,Senior,Go,Medium,8,3,1,16,2,17,True,1,False,3.5,1,1,1,0,3.70250212
Design Review,Low,Senior,Java,High,11,2,0,22,6,13,True,3,False,3.25,0,2,0,0,3.77409375
Feature Dev,Low,Junior,JavaScript,Medium,10,4,1,20,8,10,False,0,True,2.8125,1,3,0,0,3.95742188
Documentation,Medium,Tech Lead,Other,Medium,3,3,3,6,4,15,False,0,True,4.75,0,2,0,1,1.48716563
Deployment,Medium,Mid,C++,High,13,4,2,26,10,11,False,2,False,2.375,2,2,0,0,5.0338125
Deployment,Medium,Tech Lead,Other,Critical,4,5,3,8,7,12,False,3,False,4.8,1,1,2,1,1.5288865
Bug Fix,High,Senior,JavaScript,Low,9,3,0,18,6,10,True,1,False,4.16666667,1,1,0,1,4.1483365
Refactoring,Medium,Junior,Java,Low,13,4,2,26,6,16,False,0,False,2.8125,1,3,0,0,5.80421875
Code Review,Medium,Tech Lead,C++,Medium,4,4,2,8,9,10,False,3,False,4.5625,1,1,1,1,1.764675
Deployment,High,Senior,C++,High,9,4,2,18,10,10,False,1,True,4.0625,1,1,2,0,3.78922871
Bug Fix,High,Tech Lead,Python,Medium,9,2,0,18,7,11,True,3,False,3.625,1,0,1,0,4.15471612
Client Meeting,Low,Senior,Java,Critical,12,4,1,24,3,9,False,1,False,2.375,2,2,0,0,3.81166563
Deployment,High,Tech Lead,Java,Low,13,2,0,26,5,16,False,0,False,1.5,2,0,0,0,6.74245
Bug Fix,Low,Junior,Go,Medium,5,2,3,10,10,13,False,0,False,1.5,2,0,0,0,2.30625
Testing,High,Tech Lead,Java,High,13,2,2,26,1,14,True,2,False,3.625,1,0,1,0,5.45727578
Testing,High,Junior,Java,High,4,5,2,8,2,13,False,0,False,3.05,2,2,1,0,1.77013845
Deployment,Medium,Junior,Python,High,8,5,0,16,3,17,True,3,True,4.8,1,1,2,1,2.78471655
Feature Dev,Low,Tech Lead,C++,Critical,5,2,2,10,7,9,True,0,False,3.25,0,2,0,0,1.75710938
Documentation,High,Tech Lead,C++,Critical,13,2,1,26,8,18,False,1,False,2.375,1,1,0,0,5.19620937
Testing,Low,Senior,C++,Critical,1,3,1,2,6,15,False,0,True,3.25,0,3,0,0,0.5
Client Meeting,High,Tech Lead,Python,High,11,4,0,22,7,12,True,0,False,4.5625,1,1,1,1,3.83552111
Deployment,Medium,Tech Lead,Python,Critical,2,3,2,4,3,15,False,1,True,2.08333333,2,1,0,0,1.117325
Documentation,High,Tech Lead,Python,Low,12,4,3,24,10,14,False,1,False,5.0,0,2,1,1,5.221414
Refactoring,Medium,Tech Lead,JavaScript,Low,1,3,2,2,8,11,True,0,False,5.58333333,0,1,1,1,0.632247
Code Review,Medium,Senior,Java,High,8,3,1,16,5,11,False,0,True,2.66666667,1,2,0,0,3.20595
Refactoring,Low,Mid,Java,Low,4,2,2,8,6,15,False,1,False,2.375,1,1,0,0,1.98605
Bug Fix,Low,Senior,C++,Medium,12,2,2,24,2,10,False,3,False,3.25,0,2,0,0,4.6125
Feature Dev,Low,Senior,Go,Low,13,4,2,26,5,13,True,0,False,1.9375,3,1,0,0,5.76987469
Deployment,Low,Junior,JavaScript,Critical,6,2,2,12,5,12,False,0,False,3.25,0,2,0,0,1.9603125
Deployment,Low,Mid,Python,Critical,11,5,2,22,3,18,False,2,False,2.55,2,3,0,0,3.6867475
Client Meeting,Medium,Mid,Other,Low,2,4,0,4,2,14,True,2,False,3.0,2,1,1,0,1.0643325
Documentation,Medium,Senior,Go,Medium,4,4,0,8,10,10,True,2,False,1.9375,3,1,0,0,1.89590625
Testing,Medium,Junior,Python,High,13,4,3,26,9,11,False,3,False,3.4375,1,2,1,0,4.82100609
Feature Dev,High,Tech Lead,Python,Low,13,5,1,26,7,11,True,1,False,4.8,1,1,2,1,5.50755051
Design Review,High,Tech Lead,Other,Medium,9,2,0,18,5,9,False,3,False,3.625,1,0,1,0,3.9568725
Refactoring,Medium,Junior,Other,Critical,13,3,2,26,4,13,False,3,False,2.91666667,2,0,1,0,4.56292042
Refactoring,Medium,Senior,Other,High,7,3,0,14,7,16,True,1,False,2.91666667,2,0,1,0,2.53644694
Refactoring,Medium,Junior,Python,Medium,12,5,1,24,2,12,False,0,True,3.4,1,3,1,0,4.9119345
Refactoring,Low,Tech Lead,Go,Medium,6,3,2,12,10,12,True,3,True,4.16666667,1,1,0,1,2.70033225
Design Review,Medium,Senior,JavaScript,Medium,1,3,1,2,8,14,False,1,False,4.91666667,0,1,2,0,0.52189583
Code Review,High,Junior,Python,Critical,6,5,2,12,7,12,False,1,False,3.4,1,3,1,0,2.4230406
Bug Fix,Medium,Junior,Other,High,13,2,2,26,5,11,False,1,True,3.625,1,0,1,0,4.9407435
Testing,High,Mid,C++,Low,8,5,2,16,5,17,True,1,False,5.15,0,2,2,1,3.5649306
Bug Fix,Medium,Senior,Java,Medium,7,2,1,14,3,11,False,1,True,4.5,0,1,1,0,2.84755625
Documentation,Medium,Mid,C++,Critical,2,4,0,4,3,17,False,0,False,3.4375,1,2,1,0,0.61219125
Bug Fix,Medium,Tech Lead,Java,High,1,2,0,2,5,17,False,3,False,1.5,2,0,0,0,0.64575
Bug Fix,Low,Senior,Python,Low,5,5,1,10,5,14,False,1,True,2.2,3,2,0,0,2.455695
Bug Fix,Low,Tech Lead,Python,Low,3,2,2,6,8,16,False,2,False,1.5,2,0,0,0,1.78145
Testing,Medium,Mid,C++,High,2,3,1,4,9,10,True,1,False,5.0,1,0,1,1,0.7759395
Refactoring,Low,Mid,Go,Critical,1,4,1,2,3,18,False,1,False,2.8125,1,3,0,0,0.5
Client Meeting,Medium,Senior,Python,Medium,7,3,3,14,3,12,True,2,False,2.91666667,2,0,1,0,3.35277469
Code Review,Medium,Tech Lead,Python,Critical,7,2,2,14,3,9,True,1,False,4.5,0,1,1,0,2.42403
Testing,High,Tech Lead,JavaScript,Low,4,2,3,8,7,12,False,2,False,1.5,2,0,0,0,2.807475
Refactoring,Medium,Senior,JavaScript,Medium,2,4,3,4,7,11,True,1,True,5.0,0,2,1,1,1.2193335
Testing,High,Tech Lead,Java,Medium,7,4,1,14,4,9,False,2,True,5.625,0,1,2,1,2.9707755
Design Review,Medium,Senior,C++,Medium,3,4,3,6,10,13,False,0,False,1.9375,3,1,0,0,1.65515625
Client Meeting,Medium,Senior,Python,Critical,8,4,3,16,7,14,True,1,False,4.0625,1,1,2,0,2.8216248
Code Review,High,Tech Lead,Python,High,2,2,1,4,3,16,False,0,False,4.5,0,1,1,0,0.81734625
Bug Fix,High,Mid,Python,High,4,4,3,8,6,10,True,1,False,4.5625,1,1,1,1,1.81163942
Refactoring,High,Mid,Java,Critical,3,4,3,6,9,10,False,2,False,4.5625,1,1,1,1,1.38406669
Design Review,High,Mid,JavaScript,High,3,2,3,6,1,14,True,0,False,4.5,0,1,1,0,1.46778581
Bug Fix,High,Senior,JavaScript,Medium,11,4,0,22,7,15,True,3,False,3.0,2,1,1,0,5.186202
Feature Dev,High,Junior,JavaScript,Low,4,2,2,8,4,9,False,3,True,5.75,0,0,2,0,2.3589676
Feature Dev,Medium,Junior,C++,Low,2,3,3,4,6,10,True,2,True,2.66666667,1,2,0,0,1.7808175
Feature Dev,Low,Mid,Java,Critical,3,5,1,6,5,9,True,3,False,3.1,3,1,0,1,1.22590007
Deployment,Medium,Junior,JavaScript,High,1,5,2,2,8,14,True,2,True,2.35,4,0,1,0,0.89160254
Bug Fix,High,Junior,Python,High,4,4,1,8,10,11,True,2,False,5.0,0,2,1,1,1.6183881
Design Review,Low,Senior,Python,High,7,5,3,14,4,14,True,0,False,1.85,4,1,0,0,2.82769988
Documentation,High,Senior,Java,Medium,8,5,1,16,10,13,False,0,False,3.45,2,2,0,1,3.37470875
Testing,Medium,Mid,JavaScript,High,8,4,0,16,10,18,True,3,False,2.375,2,2,0,0,3.24548438
Client Meeting,High,Mid,C++,Medium,4,3,0,8,3,9,False,0,True,5.0,1,0,1,1,1.582768
Design Review,High,Tech Lead,Python,Low,5,4,2,10,10,11,False,3,False,3.4375,1,2,1,0,2.87189719
Refactoring,High,Senior,C++,Medium,10,4,0,20,9,12,False,3,False,4.125,2,0,1,1,4.029025
Feature Dev,High,Junior,JavaScript,Low,8,2,3,16,7,18,False,1,True,2.375,1,1,0,0,5.02233188
Bug Fix,Medium,Senior,Other,High,4,4,0,8,4,10,True,1,False,5.0,0,2,1,1,1.256283
Refactoring,Medium,Junior,C++,High,3,4,0,6,4,9,False,1,False,3.4375,1,2,1,0,1.05332906
Feature Dev,High,Senior,C++,High,8,3,1,16,1,9,True,3,False,3.5,1,1,1,0,3.50183216
Feature Dev,Medium,Tech Lead,Java,Critical,10,3,2,20,5,17,False,3,False,3.5,1,1,1,0,3.5082475
Refactoring,High,Mid,Python,High,9,4,2,18,10,15,True,3,True,3.5,2,1,0,1,4.32980336
Feature Dev,Medium,Tech Lead,Other,Medium,2,4,2,4,8,11,True,1,False,3.5,2,1,0,1,1.107225
Bug Fix,Low,Junior,Other,Low,4,2,2,8,2,9,False,2,True,3.25,0,2,0,0,2.2006875
Feature Dev,High,Tech Lead,JavaScript,High,8,2,1,16,4,16,True,0,True,3.25,0,2,0,0,3.73245469
Feature Dev,High,Junior,C++,High,5,4,0,10,10,18,True,2,False,3.4375,1,2,1,0,2.12691445
Feature Dev,High,Senior,Java,Medium,12,4,2,24,3,10,False,0,False,3.5,2,1,0,1,5.114325
Feature Dev,High,Tech Lead,Go,Critical,4,2,3,8,5,12,False,0,False,4.5,0,1,1,0,1.65209188
Code Review,Medium,Junior,Go,Critical,6,4,1,12,9,11,False,0,False,5.0,0,2,1,1,1.694985
Code Review,Low,Mid,Go,Medium,13,3,0,26,4,16,True,3,True,2.08333333,2,1,0,0,5.72793375
Testing,Low,Junior,JavaScript,High,1,5,3,2,9,9,True,0,False,2.2,3,2,0,0,0.7577955
Feature Dev,Low,Mid,Java,Medium,6,2,3,12,1,13,True,0,False,3.25,0,2,0,0,2.56921875
Deployment,High,Junior,Go,Critical,13,2,2,26,1,13,False,3,False,2.375,1,1,0,0,5.48813125
Documentation,Medium,Mid,JavaScript,Low,5,3,2,10,4,17,True,1,True,4.16666667,1,1,0,1,2.5829265
Deployment,Medium,Senior,Python,Medium,10,5,3,20,7,17,True,0,False,2.35,4,0,1,0,4.45300931
Code Review,Low,Tech Lead,Other,Low,5,3,2,10,9,14,False,0,False,2.08333333,2,1,0,0,2.300375
Testing,Medium,Junior,C++,High,2,5,2,4,3,15,True,2,False,4.45,2,0,2,1,0.95942779
Deployment,High,Mid,Java,High,2,2,2,4,9,9,True,0,False,1.5,2,0,0,0,1.1817225
Deployment,Low,Junior,Go,Critical,13,3,2,26,9,12,True,1,True,2.08333333,2,1,0,0,4.96650963
Client Meeting,Low,Tech Lead,Python,High,10,2,3,20,7,13,False,0,False,2.375,1,1,0,0,3.57665625
Client Meeting,Low,Senior,Python,Medium,1,5,2,2,3,15,False,0,False,2.55,2,3,0,0,0.64185
Bug Fix,Low,Mid,JavaScript,High,11,2,0,22,3,17,True,3,True,1.5,2,0,0,0,4.53897675
Code Review,Medium,Tech Lead,C++,High,10,4,3,20,4,14,True,2,False,2.375,2,2,0,0,4.31185781
Design Review,Medium,Tech Lead,Other,Medium,6,2,1,12,3,9,False,1,True,1.5,2,0,0,0,2.987875
Bug Fix,High,Junior,C++,Critical,10,2,0,20,4,12,False,0,False,2.375,1,1,0,0,3.8366875
Deployment,High,Mid,JavaScript,High,6,3,3,12,5,10,False,2,True,2.08333333,2,1,0,0,3.36183375
Feature Dev,High,Junior,Python,High,3,3,3,6,6,9,False,0,False,2.66666667,1,2,0,0,1.5921
Refactoring,Low,Mid,Other,Critical,7,5,2,14,9,11,False,2,False,3.1,3,1,0,1,2.30452425
Documentation,Medium,Mid,Go,Critical,2,2,2,4,8,18,False,1,True,2.375,1,1,0,0,1.1009625
Testing,High,Mid,Java,Critical,3,2,1,6,5,14,False,2,False,3.625,1,0,1,0,1.31049122
Client Meeting,Medium,Senior,Other,High,11,3,0,22,5,14,True,2,True,3.58333333,2,0,0,1,4.18299131
Bug Fix,High,Junior,C++,Critical,4,5,1,8,8,16,True,3,False,4.3,1,2,1,1,1.66408232
Bug Fix,Low,Junior,Go,Low,7,4,0,14,1,9,False,3,False,2.8125,1,3,0,0,2.97598125
Code Review,Medium,Tech Lead,C++,Low,7,5,1,14,10,9,False,2,False,3.1,3,1,0,1,3.11070375
Documentation,Medium,Tech Lead,JavaScript,High,2,5,2,4,9,11,True,0,True,3.95,2,1,1,1,0.94940654
Deployment,High,Tech Lead,Other,Critical,12,2,3,24,6,15,False,0,False,4.5,0,1,1,0,4.30698188
Feature Dev,High,Tech Lead,Other,Medium,2,3,1,4,9,11,False,2,False,4.75,0,2,0,1,1.04060625
Deployment,Medium,Junior,JavaScript,Low,12,4,3,24,1,11,False,3,True,1.5,4,0,0,0,6.8833875
Documentation,High,Tech Lead,JavaScript,Critical,3,4,0,6,2,12,False,3,False,3.0,2,1,1,0,1.315902
Deployment,Medium,Junior,Java,High,9,2,2,18,5,13,True,0,False,2.375,1,1,0,0,3.61639688
Documentation,Medium,Senior,C++,Critical,3,3,0,6,3,15,True,2,False,2.91666667,2,0,1,0,1.15646431
Client Meeting,Medium,Senior,C++,Critical,7,3,0,14,6,17,False,1,True,5.58333333,0,1,1,1,2.120393
Refactoring,High,Mid,Python,Medium,7,3,3,14,9,15,False,2,False,4.16666667,1,1,0,1,3.2782125
Code Review,High,Mid,C++,High,2,3,1,4,1,13,False,2,True,2.66666667,1,2,0,0,1.21539
Refactoring,Medium,Junior,Java,High,11,3,3,22,5,9,True,0,True,4.75,0,2,0,1,4.13094052
Testing,Medium,Mid,JavaScript,Low,5,3,3,10,10,11,False,3,True,3.5,1,1,1,0,2.98559938
Testing,High,Senior,JavaScript,High,9,3,1,18,2,17,True,1,False,4.08333333,0,2,1,0,3.60491709
Code Review,High,Junior,Other,Critical,11,2,1,22,6,16,False,3,False,1.5,2,0,0,0,4.8005875
Feature Dev,Medium,Senior,Java,Low,12,3,2,24,8,15,False,0,False,3.58333333,2,0,0,1,4.90758125
Bug Fix,Medium,Tech Lead,Other,Critical,11,4,0,22,6,14,True,3,True,4.5625,1,1,1,1,3.70118523
Refactoring,High,Mid,Java,Medium,3,2,0,6,2,14,True,2,False,2.375,1,1,0,0,1.62789375
Client Meeting,Low,Senior,C++,Low,4,5,0,8,6,13,False,0,False,2.75,4,0,0,1,1.44837
Testing,Medium,Senior,Go,High,5,3,2,10,3,18,False,0,False,4.33333333,1,0,2,0,1.71879
Code Review,High,Senior,Other,Medium,2,2,2,4,1,13,False,0,False,1.5,2,0,0,0,1.2505
Testing,High,Junior,Other,High,1,2,2,2,10,10,True,3,False,2.375,1,1,0,0,0.98291813
Client Meeting,Medium,Tech Lead,C++,High,8,3,2,16,8,12,False,2,False,1.5,3,0,0,0,3.41325
Client Meeting,High,Junior,Java,Critical,7,5,2,14,10,17,True,0,False,3.55,2,1,2,0,2.72423844
Client Meeting,Medium,Senior,C++,Critical,2,5,2,4,5,12,False,1,False,3.9,1,2,2,0,0.867714
Feature Dev,Medium,Tech Lead,C++,Low,1,3,3,2,3,12,True,2,False,2.66666667,1,2,0,0,1.172325
Code Review,Medium,Senior,Python,Medium,12,4,0,24,10,17,False,3,True,2.375,2,2,0,0,5.5048125
Documentation,High,Mid,C++,High,6,4,2,12,9,15,True,1,False,2.375,2,2,0,0,2.93020875
Code Review,Medium,Tech Lead,Python,Medium,9,2,1,18,9,17,False,0,False,2.375,1,1,0,0,3.6796875
Deployment,Medium,Tech Lead,C++,Medium,6,4,2,12,7,12,False,2,True,5.0,0,2,1,1,2.49458
Bug Fix,Medium,Junior,Go,Critical,6,2,2,12,9,13,True,2,False,5.75,0,0,2,0,2.06801175
Bug Fix,Low,Junior,Python,Critical,8,3,1,16,5,14,False,3,False,2.08333333,2,1,0,0,2.81870625
Testing,Low,Senior,C++,Low,3,3,1,6,4,17,False,0,False,2.08333333,2,1,0,0,1.3473625
Documentation,High,Senior,JavaScript,Low,1,2,2,2,2,11,True,0,False,2.375,1,1,0,0,0.86134125
Code Review,High,Mid,JavaScript,Critical,3,3,1,6,8,13,False,3,False,2.08333333,2,1,0,0,1.54901875
Design Review,Medium,Tech Lead,JavaScript,Low,11,2,0,22,7,13,True,3,True,3.25,0,2,0,0,5.59814063
Design Review,Medium,Mid,Python,High,5,3,1,10,1,17,False,2,False,2.66666667,1,2,0,0,2.0445
Client Meeting,Medium,Senior,C++,Medium,11,3,0,22,7,9,False,2,False,2.91666667,2,0,1,0,4.25749167
Testing,High,Senior,Other,Critical,10,3,2,20,9,9,False,3,False,2.91666667,2,0,1,0,4.09089417
Code Review,High,Mid,JavaScript,Critical,7,3,2,14,9,9,True,3,False,4.75,0,2,0,1,2.79353616
Client Meeting,Medium,Senior,Go,Critical,5,5,2,10,7,18,False,3,False,2.7,3,1,1,0,2.0686705
Bug Fix,High,Tech Lead,JavaScript,High,3,2,1,6,3,14,False,1,True,5.75,0,0,2,0,1.2893463
Client Meeting,Low,Mid,Go,Low,9,4,3,18,8,11,False,0,False,3.5,2,1,0,1,3.56684625
Code Review,Medium,Senior,Other,High,6,2,1,12,5,14,False,0,False,3.625,1,0,1,0,2.04527531
Code Review,High,Junior,JavaScript,Low,7,4,0,14,6,17,True,1,False,2.375,2,2,0,0,3.76270125
Refactoring,High,Tech Lead,Other,Low,4,4,3,8,4,12,False,2,False,4.5625,1,1,1,1,2.19702038
Feature Dev,Low,Junior,C++,Low,11,2,2,22,4,13,False,1,False,2.375,1,1,0,0,4.706075
Testing,High,Tech Lead,C++,Critical,1,2,0,2,2,10,False,3,False,3.625,1,0,1,0,0.57570712
Deployment,High,Tech Lead,Other,Low,9,3,2,18,9,18,False,1,False,4.75,0,2,0,1,4.09195875
Feature Dev,Medium,Tech Lead,Python,Critical,12,3,1,24,8,17,True,0,False,2.08333333,2,1,0,0,4.39946719
Design Review,Medium,Tech Lead,JavaScript,High,11,5,1,22,1,16,True,1,False,3.05,2,2,1,0,4.03864532
Testing,Medium,Tech Lead,Go,Critical,9,2,3,18,4,11,False,0,False,1.5,2,0,0,0,3.5285625
Bug Fix,Medium,Mid,Other,Critical,8,5,0,16,2,15,False,1,True,3.8,1,3,0,1,2.66741475
Deployment,Medium,Senior,C++,Low,1,5,1,2,7,13,False,0,False,3.1,3,1,0,1,0.54313875
Feature Dev,Medium,Tech Lead,JavaScript,Medium,12,3,2,24,8,18,False,1,False,5.0,1,0,1,1,4.0664
Client Meeting,Medium,Senior,Go,High,10,4,3,20,5,14,False,1,False,3.0625,3,0,0,1,3.68358047
Code Review,High,Junior,Go,High,10,3,0,20,1,17,True,3,False,5.0,1,0,1,1,3.621051
Testing,High,Tech Lead,Go,Medium,1,2,2,2,6,13,False,1,True,1.5,2,0,0,0,0.96965
Testing,Low,Mid,C++,High,11,4,1,22,3,14,True,1,False,1.9375,3,1,0,0,3.99088266
Refactoring,Medium,Mid,C++,High,9,2,1,18,9,15,True,1,False,2.375,1,1,0,0,3.57003281
Documentation,Medium,Mid,C++,High,12,5,0,24,9,18,False,3,False,3.9,1,2,2,0,3.904713
Feature Dev,Low,Mid,JavaScript,Critical,7,5,3,14,2,16,False,0,False,1.85,4,1,0,0,2.54343375
Documentation,Low,Mid,Python,Medium,1,3,3,2,10,18,True,0,False,4.16666667,1,1,0,1,0.72044437
Testing,Medium,Senior,JavaScript,High,7,4,1,14,1,14,True,1,False,2.8125,1,3,0,0,2.76515859
Design Review,Medium,Senior,Other,Critical,2,3,0,4,2,9,False,2,False,2.08333333,2,1,0,0,0.84645833
Testing,Medium,Senior,C++,Low,9,4,2,18,3,13,False,3,False,2.375,2,2,0,0,4.533375
Bug Fix,Medium,Senior,JavaScript,Critical,5,4,2,10,8,12,False,3,False,3.9375,1,2,0,1,1.89611094
Deployment,Medium,Junior,C++,High,1,3,2,2,3,16,True,2,False,2.66666667,1,2,0,0,0.82215
Testing,Low,Junior,Go,Critical,2,5,2,4,9,9,True,3,True,3.8,1,3,0,1,1.1203142
Feature Dev,High,Senior,JavaScript,Low,11,4,2,22,7,12,False,0,True,2.375,2,2,0,0,6.363995
Client Meeting,Medium,Tech Lead,Go,Low,3,2,2,6,8,9,False,3,False,3.25,0,2,0,0,1.85625
Deployment,Medium,Mid,Go,Medium,9,3,0,18,9,17,True,0,True,3.5,1,1,1,0,3.7307655
Documentation,Medium,Senior,Other,Medium,2,2,2,4,9,9,False,2,False,2.375,1,1,0,0,1.275625
Design Review,Medium,Junior,Java,High,12,2,2,24,10,11,True,3,False,4.5,0,1,1,0,4.33117125
Testing,Medium,Mid,Java,Critical,7,2,2,14,2,17,False,1,False,2.375,1,1,0,0,2.669
Testing,Medium,Mid,JavaScript,Critical,6,2,3,12,8,14,False,1,False,2.375,1,1,0,0,2.46048438
Client Meeting,Medium,Junior,Python,Medium,1,3,1,2,10,10,False,3,False,2.08333333,2,1,0,0,0.84645833
Refactoring,Medium,Mid,JavaScript,Medium,11,5,0,22,1,11,True,3,False,2.9,1,4,0,0,4.712925
Refactoring,Medium,Junior,Go,Low,10,4,1,20,9,12,False,1,False,1.5,4,0,0,0,4.791875
Client Meeting,High,Junior,Java,High,9,3,2,18,4,11,False,2,False,4.33333333,1,0,2,0,3.467472
Client Meeting,High,Mid,Java,Critical,9,3,0,18,7,18,False,0,False,3.5,1,1,1,0,3.15742275
Code Review,Medium,Tech Lead,Java,Critical,2,5,2,4,4,15,True,2,False,2.55,2,3,0,0,1.12834313
Code Review,Low,Junior,Other,Critical,3,2,2,6,2,15,True,3,False,2.375,1,1,0,0,1.47128625
Refactoring,Medium,Tech Lead,Java,High,1,4,3,2,10,13,False,1,True,4.0625,1,1,2,0,0.79290028
Deployment,Medium,Senior,JavaScript,High,7,5,1,14,5,11,True,2,False,3.9,1,2,2,0,2.53232123
Deployment,Medium,Junior,Python,High,3,5,3,6,1,9,True,1,False,2.55,2,3,0,0,1.60827188
Testing,Low,Junior,C++,Low,5,2,0,10,1,11,True,2,False,1.5,2,0,0,0,2.36775
Client Meeting,Medium,Junior,JavaScript,High,9,4,3,18,4,16,False,0,False,3.5,2,1,0,1,3.20304375
Client Meeting,Low,Tech Lead,Python,Medium,5,5,0,10,1,17,False,2,True,2.75,4,0,0,1,2.011625
Testing,High,Tech Lead,C++,Critical,1,2,2,2,6,17,False,3,False,4.5,0,1,1,0,0.76472375
Feature Dev,Medium,Senior,Java,Medium,3,2,2,6,3,11,True,2,False,1.5,2,0,0,0,1.829625
Testing,High,Junior,Go,Critical,12,4,2,24,1,10,True,0,False,4.125,2,0,1,1,4.27105429
Testing,Medium,Junior,Java,Low,9,2,0,18,4,16,True,3,False,2.375,1,1,0,0,4.42004063
Client Meeting,Medium,Senior,Java,High,5,4,0,10,8,18,False,3,True,2.375,2,2,0,0,2.23430625
Documentation,High,Tech Lead,JavaScript,Low,5,5,2,10,7,13,False,0,False,4.65,0,3,1,1,2.282566
Testing,High,Junior,Java,Low,5,2,2,10,5,12,False,1,False,4.5,0,1,1,0,2.5207875
Refactoring,High,Mid,Go,Medium,6,4,1,12,6,16,False,0,False,2.375,2,2,0,0,2.8554375
Testing,Medium,Mid,Go,High,1,2,2,2,8,9,False,3,False,1.5,2,0,0,0,0.9225
Documentation,Medium,Junior,Other,Medium,10,5,2,20,6,17,False,2,True,2.7,3,1,1,0,4.6334475
Bug Fix,Medium,Senior,C++,High,7,4,2,14,6,9,False,3,True,3.0,2,1,1,0,3.101769
Feature Dev,Medium,Junior,JavaScript,Low,5,4,3,10,10,14,False,1,True,3.0,2,1,1,0,2.84328825
Client Meeting,Low,Tech Lead,Go,High,13,3,2,26,5,9,False,0,False,3.58333333,2,0,0,1,3.92081625
Feature Dev,Medium,Junior,C++,Critical,4,2,2,8,2,18,False,3,False,3.25,0,2,0,0,1.753125
Deployment,Medium,Senior,Go,Low,12,3,0,24,8,17,False,0,False,2.08333333,2,1,0,0,5.258
Bug Fix,Low,Junior,C++,Low,7,2,1,14,4,9,False,3,False,3.25,0,2,0,0,3.0628125
Feature Dev,Low,Senior,Go,Critical,7,4,3,14,5,9,True,3,False,3.25,0,4,0,0,2.73607031
Design Review,Low,Tech Lead,C++,Critical,13,3,0,26,3,14,False,2,False,1.5,3,0,0,0,4.2517
Code Review,Low,Senior,Other,Low,8,3,2,16,3,10,False,1,True,2.66666667,1,2,0,0,3.83650667
Refactoring,Medium,Mid,Python,Medium,1,4,1,2,2,10,False,3,False,3.9375,1,2,0,1,0.72927344
Client Meeting,Medium,Mid,Other,High,3,5,1,6,6,15,False,1,False,3.95,2,1,1,1,1.0835415
Client Meeting,Medium,Tech Lead,Java,Medium,7,4,0,14,3,12,False,3,False,2.8125,1,3,0,0,2.9740625
Testing,High,Senior,JavaScript,Medium,12,2,3,24,8,17,False,3,True,3.625,1,0,1,0,6.14652019
Bug Fix,Low,Tech Lead,Python,Low,10,4,1,20,4,9,False,0,False,2.375,2,2,0,0,4.04765625
Documentation,Medium,Junior,Java,High,4,2,2,8,4,17,True,3,False,3.625,1,0,1,0,1.85277881
Feature Dev,High,Tech Lead,C++,Medium,7,4,0,14,3,17,True,2,True,3.4375,1,2,1,0,3.55620097
Deployment,High,Junior,Go,High,3,4,2,6,8,12,False,0,False,2.375,2,2,0,0,1.48365
Feature Dev,High,Mid,Go,Critical,6,3,1,12,6,16,True,1,True,3.58333333,2,0,0,1,2.58506842
Testing,High,Tech Lead,Python,Critical,13,3,2,26,1,11,False,0,False,4.08333333,0,2,1,0,4.63849958
Deployment,High,Mid,Java,Critical,7,2,2,14,5,17,True,0,False,1.5,2,0,0,0,3.22014
Feature Dev,High,Tech Lead,JavaScript,High,10,2,0,20,3,14,True,2,False,3.25,0,2,0,0,4.2525
Client Meeting,High,Tech Lead,JavaScript,Medium,7,3,2,14,1,17,True,0,False,4.91666667,0,1,2,0,2.96758
Refactoring,Low,Senior,C++,Medium,12,3,1,24,3,12,False,1,True,2.08333333,2,1,0,0,5.00605417
Testing,Medium,Tech Lead,Python,High,13,3,2,26,4,10,False,3,False,3.25,0,3,0,0,4.89375
Code Review,Low,Junior,C++,Low,5,3,3,10,3,9,False,2,False,4.75,0,2,0,1,2.20821563
Documentation,Medium,Mid,Other,Medium,1,4,0,2,2,14,True,1,False,2.5625,3,0,1,0,0.5
Client Meeting,High,Tech Lead,Other,Medium,7,2,2,14,8,12,True,0,True,1.5,2,0,0,0,4.16724
Documentation,Medium,Junior,Java,High,10,3,1,20,6,15,True,2,False,2.66666667,1,2,0,0,3.973725
Code Review,Medium,Mid,Other,Low,11,3,1,22,9,17,False,3,False,2.08333333,2,1,0,0,5.31277083
Design Review,Low,Tech Lead,JavaScript,High,11,5,1,22,9,18,False,3,False,3.45,2,2,0,1,3.49718512
Refactoring,High,Senior,Go,Critical,7,3,3,14,4,14,False,1,False,2.66666667,1,2,0,0,3.09768333
Deployment,High,Senior,Other,High,3,2,1,6,1,16,False,0,True,3.25,0,2,0,0,1.42003125
Documentation,Medium,Junior,Go,High,8,5,0,16,5,14,True,0,False,3.05,2,2,1,0,2.7792828
Feature Dev,High,Junior,C++,Critical,12,2,1,24,4,16,False,2,False,4.5,0,1,1,0,4.23483813
Documentation,Medium,Junior,Java,Critical,5,3,0,10,6,11,False,0,True,2.66666667,1,2,0,0,1.80766667
Documentation,High,Tech Lead,C++,High,2,2,0,4,5,11,False,0,True,5.75,0,0,2,0,0.7277292
Documentation,Medium,Mid,Other,Medium,13,2,1,26,8,9,False,1,True,3.625,1,0,1,0,5.34266906
Bug Fix,High,Junior,JavaScript,High,6,3,3,12,1,11,True,3,True,5.58333333,0,1,1,1,2.85324039
Client Meeting,High,Junior,C++,High,11,3,1,22,7,15,True,2,False,4.91666667,0,1,2,0,4.10487131
Documentation,Medium,Tech Lead,Go,Critical,5,4,3,10,1,11,False,3,False,5.0,0,2,1,1,1.827925
Client Meeting,Medium,Mid,JavaScript,High,13,5,1,26,9,9,True,1,False,3.8,1,3,0,1,4.45239113
Feature Dev,Medium,Senior,JavaScript,Critical,7,4,0,14,8,11,True,2,False,3.4375,1,2,1,0,2.41050305
Design Review,Medium,Mid,Go,Low,9,2,2,18,7,9,True,0,False,2.375,1,1,0,0,4.42004063
Refactoring,Low,Mid,Go,Critical,12,4,3,24,1,13,False,2,False,3.9375,1,2,0,1,3.62448898
Testing,Medium,Tech Lead,C++,Critical,5,2,0,10,3,18,False,2,False,3.625,1,0,1,0,1.66652062
Bug Fix,High,Mid,C++,Medium,13,5,0,26,10,16,False,1,True,3.05,2,2,1,0,6.1467736
Code Review,High,Mid,JavaScript,Low,5,2,0,10,6,9,True,3,False,2.375,1,1,0,0,2.94669375
Documentation,Medium,Mid,Python,Medium,12,3,0,24,4,12,True,1,False,2.91666667,2,0,1,0,4.76191187
Bug Fix,Medium,Mid,JavaScript,Critical,2,4,2,4,1,17,True,1,False,5.625,0,1,2,1,0.8102115
Client Meeting,Medium,Senior,JavaScript,Medium,5,5,1,10,3,10,False,1,False,2.75,4,0,0,1,2.05734375
Refactoring,Low,Mid,C++,Critical,7,5,0,14,3,18,False,1,False,2.55,2,3,0,0,2.1657575
Testing,Medium,Senior,Java,High,7,4,3,14,6,10,False,1,True,3.4375,1,2,1,0,2.98578277
Documentation,Medium,Tech Lead,Other,Critical,1,3,2,2,8,9,True,2,False,5.0,1,0,1,1,0.6281415
Design Review,Medium,Senior,Python,Medium,10,5,3,20,10,10,True,0,False,3.4,1,3,1,0,4.21506225
Documentation,High,Tech Lead,Java,High,1,4,3,2,9,15,True,3,False,2.375,2,2,0,0,1.12201031
Feature Dev,Medium,Senior,Other,Medium,5,2,2,10,2,14,False,3,True,1.5,2,0,0,0,2.9315
Documentation,High,Junior,C++,Low,12,3,2,24,1,18,True,1,False,2.66666667,1,2,0,0,6.60968
Client Meeting,Low,Junior,Other,Medium,5,2,3,10,1,10,True,1,False,3.25,0,2,0,0,2.31328125
Testing,High,Junior,Other,Medium,10,3,1,20,9,13,True,3,False,4.91666667,0,1,2,0,4.25746562
Client Meeting,Medium,Senior,C++,Critical,12,5,3,24,1,18,False,0,False,3.25,0,5,0,0,4.18359375
Deployment,High,Junior,Other,Low,8,4,3,16,1,17,True,0,False,3.4375,1,2,1,0,4.2944766
Refactoring,Medium,Junior,Python,High,1,2,0,2,4,13,False,1,False,2.375,1,1,0,0,0.5
Deployment,High,Tech Lead,C++,Medium,3,4,1,6,4,11,False,1,False,3.625,2,0,2,0,1.40770875
Refactoring,High,Junior,Python,Low,8,2,2,16,2,16,True,2,False,4.5,0,1,1,0,4.09768012
Design Review,Medium,Mid,Go,Critical,4,5,3,8,4,12,False,3,False,3.75,0,4,1,0,1.76803719
Deployment,High,Tech Lead,Java,Low,9,4,2,18,2,16,False,0,False,4.0625,1,1,2,0,4.11751725
Documentation,High,Senior,JavaScript,Medium,13,3,2,26,3,17,True,3,True,4.33333333,1,0,2,0,6.3104503
Bug Fix,Low,Senior,C++,Critical,11,2,3,22,7,11,True,1,False,2.375,1,1,0,0,3.94970297
Design Review,High,Tech Lead,JavaScript,Medium,3,2,3,6,10,16,True,0,False,5.75,0,0,2,0,1.5352785
Bug Fix,Medium,Mid,Other,Medium,3,5,0,6,8,18,True,1,False,2.7,3,1,1,0,1.27770825
Code Review,High,Tech Lead,Python,Critical,9,4,1,18,3,10,False,3,False,3.0,2,1,1,0,3.59523225
Client Meeting,Low,Mid,C++,Critical,13,5,3,26,9,10,False,3,False,4.15,0,4,0,1,3.91336706
Client Meeting,Medium,Senior,Other,Critical,9,2,0,18,6,11,False,2,False,2.375,1,1,0,0,3.1694375
Feature Dev,Low,Mid,Python,Critical,11,3,3,22,5,13,False,0,False,2.66666667,1,2,0,0,3.62355
Feature Dev,Low,Mid,JavaScript,Critical,6,4,0,12,10,17,False,2,True,3.9375,1,2,0,1,1.89319384
Client Meeting,Medium,Tech Lead,Go,High,3,5,0,6,8,12,True,3,False,3.55,2,1,2,0,1.22918513
Bug Fix,Medium,Mid,C++,Low,8,3,2,16,6,11,True,0,True,3.58333333,2,0,0,1,3.88997984
Code Review,Medium,Tech Lead,JavaScript,Low,3,2,3,6,7,16,False,2,False,2.375,1,1,0,0,1.99684375
Client Meeting,Medium,Mid,Go,Medium,9,5,3,18,1,11,False,0,False,3.8,1,3,0,1,3.501225
Testing,Medium,Tech Lead,JavaScript,Medium,12,4,0,24,10,14,True,0,False,1.5,4,0,0,0,5.166
Refactoring,Medium,Junior,Go,Critical,5,2,0,10,4,18,False,0,True,2.375,1,1,0,0,1.8349375
Refactoring,High,Tech Lead,Go,High,13,5,3,26,7,10,False,3,False,4.3,1,2,1,1,4.9316094
Design Review,High,Junior,Java,High,5,5,2,10,4,14,True,1,False,4.8,1,1,2,1,1.9529181
Feature Dev,High,Mid,Java,High,6,5,1,12,9,16,False,0,False,3.05,2,2,1,0,2.40705743
Code Review,Medium,Tech Lead,Python,Critical,1,3,0,2,4,14,True,0,False,2.08333333,2,1,0,0,0.5
Deployment,Medium,Tech Lead,Other,High,4,3,1,8,5,11,False,2,False,3.5,1,1,1,0,1.57467375
Documentation,Medium,Tech Lead,JavaScript,Critical,7,5,2,14,5,18,True,3,False,2.35,4,0,1,0,2.89195436
Design Review,Medium,Senior,C++,Medium,9,3,1,18,6,9,False,1,True,2.66666667,1,2,0,0,4.09383333
Refactoring,Medium,Mid,Java,Low,6,5,1,12,6,18,False,2,False,3.1,3,1,0,1,2.71569375
Documentation,Medium,Senior,Java,Critical,12,4,2,24,10,12,False,0,False,2.8125,1,3,0,0,4.15889063
Documentation,Medium,Junior,Python,Medium,7,5,1,14,7,9,False,2,False,2.75,4,0,0,1,2.88028125
Client Meeting,Medium,Junior,Python,High,8,4,0,16,2,13,False,1,False,3.4375,1,2,1,0,2.67383531
Testing,Low,Junior,Python,Critical,12,4,1,24,5,16,True,1,True,2.8125,1,3,0,0,4.30432948
Documentation,Medium,Mid,Go,Critical,13,2,0,26,4,12,False,3,False,2.375,1,1,0,0,4.58734375
Refactoring,Medium,Tech Lead,Go,Medium,12,5,0,24,7,9,True,3,False,3.9,1,2,2,0,4.5554985
Refactoring,Low,Mid,Java,Critical,3,2,0,6,7,14,False,3,False,1.5,2,0,0,0,1.202325
Refactoring,Medium,Mid,Python,High,12,4,0,24,10,9,False,1,False,2.8125,1,3,0,0,4.23084375
Design Review,Medium,Senior,Other,Low,8,5,2,16,5,17,True,2,False,2.7,3,1,1,0,4.00020968
Design Review,High,Junior,Python,Low,6,4,3,12,2,14,False,2,False,3.0,2,1,1,0,3.4565465
Documentation,High,Tech Lead,JavaScript,Low,8,4,1,16,7,12,False,3,False,4.375,0,3,0,1,3.80334281
Testing,Low,Junior,Go,High,4,5,0,8,7,11,True,1,False,1.85,4,1,0,0,1.46621475
Documentation,Medium,Mid,Go,Low,3,5,2,6,1,9,True,2,False,3.1,3,1,0,1,1.76273213
Deployment,Medium,Senior,Other,Critical,9,5,1,18,4,10,False,0,True,4.8,1,1,2,1,2.68368375
Code Review,Medium,Mid,Other,Low,2,5,3,4,6,9,False,2,True,2.7,3,1,1,0,1.64229973
Deployment,High,Senior,C++,Critical,7,5,0,14,8,16,False,2,False,4.45,2,0,2,1,2.27029433
Feature Dev,Medium,Tech Lead,JavaScript,Critical,8,3,3,16,10,16,True,0,False,2.08333333,2,1,0,0,3.24405156
Testing,Medium,Mid,Python,Medium,4,3,2,8,1,9,True,3,True,2.08333333,2,1,0,0,2.5304125
Deployment,Medium,Mid,Other,High,5,5,3,10,2,10,False,0,False,2.7,3,1,1,0,2.06399025
Deployment,Low,Junior,C++,Low,10,5,1,20,7,10,False,2,False,1.5,5,0,0,0,4.453625
Feature Dev,High,Senior,JavaScript,Critical,2,5,2,4,9,10,True,1,True,3.9,1,2,2,0,1.10243064
Client Meeting,High,Tech Lead,Other,Medium,5,2,0,10,8,16,False,0,True,4.5,0,1,1,0,2.1473375
Documentation,High,Tech Lead,C++,Low,5,5,2,10,1,14,False,3,True,4.8,1,1,2,1,2.6857886
Refactoring,Medium,Junior,C++,Low,2,3,1,4,10,18,False,0,True,2.08333333,2,1,0,0,1.14471042
Testing,High,Mid,Python,Critical,6,4,0,12,10,18,False,0,False,4.5625,1,1,1,1,1.88178525
Refactoring,Low,Junior,Go,Critical,11,3,2,22,1,13,True,3,True,2.08333333,2,1,0,0,4.45812675
Documentation,Medium,Tech Lead,Other,Low,5,3,3,10,4,13,False,0,False,2.91666667,2,0,1,0,2.49433479
Testing,Medium,Junior,Python,Medium,8,2,1,16,1,11,False,2,False,2.375,1,1,0,0,3.4834375
Feature Dev,High,Junior,Go,Critical,9,3,3,18,7,10,False,0,False,4.33333333,1,0,2,0,3.2395455
Testing,High,Mid,Other,Low,5,2,2,10,2,11,True,2,False,1.5,2,0,0,0,3.31485
Feature Dev,Medium,Senior,Other,High,6,3,1,12,7,9,False,2,False,2.08333333,2,1,0,0,2.4646875
Documentation,High,Junior,JavaScript,Low,6,2,0,12,9,9,False,0,True,4.5,0,1,1,0,2.8344855
Documentation,Low,Mid,Go,High,10,2,2,20,7,12,False,2,False,2.375,1,1,0,0,3.6208125
Code Review,Low,Junior,Java,Critical,2,2,1,4,5,11,True,2,True,3.25,0,2,0,0,0.98481797
Bug Fix,Medium,Tech Lead,Other,Medium,5,4,3,10,3,11,False,3,False,2.5625,3,0,1,0,2.59247656
Bug Fix,Low,Senior,C++,Critical,4,2,3,8,7,16,False,0,False,1.5,2,0,0,0,1.6466625
Code Review,Medium,Tech Lead,Python,Medium,13,5,2,26,3,15,False,1,False,3.75,0,4,1,0,4.9567
Refactoring,High,Mid,Go,Critical,10,5,3,20,7,10,False,2,False,3.55,2,1,2,0,3.86965687
Refactoring,High,Tech Lead,Python,Medium,2,3,3,4,8,18,False,3,False,4.16666667,1,1,0,1,1.41462917
Testing,High,Mid,Java,High,12,4,1,24,3,13,True,3,True,2.375,2,2,0,0,6.08945597
Deployment,Low,Tech Lead,Python,Low,3,3,0,6,6,9,False,1,False,2.08333333,2,1,0,0,1.29259167
Documentation,High,Junior,Python,Critical,3,4,0,6,9,16,False,3,False,3.4375,1,2,1,0,1.28560163
Deployment,Medium,Junior,Java,High,5,2,1,10,1,10,False,2,False,1.5,2,0,0,0,2.167875
Testing,High,Senior,Other,High,7,4,3,14,6,16,False,1,False,4.5,0,2,2,0,2.7907425
Feature Dev,Medium,Mid,Java,Medium,5,3,1,10,1,14,True,2,True,4.33333333,1,0,2,0,2.25373225
Design Review,Low,Tech Lead,Python,Critical,13,2,0,26,3,15,False,2,True,1.5,2,0,0,0,4.67687
Client Meeting,High,Senior,Other,Low,7,3,2,14,7,16,False,0,False,3.5,1,1,1,0,3.474152
Code Review,High,Senior,Python,Low,3,2,2,6,6,13,False,2,False,2.375,1,1,0,0,2.029225
Refactoring,Medium,Senior,JavaScript,High,4,3,3,8,6,11,False,1,True,3.58333333,2,0,0,1,1.86199406
Testing,High,Mid,Java,Medium,3,2,3,6,4,16,False,0,False,2.375,1,1,0,0,1.7956875
Code Review,Medium,Junior,JavaScript,Medium,6,5,2,12,2,10,False,0,True,3.45,2,2,0,1,2.61694125
Documentation,Low,Tech Lead,Python,Medium,13,4,0,26,2,10,False,1,False,1.9375,3,1,0,0,4.7949375
Bug Fix,High,Tech Lead,Other,High,6,3,2,12,7,13,True,0,True,4.33333333,1,0,2,0,2.64118239
Documentation,Low,Mid,JavaScript,Critical,13,3,3,26,1,18,True,0,True,4.75,0,2,0,1,4.12668181
Client Meeting,Medium,Senior,Python,Critical,7,2,1,14,3,11,True,3,False,1.5,2,0,0,0,2.97314062
Client Meeting,Low,Mid,Other,Critical,5,3,3,10,3,10,True,2,False,3.58333333,2,0,0,1,1.91284133
Bug Fix,Low,Junior,JavaScript,High,12,3,2,24,7,16,False,1,False,2.08333333,2,1,0,0,4.2303
Refactoring,Medium,Senior,C++,High,8,4,0,16,9,18,False,3,False,2.375,2,2,0,0,3.0909375
Code Review,Medium,Junior,Go,Critical,13,2,0,26,6,10,True,2,True,1.5,2,0,0,0,5.43398625
Deployment,Low,Junior,Other,Low,4,3,1,8,9,9,False,0,True,1.5,3,0,0,0,1.9719975
Code Review,Medium,Junior,C++,Low,8,2,1,16,8,18,False,3,True,1.5,2,0,0,0,4.5269125
Deployment,High,Mid,Java,High,9,3,0,18,2,16,False,0,False,2.66666667,1,2,0,0,3.6018
Design Review,High,Mid,Java,Medium,9,2,0,18,9,16,False,3,False,2.375,1,1,0,0,4.35675
Documentation,High,Mid,JavaScript,Low,3,3,3,6,3,12,False,1,False,3.25,0,3,0,0,1.9903125
Code Review,Medium,Junior,C++,Low,7,3,2,14,2,12,False,1,False,2.91666667,2,0,1,0,3.25790667
Code Review,Medium,Junior,Other,Low,9,5,0,18,7,13,True,0,False,3.6,3,0,1,1,3.5193312
Documentation,Medium,Senior,Python,Medium,3,2,1,6,8,12,False,2,False,2.375,1,1,0,0,1.5209375
Bug Fix,Medium,Senior,Python,High,9,2,3,18,8,10,False,1,False,2.375,1,1,0,0,3.66496875
Design Review,High,Junior,Go,Medium,13,3,1,26,1,12,False,3,False,4.08333333,0,2,1,0,5.58740208
Client Meeting,High,Senior,Python,Low,1,3,3,2,10,10,True,2,False,4.33333333,1,0,2,0,1.06452885
Feature Dev,High,Tech Lead,Java,Critical,8,2,2,16,7,12,True,2,False,3.625,1,0,1,0,3.32470865
Code Review,Medium,Senior,Other,Medium,10,4,1,20,2,10,True,2,False,1.9375,3,1,0,0,4.58177344
Client Meeting,Medium,Senior,Python,Medium,12,4,2,24,2,10,True,2,False,3.875,0,3,1,0,4.89198281
Client Meeting,High,Junior,Python,High,4,3,0,8,3,13,True,2,True,3.58333333,2,0,0,1,1.85506571
Testing,Low,Mid,Python,Medium,9,3,1,18,8,16,True,3,False,2.66666667,1,2,0,0,3.74535
Client Meeting,Medium,Tech Lead,Java,Medium,9,2,3,18,4,9,False,2,False,3.25,0,2,0,0,3.984375
Code Review,Low,Mid,JavaScript,High,10,3,3,20,4,15,True,3,True,2.08333333,2,1,0,0,4.50298406
Refactoring,High,Junior,Java,Medium,5,4,2,10,8,13,False,3,False,3.625,2,0,2,0,2.5045125
Feature Dev,High,Junior,Python,High,3,4,3,6,1,12,True,3,False,4.5,0,2,2,0,1.65556912
Bug Fix,High,Mid,Other,Critical,10,3,2,20,5,17,True,0,True,5.0,1,0,1,1,3.76186965
Bug Fix,Low,Junior,Python,High,12,3,1,24,6,10,False,1,False,4.75,0,2,0,1,3.37008938
Deployment,High,Mid,Python,Medium,7,4,2,14,6,12,True,2,True,5.1875,1,0,2,1,3.2503779
Documentation,Low,Junior,C++,Low,4,3,2,8,10,14,True,1,True,3.58333333,2,0,0,1,2.04501798
Deployment,Medium,Tech Lead,Go,Low,4,3,1,8,8,9,False,3,False,4.08333333,0,2,1,0,1.95950104
Feature Dev,Medium,Tech Lead,Go,Low,12,3,1,24,4,14,False,1,False,4.08333333,0,2,1,0,4.82706354
Bug Fix,High,Junior,JavaScript,Medium,9,4,0,18,9,13,True,3,False,3.5,2,1,0,1,4.0967325
Bug Fix,Medium,Senior,Python,Critical,11,5,3,22,1,11,False,0,False,3.95,2,1,1,1,3.42291175
Feature Dev,Medium,Senior,C++,Medium,9,2,0,18,1,14,False,3,False,5.75,0,0,2,0,3.1161
Client Meeting,Low,Tech Lead,Go,High,11,2,2,22,6,17,False,2,True,2.375,1,1,0,0,4.33261125
Code Review,Low,Junior,Python,Critical,4,5,3,8,9,17,False,2,False,3.1,3,1,0,1,1.59485288
Feature Dev,Low,Mid,Python,Medium,6,3,0,12,2,14,False,0,False,2.08333333,2,1,0,0,2.151
Feature Dev,High,Mid,Go,Critical,4,2,0,8,8,10,False,0,True,3.25,0,2,0,0,1.612875
Bug Fix,Medium,Junior,Go,Low,2,5,0,4,1,18,False,3,True,4.8,1,1,2,1,1.0187474
Refactoring,High,Mid,C++,High,11,5,1,22,9,18,False,2,False,3.45,2,2,0,1,4.29019763
Code Review,Medium,Mid,Java,Low,12,4,2,24,1,12,False,0,False,4.0625,1,1,2,0,4.72958063
Code Review,Medium,Tech Lead,Go,Critical,6,2,0,12,10,11,True,3,False,3.25,0,2,0,0,2.25914063
Documentation,Medium,Tech Lead,Python,High,9,5,0,18,10,15,True,0,False,4.25,0,3,2,0,2.8381185
Code Review,High,Mid,Other,Medium,5,2,3,10,6,17,True,0,False,5.75,0,0,2,0,2.3071125
Design Review,Medium,Senior,JavaScript,High,11,2,1,22,5,14,False,3,False,4.5,0,1,1,0,3.70479375
Bug Fix,High,Junior,Other,Critical,4,5,0,8,9,13,False,0,False,4.45,2,0,2,1,1.2214449
Feature Dev,Medium,Senior,Java,Critical,10,5,2,20,1,12,False,2,True,2.2,3,2,0,0,4.165425
Refactoring,Medium,Tech Lead,C++,High,1,5,0,2,4,12,True,3,False,3.55,2,1,2,0,0.57361973
Deployment,High,Tech Lead,Java,Critical,12,4,2,24,4,11,False,2,False,5.625,0,1,2,1,3.8710105
Feature Dev,High,Tech Lead,Java,Low,11,3,0,22,5,13,True,3,False,3.58333333,2,0,0,1,5.41566025
Code Review,Medium,Senior,Python,Critical,4,5,3,8,2,17,True,2,False,3.1,3,1,0,1,1.80279422
Client Meeting,High,Senior,C++,Low,3,2,3,6,6,17,False,0,True,2.375,1,1,0,0,2.17278188
Testing,Medium,Junior,C++,Medium,9,2,3,18,8,14,False,1,False,4.5,0,1,1,0,3.5223125
Documentation,High,Mid,Python,Medium,11,4,0,22,10,13,True,1,False,3.25,0,4,0,0,5.079375
Bug Fix,Low,Junior,JavaScript,High,3,2,2,6,3,14,False,2,True,1.5,2,0,0,0,1.603305
Deployment,High,Senior,Other,Medium,9,2,0,18,7,17,False,1,False,2.375,1,1,0,0,4.1605
Client Meeting,High,Senior,Python,Critical,6,2,0,12,9,13,True,2,False,5.75,0,0,2,0,2.1107982
Feature Dev,High,Senior,Other,Critical,12,2,1,24,7,9,False,0,False,2.375,1,1,0,0,4.72913438
Bug Fix,Medium,Junior,Python,High,1,4,0,2,3,10,False,3,False,4.0625,1,1,2,0,0.53112938
Deployment,Medium,Tech Lead,C++,High,12,2,3,24,5,11,False,3,True,3.625,1,0,1,0,4.89662972
Code Review,High,Senior,Other,High,5,5,3,10,2,11,False,0,False,3.95,2,1,1,1,2.0549925
Feature Dev,Medium,Mid,Go,High,6,4,3,12,7,15,True,2,True,2.8125,1,3,0,0,3.04167445
Deployment,High,Senior,Go,Medium,5,4,0,10,3,17,False,2,True,3.5,2,1,0,1,2.4165625
Client Meeting,Medium,Tech Lead,Go,Medium,2,2,1,4,3,14,False,2,False,3.625,1,0,1,0,1.02486563
Code Review,High,Junior,Python,Low,10,4,0,20,9,16,True,3,False,2.8125,1,3,0,0,5.42958281
Bug Fix,Low,Mid,Other,Low,2,3,0,4,6,13,False,0,False,2.66666667,1,2,0,0,0.7656
Bug Fix,Medium,Junior,Python,Critical,4,4,3,8,7,15,True,1,False,3.4375,1,2,1,0,1.72752718
Code Review,High,Tech Lead,C++,Low,11,4,0,22,4,15,True,0,False,4.5,0,2,2,0,4.80693675
Code Review,Medium,Tech Lead,C++,Low,3,2,0,6,4,11,False,2,False,3.625,1,0,1,0,1.37242875
Feature Dev,High,Senior,Other,Medium,8,3,3,16,3,11,False,3,False,4.33333333,1,0,2,0,3.67837667
Feature Dev,Low,Tech Lead,C++,High,8,2,1,16,10,11,True,2,False,3.25,0,2,0,0,2.86157813
Client Meeting,Medium,Senior,C++,Medium,1,2,1,2,3,17,False,1,False,2.375,1,1,0,0,0.6378125
Feature Dev,Medium,Senior,JavaScript,Low,12,5,0,24,10,10,True,2,False,2.55,2,3,0,0,5.6161875
Client Meeting,Medium,Senior,Other,Critical,11,2,1,22,3,9,False,3,False,4.5,0,1,1,0,3.49897188
Bug Fix,Medium,Mid,Java,Critical,4,5,2,8,2,13,False,1,True,2.2,3,2,0,0,1.8513
Design Review,High,Senior,JavaScript,High,9,3,1,18,4,14,True,0,False,4.08333333,0,2,1,0,3.52280053
Refactoring,High,Junior,Java,Low,8,5,1,16,6,9,False,0,False,3.05,2,2,1,0,3.87206298
Client Meeting,Medium,Senior,JavaScript,High,4,4,3,8,2,10,True,3,False,3.4375,1,2,1,0,1.99929959
Bug Fix,Medium,Mid,JavaScript,Medium,1,3,1,2,6,17,True,0,False,2.91666667,2,0,1,0,0.53450031
Code Review,Medium,Senior,Python,Medium,7,2,2,14,9,17,True,3,True,3.625,1,0,1,0,3.49969331
Refactoring,High,Junior,Other,Low,10,4,2,20,8,14,False,2,False,4.5625,1,1,1,1,4.49992125
Client Meeting,Medium,Tech Lead,C++,Medium,9,4,3,18,8,13,False,3,False,3.0,2,1,1,0,4.008525
Bug Fix,High,Mid,Java,Critical,12,3,2,24,9,13,False,3,False,3.5,1,1,1,0,4.6674945
Design Review,Low,Tech Lead,Go,Low,10,5,3,20,10,10,False,3,False,3.45,2,2,0,1,4.21618312
Code Review,Low,Mid,Python,Critical,12,3,1,24,5,11,False,1,False,2.08333333,2,1,0,0,3.86831458
Refactoring,Medium,Tech Lead,Go,Low,4,4,2,8,1,17,False,0,False,1.9375,3,1,0,0,2.09653125
Refactoring,Medium,Mid,Other,Medium,7,3,3,14,2,13,True,2,False,2.66666667,1,2,0,0,3.50175
Documentation,Medium,Mid,JavaScript,Low,1,4,0,2,10,15,False,3,False,4.125,2,0,1,1,0.6331325
Bug Fix,Medium,Tech Lead,Other,High,9,3,2,18,2,18,True,2,False,4.08333333,0,2,1,0,3.36677906
Refactoring,High,Tech Lead,Other,High,6,2,3,12,2,11,True,3,True,1.5,2,0,0,0,3.73986113
Bug Fix,High,Junior,Java,Low,8,4,2,16,1,11,False,2,True,3.9375,1,2,0,1,4.33943434
Refactoring,Low,Mid,JavaScript,Critical,10,5,0,20,10,10,False,1,False,3.1,3,1,0,1,2.82342375
Bug Fix,High,Tech Lead,JavaScript,High,4,2,2,8,6,14,False,2,True,4.5,0,1,1,0,1.96621425
Testing,High,Junior,Other,Critical,7,3,2,14,10,17,False,3,False,3.58333333,2,0,0,1,2.84044854
Design Review,High,Tech Lead,Other,Critical,1,5,3,2,9,15,True,2,True,3.05,2,2,1,0,1.00155509
Documentation,High,Senior,Python,Medium,10,4,2,20,10,14,True,1,False,2.375,2,2,0,0,5.1515625
Code Review,Low,Senior,Other,Critical,4,5,0,8,5,17,True,1,True,2.2,3,2,0,0,1.49677605
Bug Fix,High,Mid,Java,Medium,12,4,0,24,5,17,False,1,True,2.375,2,2,0,0,6.0660875
Client Meeting,Medium,Junior,Go,Medium,6,4,1,12,5,17,True,2,True,1.9375,3,1,0,0,3.18617578
Feature Dev,High,Junior,Go,Critical,2,5,0,4,5,15,False,0,True,2.55,2,3,0,0,0.8365445
Refactoring,High,Mid,C++,Medium,5,3,2,10,10,17,False,1,False,3.5,1,1,1,0,2.422575
Feature Dev,Low,Senior,Java,Critical,6,5,3,12,5,9,False,0,True,2.2,3,2,0,0,2.4159465
Code Review,Low,Senior,Other,Critical,12,2,0,24,4,13,True,3,False,2.375,1,1,0,0,4.04603719
Code Review,High,Mid,Python,Critical,8,3,3,16,9,10,False,3,False,2.66666667,1,2,0,0,3.63998333
Feature Dev,Low,Junior,Python,Medium,12,4,2,24,10,10,True,0,False,2.375,2,2,0,0,4.76004375
Feature Dev,Medium,Mid,Go,High,8,4,0,16,3,11,False,0,False,1.9375,3,1,0,0,2.889
Deployment,Medium,Senior,Java,Critical,7,5,2,14,1,17,False,2,True,3.9,1,2,2,0,2.62483485
Testing,Medium,Tech Lead,JavaScript,Critical,7,5,1,14,4,18,False,0,False,2.7,3,1,1,0,2.34714538
Bug Fix,Medium,Junior,Java,Medium,3,4,1,6,1,17,False,3,False,2.375,2,2,0,0,1.6190625
Documentation,High,Senior,Go,Medium,6,4,2,12,2,10,True,1,False,4.0625,1,1,2,0,2.79728138
Feature Dev,High,Mid,JavaScript,High,2,5,0,4,1,16,False,2,False,3.45,2,2,0,1,0.888174
Testing,Low,Senior,Java,Medium,2,3,1,4,4,11,True,0,True,2.08333333,2,1,0,0,1.00066313
Code Review,High,Tech Lead,Java,Critical,8,5,2,16,10,9,True,1,False,3.05,2,2,1,0,3.3467197
Code Review,Medium,Junior,Java,Low,4,3,0,8,5,10,True,2,False,1.5,3,0,0,0,2.130975
Testing,Low,Mid,Go,Critical,10,2,1,20,7,16,False,3,False,1.5,2,0,0,0,3.5285625
Code Review,High,Tech Lead,JavaScript,Medium,10,3,2,20,1,16,False,2,True,2.66666667,1,2,0,0,5.423
Client Meeting,Medium,Mid,JavaScript,Critical,4,2,2,8,8,17,False,2,False,3.25,0,2,0,0,1.6734375
Design Review,Medium,Senior,JavaScript,Critical,12,4,1,24,8,15,True,2,False,4.375,0,3,0,1,3.8480277
Feature Dev,Low,Senior,Other,Critical,7,4,3,14,5,17,False,1,False,2.375,2,2,0,0,2.56057188
Testing,High,Junior,Go,Critical,8,5,0,16,2,9,False,1,False,4.3,1,2,1,1,2.6160246
Documentation,Medium,Senior,Other,High,6,3,1,12,2,17,True,2,False,1.5,3,0,0,0,2.66371875
Design Review,High,Tech Lead,Python,High,1,4,3,2,5,9,False,0,False,4.5625,1,1,1,1,0.65694038
Deployment,High,Mid,Go,Low,2,3,2,4,4,13,False,2,True,2.91666667,2,0,1,0,1.59026569
Testing,High,Senior,Other,Low,3,5,2,6,9,12,False,1,False,3.4,1,3,1,0,1.7663118
Refactoring,Low,Junior,Java,Critical,4,3,2,8,7,14,True,1,False,2.66666667,1,2,0,0,1.58746
Bug Fix,High,Mid,Go,Medium,1,3,2,2,9,12,True,2,True,4.33333333,1,0,2,0,0.9206736
Testing,High,Mid,C++,Medium,3,5,0,6,9,9,True,0,False,3.05,2,2,1,0,1.33173968
Refactoring,High,Senior,C++,Critical,4,4,3,8,4,11,False,1,False,3.5,2,1,0,1,1.78518063
Code Review,High,Senior,Other,Medium,12,4,0,24,2,13,False,2,True,3.0,2,1,1,0,5.798078
Testing,Low,Junior,JavaScript,Critical,8,2,0,16,6,16,False,2,False,2.375,1,1,0,0,2.5689125
Refactoring,High,Senior,Java,Critical,7,2,1,14,5,15,True,1,True,1.5,2,0,0,0,3.49183931
Refactoring,High,Junior,Java,High,10,3,2,20,8,14,True,0,True,3.25,0,3,0,0,4.77520313
Testing,Medium,Junior,Python,Critical,8,5,3,16,5,16,True,3,False,4.25,0,3,2,0,2.94104409
Code Review,Medium,Senior,JavaScript,Low,9,3,2,18,9,15,False,1,False,2.08333333,2,1,0,0,4.38166667
Design Review,High,Tech Lead,Python,Critical,12,2,0,24,2,16,False,0,False,4.5,0,1,1,0,3.982335
Feature Dev,High,Senior,Other,Low,1,4,1,2,8,12,True,3,False,3.625,2,0,2,0,0.90771306
Feature Dev,Low,Senior,Go,Low,2,2,0,4,10,12,False,2,False,2.375,1,1,0,0,0.993025
Design Review,High,Tech Lead,C++,Critical,10,4,1,20,4,18,False,1,True,4.375,0,3,0,1,3.79643602
Refactoring,High,Mid,JavaScript,Medium,2,3,2,4,3,11,False,0,True,4.08333333,0,2,1,0,1.16614208
Bug Fix,High,Tech Lead,JavaScript,Critical,11,4,3,22,6,9,False,0,False,3.4375,1,2,1,0,4.21646723
Client Meeting,Low,Senior,Java,High,1,5,2,2,10,16,False,2,False,2.2,3,2,0,0,0.76626
Code Review,Medium,Tech Lead,Other,Medium,2,5,3,4,4,17,False,3,False,3.9,1,2,2,0,1.318585
Client Meeting,Low,Tech Lead,Python,Low,11,2,3,22,7,10,False,1,True,2.375,1,1,0,0,5.35477938
Bug Fix,Medium,Tech Lead,JavaScript,High,11,4,2,22,10,9,True,3,True,2.375,2,2,0,0,5.10004688
Testing,High,Tech Lead,Go,Medium,9,2,3,18,3,12,False,0,False,1.5,2,0,0,0,4.70475
Design Review,High,Mid,Java,Low,12,5,3,24,4,18,False,2,False,3.55,2,1,2,0,5.88534705
Refactoring,Low,Junior,JavaScript,High,6,3,0,12,3,13,True,1,True,4.16666667,1,1,0,1,1.99002746
Refactoring,Low,Tech Lead,Java,Medium,3,2,0,6,7,18,False,1,False,3.25,0,2,0,0,1.10625
Testing,Low,Tech Lead,JavaScript,High,2,3,0,4,1,15,True,1,False,3.58333333,2,0,0,1,0.67787606
Code Review,High,Tech Lead,JavaScript,Critical,4,5,1,8,7,14,False,3,False,2.55,2,3,0,0,1.89297125
Documentation,Low,Mid,C++,High,5,3,2,10,4,10,False,0,False,3.25,0,3,0,0,1.771875
Testing,High,Tech Lead,JavaScript,Critical,8,2,1,16,4,12,True,3,False,3.625,1,0,1,0,3.2849394
Refactoring,Medium,Tech Lead,Other,Medium,1,2,0,2,7,12,True,3,False,2.375,1,1,0,0,0.72121875
Design Review,High,Senior,C++,Critical,11,5,0,22,9,10,False,0,False,3.55,2,1,2,0,3.72961215
Deployment,High,Mid,Other,Low,11,3,1,22,8,10,False,2,False,2.66666667,1,2,0,0,5.75263333
Feature Dev,High,Senior,C++,Medium,12,3,1,24,1,13,False,0,False,3.58333333,2,0,0,1,4.96006875
Testing,High,Mid,JavaScript,Medium,10,2,3,20,10,11,True,2,False,5.75,0,0,2,0,4.4044875
Deployment,High,Tech Lead,C++,Low,11,2,3,22,2,16,False,0,True,3.25,0,2,0,0,6.25040625
Testing,Medium,Senior,Java,High,11,5,1,22,1,17,True,1,True,3.2,3,0,2,0,4.27103523
Bug Fix,Medium,Senior,Java,Critical,11,3,2,22,10,14,True,1,False,3.5,1,1,1,0,3.843819
Client Meeting,High,Senior,JavaScript,Low,9,5,0,18,1,15,True,3,False,3.05,2,2,1,0,4.71320042
Deployment,High,Junior,Other,Low,13,5,2,26,6,14,True,1,False,4.8,1,1,2,1,5.64015606
Feature Dev,Medium,Tech Lead,C++,Medium,2,2,3,4,3,9,False,0,True,3.25,0,2,0,0,1.2890625
Client Meeting,Low,Senior,C++,Medium,11,2,2,22,6,11,False,3,True,3.25,0,2,0,0,4.7025
Testing,High,Tech Lead,Go,Low,6,2,1,12,2,17,True,3,False,3.625,1,0,1,0,3.30412222
Testing,Low,Senior,C++,Medium,5,2,3,10,6,17,False,3,False,1.5,2,0,0,0,2.61375
Refactoring,Low,Mid,Python,High,8,5,0,16,2,18,False,0,False,2.2,3,2,0,0,2.56608
Design Review,Medium,Tech Lead,Python,Critical,8,2,0,16,7,16,False,1,True,1.5,2,0,0,0,3.1626375
Documentation,Medium,Tech Lead,Go,Low,7,3,3,14,2,18,False,1,True,2.91666667,2,0,1,0,3.75168315
Testing,High,Tech Lead,Other,High,4,2,0,8,5,18,False,1,False,1.5,2,0,0,0,1.78965
Client Meeting,High,Senior,Java,Critical,13,5,0,26,5,16,False,1,False,4.8,1,1,2,1,3.9555872
Deployment,Low,Mid,Other,High,3,2,1,6,9,16,False,2,False,3.25,0,2,0,0,1.2065625
Bug Fix,Medium,Senior,JavaScript,Medium,1,4,2,2,4,9,True,3,False,3.0,2,1,1,0,0.967575
Design Review,Low,Junior,Python,Critical,11,3,0,22,1,12,True,0,False,3.58333333,2,0,0,1,3.09177619
Documentation,High,Tech Lead,Python,Medium,7,3,2,14,6,11,True,2,False,3.5,1,1,1,0,3.5046585
Design Review,Medium,Mid,Java,Critical,4,4,3,8,6,13,False,2,True,1.9375,3,1,0,0,2.11032422
Bug Fix,Medium,Mid,JavaScript,Medium,8,3,3,16,5,9,False,3,False,3.5,1,1,1,0,3.5441375
Client Meeting,Medium,Mid,Python,Medium,9,3,2,18,3,17,False,0,True,5.0,1,0,1,1,3.35478
Client Meeting,Medium,Junior,Go,High,3,4,1,6,10,17,False,3,False,2.375,2,2,0,0,1.45715625
Feature Dev,High,Mid,Java,Low,13,5,0,26,2,16,False,0,True,4.8,1,1,2,1,5.53828132
Client Meeting,Low,Junior,Java,Medium,13,4,0,26,6,18,True,1,False,1.9375,3,1,0,0,5.03468438
Code Review,High,Junior,JavaScript,Medium,11,4,2,22,5,18,False,2,False,3.625,2,0,2,0,4.801755
Feature Dev,Medium,Senior,Python,Medium,9,4,0,18,5,15,False,0,False,4.5625,1,1,1,1,2.88765
Deployment,High,Tech Lead,Python,High,9,4,2,18,3,12,True,0,True,3.4375,1,2,1,0,4.15514008
Testing,High,Senior,Python,High,12,2,1,24,6,16,True,3,False,4.5,0,1,1,0,4.78835044
Code Review,High,Senior,C++,Medium,9,4,2,18,10,10,True,0,False,3.0,2,1,1,0,4.296033
Testing,High,Tech Lead,Go,Low,5,4,2,10,8,17,True,1,True,4.0625,1,1,2,0,2.89199945
Documentation,High,Tech Lead,JavaScript,Medium,8,3,0,16,4,14,True,3,False,2.91666667,2,0,1,0,3.86783862
Deployment,Medium,Senior,JavaScript,Low,4,2,0,8,8,9,True,0,False,3.625,1,0,1,0,1.6469145
Testing,Medium,Junior,Python,Critical,9,4,0,18,3,17,False,2,True,1.9375,3,1,0,0,3.56410313
Code Review,Low,Senior,C++,High,8,4,1,16,7,14,True,2,False,1.5,4,0,0,0,3.12865875
Design Review,Medium,Mid,JavaScript,High,7,4,0,14,3,16,False,1,False,1.9375,3,1,0,0,2.61815625
Bug Fix,High,Mid,Python,Low,8,5,2,16,4,17,False,2,True,3.4,1,3,1,0,4.56264138
Feature Dev,High,Mid,Go,Critical,12,4,2,24,9,9,False,3,False,2.375,2,2,0,0,5.1044625
Refactoring,High,Junior,Java,Medium,3,4,1,6,7,12,True,2,True,3.4375,1,2,1,0,1.79889698
Bug Fix,Low,Mid,Java,Medium,2,5,0,4,10,16,True,0,True,3.1,3,1,0,1,0.7465689
Bug Fix,Medium,Tech Lead,Python,Critical,7,3,1,14,7,10,False,0,False,4.75,0,2,0,1,2.05458281
Testing,High,Tech Lead,Go,Critical,12,4,1,24,7,9,True,0,False,3.4375,1,2,1,0,4.55585076
Deployment,Low,Senior,Go,Medium,13,4,1,26,4,17,False,2,False,1.5,4,0,0,0,5.15575
Design Review,Medium,Mid,Go,High,13,4,1,26,1,14,True,2,False,3.0,2,1,1,0,4.83303713
Refactoring,Low,Junior,Python,Critical,7,4,0,14,3,18,True,3,False,4.375,0,3,0,1,2.10707536
Design Review,Medium,Junior,Java,High,3,3,1,6,1,9,False,0,False,2.66666667,1,2,0,0,1.1745
Refactoring,Low,Tech Lead,Other,High,12,4,0,24,10,10,True,0,False,2.375,2,2,0,0,4.005855
Client Meeting,High,Junior,C++,High,13,3,1,26,6,16,False,0,False,3.58333333,2,0,0,1,4.82622563
Client Meeting,High,Tech Lead,Java,Critical,11,4,1,22,5,14,False,0,False,3.4375,1,2,1,0,3.98689552
Deployment,High,Junior,JavaScript,High,8,5,0,16,8,13,False,3,True,3.4,1,3,1,0,3.55445442
Deployment,High,Mid,Other,Low,13,5,3,26,4,16,False,2,False,3.05,2,2,1,0,6.70281398
Bug Fix,Low,Tech Lead,C++,Critical,13,5,1,26,5,10,True,0,True,2.55,2,3,0,0,4.61145156
Design Review,High,Mid,Other,Low,8,4,1,16,7,15,True,0,False,4.5625,1,1,1,1,3.54832026
Design Review,Medium,Senior,Other,High,8,4,1,16,1,11,False,1,False,1.9375,3,1,0,0,3.11470312
Code Review,Low,Mid,Java,Critical,12,4,2,24,5,15,False,1,False,3.5,2,1,0,1,3.525545
Client Meeting,Low,Senior,Other,Medium,4,3,1,8,5,14,False,1,False,3.25,0,3,0,0,1.584375
Code Review,Low,Junior,Java,Critical,10,2,3,20,3,15,True,2,True,2.375,1,1,0,0,4.0942043
Code Review,Medium,Senior,Other,Medium,3,5,3,6,4,14,True,3,False,4.45,2,0,2,1,1.59904631
Testing,High,Mid,Other,Critical,6,2,1,12,5,12,True,1,False,2.375,1,1,0,0,2.63605453
Client Meeting,Medium,Mid,Other,Medium,6,4,0,12,9,13,False,0,False,2.375,2,2,0,0,2.355
Client Meeting,Low,Senior,Java,Low,3,4,2,6,2,17,False,1,False,3.9375,1,2,0,1,1.39677313
Code Review,High,Mid,Java,Low,8,5,0,16,5,16,False,3,False,3.9,1,2,2,0,3.7243646
Bug Fix,Low,Senior,Go,High,2,3,2,4,6,13,False,2,False,2.08333333,2,1,0,0,1.093425
Refactoring,High,Mid,C++,Critical,8,4,0,16,8,14,False,1,False,2.8125,1,3,0,0,3.08247188
Code Review,High,Senior,Go,Medium,7,3,3,14,4,10,True,3,False,2.08333333,2,1,0,0,4.15113125
Deployment,Medium,Tech Lead,Go,Low,6,4,2,12,3,13,True,1,False,1.9375,3,1,0,0,3.24410625
Design Review,High,Mid,Go,Critical,5,3,3,10,4,17,False,2,False,4.08333333,0,2,1,0,2.17891302
Documentation,Low,Junior,C++,Low,4,2,1,8,1,18,True,1,True,2.375,1,1,0,0,2.10688603
Bug Fix,Medium,Junior,Other,Low,9,3,2,18,10,17,False,3,False,4.16666667,1,1,0,1,3.913525
Client Meeting,High,Senior,Other,Medium,13,2,0,26,5,13,False,0,False,2.375,1,1,0,0,5.867875
Feature Dev,High,Junior,C++,Medium,1,2,1,2,5,17,False,1,True,5.75,0,0,2,0,0.624019
Bug Fix,High,Senior,Java,Low,11,5,2,22,3,11,False,0,False,3.05,2,2,1,0,5.4188662
Refactoring,Low,Mid,Java,Medium,13,4,3,26,6,12,True,3,False,3.5,2,1,0,1,5.01019313
Documentation,Medium,Junior,Other,Medium,4,4,0,8,8,10,False,3,False,1.9375,3,1,0,0,1.9059375
Refactoring,Low,Senior,Java,High,3,2,2,6,1,11,False,0,False,1.5,2,0,0,0,1.27305
Documentation,Medium,Senior,C++,Medium,6,4,1,12,5,13,False,1,True,1.9375,3,1,0,0,2.92410938
Bug Fix,Low,Mid,Python,High,6,3,0,12,6,18,False,0,False,2.08333333,2,1,0,0,1.9359
Bug Fix,High,Senior,JavaScript,Medium,13,3,0,26,5,13,False,3,True,5.58333333,0,1,1,1,5.402056
Deployment,Medium,Junior,Other,Low,7,5,0,14,1,17,True,2,False,2.7,3,1,1,0,3.24341325
Bug Fix,Low,Senior,Go,Medium,10,4,0,20,4,14,False,0,False,1.9375,3,1,0,0,3.61125
Design Review,Low,Tech Lead,Python,Critical,6,2,0,12,4,15,True,0,False,2.375,1,1,0,0,1.89165375
Deployment,Medium,Junior,Python,High,6,2,1,12,2,17,True,3,False,2.375,1,1,0,0,2.64275156
Bug Fix,High,Tech Lead,Other,Low,9,2,1,18,7,10,True,1,True,3.625,1,0,1,0,4.97059383
Testing,Low,Mid,Java,High,1,5,3,2,2,11,False,1,False,2.2,3,2,0,0,0.81081
Documentation,Low,Junior,Python,Low,12,3,1,24,1,15,False,3,False,2.08333333,2,1,0,0,5.2251375
Deployment,Medium,Junior,Python,High,13,3,1,26,4,16,True,0,False,2.08333333,2,1,0,0,5.03468438
Documentation,High,Senior,JavaScript,Medium,3,3,3,6,6,10,False,3,False,2.66666667,1,2,0,0,2.059
Design Review,High,Senior,Python,High,9,4,0,18,3,9,True,0,True,4.0625,1,1,2,0,3.62814476
Documentation,High,Mid,JavaScript,Low,1,2,0,2,1,16,False,0,False,2.375,1,1,0,0,0.5
Design Review,High,Mid,Other,Low,4,5,2,8,4,13,False,3,True,3.55,2,1,2,0,2.56017366
Refactoring,Medium,Senior,JavaScript,Low,11,3,2,22,3,13,False,0,False,2.08333333,2,1,0,0,5.14845833
Refactoring,Medium,Tech Lead,JavaScript,Low,1,2,0,2,8,15,False,2,False,3.625,1,0,1,0,0.58818375
Documentation,High,Mid,Python,Critical,12,2,3,24,7,11,False,3,False,3.25,0,2,0,0,4.99640625
Documentation,Medium,Senior,Other,Medium,8,3,3,16,7,13,False,0,False,3.25,0,3,0,0,3.421875
Deployment,High,Junior,Python,Critical,8,2,0,16,4,9,False,0,False,2.375,1,1,0,0,3.06935
Deployment,Medium,Tech Lead,C++,Medium,10,3,0,20,10,10,True,2,False,2.08333333,2,1,0,0,4.391625
Code Review,Low,Senior,Python,High,8,3,1,16,4,17,True,0,False,2.66666667,1,2,0,0,2.767905
Documentation,High,Tech Lead,JavaScript,High,7,3,3,14,4,14,False,2,False,4.08333333,0,2,1,0,3.02658188
Client Meeting,Medium,Senior,C++,Low,11,5,3,22,9,14,True,3,True,3.05,2,2,1,0,6.01357666
Testing,High,Tech Lead,JavaScript,Low,3,2,3,6,9,16,True,1,False,1.5,2,0,0,0,2.28487875
Bug Fix,Medium,Mid,Go,High,7,2,3,14,9,11,False,3,False,1.5,2,0,0,0,3.274875
Feature Dev,High,Tech Lead,JavaScript,Critical,13,3,3,26,7,10,True,1,True,4.33333333,1,0,2,0,5.32312377
Bug Fix,Medium,Mid,JavaScript,Critical,12,4,0,24,6,17,True,0,False,3.0,2,1,1,0,3.947706
Bug Fix,Medium,Mid,Go,Critical,7,5,0,14,9,9,True,2,False,3.95,2,1,1,1,2.22312825
Code Review,High,Senior,Other,Critical,6,2,3,12,4,17,False,2,True,5.75,0,0,2,0,2.54749165
Bug Fix,Medium,Senior,Go,Medium,9,3,0,18,5,9,True,3,False,2.66666667,1,2,0,0,3.9585
Design Review,Medium,Tech Lead,C++,Medium,5,4,2,10,4,10,True,3,True,2.8125,1,3,0,0,2.88100312
Deployment,High,Junior,C++,Medium,13,4,2,26,7,15,False,2,True,4.5625,1,1,1,1,5.717547
Documentation,High,Tech Lead,Go,Low,3,3,0,6,7,9,False,3,False,4.16666667,1,1,0,1,1.56541
Client Meeting,Medium,Junior,Other,Medium,10,5,2,20,10,17,True,3,True,3.05,2,2,1,0,4.88304548
Code Review,Low,Junior,C++,Critical,6,4,2,12,4,18,False,2,False,1.9375,3,1,0,0,2.26806563
Documentation,Low,Junior,Python,Critical,5,3,0,10,4,10,False,3,False,1.5,3,0,0,0,1.829625
Feature Dev,High,Tech Lead,Other,High,1,2,2,2,8,18,False,1,False,3.625,1,0,1,0,0.68977912
Feature Dev,Medium,Senior,Other,Medium,4,3,1,8,7,15,False,1,False,3.25,0,3,0,0,1.734375
Deployment,High,Junior,Python,Medium,12,3,0,24,10,12,True,2,False,4.16666667,1,1,0,1,5.0875825
Deployment,Low,Tech Lead,Other,Low,10,3,3,20,1,18,False,1,False,2.66666667,1,2,0,0,4.41283333
Feature Dev,High,Junior,Go,High,11,4,0,22,4,12,False,3,False,3.5,2,1,0,1,4.23909
Testing,Medium,Junior,C++,Low,10,4,3,20,2,16,False,3,True,3.0625,3,0,0,1,5.17005586
Bug Fix,Medium,Senior,Java,Medium,13,3,1,26,2,9,True,2,True,3.5,1,1,1,0,5.75159681
Refactoring,Medium,Mid,C++,Low,2,4,3,4,9,15,False,3,False,1.9375,3,1,0,0,1.71032813
Code Review,Medium,Mid,Python,Low,7,4,2,14,7,18,False,3,True,2.5625,3,0,1,0,3.87834494
Design Review,Medium,Tech Lead,Go,Critical,12,3,1,24,4,13,True,0,True,2.08333333,2,1,0,0,4.83941391
Deployment,Medium,Junior,Other,High,10,2,0,20,7,14,True,3,False,2.375,1,1,0,0,3.98730938
Client Meeting,High,Tech Lead,Java,Critical,12,4,3,24,8,18,False,3,False,2.375,2,2,0,0,5.22957188
Feature Dev,Medium,Tech Lead,Java,Medium,8,5,2,16,4,9,True,3,False,4.8,1,1,2,1,3.053946
Deployment,Medium,Mid,Go,Low,9,5,2,18,2,17,True,2,False,1.85,4,1,0,0,4.77101625
Testing,Medium,Mid,Python,Low,9,5,1,18,9,18,True,1,False,3.1,3,1,0,1,3.99206981
Deployment,Low,Junior,Other,High,12,2,3,24,5,18,True,1,False,1.5,2,0,0,0,4.71720375
Design Review,Medium,Senior,Python,High,5,4,0,10,9,18,False,1,False,1.9375,3,1,0,0,1.89590625
Client Meeting,High,Junior,Python,Medium,12,2,1,24,10,10,True,3,False,5.75,0,0,2,0,5.0085315
Testing,High,Junior,Python,High,1,3,3,2,9,13,True,2,False,5.58333333,0,1,1,1,0.8202789
Refactoring,High,Senior,C++,Critical,1,4,2,2,6,18,True,0,True,4.0625,1,1,2,0,0.62903422
Testing,Medium,Junior,Python,High,1,2,0,2,6,17,False,1,True,2.375,1,1,0,0,0.5
Code Review,High,Tech Lead,C++,High,12,2,0,24,5,11,False,0,False,2.375,1,1,0,0,4.87485
Design Review,Low,Mid,C++,Critical,12,5,0,24,9,15,True,0,False,2.55,2,3,0,0,3.749571
Deployment,High,Mid,Other,Medium,2,3,2,4,3,14,False,2,False,2.66666667,1,2,0,0,1.37266667
Design Review,Medium,Junior,Go,Critical,6,4,0,12,5,13,False,0,False,3.0,2,1,1,0,1.87986
Documentation,High,Senior,Other,Low,13,5,2,26,5,16,False,1,True,3.05,2,2,1,0,7.09507519
Documentation,High,Tech Lead,Java,Low,7,2,3,14,3,15,True,3,False,4.5,0,1,1,0,3.89181581
Feature Dev,Medium,Junior,JavaScript,Critical,13,4,2,26,2,18,False,0,True,2.8125,1,3,0,0,4.93358594
Client Meeting,High,Mid,Java,Critical,8,5,2,16,8,14,False,2,False,3.8,1,3,0,1,3.0715685
Bug Fix,Low,Mid,Other,Medium,6,3,2,12,2,11,True,2,False,2.66666667,1,2,0,0,2.6999
Deployment,Medium,Mid,C++,Medium,8,5,1,16,1,18,True,1,True,3.05,2,2,1,0,3.66228411
Code Review,Low,Senior,Java,Low,7,4,3,14,6,16,True,3,False,3.5,2,1,0,1,3.31890694
Code Review,High,Junior,Other,Medium,4,3,0,8,4,15,True,3,True,2.66666667,1,2,0,0,2.38931
Design Review,High,Tech Lead,JavaScript,Critical,1,3,3,2,9,12,False,1,False,2.91666667,2,0,1,0,0.79457752
Testing,High,Junior,Other,Medium,10,3,2,20,5,15,True,3,False,5.58333333,0,1,1,1,4.26972
Client Meeting,High,Tech Lead,Python,Medium,9,2,2,18,10,17,False,3,True,2.375,1,1,0,0,5.1162375
Code Review,High,Mid,C++,Critical,13,3,2,26,5,17,True,1,False,3.5,1,1,1,0,5.10907609
Feature Dev,Medium,Senior,Other,Low,8,2,0,16,6,14,False,0,False,3.25,0,2,0,0,3.3
Bug Fix,Medium,Mid,C++,Low,2,4,2,4,2,10,False,3,False,3.0625,3,0,0,1,1.38527813
Design Review,Medium,Mid,Other,High,2,4,2,4,4,11,False,0,False,3.625,2,0,2,0,0.85498875
Feature Dev,Low,Mid,Python,Medium,1,4,2,2,5,15,True,2,False,1.9375,3,1,0,0,0.90582188
Code Review,Medium,Senior,Other,Critical,3,4,1,6,9,16,True,3,False,4.5,0,2,2,0,1.21123406
Bug Fix,High,Mid,JavaScript,Medium,3,3,3,6,1,13,False,3,True,2.08333333,2,1,0,0,2.3332375
Refactoring,Low,Mid,Python,Critical,9,3,3,18,3,13,True,1,False,3.58333333,2,0,0,1,2.95904842
Deployment,Medium,Mid,Other,Medium,5,2,2,10,6,15,True,2,True,4.5,0,1,1,0,2.45076563
Deployment,High,Mid,Other,Critical,6,3,1,12,4,10,True,3,False,4.33333333,1,0,2,0,2.37884273
Testing,Medium,Senior,Python,Critical,11,4,0,22,5,11,False,1,False,2.375,2,2,0,0,3.75328125
Testing,Medium,Junior,Python,Low,1,4,0,2,7,16,False,3,True,5.1875,1,0,2,1,0.6407555
Design Review,High,Tech Lead,Other,Low,10,5,2,20,8,17,False,1,False,3.05,2,2,1,0,5.0549125
Client Meeting,High,Senior,Python,Critical,5,2,0,10,4,17,False,2,True,2.375,1,1,0,0,2.29367188
Deployment,Medium,Junior,C++,Medium,9,2,2,18,3,13,True,0,False,5.75,0,0,2,0,3.271905
Documentation,Medium,Mid,Python,Medium,11,5,1,22,8,9,False,2,True,2.55,2,3,0,0,5.0813125
Refactoring,Medium,Junior,Go,High,12,2,0,24,2,10,False,0,False,4.5,0,1,1,0,3.6666
Code Review,Low,Senior,Python,Low,5,5,2,10,2,18,False,2,False,2.9,1,4,0,0,2.41615
Design Review,Medium,Mid,Go,Medium,12,5,3,24,9,16,False,3,False,4.25,0,3,2,0,4.6300875
Bug Fix,High,Senior,Python,High,2,5,3,4,10,18,True,0,False,3.05,2,2,1,0,1.18988045
Refactoring,Low,Mid,Java,Medium,12,4,2,24,4,18,False,1,False,1.9375,3,1,0,0,4.73475
Documentation,Medium,Senior,Go,Low,7,2,1,14,7,18,False,0,False,3.25,0,2,0,0,3.0421875
Bug Fix,High,Tech Lead,C++,Low,4,5,0,8,1,13,True,3,True,4.3,1,2,1,1,2.21370395
Code Review,Medium,Senior,JavaScript,Medium,9,3,0,18,5,15,False,1,False,2.66666667,1,2,0,0,3.57666667
Design Review,High,Junior,JavaScript,Medium,12,3,2,24,1,12,False,3,False,3.58333333,2,0,0,1,5.353725
Feature Dev,Medium,Mid,Java,Low,6,2,1,12,7,16,True,3,False,1.5,2,0,0,0,3.37404375
Deployment,Low,Senior,Java,High,1,2,1,2,9,17,True,1,False,1.5,2,0,0,0,0.59086125
Documentation,Medium,Tech Lead,Go,Critical,8,5,1,16,9,18,False,0,False,3.55,2,1,2,0,2.46920962
Deployment,Low,Tech Lead,Python,Low,2,5,2,4,4,16,False,1,False,2.55,2,3,0,0,1.19812
Testing,High,Tech Lead,Other,Critical,3,2,0,6,3,17,False,3,False,1.5,2,0,0,0,1.4637
Testing,High,Senior,Go,Medium,12,3,0,24,2,9,False,3,False,4.16666667,1,1,0,1,4.930025
Refactoring,High,Tech Lead,C++,High,7,3,2,14,1,13,False,1,False,3.25,0,3,0,0,3.054375
Design Review,Medium,Senior,Python,High,3,5,3,6,2,12,True,2,False,2.7,3,1,1,0,1.63644941
Design Review,High,Mid,Java,Critical,7,2,3,14,6,17,False,3,False,3.625,1,0,1,0,3.00731222
Client Meeting,Medium,Mid,JavaScript,Medium,7,5,3,14,5,17,False,2,False,3.25,0,5,0,0,3.234375
Feature Dev,Low,Senior,Java,High,12,5,1,24,6,13,False,0,False,3.45,2,2,0,1,3.54476588
Refactoring,Medium,Senior,JavaScript,Critical,2,3,2,4,7,11,False,1,False,4.16666667,1,1,0,1,0.864025
Refactoring,High,Tech Lead,Python,Medium,5,2,1,10,7,12,False,2,False,3.625,1,0,1,0,2.36164688
Design Review,Low,Senior,Go,Critical,1,5,3,2,3,14,False,1,True,3.1,3,1,0,1,0.76385059
Client Meeting,Medium,Mid,C++,Medium,7,3,2,14,8,13,False,3,False,2.91666667,2,0,1,0,3.14684167
Bug Fix,Medium,Senior,Python,Low,9,4,3,18,5,13,True,1,False,1.5,4,0,0,0,4.91308125
Deployment,Medium,Tech Lead,Java,High,5,5,0,10,5,16,False,2,False,3.9,1,2,2,0,1.684386
Deployment,Medium,Junior,Python,High,7,5,2,14,3,16,True,0,False,2.7,3,1,1,0,2.74215848
Design Review,Medium,Junior,C++,Low,11,2,3,22,6,9,False,3,False,5.75,0,0,2,0,4.526335
Testing,Medium,Mid,C++,Critical,5,3,0,10,1,12,False,1,False,3.58333333,2,0,0,1,1.56150313
Design Review,High,Mid,C++,High,11,3,3,22,4,17,False,3,False,3.5,1,1,1,0,4.69172025
Refactoring,Medium,Mid,Go,Medium,12,5,3,24,3,12,True,1,False,3.9,1,2,2,0,4.77880725
Deployment,Medium,Mid,Other,Low,9,3,2,18,7,10,False,1,False,4.75,0,2,0,1,3.60525
Refactoring,Medium,Tech Lead,C++,Medium,3,2,2,6,3,18,True,1,False,4.5,0,1,1,0,1.4259
Documentation,High,Junior,Python,Medium,8,4,0,16,7,15,False,2,False,2.8125,1,3,0,0,3.722375
Feature Dev,Medium,Junior,Java,High,12,3,0,24,5,9,False,2,False,3.5,1,1,1,0,4.037625
Deployment,High,Senior,C++,Medium,9,5,0,18,10,9,True,0,False,3.45,2,2,0,1,3.83025038
Design Review,High,Mid,Java,Low,11,3,2,22,5,18,True,0,True,2.08333333,2,1,0,0,6.7815055
Refactoring,High,Junior,Python,High,6,4,1,12,4,11,True,1,False,3.0,2,1,1,0,2.62116068
Refactoring,High,Junior,Other,Medium,1,3,3,2,5,11,True,3,False,2.66666667,1,2,0,0,1.22815
Code Review,Medium,Mid,Other,Medium,9,4,3,18,6,17,False,2,False,4.5625,1,1,1,1,3.40903125
Feature Dev,Low,Tech Lead,Java,Medium,12,3,2,24,3,10,True,1,False,2.08333333,2,1,0,0,4.93535
Code Review,Low,Senior,C++,Critical,7,5,1,14,8,18,False,0,True,2.55,2,3,0,0,2.42779763
Bug Fix,Medium,Tech Lead,JavaScript,Medium,11,3,0,22,9,17,False,3,False,4.08333333,0,2,1,0,4.08410417
Bug Fix,Low,Mid,C++,Low,1,3,0,2,8,9,False,1,True,2.66666667,1,2,0,0,0.53804667
Feature Dev,High,Senior,JavaScript,Critical,5,2,1,10,9,11,False,2,True,3.25,0,2,0,0,2.32289062
Design Review,Medium,Junior,C++,High,7,3,0,14,7,13,True,2,True,2.91666667,2,0,1,0,2.88630169
Documentation,High,Junior,Python,Low,6,3,3,12,4,10,False,0,True,2.08333333,2,1,0,0,3.86791625
Design Review,Medium,Junior,Other,Low,12,2,3,24,9,10,False,0,False,2.375,1,1,0,0,5.66671875
Deployment,Medium,Tech Lead,Python,High,2,4,3,4,5,15,False,0,False,2.5625,3,0,1,0,1.06055859
Feature Dev,Medium,Senior,Python,Critical,12,3,1,24,10,14,False,0,True,3.58333333,2,0,0,1,4.04875453
Client Meeting,High,Mid,C++,High,12,4,3,24,4,18,True,1,False,3.5,2,1,0,1,5.04064181
Code Review,High,Mid,Go,Medium,7,3,1,14,2,17,True,2,False,2.66666667,1,2,0,0,3.62355
Refactoring,Low,Mid,Java,Medium,12,2,0,24,3,14,True,0,True,2.375,1,1,0,0,4.896045
Bug Fix,Medium,Senior,Other,Critical,10,3,3,20,8,15,False,2,False,4.33333333,1,0,2,0,3.2818925
Client Meeting,Medium,Mid,Go,High,2,2,2,4,4,16,True,1,False,1.5,2,0,0,0,1.16235
Feature Dev,High,Senior,Go,Low,10,4,3,20,10,17,False,0,False,4.0625,1,1,2,0,4.68321219
Testing,Low,Tech Lead,Python,Medium,8,2,1,16,3,9,False,3,False,2.375,1,1,0,0,3.2675625
Bug Fix,High,Tech Lead,Java,Medium,4,4,2,8,5,18,True,1,False,2.375,2,2,0,0,2.3079
Bug Fix,Medium,Mid,Python,Critical,4,3,3,8,6,17,True,0,False,4.16666667,1,1,0,1,1.54984484
Design Review,High,Senior,JavaScript,High,9,3,0,18,2,9,False,1,False,5.0,1,0,1,1,2.984112
Design Review,Medium,Mid,Python,Medium,13,3,1,26,8,11,False,0,False,1.5,3,0,0,0,5.48375
Feature Dev,High,Tech Lead,JavaScript,Critical,13,2,3,26,4,17,False,3,True,3.625,1,0,1,0,5.6078419
Testing,Low,Senior,C++,High,4,3,1,8,6,11,True,2,False,2.66666667,1,2,0,0,1.635165
Client Meeting,High,Tech Lead,Go,Low,13,2,2,26,6,14,False,3,False,4.5,0,1,1,0,6.1432525
Design Review,High,Tech Lead,Java,High,8,5,2,16,3,12,False,1,False,3.55,2,1,2,0,3.1841748
Client Meeting,High,Senior,C++,Low,5,2,3,10,4,11,False,2,False,2.375,1,1,0,0,3.18415625
Deployment,High,Junior,Go,Low,7,2,2,14,4,18,False,0,False,1.5,2,0,0,0,3.9688
Design Review,Medium,Junior,Java,Low,1,2,0,2,6,13,True,3,True,3.625,1,0,1,0,0.7925776
Feature Dev,High,Junior,Other,High,10,3,0,20,5,12,False,0,False,2.08333333,2,1,0,0,4.12275
Feature Dev,Medium,Tech Lead,Java,Critical,7,2,0,14,1,18,False,0,False,3.25,0,2,0,0,2.23125
Design Review,Medium,Junior,C++,Low,13,4,2,26,8,14,False,2,True,4.125,2,0,1,1,5.67105825
Deployment,High,Mid,C++,Medium,7,2,1,14,3,9,False,3,False,3.625,1,0,1,0,3.27065812
Design Review,High,Tech Lead,Python,High,3,3,1,6,3,18,False,2,False,3.5,1,1,1,0,1.39701825
Bug Fix,Medium,Junior,Go,High,5,4,0,10,4,14,False,1,False,2.375,2,2,0,0,1.8545625
Client Meeting,High,Mid,Go,Critical,3,2,1,6,8,14,False,2,False,2.375,1,1,0,0,1.44292812
Bug Fix,Medium,Mid,Java,High,2,5,2,4,10,11,True,0,True,4.3,1,2,1,1,0.93099699
Feature Dev,High,Tech Lead,C++,Medium,1,2,0,2,4,17,False,0,False,3.25,0,2,0,0,0.5
Client Meeting,Medium,Tech Lead,JavaScript,High,6,2,2,12,8,13,True,0,False,4.5,0,1,1,0,2.16558563
Client Meeting,Low,Mid,JavaScript,Medium,9,3,2,18,9,11,False,1,False,4.16666667,1,1,0,1,3.08338333
Code Review,High,Senior,Other,Medium,4,5,0,8,3,11,True,3,False,3.05,2,2,1,0,2.06516152
Bug Fix,High,Junior,Python,Critical,7,4,0,14,7,10,True,0,False,3.0,2,1,1,0,2.64825278
Deployment,Medium,Senior,Other,Medium,12,3,2,24,7,15,True,3,True,2.66666667,1,2,0,0,6.0291
Refactoring,High,Mid,Go,Medium,1,2,3,2,2,12,True,2,True,3.25,0,2,0,0,1.20192188
Testing,Medium,Tech Lead,JavaScript,High,12,2,1,24,6,10,False,0,False,3.25,0,2,0,0,4.1765625
Design Review,Low,Mid,C++,High,4,2,3,8,7,11,True,3,False,2.375,1,1,0,0,2.03074594
Code Review,Low,Mid,Java,Low,11,2,2,22,5,10,False,1,False,1.5,2,0,0,0,4.9159
Deployment,Medium,Junior,JavaScript,High,2,3,1,4,7,16,True,2,False,2.08333333,2,1,0,0,1.08222188
Design Review,Low,Mid,Go,Low,12,4,1,24,3,12,False,2,False,3.5,2,1,0,1,4.51413875
Deployment,Medium,Tech Lead,Java,Medium,5,3,2,10,6,12,False,1,False,2.08333333,2,1,0,0,2.39
Deployment,Low,Senior,C++,Critical,9,5,1,18,10,12,False,2,False,1.5,5,0,0,0,3.1277875
Deployment,High,Mid,Java,High,7,4,0,14,4,9,True,1,False,4.5625,1,1,1,1,2.51658698
Refactoring,High,Junior,JavaScript,High,2,3,1,4,6,11,True,1,False,4.16666667,1,1,0,1,0.93657769
Client Meeting,High,Senior,Other,Low,1,4,1,2,3,12,False,0,True,3.0,2,1,1,0,0.68015915
Deployment,Medium,Junior,Other,Low,12,4,0,24,3,12,False,1,False,1.9375,3,1,0,0,5.40684375
Refactoring,Low,Mid,JavaScript,Critical,7,3,2,14,2,10,False,2,False,2.66666667,1,2,0,0,2.48143333
Design Review,Medium,Junior,C++,High,7,3,2,14,5,12,False,3,False,1.5,3,0,0,0,3.1365
Code Review,High,Tech Lead,JavaScript,Medium,3,4,2,6,6,16,False,2,False,3.625,2,0,2,0,1.623615
Documentation,High,Senior,Other,Medium,6,3,0,12,10,11,False,3,False,2.66666667,1,2,0,0,2.958
Deployment,Medium,Junior,Python,High,7,2,0,14,2,12,True,0,False,1.5,2,0,0,0,2.71215
Refactoring,High,Mid,Python,Medium,11,2,3,22,9,14,False,1,False,2.375,1,1,0,0,5.5048125
Bug Fix,High,Senior,C++,High,13,4,0,26,1,14,True,1,False,3.875,0,3,1,0,5.0507415
Refactoring,Medium,Mid,Python,Medium,13,3,1,26,10,11,True,3,False,2.91666667,2,0,1,0,5.49077594
Refactoring,Medium,Junior,JavaScript,Medium,5,3,1,10,2,16,False,1,True,4.08333333,0,2,1,0,2.15067188
Deployment,High,Junior,Python,High,13,3,0,26,10,15,True,0,False,2.08333333,2,1,0,0,5.62755375
Deployment,Medium,Mid,C++,Medium,8,5,2,16,9,9,False,2,True,2.55,2,3,0,0,3.958075
Deployment,Low,Tech Lead,JavaScript,Critical,13,2,2,26,9,9,False,0,True,1.5,2,0,0,0,4.7727075
Testing,High,Senior,Java,Low,10,3,1,20,2,12,True,1,False,3.25,0,3,0,0,5.25164062
Client Meeting,High,Senior,Python,Critical,3,5,3,6,6,10,False,0,False,4.25,0,3,2,0,1.29767588
Deployment,Low,Senior,Java,Medium,11,5,1,22,7,18,True,0,True,2.9,1,4,0,0,4.53343275
Testing,High,Mid,Other,Low,4,5,0,8,6,18,False,2,False,3.95,2,1,1,1,1.8631932
Refactoring,High,Mid,Java,Low,10,4,2,20,1,15,False,2,False,2.8125,1,3,0,0,5.38209375
Testing,Medium,Senior,Go,High,2,3,2,4,3,17,False,1,False,3.5,1,1,1,0,0.96903
Code Review,High,Tech Lead,Go,Low,3,3,0,6,10,18,False,1,False,3.5,1,1,1,0,1.460723
Code Review,Medium,Junior,Other,Critical,11,2,0,22,2,18,True,3,False,4.5,0,1,1,0,3.56029406
Code Review,Low,Senior,Go,Critical,1,3,1,2,7,11,False,3,True,3.58333333,2,0,0,1,0.66252347
Bug Fix,Medium,Mid,Other,Low,13,5,3,26,4,18,False,1,False,3.4,1,3,1,0,5.7057825
Feature Dev,Medium,Tech Lead,Java,Critical,10,2,2,20,9,11,False,2,False,3.25,0,2,0,0,3.5859375
Design Review,Low,Junior,Other,High,2,2,0,4,9,12,True,3,False,2.375,1,1,0,0,0.94582688
Documentation,High,Junior,C++,Critical,6,5,0,12,7,12,False,2,True,4.45,2,0,2,1,2.16142641
Client Meeting,High,Tech Lead,Go,Low,2,4,2,4,4,16,False,0,True,5.1875,1,0,2,1,1.1167453
Refactoring,Medium,Mid,Go,High,7,5,2,14,10,11,True,2,False,1.85,4,1,0,0,3.14188875
Testing,High,Junior,Other,Medium,7,4,3,14,5,13,True,0,False,3.0,2,1,1,0,3.55100025
Deployment,High,Senior,Other,Critical,7,2,3,14,1,15,False,0,False,4.5,0,1,1,0,2.64767563
Design Review,High,Junior,Java,Critical,13,2,3,26,9,13,True,0,False,4.5,0,1,1,0,4.87078528
Design Review,Low,Mid,Other,Medium,6,3,3,12,2,17,False,1,True,2.08333333,2,1,0,0,2.96857917
Bug Fix,High,Tech Lead,Java,High,7,3,3,14,9,9,True,3,False,2.91666667,2,0,1,0,3.47230839
Feature Dev,Medium,Senior,JavaScript,Critical,4,2,3,8,7,9,False,1,False,3.625,1,0,1,0,1.62864516
Design Review,Medium,Junior,Go,High,3,2,3,6,7,12,True,0,False,4.5,0,1,1,0,1.32341344
Design Review,High,Junior,Java,Low,1,2,2,2,1,12,False,1,True,3.625,1,0,1,0,0.92736971
Code Review,Medium,Tech Lead,Go,High,6,4,2,12,3,18,True,2,False,3.9375,1,2,0,1,2.35126336
Bug Fix,Medium,Tech Lead,Other,Medium,6,3,2,12,10,12,False,0,False,2.08333333,2,1,0,0,2.68875
Testing,Medium,Mid,JavaScript,Medium,5,5,1,10,2,12,True,3,True,3.2,3,0,2,0,2.5003671
Client Meeting,High,Mid,C++,Medium,5,4,2,10,1,15,False,2,False,3.9375,1,2,0,1,2.4023125
Design Review,Low,Senior,JavaScript,Critical,7,2,1,14,3,15,False,1,False,1.5,2,0,0,0,2.4133625
Testing,Medium,Tech Lead,JavaScript,Low,4,2,0,8,2,11,False,0,False,4.5,0,1,1,0,1.4938
Documentation,High,Junior,Python,Critical,4,3,0,8,5,17,False,2,True,2.08333333,2,1,0,0,1.8994525
Testing,Medium,Junior,JavaScript,High,7,4,3,14,7,17,True,3,False,3.875,0,3,1,0,2.94903492
Design Review,Low,Junior,Go,Critical,1,4,0,2,2,18,False,1,False,1.5,4,0,0,0,0.5
Documentation,High,Mid,Java,Medium,2,5,3,4,7,9,True,0,False,2.9,1,4,0,0,1.3737675
Code Review,High,Senior,Java,Critical,9,2,3,18,10,15,False,2,False,1.5,2,0,0,0,4.1732875
Feature Dev,Low,Mid,JavaScript,Medium,5,2,2,10,8,9,True,3,False,1.5,2,0,0,0,2.583
Documentation,Low,Tech Lead,Go,High,10,4,2,20,4,12,False,2,False,3.5,2,1,0,1,3.2425875
Documentation,Medium,Junior,C++,Medium,3,3,1,6,7,10,False,2,False,4.16666667,1,1,0,1,1.31297917
Client Meeting,Medium,Tech Lead,C++,High,12,5,0,24,10,17,False,2,False,3.55,2,1,2,0,3.902175
Refactoring,Medium,Tech Lead,Other,High,2,3,0,4,4,10,False,0,True,3.5,1,1,1,0,0.710622
Client Meeting,Medium,Junior,C++,Medium,9,3,0,18,9,13,True,0,True,4.91666667,0,1,2,0,3.3385275
Feature Dev,Medium,Junior,Python,Medium,1,2,3,2,10,12,False,0,False,3.625,1,0,1,0,0.75750938
Design Review,High,Mid,Python,Medium,4,4,1,8,10,9,True,0,False,3.0,2,1,1,0,1.92547425
Feature Dev,Medium,Senior,C++,High,1,4,2,2,1,16,True,2,False,3.4375,1,2,1,0,0.7656892
Deployment,High,Junior,JavaScript,High,5,3,0,10,1,16,True,3,True,4.08333333,0,2,1,0,2.34853369
Client Meeting,High,Junior,Java,Critical,6,3,0,12,10,12,False,3,True,2.08333333,2,1,0,0,2.84917875
Refactoring,Medium,Junior,JavaScript,High,13,2,3,26,6,16,True,3,False,2.375,1,1,0,0,5.51732344
Documentation,Low,Mid,Go,Medium,5,5,1,10,5,10,True,1,False,3.1,3,1,0,1,1.93240688
Design Review,Medium,Junior,Java,Medium,6,4,3,12,9,16,False,0,False,4.0625,1,1,2,0,2.40272813
Client Meeting,Low,Junior,Go,High,12,3,0,24,5,9,True,0,False,2.08333333,2,1,0,0,4.06539
Code Review,Medium,Tech Lead,Java,Low,9,2,1,18,9,13,True,1,True,1.5,2,0,0,0,5.01371063
Documentation,High,Senior,C++,Low,10,2,1,20,4,11,True,3,True,2.375,1,1,0,0,6.29572453
Bug Fix,Medium,Tech Lead,Go,Low,8,4,1,16,8,11,True,3,True,3.0,2,1,1,0,4.27329499
Testing,Medium,Tech Lead,JavaScript,High,7,2,1,14,9,18,False,2,False,4.5,0,1,1,0,2.40620625
Bug Fix,Medium,Junior,C++,Low,4,3,0,8,10,12,False,0,False,3.5,1,1,1,0,1.57916
Code Review,Medium,Senior,Other,High,9,2,1,18,9,15,True,3,False,2.375,1,1,0,0,3.75548906
Refactoring,High,Mid,Other,High,2,2,2,4,10,12,False,1,False,3.625,1,0,1,0,1.05873075
Bug Fix,High,Junior,JavaScript,High,2,3,0,4,5,11,False,1,False,3.58333333,2,0,0,1,0.80305875
Code Review,High,Tech Lead,JavaScript,High,12,5,1,24,3,10,True,1,True,4.65,0,3,1,1,4.78693596
Code Review,High,Tech Lead,Java,Critical,7,2,1,14,7,12,False,0,False,1.5,2,0,0,0,2.9361125
Documentation,Medium,Mid,Other,High,6,4,3,12,9,18,False,0,False,3.4375,1,2,1,0,2.30922141
Feature Dev,High,Mid,Java,Critical,8,5,3,16,5,15,False,2,False,3.95,2,1,1,1,3.05591915
Code Review,Medium,Tech Lead,Go,Low,1,3,0,2,5,10,True,1,True,4.08333333,0,2,1,0,0.55200578
Refactoring,High,Mid,JavaScript,Low,1,2,3,2,9,16,False,2,False,4.5,0,1,1,0,1.03632375
Deployment,High,Mid,Java,Critical,12,4,1,24,3,15,False,2,False,3.625,2,0,2,0,4.30905694
Client Meeting,High,Tech Lead,Python,Low,1,2,0,2,8,18,False,2,False,4.5,0,1,1,0,0.6161925
Deployment,Medium,Junior,Go,High,8,3,3,16,1,9,False,0,False,2.91666667,2,0,1,0,3.04040437
Feature Dev,High,Tech Lead,Other,Critical,8,5,0,16,6,14,True,3,False,3.05,2,2,1,0,3.26469226
Bug Fix,Medium,Junior,Other,Low,10,4,3,20,7,9,True,1,False,3.875,0,3,1,0,4.6196932
Code Review,Medium,Senior,Python,Critical,3,3,2,6,6,13,True,3,True,4.33333333,1,0,2,0,1.46732355
Client Meeting,Medium,Mid,Java,High,11,4,1,22,7,9,False,0,False,4.5625,1,1,1,1,3.28470188
Feature Dev,Low,Senior,Java,Medium,3,4,2,6,10,17,True,1,False,2.375,2,2,0,0,1.5248625
Client Meeting,High,Mid,Other,High,12,5,2,24,10,10,True,2,False,3.9,1,2,2,0,4.83954723
Feature Dev,Medium,Junior,Java,Low,2,5,2,4,10,16,False,1,False,2.7,3,1,1,0,1.235586
Feature Dev,Low,Mid,Go,Medium,5,2,0,10,5,14,True,0,False,1.5,2,0,0,0,1.93725
Refactoring,Low,Senior,C++,Critical,13,2,1,26,9,9,False,2,False,2.375,1,1,0,0,4.19533438
Testing,Medium,Tech Lead,JavaScript,Critical,13,2,3,26,10,17,False,0,False,3.625,1,0,1,0,4.27992797
Feature Dev,Low,Junior,Python,Critical,3,3,1,6,9,14,True,3,True,2.08333333,2,1,0,0,1.49581884
Bug Fix,High,Junior,Other,Medium,7,5,1,14,3,15,True,1,False,3.45,2,2,0,1,3.21037894
Client Meeting,Medium,Senior,Other,Medium,9,4,2,18,5,13,True,0,False,2.8125,1,3,0,0,3.92864063
Design Review,Medium,Tech Lead,Java,Critical,5,3,0,10,3,18,False,0,False,3.25,0,3,0,0,1.59375
Testing,High,Mid,JavaScript,Low,4,5,1,8,9,13,False,2,True,3.55,2,1,2,0,2.29786079
Testing,Low,Tech Lead,Python,Medium,11,2,3,22,6,12,False,1,False,3.25,0,2,0,0,4.228125
Documentation,Low,Tech Lead,C++,Medium,5,2,3,10,10,18,False,0,False,2.375,1,1,0,0,2.2078125
Feature Dev,Medium,Senior,Other,Medium,5,3,3,10,3,9,True,3,False,3.5,1,1,1,0,2.59080938
Client Meeting,High,Senior,Java,High,4,5,2,8,2,14,True,0,False,2.55,2,3,0,0,1.96668675
Documentation,Medium,Junior,JavaScript,Medium,4,4,0,8,3,17,True,0,False,3.25,0,4,0,0,1.575
Code Review,Low,Mid,C++,Critical,8,3,2,16,6,9,False,1,True,4.16666667,1,1,0,1,2.59783517
Feature Dev,High,Tech Lead,C++,Critical,9,4,3,18,4,12,False,3,True,3.5,2,1,0,1,4.01777681
Client Meeting,High,Tech Lead,JavaScript,Medium,6,4,2,12,4,15,True,1,False,4.125,2,0,1,1,2.7282255
Design Review,High,Senior,Other,Critical,1,5,0,2,1,9,False,0,True,3.4,1,3,1,0,0.5
Deployment,Medium,Tech Lead,Go,Critical,10,2,3,20,7,12,True,1,False,4.5,0,1,1,0,3.44666766
Design Review,High,Junior,Python,Medium,10,5,2,20,7,15,True,2,True,4.65,0,3,1,1,4.70120805
Client Meeting,High,Junior,Python,Medium,5,5,1,10,1,16,True,2,False,3.45,2,2,0,1,2.45173031
Feature Dev,Low,Tech Lead,Other,Low,7,2,2,14,3,10,True,1,True,2.375,1,1,0,0,3.64030013
Deployment,High,Tech Lead,C++,Low,8,5,2,16,1,9,False,1,False,3.05,2,2,1,0,4.1248086
Documentation,High,Senior,C++,High,4,3,2,8,7,9,False,3,True,5.0,1,0,1,1,1.8889992
Testing,Medium,Tech Lead,Java,Medium,11,2,0,22,8,9,False,3,False,4.5,0,1,1,0,3.989125
Feature Dev,Low,Senior,C++,High,13,2,0,26,3,14,True,2,False,1.5,2,0,0,0,4.72689
Deployment,Low,Junior,C++,Low,12,3,1,24,2,14,False,2,False,3.58333333,2,0,0,1,4.49380479
Refactoring,High,Tech Lead,Python,Low,8,2,2,16,5,15,False,0,False,2.375,1,1,0,0,4.2959125
Testing,High,Senior,Other,High,2,3,1,4,10,17,False,0,True,2.08333333,2,1,0,0,1.05488625
Client Meeting,Low,Junior,Python,High,5,2,1,10,1,14,True,0,False,1.5,2,0,0,0,1.88881875
Testing,Medium,Mid,JavaScript,High,1,3,2,2,6,10,False,3,False,2.08333333,2,1,0,0,0.89625
Bug Fix,High,Senior,Python,Low,6,2,3,12,6,13,True,2,True,5.75,0,0,2,0,3.4615916
Bug Fix,Medium,Mid,JavaScript,Medium,7,5,0,14,7,10,True,2,True,3.2,3,0,2,0,3.061674
Documentation,Low,Junior,Other,Medium,1,2,1,2,5,14,False,0,True,2.375,1,1,0,0,0.55048125
Documentation,Medium,Junior,C++,Medium,8,4,3,16,6,9,False,2,False,2.5625,3,0,1,0,3.62946719
Client Meeting,Low,Senior,Go,Low,7,3,2,14,10,17,False,1,False,1.5,3,0,0,0,3.2923
Design Review,Medium,Senior,Other,Medium,8,4,2,16,9,15,False,3,False,3.625,2,0,2,0,3.281775
Testing,Medium,Junior,Python,Critical,5,3,1,10,2,12,True,2,False,3.25,0,3,0,0,1.96628906
Client Meeting,Medium,Senior,C++,Low,9,2,3,18,8,13,False,2,False,4.5,0,1,1,0,3.96790625
Documentation,Medium,Senior,Go,Critical,4,3,1,8,5,16,True,3,False,2.08333333,2,1,0,0,1.82200156
Feature Dev,High,Junior,Java,Critical,7,5,3,14,6,13,True,1,True,3.4,1,3,1,0,3.33885026
Bug Fix,Medium,Senior,Python,Critical,1,4,1,2,3,13,False,2,False,5.625,0,1,2,1,0.5
Documentation,Medium,Senior,Java,Critical,1,2,0,2,8,13,True,3,False,1.5,2,0,0,0,0.64036875
Documentation,High,Senior,JavaScript,High,9,3,2,18,2,11,False,3,False,2.66666667,1,2,0,0,4.1238
Documentation,High,Junior,Java,Medium,3,4,0,6,10,11,False,0,False,4.375,0,3,0,1,1.15531875
Feature Dev,Low,Junior,Go,Medium,9,4,0,18,3,14,False,1,False,1.5,4,0,0,0,3.4235
Bug Fix,High,Tech Lead,C++,Low,1,2,2,2,6,13,False,3,False,1.5,2,0,0,0,1.19515
Documentation,Medium,Tech Lead,C++,Medium,6,4,2,12,7,13,True,1,False,3.0,2,1,1,0,2.70921
Refactoring,High,Senior,JavaScript,High,1,2,0,2,5,11,False,3,True,1.5,2,0,0,0,0.77121
Design Review,Medium,Senior,Other,Critical,11,4,2,22,2,9,False,2,False,1.9375,3,1,0,0,4.17801563
Testing,Low,Senior,JavaScript,High,13,3,3,26,5,9,False,3,False,3.58333333,2,0,0,1,4.27510688
Client Meeting,Medium,Mid,Java,High,10,3,1,20,5,12,False,1,False,5.0,1,0,1,1,2.99115
Feature Dev,Low,Junior,Other,High,12,5,0,24,3,15,True,0,False,3.1,3,1,0,1,3.6649746
Documentation,Medium,Senior,Java,Low,3,3,3,6,4,12,False,3,True,4.91666667,0,1,2,0,1.89448187
Bug Fix,Low,Junior,JavaScript,High,8,2,1,16,1,18,True,2,False,2.375,1,1,0,0,2.99511844
Documentation,Medium,Mid,Java,Critical,12,4,2,24,9,9,True,0,False,1.9375,3,1,0,0,4.56597422
Feature Dev,Low,Mid,Python,Medium,10,3,0,20,2,14,False,0,True,1.5,3,0,0,0,4.059
Documentation,High,Tech Lead,Go,High,5,4,2,10,10,9,False,3,True,2.375,2,2,0,0,2.81716875
Design Review,Medium,Mid,C++,Critical,11,4,1,22,6,9,False,1,False,2.5625,3,0,1,0,3.72609586
Refactoring,Medium,Mid,Go,Medium,8,4,1,16,9,12,False,1,False,3.0625,3,0,0,1,3.10338281
Client Meeting,Low,Junior,Go,Low,5,4,2,10,9,13,True,3,False,2.375,2,2,0,0,2.720025
Design Review,High,Mid,Other,Low,1,5,0,2,7,14,False,3,False,4.3,1,2,1,1,0.6806712
Design Review,High,Tech Lead,Java,Medium,2,5,0,4,2,13,False,3,False,3.45,2,2,0,1,1.0749725
Testing,High,Mid,Other,Medium,7,2,1,14,9,14,True,3,False,4.5,0,1,1,0,3.27065813
Testing,Medium,Senior,Java,Critical,13,2,3,26,2,13,False,2,True,1.5,2,0,0,0,5.60649375
Testing,Medium,Junior,Other,Low,10,3,3,20,9,12,False,0,False,4.08333333,0,2,1,0,4.25355104
Code Review,Low,Mid,JavaScript,Low,3,3,1,6,2,14,False,1,False,1.5,3,0,0,0,1.499575
Code Review,Medium,Senior,Other,High,12,4,3,24,5,11,True,3,False,4.5625,1,1,1,1,4.20694509
Refactoring,High,Senior,JavaScript,High,7,2,2,14,2,9,False,3,False,3.25,0,2,0,0,3.223125
Bug Fix,High,Senior,Python,Critical,11,4,2,22,3,16,False,3,True,3.0,2,1,1,0,4.87667015
Bug Fix,Medium,Mid,Go,Medium,6,4,3,12,9,16,True,2,True,4.125,2,0,1,1,2.89658119
Deployment,High,Mid,Python,Medium,7,2,0,14,4,17,True,1,False,1.5,2,0,0,0,3.57315
Bug Fix,Low,Junior,Java,Medium,8,5,0,16,7,14,False,1,True,2.55,2,3,0,0,3.187855
Code Review,Medium,Senior,Python,Medium,11,4,1,22,4,9,True,2,True,4.5,0,2,2,0,4.51244063
Design Review,Medium,Junior,C++,Low,3,2,2,6,8,9,False,1,False,2.375,1,1,0,0,1.727
Refactoring,High,Senior,JavaScript,Low,7,5,2,14,1,13,False,3,False,3.95,2,1,1,1,3.4889206
Code Review,High,Mid,Java,Critical,7,3,3,14,10,16,False,2,False,4.16666667,1,1,0,1,2.78648062
Client Meeting,Low,Tech Lead,Java,Critical,6,3,3,12,10,18,True,2,False,4.16666667,1,1,0,1,2.12442147
Client Meeting,High,Junior,JavaScript,Medium,8,5,2,16,8,10,False,2,False,3.95,2,1,1,1,3.470654
Design Review,High,Senior,Java,Medium,3,2,3,6,3,12,False,0,False,2.375,1,1,0,0,1.7956875
Documentation,Low,Junior,Java,Low,13,3,2,26,3,13,False,2,False,2.08333333,2,1,0,0,5.67425833
Client Meeting,Low,Senior,C++,Medium,2,2,0,4,3,10,False,3,True,2.375,1,1,0,0,1.1009625
Feature Dev,Medium,Junior,Java,High,1,3,3,2,2,12,False,2,False,5.0,1,0,1,1,0.73899
Bug Fix,High,Junior,Python,Medium,11,4,1,22,9,14,False,0,True,3.0,2,1,1,0,5.2811165
Bug Fix,Low,Senior,Java,High,7,3,1,14,6,14,True,3,False,4.16666667,1,1,0,1,2.37746644
Feature Dev,Low,Junior,Go,Critical,4,2,0,8,7,16,False,3,False,3.25,0,2,0,0,1.3865625
Bug Fix,Medium,Tech Lead,Python,Medium,10,3,3,20,9,16,False,1,True,2.08333333,2,1,0,0,4.98414583
Client Meeting,Medium,Senior,Python,Low,11,4,0,22,1,18,True,1,False,2.375,2,2,0,0,5.10004688
Bug Fix,High,Senior,Python,High,1,4,2,2,9,11,False,0,False,3.4375,1,2,1,0,0.61579238
Documentation,Low,Junior,Java,Critical,12,4,0,24,6,12,False,0,False,3.5,2,1,0,1,3.22677
Code Review,High,Tech Lead,Go,High,7,4,3,14,5,11,True,0,False,3.9375,1,2,0,1,2.97556432
Feature Dev,Medium,Senior,Go,Medium,10,5,3,20,8,17,False,1,False,1.5,5,0,0,0,4.66375
Client Meeting,High,Junior,Python,High,11,4,2,22,4,16,False,2,True,4.0625,1,1,2,0,4.64055322
Bug Fix,Medium,Mid,Other,High,9,3,3,18,7,9,False,1,False,5.0,1,0,1,1,2.92077
Documentation,Low,Mid,Other,Critical,13,4,0,26,2,18,False,3,True,2.375,2,2,0,0,4.56899438
Design Review,High,Senior,Python,High,5,4,3,10,5,18,True,1,True,5.0,0,2,1,1,2.31673365
Testing,High,Senior,JavaScript,Medium,3,2,3,6,4,12,True,2,False,2.375,1,1,0,0,2.09153438
Refactoring,Medium,Senior,Python,High,8,3,3,16,4,17,True,2,True,2.08333333,2,1,0,0,3.98539969
Refactoring,Medium,Tech Lead,Java,Medium,11,5,0,22,8,9,True,3,False,2.2,3,2,0,0,4.88565
Refactoring,Medium,Tech Lead,Java,Low,13,5,0,26,5,16,True,0,False,3.45,2,2,0,1,5.29203675
Deployment,Medium,Mid,Java,Low,4,3,0,8,10,9,True,3,False,4.08333333,0,2,1,0,1.90692906
Deployment,Low,Senior,C++,Critical,11,3,1,22,3,10,False,1,False,3.58333333,2,0,0,1,3.13044198
Documentation,Medium,Senior,Other,Low,10,2,0,20,6,15,False,1,True,3.25,0,2,0,0,4.6509375
Deployment,Low,Junior,Other,Low,12,4,3,24,7,16,True,1,False,3.9375,1,2,0,1,4.82594552
Testing,Low,Junior,Go,High,1,3,0,2,8,18,True,2,False,2.08333333,2,1,0,0,0.526995
Code Review,Low,Senior,Go,Low,6,4,2,12,3,13,True,3,False,3.0625,3,0,0,1,2.86752572
Bug Fix,Medium,Tech Lead,Go,Medium,2,3,2,4,5,12,False,0,False,2.66666667,1,2,0,0,1.06333333
Refactoring,High,Senior,Other,Low,11,5,1,22,2,16,True,1,False,3.45,2,2,0,1,5.40398368
Testing,Medium,Tech Lead,Other,Low,12,4,2,24,2,12,False,3,True,3.625,2,0,2,0,5.64292575
Deployment,Low,Junior,Go,Medium,2,2,1,4,2,17,False,2,False,1.5,2,0,0,0,1.09675
Bug Fix,Medium,Junior,C++,Critical,4,2,3,8,9,11,False,1,False,2.375,1,1,0,0,1.79323438
Testing,High,Tech Lead,Go,High,13,3,0,26,1,18,False,1,True,2.08333333,2,1,0,0,5.99412
Code Review,High,Tech Lead,JavaScript,Low,10,4,2,20,2,16,True,0,False,3.0,2,1,1,0,5.21522925
Deployment,Medium,Junior,Other,High,13,4,1,26,10,15,False,3,False,3.0,2,1,1,0,4.6858275
Deployment,Low,Junior,JavaScript,Medium,9,2,3,18,4,14,False,2,False,1.5,2,0,0,0,3.98725
Code Review,Low,Junior,Python,Low,6,3,1,12,7,17,True,2,False,4.16666667,1,1,0,1,2.45573694
Refactoring,Medium,Tech Lead,Python,Low,13,5,3,26,8,12,False,1,True,3.55,2,1,2,0,6.03319613
Refactoring,High,Junior,Python,High,11,4,2,22,2,16,False,0,False,3.5,2,1,0,1,4.23909
Deployment,Medium,Tech Lead,Python,Critical,13,4,3,26,5,17,False,0,False,1.9375,3,1,0,0,4.81750781
Documentation,Medium,Mid,Java,Critical,13,2,0,26,2,14,True,3,False,3.625,1,0,1,0,4.37461664
Documentation,Medium,Junior,Java,High,10,4,0,20,6,13,True,2,True,3.625,2,0,2,0,3.77050039
Refactoring,Low,Tech Lead,Go,Critical,4,4,1,8,2,17,True,1,False,3.9375,1,2,0,1,1.29409571
Client Meeting,Medium,Senior,Go,Low,11,5,1,22,9,17,False,1,False,4.45,2,0,2,1,3.99468713
Deployment,Medium,Mid,Go,Low,3,5,1,6,1,16,True,0,False,3.4,1,3,1,0,1.40659943
Feature Dev,Low,Junior,C++,High,10,2,2,20,4,9,False,3,False,2.375,1,1,0,0,3.709125
Code Review,High,Senior,JavaScript,Medium,9,4,0,18,1,13,False,1,False,4.5625,1,1,1,1,3.40101
Documentation,High,Tech Lead,Python,Critical,6,2,3,12,10,10,False,1,True,5.75,0,0,2,0,2.47278515
Bug Fix,Medium,Senior,C++,Critical,11,2,3,22,6,13,False,1,True,2.375,1,1,0,0,4.54147031
Design Review,Medium,Junior,Other,Medium,13,3,3,26,9,12,True,2,False,3.5,1,1,1,0,5.51135813
Documentation,Medium,Tech Lead,JavaScript,High,11,4,1,22,9,18,False,2,False,5.1875,1,0,2,1,3.2340375
Deployment,Medium,Senior,JavaScript,Medium,2,2,1,4,9,13,False,3,True,1.5,2,0,0,0,1.409375
Documentation,High,Senior,Python,Medium,6,2,3,12,2,18,False,1,True,4.5,0,1,1,0,3.09029875
Bug Fix,Medium,Tech Lead,JavaScript,Low,12,5,0,24,6,11,False,0,False,3.4,1,3,1,0,4.763088
Client Meeting,Medium,Mid,Java,High,3,5,3,6,6,12,True,2,False,3.95,2,1,1,1,1.45157198
Feature Dev,High,Mid,Go,High,5,2,2,10,7,16,False,0,False,2.375,1,1,0,0,2.296125
Deployment,High,Senior,Java,Low,2,5,2,4,1,10,False,2,True,4.3,1,2,1,1,1.39895844
Feature Dev,Medium,Senior,Other,Medium,13,4,3,26,3,12,True,0,False,3.5,2,1,0,1,5.21318438
Deployment,Medium,Tech Lead,Go,Medium,9,5,1,18,1,10,False,1,False,2.7,3,1,1,0,3.6037925
Code Review,High,Mid,JavaScript,High,13,5,0,26,8,16,False,2,False,3.05,2,2,1,0,5.11189515
Code Review,High,Senior,Go,Medium,13,4,3,26,8,15,False,2,False,5.1875,1,0,2,1,5.015595
Refactoring,Medium,Mid,Python,Medium,3,5,2,6,2,9,False,2,False,3.55,2,1,2,0,1.474155
Bug Fix,High,Mid,Go,High,12,3,0,24,10,10,True,0,True,2.66666667,1,2,0,0,5.546772
Feature Dev,Low,Tech Lead,C++,Critical,11,2,3,22,9,15,False,2,False,3.25,0,2,0,0,3.67359375
Client Meeting,High,Junior,JavaScript,High,13,3,2,26,6,13,True,2,False,2.66666667,1,2,0,0,5.91948
Testing,Medium,Tech Lead,Other,Medium,2,4,0,4,9,11,False,1,False,2.5625,3,0,1,0,0.84844688
Feature Dev,High,Tech Lead,Go,Medium,13,4,2,26,5,9,True,0,True,3.0,2,1,1,0,6.6840081
Refactoring,Medium,Mid,Python,Low,7,3,1,14,2,16,False,1,False,3.5,1,1,1,0,3.01027375
Design Review,High,Mid,C++,Critical,9,2,0,18,10,13,True,0,False,1.5,2,0,0,0,3.78732375
Deployment,Medium,Junior,Python,Medium,1,2,3,2,6,18,False,1,False,1.5,2,0,0,0,0.97375
Bug Fix,Medium,Senior,JavaScript,Medium,8,2,0,16,3,11,False,1,False,3.625,1,0,1,0,2.94091875
Bug Fix,Low,Mid,Java,High,4,4,0,8,9,14,False,1,False,2.375,2,2,0,0,1.3600125
Refactoring,Medium,Mid,Other,Low,2,3,3,4,6,13,True,2,False,1.5,3,0,0,0,1.71661875
Client Meeting,High,Tech Lead,Java,Medium,1,3,2,2,7,9,True,3,False,4.08333333,0,2,1,0,0.96715063
Feature Dev,Medium,Junior,Other,Medium,12,2,0,24,6,9,True,3,False,4.5,0,1,1,0,4.54505625
Documentation,Medium,Senior,Go,Critical,9,4,3,18,2,16,True,1,False,3.4375,1,2,1,0,3.33452921
Client Meeting,Low,Mid,Go,High,8,4,2,16,3,9,False,3,False,1.9375,3,1,0,0,3.1417875
Design Review,Medium,Junior,Other,Critical,5,5,1,10,2,11,False,1,True,2.9,1,4,0,0,2.00908125
Documentation,High,Mid,JavaScript,High,1,2,1,2,6,9,False,3,True,1.5,2,0,0,0,0.9234225
Design Review,Medium,Junior,JavaScript,Low,8,4,3,16,2,11,False,1,False,5.0,0,2,1,1,3.22575
Refactoring,High,Senior,JavaScript,High,7,4,0,14,6,13,False,2,False,3.625,2,0,2,0,2.65823775
Feature Dev,Low,Junior,Java,Low,3,3,2,6,2,17,True,1,False,1.5,3,0,0,0,1.752135
Design Review,Medium,Senior,Other,Low,2,4,0,4,7,17,False,3,False,3.25,0,4,0,0,1.134375
Testing,Low,Junior,C++,High,4,4,2,8,10,15,False,0,False,1.9375,3,1,0,0,1.57089375
Deployment,High,Senior,Other,High,5,5,3,10,2,12,True,3,True,3.4,1,3,1,0,2.8600855
Design Review,Medium,Mid,JavaScript,Medium,11,4,0,22,6,17,False,3,True,4.5,0,2,2,0,4.252325
Deployment,Medium,Mid,Python,Critical,2,3,3,4,8,18,False,1,False,4.75,0,2,0,1,0.94023281
Testing,Low,Mid,JavaScript,Medium,9,3,2,18,3,9,False,3,False,2.66666667,1,2,0,0,3.712
Design Review,Low,Mid,Go,Low,13,2,0,26,9,16,False,2,False,1.5,2,0,0,0,5.5022
Deployment,High,Tech Lead,Go,High,9,5,3,18,4,15,False,2,True,3.05,2,2,1,0,4.35834556
Bug Fix,High,Mid,Other,Low,2,3,2,4,10,13,False,0,True,6.41666667,0,0,2,1,1.1167453
Refactoring,High,Mid,C++,High,11,5,2,22,8,16,False,1,False,3.45,2,2,0,1,4.32984825
Deployment,Low,Junior,Java,Critical,8,2,0,16,1,16,True,0,False,1.5,2,0,0,0,2.63466
Deployment,Medium,Senior,JavaScript,High,13,2,0,26,5,12,False,1,False,1.5,2,0,0,0,4.88925
Deployment,Low,Senior,Other,Critical,1,2,0,2,10,15,True,3,False,1.5,2,0,0,0,0.60377625
Documentation,Medium,Tech Lead,Other,High,8,4,0,16,3,15,True,1,False,4.0625,1,1,2,0,2.62909041
Documentation,Medium,Tech Lead,C++,High,13,4,1,26,1,14,False,1,False,3.875,0,3,1,0,4.31180156
Design Review,High,Senior,JavaScript,Medium,3,4,0,6,7,12,False,0,False,3.25,0,4,0,0,1.29375
Testing,Low,Mid,Go,High,3,5,0,6,4,14,True,1,True,3.1,3,1,0,1,1.10118913
Bug Fix,Medium,Mid,Java,Medium,13,4,0,26,7,11,True,2,True,2.375,2,2,0,0,6.12005625
Design Review,Medium,Senior,Python,Low,12,3,0,24,1,17,False,3,True,1.5,3,0,0,0,6.325275
Code Review,High,Senior,Python,Low,2,4,1,4,7,14,False,1,True,3.9375,1,2,0,1,1.21462636
Documentation,Medium,Mid,JavaScript,Medium,2,5,2,4,6,11,True,0,False,3.4,1,3,1,0,1.0419255
Deployment,Low,Senior,JavaScript,Low,1,4,3,2,8,13,True,1,False,3.5,2,1,0,1,0.92361019
Design Review,Medium,Junior,Python,Medium,6,5,1,12,8,10,False,1,False,3.1,3,1,0,1,2.3790375
Bug Fix,Medium,Senior,Go,Low,7,3,1,14,2,12,False,2,True,2.08333333,2,1,0,0,3.79561875
Testing,Medium,Tech Lead,Python,High,13,5,1,26,1,9,True,3,True,1.85,4,1,0,0,5.91722381
Client Meeting,Medium,Mid,Java,Low,12,2,3,24,6,15,False,1,False,3.625,1,0,1,0,5.24463844
Deployment,Medium,Junior,JavaScript,High,3,3,2,6,3,15,False,1,False,2.91666667,2,0,1,0,1.33278
Code Review,Medium,Junior,Java,Medium,6,5,1,12,10,13,True,3,False,3.9,1,2,2,0,2.54571975
Code Review,High,Senior,C++,High,2,3,3,4,8,14,True,2,False,3.5,1,1,1,0,1.33120496
Code Review,Medium,Mid,Go,High,6,4,0,12,1,13,False,1,False,4.5625,1,1,1,1,1.80478125
Deployment,High,Junior,C++,Medium,11,2,1,22,7,9,True,0,False,2.375,1,1,0,0,5.36792813
Feature Dev,Medium,Senior,Python,High,9,3,2,18,4,9,True,3,False,2.91666667,2,0,1,0,3.67347487
Documentation,Low,Senior,Go,Low,7,5,0,14,8,13,True,3,True,3.45,2,2,0,1,3.15690346
Design Review,Low,Junior,Go,Critical,9,3,0,18,8,13,True,0,True,2.08333333,2,1,0,0,3.16761638
Feature Dev,High,Mid,Other,Critical,12,3,3,24,6,16,False,2,False,4.91666667,0,1,2,0,4.21089646
Design Review,Low,Mid,Go,High,4,3,2,8,4,12,False,0,False,2.66666667,1,2,0,0,1.5138
Client Meeting,Low,Senior,C++,High,3,5,2,6,6,10,True,3,False,3.45,2,2,0,1,1.39887405
Code Review,High,Mid,Other,Critical,7,3,0,14,5,18,True,1,False,3.25,0,3,0,0,2.77790625
Refactoring,Low,Junior,C++,High,2,3,3,4,7,13,False,0,False,1.5,3,0,0,0,1.079325
Code Review,High,Mid,Python,High,2,5,3,4,7,13,True,1,False,5.15,0,2,2,1,1.05089198
Client Meeting,Low,Mid,Go,Low,2,2,0,4,10,12,False,2,True,2.375,1,1,0,0,1.0923275
Design Review,Low,Mid,Go,Medium,1,2,0,2,3,10,False,1,False,2.375,1,1,0,0,0.5
Refactoring,Medium,Senior,Python,High,13,3,3,26,7,16,True,2,False,4.16666667,1,1,0,1,4.68288844
Documentation,High,Mid,JavaScript,Low,2,4,1,4,8,17,True,0,False,2.8125,1,3,0,0,1.18564359
Testing,Medium,Junior,C++,Low,13,5,2,26,4,18,False,0,False,3.05,2,2,1,0,5.56040375
Testing,Low,Junior,JavaScript,Critical,12,2,1,24,5,13,True,2,False,2.375,1,1,0,0,4.08982547
Documentation,Low,Tech Lead,Java,Low,2,4,1,4,9,13,True,0,False,2.8125,1,3,0,0,0.96402797
Client Meeting,Medium,Junior,Java,Low,4,5,3,8,1,14,False,2,False,2.55,2,3,0,0,2.4069375
Design Review,Low,Tech Lead,Other,Critical,9,4,1,18,5,16,False,2,False,1.5,4,0,0,0,3.1277875
Bug Fix,Low,Junior,Other,High,12,2,3,24,7,14,True,0,False,2.375,1,1,0,0,4.42313156
Documentation,Medium,Senior,Other,High,11,2,3,22,5,10,False,2,False,3.25,0,2,0,0,4.2609375
Code Review,Medium,Junior,Python,High,8,5,3,16,10,10,False,1,False,3.45,2,2,0,1,2.97379688
Client Meeting,Medium,Senior,Go,Low,11,4,2,22,3,14,False,0,True,2.375,2,2,0,0,5.58036875
Feature Dev,Medium,Junior,Java,Medium,2,2,3,4,9,10,False,1,False,4.5,0,1,1,0,1.1458125
Feature Dev,Medium,Senior,Java,Low,4,3,2,8,6,9,False,1,False,2.91666667,2,0,1,0,2.03619167
Code Review,High,Junior,Java,Medium,3,4,3,6,7,13,False,3,True,4.0625,1,1,2,0,1.97529544
Refactoring,High,Junior,Python,Low,13,5,3,26,3,14,False,0,False,4.8,1,1,2,1,5.4136742
Deployment,Medium,Senior,C++,High,12,4,3,24,9,16,False,0,False,3.4375,1,2,1,0,4.25382891
Deployment,High,Tech Lead,Go,Low,6,3,2,12,3,16,False,2,False,4.16666667,1,1,0,1,3.03764083
Client Meeting,Medium,Tech Lead,C++,Medium,11,4,1,22,5,16,False,1,False,4.0625,1,1,2,0,3.92024063
Deployment,Medium,Mid,Java,Medium,5,2,2,10,5,17,True,0,True,2.375,1,1,0,0,2.60669063
Testing,High,Tech Lead,Java,Low,7,5,2,14,3,17,False,1,False,3.45,2,2,0,1,3.50863975
Bug Fix,Low,Junior,JavaScript,Critical,3,4,3,6,8,12,True,1,True,3.5,2,1,0,1,1.40622188
Deployment,Medium,Tech Lead,Other,Medium,2,5,3,4,6,12,False,3,False,3.95,2,1,1,1,1.286965
Testing,Medium,Senior,Java,Low,12,3,1,24,4,12,False,3,False,6.41666667,0,0,2,1,4.3687875
Bug Fix,High,Mid,Python,Low,9,2,1,18,5,14,True,1,False,2.375,1,1,0,0,4.97537906
Documentation,High,Tech Lead,Go,High,3,3,2,6,4,13,False,3,True,5.0,1,0,1,1,1.5328764
Refactoring,Low,Junior,JavaScript,Medium,10,2,3,20,3,16,False,2,False,3.25,0,2,0,0,3.984375
Deployment,Medium,Mid,JavaScript,Critical,5,2,2,10,6,10,False,2,False,1.5,2,0,0,0,2.178125
Client Meeting,Low,Junior,Go,Critical,13,2,3,26,4,18,False,3,False,2.375,1,1,0,0,4.52895938
Refactoring,High,Junior,Go,Medium,2,4,0,4,7,15,False,2,False,3.0,2,1,1,0,1.03208
Documentation,High,Mid,JavaScript,Critical,2,3,3,4,10,12,True,3,False,5.0,1,0,1,1,1.16555145
Deployment,Medium,Tech Lead,JavaScript,High,10,4,3,20,1,18,False,2,False,4.0625,1,1,2,0,3.52821656
Documentation,Medium,Mid,Java,Medium,8,4,1,16,3,14,True,3,False,4.5,0,2,2,0,3.15223125
Deployment,Medium,Junior,JavaScript,High,8,5,3,16,7,15,False,2,False,3.1,3,1,0,1,3.11070375
Deployment,High,Tech Lead,Other,Critical,11,2,1,22,10,13,True,0,False,2.375,1,1,0,0,4.56273891
Client Meeting,Low,Tech Lead,Java,Medium,5,2,3,10,9,14,True,0,False,2.375,1,1,0,0,2.31820312
Testing,High,Mid,Python,Low,13,4,3,26,7,18,False,1,False,3.0,2,1,1,0,6.6191345
Documentation,High,Junior,C++,Medium,11,4,1,22,2,18,True,2,False,4.5625,1,1,1,1,4.55647106
Feature Dev,High,Mid,Java,Critical,5,2,1,10,7,17,False,0,False,3.625,1,0,1,0,1.85589797
Design Review,Medium,Mid,Java,Low,3,3,3,6,9,14,False,3,False,4.16666667,1,1,0,1,1.81699375
Design Review,High,Tech Lead,Go,Medium,5,5,1,10,5,18,False,3,False,3.45,2,2,0,1,2.42309375
Refactoring,High,Senior,Other,Low,7,3,2,14,7,13,True,2,False,2.08333333,2,1,0,0,4.2786975
Bug Fix,Low,Tech Lead,Go,Medium,12,3,0,24,6,16,True,0,False,3.25,0,3,0,0,4.2525
Design Review,Medium,Senior,Go,Critical,10,3,3,20,9,16,True,2,False,3.58333333,2,0,0,1,3.63049477
Refactoring,Medium,Tech Lead,Go,High,3,5,2,6,6,11,False,1,False,2.7,3,1,1,0,1.347912
Client Meeting,Medium,Mid,JavaScript,Critical,2,4,2,4,10,17,False,3,False,2.375,2,2,0,0,1.1676875
Feature Dev,Low,Mid,Java,Low,10,4,0,20,2,13,True,1,False,1.9375,3,1,0,0,4.28685469
Documentation,High,Senior,Go,Low,7,3,1,14,3,18,False,1,False,2.08333333,2,1,0,0,3.80109583
Design Review,Low,Mid,JavaScript,Medium,5,3,3,10,5,16,False,1,False,1.5,3,0,0,0,2.40875
Design Review,Medium,Tech Lead,C++,High,6,4,0,12,2,10,False,2,False,3.4375,1,2,1,0,2.10665813
Design Review,High,Tech Lead,Other,High,2,3,2,4,1,17,False,2,False,2.08333333,2,1,0,0,1.272675
Code Review,Medium,Junior,C++,Medium,4,2,3,8,10,14,False,1,False,2.375,1,1,0,0,2.1096875
Deployment,Medium,Senior,Python,Critical,12,2,2,24,5,18,False,3,False,1.5,2,0,0,0,4.70475
Testing,High,Mid,Go,High,9,5,2,18,1,10,True,2,False,4.45,2,0,2,1,3.42441918
Refactoring,High,Senior,C++,Critical,4,2,0,8,5,16,True,1,False,2.375,1,1,0,0,1.69898531
Deployment,High,Senior,C++,High,13,2,1,26,7,11,False,3,False,1.5,2,0,0,0,5.931675
Deployment,High,Senior,Other,Medium,6,4,0,12,4,10,False,1,False,4.125,2,0,1,1,2.351635
Bug Fix,Low,Senior,Python,High,5,5,0,10,4,16,False,2,False,2.2,3,2,0,0,1.782
Client Meeting,Medium,Junior,C++,Medium,11,2,0,22,3,11,True,0,False,2.375,1,1,0,0,4.533375
Deployment,High,Tech Lead,Java,Medium,1,4,0,2,4,15,False,0,False,5.625,0,1,2,1,0.5
Client Meeting,Medium,Tech Lead,C++,Low,9,4,3,18,6,9,True,1,False,1.5,4,0,0,0,4.91308125
Refactoring,Medium,Tech Lead,Other,Medium,11,4,3,22,3,14,False,3,True,3.5,2,1,0,1,4.97811875
Feature Dev,Medium,Tech Lead,C++,Medium,13,3,1,26,9,17,True,2,False,4.75,0,2,0,1,4.77490781
Bug Fix,Medium,Mid,Go,Critical,4,4,3,8,7,11,False,1,False,2.5625,3,0,1,0,1.72281852
Refactoring,Medium,Junior,C++,Medium,6,4,2,12,1,17,True,0,False,1.9375,3,1,0,0,2.84385938
Client Meeting,Medium,Tech Lead,Python,Low,6,3,2,12,3,12,True,0,True,2.08333333,2,1,0,0,3.41605688
Refactoring,High,Tech Lead,Python,High,13,2,2,26,10,11,True,1,False,3.625,1,0,1,0,5.37305856
Feature Dev,High,Tech Lead,Go,High,6,2,0,12,7,12,False,0,False,4.5,0,1,1,0,2.108295
Deployment,Medium,Senior,Go,High,3,4,1,6,3,13,True,1,False,3.4375,1,2,1,0,1.23361038
Documentation,High,Junior,Python,Low,11,3,0,22,7,10,False,1,False,5.0,1,0,1,1,4.438632
Design Review,High,Senior,Java,Medium,10,3,3,20,5,18,False,0,False,2.08333333,2,1,0,0,5.02895833
Deployment,Medium,Senior,Java,Critical,11,4,3,22,5,9,False,1,True,2.375,2,2,0,0,4.54147031
Bug Fix,Medium,Mid,Python,Low,4,3,1,8,3,12,True,1,False,5.0,1,0,1,1,1.6709385
Client Meeting,Low,Tech Lead,Python,High,6,3,2,12,1,13,True,2,False,2.08333333,2,1,0,0,2.50322625
Deployment,Medium,Tech Lead,Other,Critical,10,5,1,20,9,15,False,3,True,2.7,3,1,1,0,3.89467004
Refactoring,Low,Senior,Python,Critical,13,2,0,26,8,18,True,1,False,2.375,1,1,0,0,4.18615969
Bug Fix,High,Senior,C++,Medium,7,2,1,14,1,16,True,1,False,3.625,1,0,1,0,3.24704166
Testing,High,Senior,C++,Critical,13,2,2,26,1,12,False,0,False,2.375,1,1,0,0,5.2379125
Testing,Low,Tech Lead,Go,Critical,2,3,3,4,4,17,False,1,False,2.66666667,1,2,0,0,1.04351667
Client Meeting,Low,Junior,Go,High,3,2,2,6,10,9,False,0,False,2.375,1,1,0,0,1.2187125
Refactoring,Medium,Senior,Other,Low,5,5,0,10,3,11,False,3,True,3.1,3,1,0,1,2.49843825
Code Review,Medium,Tech Lead,Python,Low,12,4,0,24,2,13,False,3,False,3.0625,3,0,0,1,5.04637031
Documentation,High,Senior,JavaScript,High,10,5,3,20,1,10,True,0,False,3.05,2,2,1,0,4.38605567
Deployment,High,Mid,C++,Critical,5,5,3,10,10,13,True,3,False,3.95,2,1,1,1,2.26018039
Deployment,Medium,Senior,C++,Critical,12,4,1,24,5,17,False,3,False,3.5,2,1,0,1,3.92142188
Client Meeting,Medium,Mid,JavaScript,Medium,7,5,3,14,3,15,True,2,False,2.2,3,2,0,0,3.586275
Feature Dev,High,Junior,Java,Critical,8,3,2,16,6,14,False,3,False,3.58333333,2,0,0,1,3.18249208
Design Review,High,Mid,Python,Medium,10,3,1,20,10,17,True,0,False,4.08333333,0,2,1,0,4.33392969
Feature Dev,Low,Tech Lead,Go,Low,9,5,2,18,3,10,True,3,True,2.55,2,3,0,0,4.7445552
Bug Fix,High,Senior,C++,High,4,3,0,8,7,17,False,0,False,2.66666667,1,2,0,0,1.6008
Documentation,Medium,Junior,JavaScript,Medium,5,4,1,10,7,18,False,3,True,1.9375,3,1,0,0,2.70342188
Refactoring,High,Tech Lead,Other,Low,4,5,3,8,7,10,False,2,False,3.9,1,2,2,0,2.3300673
Documentation,High,Junior,Go,Low,11,4,2,22,9,13,False,3,True,2.375,2,2,0,0,6.72018875
Code Review,High,Junior,Go,Low,6,4,0,12,1,17,True,3,True,3.0,2,1,1,0,3.5825432
Bug Fix,High,Tech Lead,C++,Medium,5,2,1,10,2,14,True,2,False,4.5,0,1,1,0,2.36164688
Documentation,Low,Tech Lead,Python,Medium,6,3,1,12,9,9,False,2,False,4.16666667,1,1,0,1,2.12617917
Client Meeting,Medium,Senior,Other,Low,4,3,2,8,5,15,True,2,False,1.5,3,0,0,0,2.4861375
Design Review,Medium,Mid,JavaScript,Low,7,3,3,14,5,16,False,0,False,2.66666667,1,2,0,0,3.45583333
Feature Dev,Medium,Tech Lead,Python,Low,1,2,2,2,2,13,False,1,False,2.375,1,1,0,0,0.8635
Bug Fix,Medium,Junior,Other,Low,5,3,0,10,3,17,True,0,False,2.91666667,2,0,1,0,2.13800125
Testing,Medium,Senior,Python,Medium,10,4,1,20,9,14,True,3,False,2.5625,3,0,1,0,4.40485336
Design Review,Low,Senior,JavaScript,Low,11,5,3,22,3,17,False,1,False,2.2,3,2,0,0,4.91139
Documentation,Medium,Senior,C++,Medium,9,3,3,18,9,18,True,0,False,4.08333333,0,2,1,0,3.69524531
Code Review,Low,Senior,Java,High,1,2,2,2,5,13,False,1,False,1.5,2,0,0,0,0.7011
Deployment,High,Senior,Python,High,4,3,0,8,3,14,True,3,False,2.08333333,2,1,0,0,2.01387375
Design Review,Low,Mid,Other,High,6,4,0,12,5,18,False,2,True,1.5,4,0,0,0,2.39481
Deployment,Low,Senior,Go,Medium,5,2,3,10,2,11,True,3,False,3.25,0,2,0,0,2.51015625
Deployment,Medium,Junior,Go,Low,4,2,2,8,6,17,False,0,False,2.375,1,1,0,0,2.0508125
Bug Fix,High,Tech Lead,Python,Low,1,3,1,2,6,11,True,3,False,3.5,1,1,1,0,0.94305461
Bug Fix,Low,Mid,Python,High,6,3,1,12,4,16,False,3,False,4.16666667,1,1,0,1,1.98979875
Documentation,High,Junior,Other,Medium,6,2,0,12,4,13,False,0,False,1.5,2,0,0,0,2.829
Design Review,High,Mid,C++,High,7,2,2,14,1,14,False,2,True,1.5,2,0,0,0,3.77487
Documentation,Medium,Senior,C++,Critical,8,2,1,16,6,12,False,1,False,1.5,2,0,0,0,3.0058125
Refactoring,Medium,Junior,Python,Low,9,2,0,18,9,10,False,0,False,2.375,1,1,0,0,3.88575
Refactoring,High,Junior,Go,Low,4,5,3,8,3,14,True,2,True,3.05,2,2,1,0,2.90753512
Design Review,High,Mid,Other,Medium,10,5,3,20,4,15,False,1,False,3.55,2,1,2,0,4.4658225
Deployment,High,Tech Lead,Java,Medium,7,5,0,14,9,11,True,2,True,4.45,2,0,2,1,3.08492935
Refactoring,High,Mid,Python,High,7,5,3,14,9,10,False,2,True,4.65,0,3,1,1,3.05776053
Refactoring,Medium,Senior,Go,Low,7,3,0,14,5,16,False,0,False,2.08333333,2,1,0,0,3.06716667
Client Meeting,Medium,Senior,C++,Medium,6,4,3,12,3,9,True,0,True,1.5,4,0,0,0,3.37404375
Refactoring,High,Senior,Go,Low,4,4,1,8,5,15,False,1,False,3.0,2,1,1,0,2.1185285
Documentation,High,Tech Lead,JavaScript,Critical,3,3,2,6,8,14,True,2,False,4.91666667,0,1,2,0,1.34721387
Code Review,High,Senior,Java,High,9,2,1,18,7,16,True,2,True,2.375,1,1,0,0,4.57984209
Client Meeting,Low,Mid,Other,High,10,2,2,20,7,17,True,2,True,3.25,0,2,0,0,3.99557813
Feature Dev,Medium,Tech Lead,Go,Low,6,3,1,12,4,9,True,0,False,1.5,3,0,0,0,3.01888125
Bug Fix,Medium,Tech Lead,JavaScript,Low,9,3,3,18,9,10,False,0,False,2.08333333,2,1,0,0,4.4364375
Feature Dev,Medium,Mid,C++,Critical,5,5,3,10,1,10,False,2,False,3.05,2,2,1,0,2.07021644
Feature Dev,High,Tech Lead,C++,Medium,13,2,3,26,2,12,True,3,True,2.375,1,1,0,0,7.62740344
Bug Fix,Low,Junior,JavaScript,Low,7,4,1,14,2,14,False,3,True,2.375,2,2,0,0,3.52631813
Bug Fix,Medium,Mid,Other,Low,6,2,2,12,9,16,True,1,True,4.5,0,1,1,0,3.01934325
Bug Fix,Low,Senior,Python,Critical,3,4,1,6,9,15,False,3,False,2.375,2,2,0,0,1.27611563
Bug Fix,Low,Junior,Python,Medium,6,2,1,12,2,13,False,1,False,2.375,1,1,0,0,2.3648125
Design Review,High,Junior,Go,Low,4,3,2,8,10,17,False,0,False,6.41666667,0,0,2,1,1.780801
Deployment,High,Senior,C++,High,6,2,1,12,10,10,True,2,False,3.625,1,0,1,0,2.6191555
Feature Dev,High,Junior,C++,Low,12,3,0,24,6,17,True,3,False,2.66666667,1,2,0,0,6.49803
Design Review,Low,Mid,Other,Critical,11,4,2,22,10,13,True,1,True,1.9375,3,1,0,0,4.29380634
Client Meeting,Medium,Mid,C++,Low,3,5,3,6,8,9,True,1,False,3.95,2,1,1,1,1.67824388
Client Meeting,Low,Mid,Go,Medium,5,5,1,10,2,10,True,1,False,3.45,2,2,0,1,1.89662156
Testing,Low,Junior,Other,Low,10,2,2,20,9,13,False,1,True,3.25,0,2,0,0,4.5375
Testing,Medium,Senior,JavaScript,Medium,9,2,2,18,7,14,True,3,False,3.625,1,0,1,0,3.93013688
Deployment,High,Mid,C++,High,12,4,1,24,2,14,True,1,False,4.5625,1,1,1,1,4.37370688
Design Review,High,Mid,Python,High,12,4,1,24,5,15,True,1,False,3.4375,1,2,1,0,4.90891856
Bug Fix,Medium,Junior,C++,Medium,8,2,1,16,6,13,True,3,True,3.25,0,2,0,0,3.95226563
Documentation,High,Senior,C++,Low,5,4,0,10,4,18,False,3,True,3.875,0,3,1,0,2.76553062
Testing,Low,Tech Lead,JavaScript,High,11,3,1,22,8,18,False,1,False,2.08333333,2,1,0,0,3.7732125
Feature Dev,High,Junior,C++,Low,2,2,0,4,2,12,False,3,False,1.5,2,0,0,0,1.37555
Code Review,High,Mid,Other,Critical,13,5,1,26,4,15,False,2,True,3.4,1,3,1,0,5.33912396
Documentation,Low,Tech Lead,JavaScript,Low,6,5,3,12,2,9,False,0,True,1.85,4,1,0,0,3.18178575
Documentation,Low,Mid,JavaScript,Low,9,2,1,18,3,15,False,0,False,2.375,1,1,0,0,3.65908125
Deployment,High,Mid,Go,Critical,12,3,1,24,8,12,True,3,True,2.66666667,1,2,0,0,5.66567925
Feature Dev,High,Junior,Other,High,1,2,0,2,10,16,True,2,True,3.625,1,0,1,0,0.61141701
Client Meeting,High,Senior,JavaScript,Medium,7,4,3,14,3,17,True,1,False,4.5625,1,1,1,1,3.17521181
Client Meeting,High,Tech Lead,Other,Low,8,3,0,16,6,15,False,3,False,4.33333333,1,0,2,0,3.63519933
Bug Fix,Medium,Junior,Python,Low,12,5,0,24,9,13,False,3,True,2.75,4,0,0,1,5.64260813
Deployment,Medium,Senior,Java,High,13,3,1,26,9,10,False,0,True,1.5,3,0,0,0,5.4289125
Bug Fix,High,Tech Lead,C++,Low,13,4,1,26,2,18,False,0,False,3.875,0,3,1,0,5.92751844
Client Meeting,High,Mid,Python,Critical,5,3,2,10,9,12,False,2,False,3.5,1,1,1,0,2.135455
Refactoring,Medium,Senior,JavaScript,Critical,10,4,2,20,8,17,False,3,False,3.0,2,1,1,0,3.603065
Client Meeting,Medium,Mid,Go,High,4,2,1,8,9,10,False,3,False,3.25,0,2,0,0,1.7296875
Documentation,Medium,Mid,Java,Medium,8,4,2,16,2,18,False,0,False,1.5,4,0,0,0,3.5875
Bug Fix,Low,Senior,Go,Low,5,3,2,10,1,11,False,3,True,4.75,0,2,0,1,2.379465
Testing,Medium,Senior,Go,Medium,12,2,3,24,7,12,True,3,True,3.625,1,0,1,0,5.71273467
Code Review,Medium,Tech Lead,Python,Low,1,4,2,2,9,18,False,2,False,3.4375,1,2,1,0,0.89127844
Testing,High,Tech Lead,Other,Medium,8,3,1,16,7,9,False,3,False,2.91666667,2,0,1,0,3.82248708
Refactoring,High,Mid,Go,Low,11,2,1,22,1,13,True,2,False,3.625,1,0,1,0,5.56862965
Client Meeting,Medium,Tech Lead,Go,Low,10,3,2,20,6,11,True,2,False,4.16666667,1,1,0,1,4.40271562
Documentation,Medium,Mid,Java,Medium,1,2,0,2,4,18,False,2,True,1.5,2,0,0,0,0.6765
Documentation,Medium,Tech Lead,Go,High,11,5,2,22,10,9,False,3,False,3.05,2,2,1,0,4.1358375
Documentation,Medium,Junior,Python,Critical,7,3,2,14,9,18,True,1,False,2.66666667,1,2,0,0,2.7608
Feature Dev,Medium,Mid,Go,Medium,3,2,0,6,10,16,False,1,True,1.5,2,0,0,0,1.46575
Design Review,Medium,Tech Lead,Go,Critical,1,2,0,2,3,12,True,2,False,4.5,0,1,1,0,0.5
Client Meeting,Medium,Senior,Other,High,10,2,2,20,2,9,True,1,False,3.625,1,0,1,0,3.70555763
Design Review,High,Tech Lead,JavaScript,Critical,10,2,0,20,2,9,False,2,False,1.5,2,0,0,0,4.182
Testing,High,Mid,JavaScript,Critical,8,4,2,16,8,9,True,3,False,3.5,2,1,0,1,3.35673712
Feature Dev,High,Tech Lead,Java,Critical,1,4,1,2,5,18,False,3,False,3.875,0,3,1,0,0.67995484
Testing,High,Tech Lead,Python,Low,8,2,3,16,1,17,False,3,False,3.625,1,0,1,0,4.34275669
Deployment,Low,Mid,Go,High,13,3,3,26,4,16,True,0,True,4.16666667,1,1,0,1,4.51718623
Design Review,Low,Mid,C++,High,13,3,2,26,3,11,False,3,False,2.08333333,2,1,0,0,4.7322
Code Review,Low,Mid,Go,Low,3,5,1,6,5,17,False,3,False,3.1,3,1,0,1,1.51091325
Client Meeting,Medium,Tech Lead,Other,Medium,6,3,0,12,5,16,False,0,False,2.08333333,2,1,0,0,2.39
Bug Fix,Low,Senior,Other,Low,5,2,0,10,5,12,False,3,True,1.5,2,0,0,0,2.604525
Design Review,Low,Junior,C++,Critical,7,5,3,14,7,11,False,0,False,2.55,2,3,0,0,2.45507625
Refactoring,High,Senior,Java,High,13,3,1,26,9,11,False,3,True,2.08333333,2,1,0,0,6.33917625
Code Review,High,Senior,Other,Critical,1,5,0,2,6,13,True,0,False,3.45,2,2,0,1,0.5
Code Review,Medium,Junior,C++,Critical,7,4,2,14,1,17,False,0,False,3.4375,1,2,1,0,2.37224109
Refactoring,Medium,Tech Lead,Other,Critical,3,4,3,6,7,16,False,1,True,3.0,2,1,1,0,1.50780438
Code Review,High,Tech Lead,Python,Critical,2,2,0,4,10,18,False,1,False,4.5,0,1,1,0,0.73586625
Refactoring,Low,Mid,Python,Low,4,2,1,8,5,13,False,0,False,2.375,1,1,0,0,1.71620625
Documentation,High,Senior,C++,Low,9,3,3,18,2,11,False,2,False,4.16666667,1,1,0,1,4.46328208
Bug Fix,Medium,Senior,C++,Medium,5,3,0,10,3,9,False,2,False,3.58333333,2,0,0,1,1.92454167
Design Review,Medium,Senior,JavaScript,Low,4,5,3,8,3,10,True,0,True,2.75,4,0,0,1,2.38151255
Documentation,High,Tech Lead,JavaScript,Medium,10,4,2,20,10,11,True,3,False,3.0,2,1,1,0,5.03139
Code Review,Low,Tech Lead,C++,High,6,4,0,12,2,17,True,3,False,2.375,2,2,0,0,2.28111188
Deployment,Medium,Tech Lead,Other,Low,10,5,3,20,2,17,False,2,True,3.05,2,2,1,0,5.17117549
Design Review,Medium,Mid,Java,High,1,5,3,2,10,17,True,1,False,3.55,2,1,2,0,0.77848391
Deployment,Medium,Junior,C++,High,4,4,0,8,1,16,False,3,False,2.375,2,2,0,0,1.6779375
Code Review,Low,Tech Lead,Java,Medium,12,5,2,24,3,16,True,1,False,3.1,3,1,0,1,4.449249
Bug Fix,High,Junior,C++,Low,8,2,3,16,5,10,True,0,False,2.375,1,1,0,0,4.68070969
Client Meeting,Low,Senior,JavaScript,Low,6,2,3,12,8,16,False,0,True,2.375,1,1,0,0,3.09888563
Refactoring,Low,Tech Lead,C++,Critical,9,5,3,18,2,15,False,2,True,3.45,2,2,0,1,3.20478379
Deployment,Low,Tech Lead,Python,Critical,7,4,0,14,7,12,False,2,False,1.9375,3,1,0,0,2.319225
Code Review,Medium,Senior,Go,Critical,11,4,0,22,9,10,False,3,True,3.0625,3,0,0,1,3.95299008
Feature Dev,High,Tech Lead,Go,High,1,4,2,2,5,17,False,1,True,3.875,0,3,1,0,0.74843381
Testing,Medium,Mid,Java,High,10,5,3,20,3,14,False,2,False,2.2,3,2,0,0,4.14315
Testing,Medium,Tech Lead,Go,Critical,7,4,3,14,5,9,True,0,False,4.125,2,0,1,1,2.38503891
Design Review,Medium,Junior,Java,Critical,7,5,1,14,6,18,False,0,False,3.2,3,0,2,0,2.215627
Client Meeting,High,Tech Lead,Java,Low,5,5,0,10,8,17,True,1,True,3.05,2,2,1,0,2.80244349
Refactoring,Medium,Mid,Go,High,4,5,1,8,7,17,False,0,False,3.6,3,0,1,1,1.33308
Deployment,Low,Tech Lead,Python,Low,6,3,0,12,9,11,True,1,True,3.58333333,2,0,0,1,2.51181556
Refactoring,Medium,Senior,Java,High,5,3,0,10,10,16,True,2,True,2.91666667,2,0,1,0,2.11662124
Refactoring,Medium,Tech Lead,Java,Medium,4,2,0,8,8,16,True,2,False,4.5,0,1,1,0,1.6041375
Client Meeting,High,Senior,JavaScript,Critical,5,4,3,10,10,18,False,0,False,4.125,2,0,1,1,1.92200938
Code Review,High,Mid,JavaScript,Low,7,3,2,14,1,10,True,1,True,2.91666667,2,0,1,0,4.25676049
Code Review,Medium,Tech Lead,Python,Critical,3,4,3,6,10,11,True,2,True,3.0,2,1,1,0,1.67366286
Code Review,Medium,Junior,Other,Medium,11,3,1,22,8,9,False,1,False,3.5,1,1,1,0,4.1722125
Feature Dev,Medium,Junior,Go,High,4,3,0,8,6,13,True,3,False,4.33333333,1,0,2,0,1.4908635
Code Review,Medium,Mid,Python,Medium,7,3,3,14,9,11,False,3,True,3.5,1,1,1,0,3.50376125
Deployment,High,Junior,Python,Low,4,2,0,8,2,14,False,0,False,2.375,1,1,0,0,1.98605
Client Meeting,High,Tech Lead,Other,Medium,12,5,0,24,2,12,True,0,False,2.55,2,3,0,0,5.63661
Bug Fix,Medium,Junior,Python,High,6,2,2,12,1,16,True,1,True,3.625,1,0,1,0,2.59389034
Documentation,High,Senior,C++,Low,8,2,2,16,8,14,True,2,False,2.375,1,1,0,0,4.73737688
Refactoring,Low,Tech Lead,JavaScript,Medium,8,5,2,16,1,9,True,1,False,3.8,1,3,0,1,2.977338
Feature Dev,Medium,Mid,Go,Low,12,3,3,24,4,18,False,1,False,2.08333333,2,1,0,0,5.86047917
Testing,Low,Mid,Python,Critical,5,2,1,10,2,12,True,0,False,1.5,2,0,0,0,1.78388438
Bug Fix,Medium,Senior,Other,Medium,7,4,1,14,6,14,False,0,False,4.375,0,3,0,1,2.46970313
Client Meeting,Medium,Senior,Java,Low,5,3,3,10,5,14,False,1,False,2.91666667,2,0,1,0,2.59614437
Testing,Medium,Senior,Java,High,4,2,2,8,10,11,True,1,False,2.375,1,1,0,0,1.8545625
Refactoring,High,Mid,Other,High,11,2,2,22,4,12,True,1,False,4.5,0,1,1,0,4.37929538
Documentation,High,Mid,Python,Low,8,3,2,16,8,14,False,1,True,5.58333333,0,1,1,1,3.8605776
Bug Fix,High,Senior,C++,Low,4,2,1,8,6,13,False,3,False,2.375,1,1,0,0,2.47176875
Bug Fix,Medium,Senior,Other,High,1,5,0,2,5,9,True,2,False,2.7,3,1,1,0,0.53074035
Deployment,Low,Senior,Python,Medium,7,5,3,14,6,12,True,3,False,2.9,1,4,0,0,3.2789925
Code Review,Medium,Senior,JavaScript,Medium,3,4,2,6,5,17,False,0,True,3.9375,1,2,0,1,1.41564844
Deployment,Medium,Mid,Go,Medium,1,3,3,2,1,18,False,1,False,2.91666667,2,0,1,0,0.87926458
Testing,High,Mid,Java,High,7,4,3,14,5,9,False,1,False,4.375,0,3,0,1,2.84057719
Documentation,High,Senior,Java,Critical,6,5,3,12,9,10,False,3,False,2.55,2,3,0,0,2.90145375
Refactoring,High,Junior,Java,High,12,5,0,24,8,18,True,3,False,3.55,2,1,2,0,4.76923828
Bug Fix,High,Junior,Other,High,4,3,2,8,4,9,False,1,True,4.08333333,0,2,1,0,1.927002
Bug Fix,Medium,Senior,Java,Medium,4,3,2,8,2,14,False,1,True,2.08333333,2,1,0,0,2.19083333
Testing,Medium,Junior,Python,High,8,3,3,16,1,12,True,3,False,2.66666667,1,2,0,0,3.608325
Client Meeting,Medium,Tech Lead,JavaScript,Medium,8,4,3,16,2,10,False,3,False,3.4375,1,2,1,0,3.55611094
Deployment,High,Senior,JavaScript,Critical,6,3,3,12,4,15,False,1,False,6.41666667,0,0,2,1,2.12841275
Refactoring,Low,Tech Lead,Python,Critical,3,4,0,6,6,9,True,2,False,1.9375,3,1,0,0,1.14597
Refactoring,High,Mid,Java,Low,11,3,2,22,3,11,True,2,True,3.5,1,1,1,0,6.33815606
Client Meeting,Medium,Tech Lead,Go,High,11,2,0,22,7,9,True,3,False,1.5,2,0,0,0,4.5525375
Documentation,Medium,Senior,Python,Medium,4,5,0,8,5,16,False,2,False,3.95,2,1,1,1,1.49454
Feature Dev,Medium,Junior,Other,Critical,7,3,2,14,8,16,True,0,False,4.08333333,0,2,1,0,2.40419047
Feature Dev,Medium,Mid,Other,Critical,3,2,0,6,9,18,False,2,True,3.625,1,0,1,0,1.16656444
Refactoring,Medium,Tech Lead,Other,Medium,4,3,3,8,1,11,True,1,False,2.91666667,2,0,1,0,2.08941031
Client Meeting,High,Junior,Other,High,9,2,1,18,9,17,False,0,False,2.375,1,1,0,0,3.78860625
Bug Fix,Medium,Senior,JavaScript,Low,5,2,0,10,4,17,True,2,True,3.625,1,0,1,0,2.49095818
Design Review,Medium,Senior,Go,Low,3,4,3,6,1,10,True,3,False,2.375,2,2,0,0,2.21002031
Design Review,High,Tech Lead,Go,Critical,7,2,3,14,9,11,True,0,True,2.375,1,1,0,0,3.53546583
Feature Dev,Medium,Junior,JavaScript,Low,6,2,3,12,1,16,False,1,False,3.625,1,0,1,0,2.89190344
Client Meeting,Medium,Junior,Go,Low,11,4,1,22,2,12,False,3,False,3.9375,1,2,0,1,4.57726328
Deployment,Low,Tech Lead,Python,Medium,2,2,0,4,3,11,True,0,False,3.25,0,2,0,0,0.70875
Testing,High,Senior,Python,High,3,3,3,6,7,17,False,0,False,2.66666667,1,2,0,0,1.5921
Testing,High,Junior,JavaScript,Medium,12,4,3,24,8,11,True,1,False,3.4375,1,2,1,0,5.73794255
Testing,High,Tech Lead,C++,High,8,4,1,16,2,9,True,0,False,4.5625,1,1,1,1,2.90317112
Refactoring,High,Tech Lead,Python,Critical,3,4,2,6,10,18,True,1,True,3.875,0,3,1,0,1.5361749
Testing,High,Senior,JavaScript,High,3,2,1,6,1,16,False,3,False,1.5,2,0,0,0,1.688175
Documentation,High,Junior,JavaScript,Low,4,3,1,8,1,15,True,2,True,2.66666667,1,2,0,0,2.6896485
Deployment,Medium,Tech Lead,Other,Medium,2,4,0,4,3,17,False,2,False,4.5,0,2,2,0,0.8225
Code Review,High,Mid,Python,Medium,7,2,0,14,4,12,True,1,False,1.5,2,0,0,0,3.57315
Code Review,High,Senior,JavaScript,Low,7,2,3,14,1,18,False,0,False,4.5,0,1,1,0,3.42640375
Documentation,Medium,Tech Lead,Go,High,2,2,1,4,1,18,False,3,True,3.625,1,0,1,0,1.10284453
Code Review,High,Senior,Go,High,9,2,3,18,7,17,False,0,False,1.5,2,0,0,0,4.234275
Testing,Low,Mid,Go,Critical,9,5,0,18,9,14,False,0,False,3.1,3,1,0,1,2.4724035
Bug Fix,High,Senior,JavaScript,Critical,2,5,3,4,8,18,False,1,True,2.9,1,4,0,0,1.31259975
Testing,Medium,Tech Lead,Python,Low,4,2,0,8,9,18,False,1,False,1.5,2,0,0,0,1.91675
Testing,High,Junior,C++,Medium,1,5,3,2,7,18,False,0,True,4.15,0,4,0,1,0.84872288
Feature Dev,Low,Senior,C++,Low,7,2,2,14,7,11,False,1,False,1.5,2,0,0,0,3.2923
Design Review,High,Mid,Other,Medium,6,3,2,12,2,14,True,0,False,3.5,1,1,1,0,2.88286425
Bug Fix,Low,Senior,C++,Critical,1,4,2,2,7,14,True,2,False,1.5,4,0,0,0,0.78673875
Design Review,Low,Tech Lead,Other,Critical,7,5,1,14,9,16,False,2,False,3.8,1,3,0,1,2.10894775
Testing,Medium,Mid,Other,Critical,1,2,2,2,10,9,False,3,False,4.5,0,1,1,0,0.7214375
Code Review,High,Tech Lead,Other,High,11,3,1,22,9,11,False,1,True,6.41666667,0,0,2,1,3.97684485
Refactoring,Medium,Junior,C++,High,10,3,1,20,8,9,True,0,False,3.5,1,1,1,0,3.51879019
Documentation,High,Tech Lead,Java,Critical,3,3,0,6,2,11,True,1,True,2.91666667,2,0,1,0,1.34480279
Design Review,Medium,Junior,JavaScript,Medium,3,4,2,6,2,9,False,1,False,3.4375,1,2,1,0,1.44045
Feature Dev,Low,Junior,JavaScript,Low,12,4,0,24,4,11,False,0,True,1.9375,3,1,0,0,5.243535
Deployment,High,Junior,Other,Low,6,2,0,12,1,11,False,0,False,2.375,1,1,0,0,2.979075
Testing,Low,Mid,Other,Critical,3,2,2,6,4,16,False,2,False,2.375,1,1,0,0,1.31781875
Code Review,High,Mid,Java,Medium,9,2,1,18,8,16,False,3,False,3.625,1,0,1,0,4.09055063
Testing,Medium,Junior,C++,Medium,11,3,1,22,7,13,False,0,False,2.08333333,2,1,0,0,4.53104167
Client Meeting,High,Junior,JavaScript,Critical,2,3,0,4,8,17,True,1,False,4.08333333,0,2,1,0,0.79105622
Design Review,Medium,Junior,Python,High,1,3,0,2,10,11,False,2,False,2.66666667,1,2,0,0,0.522
Code Review,Medium,Mid,Python,High,12,2,0,24,4,9,True,0,False,2.375,1,1,0,0,4.45095
Bug Fix,Low,Tech Lead,Python,Critical,12,2,1,24,7,9,True,2,False,1.5,2,0,0,0,4.27217438
Bug Fix,Low,Senior,C++,High,10,5,0,20,7,10,False,0,False,2.55,2,3,0,0,3.1509
Testing,High,Junior,Other,High,9,4,0,18,2,9,False,3,False,4.5625,1,1,1,1,3.2052915
Documentation,Low,Junior,Python,High,7,4,1,14,9,15,False,0,False,2.375,2,2,0,0,2.35794375
Feature Dev,Low,Senior,Python,High,8,3,1,16,5,11,False,1,True,2.66666667,1,2,0,0,2.99541
Refactoring,Medium,Junior,Other,Low,3,4,0,6,1,11,False,2,False,4.5625,1,1,1,1,1.2352725
Feature Dev,Medium,Mid,Python,Critical,13,4,1,26,5,10,True,1,False,3.0,2,1,1,0,4.48229119
Design Review,Medium,Mid,Python,High,4,3,1,8,8,14,False,3,False,6.41666667,0,0,2,1,1.3957425
Testing,High,Mid,C++,Critical,1,3,1,2,2,18,False,0,True,3.5,1,1,1,0,0.51174654
Documentation,High,Mid,Go,Critical,10,5,0,20,1,9,False,2,False,4.8,1,1,2,1,3.122832
Testing,Medium,Junior,JavaScript,High,10,5,1,20,10,15,False,0,False,3.95,2,1,1,1,3.1011705
Design Review,High,Tech Lead,Python,Critical,6,2,2,12,9,15,False,1,True,3.625,1,0,1,0,2.63310259
Client Meeting,High,Junior,Java,Low,13,2,0,26,5,17,False,2,False,4.5,0,1,1,0,5.7698025
Refactoring,Low,Tech Lead,Go,Low,2,4,2,4,8,14,False,0,False,1.9375,3,1,0,0,1.12550625
Design Review,Medium,Tech Lead,JavaScript,Critical,13,4,1,26,10,12,False,1,False,4.5625,1,1,1,1,3.71584406
Client Meeting,Medium,Senior,Other,Low,8,5,0,16,3,18,True,0,False,2.75,4,0,0,1,3.37953
Deployment,Medium,Junior,Python,High,3,2,1,6,2,16,False,3,False,1.5,2,0,0,0,1.522125
Client Meeting,High,Mid,JavaScript,Medium,12,2,3,24,5,14,True,0,False,3.25,0,2,0,0,5.87671875
Design Review,High,Tech Lead,Java,Low,2,3,0,4,10,12,True,0,False,3.5,1,1,1,0,0.95341785
Documentation,Low,Junior,Java,Low,1,3,2,2,6,15,True,2,False,2.08333333,2,1,0,0,0.98916125
Refactoring,Medium,Tech Lead,JavaScript,Critical,9,2,1,18,6,11,False,2,True,3.625,1,0,1,0,3.29137823
Documentation,High,Senior,Go,Critical,9,4,0,18,10,9,True,3,False,4.0625,1,1,2,0,3.34080377
Bug Fix,Low,Mid,Python,Critical,1,3,2,2,10,18,False,1,False,3.25,0,3,0,0,0.605625
Testing,Medium,Mid,Java,Medium,1,5,0,2,9,16,False,3,False,3.45,2,2,0,1,0.6167875
Documentation,Low,Mid,Go,Medium,9,3,1,18,8,9,False,0,False,3.25,0,3,0,0,3.178125
Client Meeting,High,Senior,JavaScript,High,9,2,1,18,3,13,False,3,True,1.5,2,0,0,0,4.6577025
Deployment,High,Senior,Java,Medium,8,3,0,16,2,16,True,1,False,3.5,1,1,1,0,3.56118525
Refactoring,High,Senior,C++,Low,3,3,1,6,4,18,False,2,False,2.66666667,1,2,0,0,1.83956667
Client Meeting,Medium,Junior,Other,High,1,4,2,2,6,11,True,0,False,3.0,2,1,1,0,0.60957225
Feature Dev,Medium,Tech Lead,JavaScript,Low,3,4,0,6,5,9,True,2,False,3.0,2,1,1,0,1.4900655
Testing,Medium,Tech Lead,Go,Low,4,5,1,8,6,11,True,2,False,4.45,2,0,2,1,1.75895094
Bug Fix,Medium,Junior,Go,Medium,13,2,3,26,2,16,False,1,False,3.625,1,0,1,0,5.12432812
Deployment,Medium,Tech Lead,Other,Medium,7,3,0,14,4,9,False,0,False,4.91666667,0,1,2,0,2.24816667
Bug Fix,Medium,Junior,C++,Low,3,5,2,6,2,14,False,3,False,3.45,2,2,0,1,1.7446275
Deployment,Low,Tech Lead,JavaScript,Critical,5,4,1,10,5,15,False,3,False,1.9375,3,1,0,0,1.91847656
Feature Dev,High,Junior,Go,Low,6,5,1,12,5,10,True,3,True,4.45,2,0,2,1,3.18505425
Testing,High,Mid,Java,Critical,4,4,0,8,2,18,True,0,False,4.125,2,0,1,1,1.35029895
Testing,Medium,Tech Lead,Go,High,4,2,3,8,10,18,False,3,False,5.75,0,0,2,0,1.689885
Refactoring,High,Senior,C++,Critical,11,2,3,22,1,17,False,2,False,1.5,2,0,0,0,4.9748375
Bug Fix,Medium,Tech Lead,Other,Low,8,5,0,16,2,10,False,1,True,2.2,3,2,0,0,3.95307
Deployment,High,Senior,Go,High,9,3,3,18,9,15,False,1,False,5.58333333,0,1,1,1,3.300822
Feature Dev,Medium,Junior,Python,High,9,3,3,18,3,12,True,0,False,4.16666667,1,1,0,1,3.24199969
Feature Dev,Medium,Senior,Java,Critical,2,4,0,4,5,11,True,3,False,1.9375,3,1,0,0,0.98481797
Feature Dev,Low,Tech Lead,Go,Low,10,4,3,20,5,12,False,1,True,3.9375,1,2,0,1,4.30829008
Refactoring,Medium,Junior,JavaScript,High,11,3,3,22,6,17,False,3,True,4.08333333,0,2,1,0,4.43038406
Code Review,Medium,Tech Lead,JavaScript,High,6,5,3,12,8,16,False,1,False,2.9,1,4,0,0,2.535525
Refactoring,Medium,Mid,JavaScript,High,12,3,2,24,7,15,False,0,False,5.0,1,0,1,1,3.58938
Bug Fix,Medium,Mid,Other,Medium,6,5,1,12,7,14,False,0,False,1.85,4,1,0,0,2.569125
Testing,High,Junior,C++,Low,12,4,2,24,2,18,False,1,False,2.375,2,2,0,0,6.3899
Deployment,High,Tech Lead,C++,Low,9,3,0,18,2,11,False,3,False,5.0,1,0,1,1,3.819288
Bug Fix,High,Tech Lead,C++,Low,4,2,2,8,6,15,True,2,True,2.375,1,1,0,0,2.91722681
Documentation,Medium,Mid,Go,Critical,3,4,3,6,7,15,False,2,False,2.375,2,2,0,0,1.54301562
Refactoring,Low,Junior,Go,Critical,7,4,1,14,6,13,False,1,False,3.5,2,1,0,1,2.06901688
Bug Fix,High,Junior,Java,Low,11,3,0,22,5,16,False,3,True,2.08333333,2,1,0,0,6.45857667
Feature Dev,Low,Senior,Java,High,8,2,3,16,9,15,False,0,False,2.375,1,1,0,0,2.94080625
Bug Fix,High,Mid,Python,Low,1,5,1,2,1,15,True,2,True,3.9,1,2,2,0,0.87545962
Bug Fix,Medium,Senior,JavaScript,Low,5,2,0,10,8,15,False,1,False,3.25,0,2,0,0,2.165625
Refactoring,High,Mid,Java,Medium,13,3,0,26,8,9,True,3,False,5.0,1,0,1,1,5.156508
Bug Fix,High,Tech Lead,C++,High,2,4,0,4,4,13,True,3,False,3.0,2,1,1,0,1.06239735
Testing,High,Junior,Java,High,1,3,0,2,3,15,False,3,False,4.16666667,1,1,0,1,0.579405
Code Review,Medium,Tech Lead,JavaScript,High,11,5,1,22,9,12,False,1,False,3.55,2,1,2,0,3.62902275
Refactoring,Medium,Junior,JavaScript,High,8,5,3,16,9,15,False,2,False,2.55,2,3,0,0,3.3697125
Deployment,Medium,Mid,JavaScript,Low,13,5,1,26,10,15,False,3,False,3.2,3,0,2,0,5.491574
Bug Fix,High,Senior,JavaScript,Low,12,3,0,24,6,9,False,0,True,2.08333333,2,1,0,0,6.65137
Code Review,High,Tech Lead,JavaScript,Medium,11,2,2,22,4,14,True,2,False,3.25,0,2,0,0,5.473125
Design Review,Medium,Mid,JavaScript,Low,8,4,3,16,5,15,True,3,False,3.0,2,1,1,0,4.20411338
Code Review,Medium,Mid,JavaScript,Critical,4,3,2,8,6,14,True,3,False,2.91666667,2,0,1,0,1.81730106
Client Meeting,Low,Mid,Go,Low,5,3,2,10,3,9,False,3,False,4.75,0,2,0,1,2.16315
Feature Dev,Low,Mid,Other,Critical,10,2,2,20,7,11,True,3,True,2.375,1,1,0,0,4.04603719
Documentation,Medium,Mid,Python,Medium,8,4,3,16,4,16,False,0,False,4.0625,1,1,2,0,3.07717813
Bug Fix,Medium,Mid,Python,Medium,1,2,0,2,1,18,False,0,False,4.5,0,1,1,0,0.5
Code Review,Low,Senior,JavaScript,Low,10,5,0,20,2,13,True,1,True,2.55,2,3,0,0,4.57157663
Feature Dev,High,Tech Lead,C++,Medium,1,3,2,2,2,13,True,0,False,2.66666667,1,2,0,0,0.7714
Feature Dev,Medium,Junior,C++,High,5,2,1,10,1,15,False,3,False,2.375,1,1,0,0,2.16365625
Design Review,High,Mid,Other,Low,8,4,0,16,4,15,False,1,False,3.4375,1,2,1,0,3.74336944
Documentation,High,Senior,C++,Low,1,2,3,2,4,16,True,0,True,3.625,1,0,1,0,1.03035088
Code Review,Low,Junior,JavaScript,Critical,1,3,1,2,10,15,False,0,False,2.66666667,1,2,0,0,0.5
Testing,Medium,Tech Lead,Other,Medium,1,2,0,2,5,13,False,2,False,2.375,1,1,0,0,0.58875
Documentation,High,Junior,Other,Low,1,3,0,2,3,17,True,0,False,3.5,1,1,1,0,0.5
Refactoring,Medium,Tech Lead,C++,Low,11,3,2,22,4,12,True,1,False,3.5,1,1,1,0,4.974354
Code Review,Medium,Senior,Go,Medium,9,5,0,18,5,12,True,3,False,3.95,2,1,1,1,3.4000785
Design Review,Medium,Mid,Go,Low,10,2,3,20,3,12,True,0,False,4.5,0,1,1,0,4.36236281
Feature Dev,Medium,Tech Lead,Python,High,9,4,3,18,4,18,False,1,True,1.9375,3,1,0,0,4.12133906
Testing,Low,Junior,Other,Low,7,5,3,14,9,10,False,1,False,2.75,4,0,0,1,3.08784438
Design Review,Medium,Senior,Java,Medium,1,4,0,2,10,16,False,2,True,4.5,0,2,2,0,0.54285
Client Meeting,High,Tech Lead,JavaScript,High,7,3,2,14,2,15,True,3,False,4.33333333,1,0,2,0,2.9974203
Documentation,Low,Senior,JavaScript,Critical,3,2,1,6,1,11,True,1,True,2.375,1,1,0,0,1.28124511
Bug Fix,High,Tech Lead,Python,Critical,12,3,3,24,5,17,True,2,False,2.08333333,2,1,0,0,5.48378031
Design Review,Medium,Tech Lead,Java,High,13,3,2,26,5,14,False,3,False,2.08333333,2,1,0,0,5.19825
Feature Dev,High,Mid,Go,Low,1,2,0,2,8,18,False,3,False,1.5,2,0,0,0,0.8569
Documentation,High,Junior,Other,Medium,2,2,0,4,1,15,True,1,False,4.5,0,1,1,0,0.90901125
Design Review,Medium,Tech Lead,Python,Critical,1,2,1,2,4,18,False,1,True,4.5,0,1,1,0,0.51582781
Testing,High,Mid,Java,Medium,4,4,3,8,5,13,False,0,False,4.5625,1,1,1,1,1.83686625
Bug Fix,Medium,Mid,Go,Medium,4,4,3,8,5,12,True,0,True,3.625,2,0,2,0,2.04484809
Client Meeting,Medium,Senior,Python,High,13,5,0,26,2,9,False,0,True,3.45,2,2,0,1,4.5360315
Client Meeting,Low,Mid,JavaScript,High,8,2,3,16,2,15,True,3,False,2.375,1,1,0,0,3.36603094
Feature Dev,Medium,Senior,JavaScript,Medium,9,2,0,18,5,10,False,1,False,2.375,1,1,0,0,3.630625
Design Review,High,Mid,JavaScript,Critical,7,4,3,14,9,17,True,2,True,2.8125,1,3,0,0,3.64502299
Feature Dev,Medium,Tech Lead,JavaScript,Critical,5,2,0,10,10,17,True,2,True,3.25,0,2,0,0,2.02485938
Design Review,Medium,Junior,JavaScript,Medium,5,2,2,10,5,12,False,0,False,4.5,0,1,1,0,1.952125
Code Review,High,Senior,C++,Critical,6,3,2,12,8,17,True,2,False,4.16666667,1,1,0,1,2.46463131
Refactoring,Low,Mid,Other,High,6,2,3,12,10,13,False,0,False,1.5,2,0,0,0,2.407725
Documentation,High,Senior,Other,High,6,4,1,12,9,11,False,3,False,3.5,2,1,0,1,2.53870875
Refactoring,Medium,Junior,C++,High,6,5,0,12,1,10,True,2,False,3.2,3,0,2,0,2.1710052
Testing,Medium,Senior,Go,Medium,5,4,3,10,5,11,False,2,True,3.625,2,0,2,0,2.51746688
Bug Fix,High,Senior,Other,Critical,5,3,3,10,2,18,False,0,False,5.0,1,0,1,1,1.827925
Feature Dev,Medium,Senior,Other,Critical,3,4,2,6,2,9,True,0,False,3.0,2,1,1,0,1.23365813
Documentation,Low,Tech Lead,Python,Medium,2,3,2,4,1,18,False,2,False,3.58333333,2,0,0,1,1.06724583
Design Review,Medium,Mid,Java,Critical,2,5,0,4,9,16,False,1,False,3.8,1,3,0,1,0.6613425
Deployment,Medium,Mid,JavaScript,Critical,9,3,1,18,5,11,False,1,False,3.5,1,1,1,0,2.93625062
Documentation,High,Junior,Other,Low,1,4,1,2,7,13,False,1,False,4.0625,1,1,2,0,0.65843181
Bug Fix,High,Mid,Python,High,8,2,3,16,5,18,False,1,True,3.625,1,0,1,0,3.73202589
Testing,Medium,Junior,Java,High,2,3,0,4,7,11,False,3,True,4.33333333,1,0,2,0,0.904233
Documentation,Medium,Junior,C++,Medium,12,2,2,24,7,12,False,3,False,1.5,2,0,0,0,5.535
Refactoring,Medium,Mid,C++,Low,6,3,2,12,9,10,True,1,False,4.16666667,1,1,0,1,2.7394675
Design Review,High,Mid,Java,High,7,5,2,14,7,10,True,3,False,3.45,2,2,0,1,3.18077314
Code Review,Low,Senior,C++,Medium,2,2,2,4,7,9,False,3,False,2.375,1,1,0,0,1.29525
Feature Dev,Medium,Senior,Python,Low,13,5,0,26,4,11,True,3,True,2.7,3,1,1,0,6.54088339
Deployment,Medium,Mid,Python,Medium,4,5,3,8,10,12,False,2,False,2.2,3,2,0,0,2.2275
Testing,Low,Senior,Other,Medium,2,3,0,4,7,17,False,3,False,1.5,3,0,0,0,1.0455
Design Review,High,Mid,Other,High,13,3,0,26,2,11,False,2,False,4.08333333,0,2,1,0,4.83314625
Documentation,Medium,Senior,Go,High,8,2,0,16,4,15,True,1,False,3.625,1,0,1,0,2.77916822
Deployment,Medium,Mid,Other,High,2,4,2,4,3,9,False,3,True,5.1875,1,0,2,1,1.048509
Design Review,High,Senior,Java,Medium,10,5,0,20,8,16,False,3,False,3.55,2,1,2,0,4.249035
Documentation,Medium,Mid,Java,Critical,2,5,1,4,3,13,False,1,False,3.05,2,2,1,0,0.82027444
Bug Fix,Low,Senior,C++,High,5,2,0,10,2,12,False,3,False,1.5,2,0,0,0,1.93725
Feature Dev,High,Senior,C++,High,1,4,1,2,3,14,True,2,False,2.8125,1,3,0,0,0.73435359
Code Review,High,Tech Lead,Java,Medium,13,2,1,26,2,10,False,1,False,3.625,1,0,1,0,5.55209812
Testing,High,Junior,Other,Medium,5,2,1,10,1,10,True,0,False,1.5,2,0,0,0,2.6368125
Code Review,Medium,Junior,Other,Low,4,2,0,8,2,15,False,2,False,2.375,1,1,0,0,1.942875
Documentation,High,Mid,Go,Medium,6,2,1,12,7,10,True,1,False,3.25,0,2,0,0,2.96296875
Testing,High,Senior,C++,Low,6,2,3,12,10,13,False,1,False,2.375,1,1,0,0,3.57273125
Bug Fix,Low,Senior,C++,Medium,11,5,3,22,9,10,False,1,False,2.2,3,2,0,0,4.4649
Documentation,High,Mid,Go,Low,8,2,1,16,2,17,False,3,False,2.375,1,1,0,0,4.45781875
Deployment,High,Mid,Other,Low,1,3,3,2,6,16,True,1,False,2.91666667,2,0,1,0,1.07969063
Documentation,Medium,Tech Lead,Python,High,12,4,1,24,6,10,False,2,False,3.4375,1,2,1,0,4.17280359
Design Review,High,Senior,Other,Critical,5,2,0,10,5,18,False,3,False,2.375,1,1,0,0,2.1685625
Deployment,Low,Tech Lead,Other,Critical,2,2,1,4,5,17,False,0,False,3.25,0,2,0,0,0.69328125
Testing,Medium,Senior,Python,Critical,13,3,0,26,8,16,False,3,False,4.16666667,1,1,0,1,3.96011458
Refactoring,Medium,Mid,Java,Critical,9,2,0,18,8,12,False,0,False,2.375,1,1,0,0,3.002625
Code Review,Medium,Mid,Other,Medium,1,2,0,2,8,10,True,2,False,4.5,0,1,1,0,0.5347125
Refactoring,High,Junior,Java,High,7,5,0,14,5,13,False,2,False,4.45,2,0,2,1,2.40384105
Deployment,Low,Tech Lead,Other,Medium,6,3,3,12,1,16,True,1,False,4.16666667,1,1,0,1,2.41037562
Documentation,Medium,Junior,C++,Medium,10,5,0,20,6,14,False,1,False,4.65,0,3,1,1,3.27221
Bug Fix,High,Junior,Other,High,7,4,1,14,6,18,False,3,False,2.375,2,2,0,0,3.24106875
Feature Dev,Low,Mid,Python,Low,11,2,0,22,8,15,True,1,True,3.25,0,2,0,0,4.83584063
Code Review,High,Mid,Other,Low,12,2,0,24,9,12,False,0,True,5.75,0,0,2,0,5.3366808
Documentation,Medium,Senior,Other,High,2,3,3,4,5,16,False,2,False,4.08333333,0,2,1,0,1.13399063
Bug Fix,Medium,Junior,C++,High,5,2,0,10,6,10,False,3,False,4.5,0,1,1,0,1.7569125
Deployment,High,Mid,JavaScript,Critical,10,2,3,20,9,18,False,2,False,4.5,0,1,1,0,3.78754688
Testing,Medium,Senior,Other,High,9,2,3,18,6,15,False,3,False,1.5,2,0,0,0,4.012875
Documentation,Medium,Junior,JavaScript,High,10,2,3,20,1,12,False,3,True,3.625,1,0,1,0,4.19080922
Documentation,High,Tech Lead,JavaScript,Low,7,5,1,14,9,14,True,3,False,4.3,1,2,1,1,3.45127167
Documentation,High,Mid,C++,Medium,4,2,2,8,1,18,False,2,False,3.625,1,0,1,0,2.08537875
Deployment,Low,Mid,Python,High,7,2,3,14,2,17,True,3,False,1.5,2,0,0,0,3.16740375
Refactoring,High,Mid,Python,Medium,9,4,1,18,1,14,True,0,False,5.1875,1,0,2,1,3.40765425
Code Review,High,Mid,Python,Medium,3,3,0,6,1,16,False,0,False,4.16666667,1,1,0,1,1.168975
Documentation,High,Junior,C++,High,6,3,2,12,1,9,True,0,False,3.5,1,1,1,0,2.59457783
Testing,Medium,Junior,Other,Medium,4,3,0,8,5,9,True,0,False,2.66666667,1,2,0,0,1.624
Feature Dev,High,Tech Lead,Go,Critical,4,2,1,8,5,12,False,3,False,4.5,0,1,1,0,1.65209188
Refactoring,Medium,Senior,Go,Medium,12,2,1,24,4,11,False,1,False,4.5,0,1,1,0,4.2861875
Deployment,Medium,Tech Lead,Other,Low,1,4,0,2,7,14,True,3,False,3.0,2,1,1,0,0.74503275
Design Review,High,Junior,JavaScript,Critical,6,2,2,12,4,10,True,2,False,2.375,1,1,0,0,2.85499594
Feature Dev,Medium,Senior,Python,Low,5,5,1,10,6,14,True,0,False,3.9,1,2,2,0,2.11250078
Deployment,Medium,Junior,Java,High,1,3,2,2,9,12,True,0,True,5.58333333,0,1,1,1,0.5690223
Deployment,High,Mid,Other,High,13,2,2,26,3,12,False,1,False,1.5,2,0,0,0,5.88555
Code Review,High,Mid,Java,High,3,3,3,6,5,17,False,2,True,2.91666667,2,0,1,0,1.86006109
Client Meeting,Medium,Mid,Java,High,8,2,3,16,5,15,False,3,True,1.5,2,0,0,0,4.0082625
Bug Fix,High,Senior,Go,Critical,9,3,3,18,3,10,True,2,False,2.66666667,1,2,0,0,4.1325725
Deployment,Medium,Senior,Java,Critical,1,3,0,2,8,11,True,0,False,3.5,1,1,1,0,0.5
Design Review,Medium,Mid,Other,Medium,2,3,0,4,5,15,False,2,False,2.08333333,2,1,0,0,0.99583333
Feature Dev,Medium,Senior,Java,Low,12,3,3,24,6,10,False,0,False,2.66666667,1,2,0,0,5.5825
Testing,High,Tech Lead,Python,Low,8,5,3,16,1,11,False,1,False,3.05,2,2,1,0,4.27645598
Documentation,Medium,Senior,Go,High,3,5,0,6,6,17,True,2,False,2.55,2,3,0,0,1.2866175
Design Review,Medium,Junior,Go,Medium,9,3,0,18,5,18,True,1,True,3.5,1,1,1,0,3.83439788
Bug Fix,High,Mid,Java,Low,2,3,0,4,2,16,False,0,False,2.91666667,2,0,1,0,0.93664817
Testing,Low,Tech Lead,C++,Medium,10,4,1,20,2,16,False,3,False,3.9375,1,2,0,1,3.47477344
Feature Dev,Medium,Junior,Python,Critical,2,2,2,4,7,14,False,3,False,1.5,2,0,0,0,1.21975
Testing,High,Tech Lead,C++,Low,8,2,3,16,7,9,True,2,False,3.25,0,2,0,0,4.68857813
Deployment,Medium,Mid,Java,Medium,10,3,3,20,1,14,False,3,False,3.5,1,1,1,0,4.2619375
Testing,Low,Tech Lead,Go,High,12,2,0,24,1,11,True,3,False,1.5,2,0,0,0,4.4750475
Code Review,Medium,Tech Lead,Python,Critical,6,2,0,12,6,15,False,1,False,4.5,0,1,1,0,1.80359375
Documentation,Low,Senior,Go,Low,5,5,0,10,4,9,False,1,False,1.5,5,0,0,0,2.14225
Code Review,High,Mid,C++,High,2,3,3,4,8,11,False,2,False,4.08333333,0,2,1,0,1.22783813
Client Meeting,Medium,Mid,Python,Low,8,4,0,16,5,18,True,1,True,4.125,2,0,1,1,3.44740646
Refactoring,Medium,Mid,Python,Medium,3,4,3,6,8,12,False,3,False,4.5625,1,1,1,1,1.56414375
Client Meeting,Medium,Tech Lead,Other,Medium,1,3,2,2,5,13,True,0,False,3.58333333,2,0,0,1,0.64297188
Feature Dev,Medium,Senior,Java,Critical,12,2,2,24,3,14,False,0,False,3.625,1,0,1,0,3.86329781
Documentation,Medium,Junior,JavaScript,High,5,5,1,10,4,15,True,3,False,2.55,2,3,0,0,2.25158063
Feature Dev,Medium,Senior,Java,Low,5,5,1,10,9,15,False,0,False,3.95,2,1,1,1,1.9636595
Bug Fix,Medium,Junior,Other,Low,8,4,2,16,7,13,False,1,False,2.8125,1,3,0,0,3.799125
Refactoring,Low,Tech Lead,Python,Medium,6,3,0,12,3,12,False,3,False,2.08333333,2,1,0,0,2.44975
Refactoring,High,Mid,Go,Critical,8,3,3,16,4,11,False,0,False,5.0,1,0,1,1,2.745211
Deployment,Medium,Senior,Go,Low,8,2,3,16,8,13,False,0,False,1.5,2,0,0,0,4.115375
Design Review,Medium,Tech Lead,Java,High,12,3,2,24,8,15,True,2,False,4.33333333,1,0,2,0,4.1587245
Client Meeting,High,Tech Lead,JavaScript,High,9,3,2,18,4,18,False,0,True,2.91666667,2,0,1,0,4.06831095
Client Meeting,High,Junior,Java,Low,6,5,3,12,4,18,False,0,False,3.05,2,2,1,0,3.24525383
Refactoring,Medium,Junior,Java,Medium,8,3,0,16,10,16,False,0,False,4.08333333,0,2,1,0,2.78066667
Client Meeting,Medium,Tech Lead,Java,Critical,6,4,3,12,10,10,False,1,False,3.4375,1,2,1,0,2.25745523
Code Review,High,Junior,C++,Medium,5,2,0,10,7,14,True,2,True,2.375,1,1,0,0,2.83335938
Deployment,Medium,Tech Lead,JavaScript,Medium,8,5,3,16,5,15,True,0,False,3.1,3,1,0,1,3.44062688
Documentation,Medium,Tech Lead,Go,Medium,5,2,1,10,9,16,False,1,False,3.25,0,2,0,0,2.109375
Refactoring,Medium,Tech Lead,Python,Medium,2,4,2,4,1,17,True,2,False,3.625,2,0,2,0,1.17884812
Documentation,Low,Junior,Go,High,8,5,0,16,2,14,False,1,False,1.5,5,0,0,0,2.74905
Testing,Low,Mid,Python,Medium,3,5,0,6,9,15,False,3,False,2.2,3,2,0,0,1.3662
Design Review,Low,Mid,JavaScript,Low,10,4,0,20,3,11,False,2,True,1.9375,3,1,0,0,4.61236875
Testing,Medium,Senior,Go,High,3,2,0,6,6,12,True,0,False,3.25,0,2,0,0,1.063125
Client Meeting,Medium,Junior,Java,Low,13,5,0,26,6,14,True,2,False,2.7,3,1,1,0,5.83814385
Testing,High,Mid,Other,Low,2,4,2,4,4,18,False,3,True,2.375,2,2,0,0,1.804715
Bug Fix,Medium,Senior,C++,High,10,2,0,20,1,12,False,2,True,4.5,0,1,1,0,3.5291025
Bug Fix,Low,Junior,JavaScript,Critical,5,5,1,10,8,9,False,1,False,1.85,4,1,0,0,1.75556875
Refactoring,Medium,Senior,JavaScript,Medium,12,2,0,24,2,17,False,0,True,2.375,1,1,0,0,5.181
Deployment,Low,Tech Lead,JavaScript,Medium,9,4,2,18,4,16,False,3,False,1.9375,3,1,0,0,3.852
Bug Fix,High,Senior,C++,High,7,5,2,14,2,11,False,2,False,3.25,0,5,0,0,3.13875
Testing,High,Tech Lead,Other,Critical,5,3,2,10,1,15,False,2,False,2.08333333,2,1,0,0,2.37008333
Feature Dev,Medium,Senior,Python,Low,10,4,2,20,8,18,True,1,False,5.1875,1,0,2,1,3.844533
Refactoring,Low,Tech Lead,C++,High,12,3,0,24,4,13,True,1,False,4.16666667,1,1,0,1,3.53818237
Feature Dev,Low,Mid,Go,Critical,10,3,2,20,9,12,True,3,False,2.66666667,1,2,0,0,3.62355
Code Review,High,Senior,Python,Critical,13,2,3,26,3,16,False,0,False,2.375,1,1,0,0,5.36302188
Code Review,High,Junior,Java,Critical,6,2,2,12,1,13,True,3,False,1.5,2,0,0,0,3.07377
Bug Fix,Medium,Senior,Java,Critical,1,3,3,2,2,14,False,1,True,3.58333333,2,0,0,1,0.7770337
Feature Dev,High,Mid,JavaScript,Medium,9,5,0,18,9,15,True,1,False,3.4,1,3,1,0,4.0161492
Client Meeting,Medium,Mid,Other,Low,1,3,1,2,1,12,True,0,False,3.5,1,1,1,0,0.56997806
Client Meeting,Medium,Junior,JavaScript,Critical,4,3,0,8,10,11,True,1,True,2.91666667,2,0,1,0,1.5447059
Deployment,Medium,Junior,Other,Critical,11,3,0,22,3,17,True,0,False,3.58333333,2,0,0,1,3.43530688
Testing,Medium,Junior,Other,Medium,8,3,1,16,9,14,False,1,False,2.08333333,2,1,0,0,3.435625
Testing,Medium,Junior,Go,Medium,7,3,2,14,4,9,True,3,False,4.16666667,1,1,0,1,3.0240875
Bug Fix,High,Tech Lead,C++,Low,9,5,2,18,1,9,False,3,False,3.55,2,1,2,0,4.5213201
Refactoring,Medium,Senior,C++,High,1,4,0,2,4,9,False,2,True,3.5,2,1,0,1,0.5219775
Deployment,Medium,Tech Lead,JavaScript,Medium,11,4,3,22,10,16,False,3,False,3.5,2,1,0,1,4.5255625
Code Review,Medium,Senior,Java,Medium,6,4,2,12,1,9,False,1,False,4.375,0,3,0,1,2.344125
Refactoring,Medium,Tech Lead,Python,Critical,11,4,2,22,7,14,True,2,False,3.9375,1,2,0,1,3.75211184
Documentation,High,Senior,Other,High,12,3,0,24,2,10,False,0,False,4.16666667,1,1,0,1,4.20831
Code Review,High,Tech Lead,Java,Low,8,4,1,16,2,11,True,2,False,4.5625,1,1,1,1,3.73361113
Deployment,Low,Tech Lead,Go,Low,1,4,0,2,5,13,False,2,False,4.375,0,3,0,1,0.5157075
Testing,High,Junior,Other,Critical,5,2,0,10,7,18,True,1,False,3.25,0,2,0,0,2.008125
Refactoring,Medium,Mid,Go,Low,8,3,3,16,1,18,False,3,False,2.08333333,2,1,0,0,4.32689583
Refactoring,Low,Tech Lead,Java,Low,6,2,3,12,9,16,True,3,True,1.5,2,0,0,0,3.78958388
Bug Fix,High,Tech Lead,Go,High,6,2,0,12,8,15,False,0,False,1.5,2,0,0,0,2.5461
Client Meeting,High,Senior,Python,Critical,11,3,1,22,5,14,False,2,False,3.5,1,1,1,0,4.12600412
Documentation,High,Tech Lead,Other,Critical,10,3,2,20,9,12,False,0,False,4.08333333,0,2,1,0,3.61921146
Code Review,High,Mid,C++,Critical,8,4,1,16,5,9,False,1,False,4.0625,1,1,2,0,2.81625028
Client Meeting,High,Tech Lead,Go,Low,1,2,1,2,4,12,False,2,False,3.625,1,0,1,0,0.79404806
Design Review,Low,Mid,JavaScript,Medium,4,5,2,8,3,13,True,3,False,2.55,2,3,0,0,2.083095
Feature Dev,Medium,Mid,Other,Critical,3,3,0,6,7,18,False,2,False,2.08333333,2,1,0,0,1.18504167
Client Meeting,High,Junior,Go,Low,6,2,3,12,3,16,True,0,False,3.625,1,0,1,0,3.30412222
Client Meeting,Medium,Mid,Go,Critical,13,2,2,26,4,17,False,3,False,2.375,1,1,0,0,4.8375625
Client Meeting,High,Junior,Java,Critical,13,4,0,26,2,10,False,2,False,3.4375,1,2,1,0,4.72917741
Code Review,Low,Senior,Go,Low,10,2,1,20,9,15,False,0,False,1.5,2,0,0,0,4.228125
Client Meeting,Medium,Senior,Go,High,12,5,3,24,6,12,False,3,False,2.7,3,1,1,0,4.67556975
Bug Fix,Low,Junior,Other,Critical,12,2,2,24,6,18,True,2,True,2.375,1,1,0,0,4.64330934
Code Review,Low,Senior,C++,Low,9,2,1,18,8,9,False,0,False,2.375,1,1,0,0,3.65908125
Documentation,Low,Tech Lead,Python,Low,4,2,1,8,7,13,False,1,False,1.5,2,0,0,0,1.905475
Testing,High,Mid,C++,High,6,3,2,12,10,14,False,1,True,4.16666667,1,1,0,1,2.6500155
Testing,High,Junior,C++,Low,8,2,1,16,6,17,True,3,False,4.5,0,1,1,0,4.04866481
Design Review,Medium,Junior,C++,High,4,5,3,8,9,11,False,3,False,4.3,1,2,1,1,1.722033
Deployment,Medium,Senior,Go,Medium,12,3,0,24,1,12,False,2,False,3.58333333,2,0,0,1,4.37395833
Bug Fix,Medium,Mid,Go,High,3,2,0,6,8,14,False,3,False,2.375,1,1,0,0,1.3246875
Feature Dev,High,Junior,JavaScript,Low,3,2,3,6,6,17,True,3,False,1.5,2,0,0,0,2.52165375
Documentation,Medium,Senior,Other,Medium,5,5,3,10,10,18,False,1,False,2.55,2,3,0,0,2.479875
Bug Fix,Medium,Mid,JavaScript,Medium,2,2,2,4,1,12,True,1,False,5.75,0,0,2,0,1.00674
Bug Fix,High,Junior,Java,Critical,11,2,1,22,9,15,False,2,False,2.375,1,1,0,0,4.51227813
Code Review,High,Junior,JavaScript,Medium,7,2,1,14,10,18,False,0,False,5.75,0,0,2,0,2.69263
Documentation,High,Tech Lead,Go,Low,6,5,0,12,6,15,False,0,True,3.45,2,2,0,1,2.94260505
Deployment,High,Junior,Other,Medium,7,5,1,14,2,18,False,0,False,2.55,2,3,0,0,3.277325
Deployment,Low,Mid,Java,High,4,2,0,8,9,14,False,1,False,2.375,1,1,0,0,1.3600125
Code Review,Medium,Tech Lead,Java,Medium,12,3,3,24,10,18,True,0,False,2.66666667,1,2,0,0,5.32875
Deployment,High,Tech Lead,Other,Medium,11,3,0,22,9,15,False,0,False,5.58333333,0,1,1,1,3.95692
Testing,Low,Senior,Python,Critical,12,4,1,24,9,16,False,3,False,1.9375,3,1,0,0,4.06717031
Bug Fix,Medium,Mid,Java,Critical,13,4,3,26,1,18,True,3,False,1.5,4,0,0,0,5.44313438
Documentation,High,Mid,Python,High,3,3,1,6,5,15,False,3,False,2.66666667,1,2,0,0,1.5921
Code Review,Low,Junior,Python,Critical,1,2,2,2,10,18,False,3,True,2.375,1,1,0,0,0.88077
Feature Dev,Low,Mid,JavaScript,Low,10,2,3,20,5,15,True,2,True,1.5,2,0,0,0,5.53461563
Bug Fix,Medium,Junior,Go,High,8,4,3,16,8,12,False,1,False,5.1875,1,0,2,1,2.5531875
Refactoring,High,Tech Lead,Python,Low,3,4,3,6,2,13,True,3,True,2.8125,1,3,0,0,2.59622705
Refactoring,High,Senior,C++,Low,9,2,0,18,1,16,True,3,False,1.5,2,0,0,0,5.256405
Deployment,Medium,Junior,JavaScript,Critical,13,4,1,26,6,11,False,2,False,3.5,2,1,0,1,4.14550312
Client Meeting,Medium,Mid,Python,High,8,4,3,16,2,9,True,0,False,3.9375,1,2,0,1,2.95934871
Code Review,Low,Senior,Other,Medium,4,4,0,8,10,16,False,0,False,1.5,4,0,0,0,1.476
Testing,Medium,Junior,Python,Medium,3,4,0,6,10,15,True,3,True,3.0,2,1,1,0,1.59649875
Feature Dev,Medium,Senior,Other,Low,2,5,2,4,6,13,False,1,False,3.55,2,1,2,0,1.144638
Code Review,High,Tech Lead,Go,Critical,3,4,1,6,5,16,False,3,False,4.5625,1,1,1,1,1.24770544
Bug Fix,High,Junior,Java,High,7,3,0,14,6,12,True,2,False,3.58333333,2,0,0,1,2.82723919
Code Review,Medium,Mid,JavaScript,Medium,12,5,3,24,4,16,True,2,False,3.2,3,0,2,0,5.056401
Bug Fix,Medium,Tech Lead,Go,Low,12,2,3,24,5,10,True,0,False,2.375,1,1,0,0,5.95005469
Feature Dev,High,Senior,Go,Critical,9,3,0,18,9,18,True,3,False,3.5,1,1,1,0,3.55553258
Design Review,High,Junior,JavaScript,Medium,4,4,1,8,9,18,True,0,True,5.0,0,2,1,1,1.7973879
Feature Dev,Low,Senior,Java,Medium,11,3,1,22,10,15,False,3,False,1.5,3,0,0,0,4.52025
Refactoring,Low,Mid,Python,Critical,2,3,3,4,10,18,False,1,True,2.08333333,2,1,0,0,1.18250229
Client Meeting,High,Tech Lead,Java,Medium,5,3,3,10,9,13,False,0,False,2.66666667,1,2,0,0,2.65833333
Code Review,Low,Mid,C++,High,10,5,2,20,2,11,False,2,False,2.75,4,0,0,1,3.37404375
Code Review,Low,Tech Lead,C++,High,5,4,2,10,3,15,False,0,False,2.375,2,2,0,0,1.8545625
Refactoring,High,Junior,Python,Medium,1,2,2,2,8,17,True,0,False,5.75,0,0,2,0,0.637602
Documentation,Low,Mid,Other,Low,7,3,2,14,3,9,True,1,False,3.25,0,3,0,0,3.1618125
Deployment,Medium,Mid,C++,High,7,5,2,14,2,15,False,0,True,2.35,4,0,1,0,2.92483372
Testing,High,Senior,JavaScript,High,4,4,3,8,8,10,False,2,False,3.4375,1,2,1,0,2.01753028
Feature Dev,Low,Mid,Python,Low,10,2,1,20,3,15,True,0,False,1.5,2,0,0,0,4.43953125
Bug Fix,Low,Tech Lead,C++,Critical,4,5,3,8,8,10,True,3,False,3.1,3,1,0,1,1.75471971
Documentation,Low,Junior,Java,Critical,4,3,1,8,3,17,False,0,True,2.66666667,1,2,0,0,1.437095
Design Review,Low,Tech Lead,Go,High,4,2,1,8,5,16,False,0,False,1.5,2,0,0,0,1.466775
Feature Dev,High,Tech Lead,Java,High,5,5,0,10,2,18,True,2,False,2.55,2,3,0,0,2.29753125
Design Review,Medium,Junior,JavaScript,Low,2,2,0,4,8,18,False,1,True,1.5,2,0,0,0,1.116225
Client Meeting,Medium,Mid,Other,Critical,8,2,2,16,5,17,True,2,True,4.5,0,1,1,0,3.08306316
Refactoring,Medium,Junior,Go,Low,8,5,2,16,1,17,True,0,True,3.9,1,2,2,0,3.78285023
Design Review,Low,Tech Lead,C++,Critical,3,3,2,6,9,11,False,1,True,1.5,3,0,0,0,1.418395
Code Review,Medium,Junior,C++,Medium,11,3,3,22,9,12,False,1,False,5.58333333,0,1,1,1,3.8709
Code Review,Medium,Tech Lead,Other,Low,11,4,2,22,4,13,False,0,False,3.5,2,1,0,1,4.5431375
Deployment,Medium,Senior,JavaScript,Low,2,5,2,4,4,17,False,3,False,2.7,3,1,1,0,1.441517
Code Review,Medium,Junior,Python,Critical,12,5,0,24,9,17,True,2,False,2.7,3,1,1,0,4.17712313
Feature Dev,High,Mid,Python,Low,12,2,2,24,8,16,True,2,True,1.5,2,0,0,0,7.83962025
Testing,Low,Junior,JavaScript,High,9,3,0,18,7,15,False,1,False,2.08333333,2,1,0,0,2.993475
Design Review,Medium,Senior,Python,High,2,4,2,4,3,9,False,1,False,1.9375,3,1,0,0,1.083375
Documentation,Medium,Senior,C++,Low,3,4,1,6,6,17,True,2,False,3.4375,1,2,1,0,1.61172851
Code Review,High,Tech Lead,Other,High,8,5,0,16,7,14,False,0,True,2.55,2,3,0,0,3.543012
Bug Fix,High,Senior,Python,Critical,2,2,2,4,2,18,False,1,False,2.375,1,1,0,0,1.1009625
Deployment,High,Senior,JavaScript,Low,9,5,0,18,6,16,True,3,False,3.55,2,1,2,0,4.44691863
Design Review,Medium,Junior,Java,Critical,11,2,2,22,4,17,True,1,True,3.625,1,0,1,0,4.19963198
Bug Fix,High,Tech Lead,Go,Critical,5,2,2,10,2,9,True,2,False,3.625,1,0,1,0,2.22707756
Client Meeting,Medium,Mid,Java,Low,13,2,0,26,5,18,False,0,False,1.5,2,0,0,0,5.863
Design Review,Medium,Junior,Other,Critical,1,4,2,2,6,9,False,0,False,3.5,2,1,0,1,0.52285625
Code Review,Medium,Mid,Other,Low,8,2,0,16,6,14,True,0,False,2.375,1,1,0,0,3.6267
Code Review,Medium,Junior,C++,Critical,10,5,1,20,6,12,True,1,False,4.8,1,1,2,1,2.90325788
Feature Dev,Low,Senior,Java,Medium,7,4,1,14,3,16,False,2,False,2.375,2,2,0,0,2.8161875
Code Review,Medium,Mid,C++,Medium,7,5,1,14,10,13,False,1,False,3.4,1,3,1,0,2.751405
Code Review,High,Senior,Go,Low,9,2,0,18,4,9,False,2,False,2.375,1,1,0,0,4.6844875
Refactoring,Medium,Senior,Other,Medium,13,2,2,26,9,17,False,0,False,2.375,1,1,0,0,5.396875
Documentation,High,Junior,Python,Low,8,4,1,16,2,15,False,2,True,2.375,2,2,0,0,4.78486938
Bug Fix,High,Senior,Python,High,10,2,3,20,1,9,False,3,False,2.375,1,1,0,0,4.72471875
Feature Dev,High,Senior,C++,High,8,5,3,16,6,18,True,3,False,3.55,2,1,2,0,3.6301934
Deployment,High,Mid,Other,Critical,6,3,2,12,7,18,False,1,False,2.08333333,2,1,0,0,2.67480833
Design Review,High,Mid,Go,Low,12,3,0,24,8,17,True,2,False,2.66666667,1,2,0,0,6.38638
Deployment,Low,Tech Lead,C++,High,13,5,1,26,5,16,True,1,False,3.45,2,2,0,1,4.10502921
Code Review,High,Mid,Java,Critical,5,4,2,10,4,16,True,3,True,3.875,0,3,1,0,2.50275687
Bug Fix,Medium,Junior,JavaScript,Medium,8,3,2,16,2,15,False,1,False,4.16666667,1,1,0,1,3.0495
Feature Dev,Medium,Senior,Other,Medium,4,5,0,8,1,10,False,3,False,2.35,4,0,1,0,1.8107475
Deployment,Medium,Tech Lead,Java,Medium,13,2,2,26,5,11,True,0,False,2.375,1,1,0,0,5.66671875
Feature Dev,High,Mid,C++,Critical,8,5,0,16,3,18,False,1,True,4.3,1,2,1,1,2.87762706
Deployment,High,Mid,Java,Low,10,4,1,20,10,17,False,3,False,4.125,2,0,1,1,4.56759875
Deployment,Low,Senior,JavaScript,Low,3,2,1,6,8,18,False,1,True,3.25,0,2,0,0,1.50871875
Client Meeting,Medium,Tech Lead,Other,Critical,13,2,0,26,5,9,False,0,False,2.375,1,1,0,0,4.337125
Client Meeting,Medium,Mid,Other,Critical,4,5,2,8,10,16,True,1,False,3.1,3,1,0,1,1.60248375
Testing,High,Tech Lead,Java,Low,4,4,2,8,10,14,False,2,False,2.375,2,2,0,0,2.5257375
Deployment,Medium,Mid,Other,Critical,6,5,0,12,5,16,False,0,False,3.55,2,1,2,0,1.768986
Testing,High,Mid,Other,High,3,4,1,6,2,15,False,3,False,4.0625,1,1,2,0,1.38852394
Code Review,Medium,Junior,Go,Medium,1,2,2,2,3,18,False,1,True,2.375,1,1,0,0,0.8635
Feature Dev,Low,Mid,Other,Low,3,3,0,6,2,15,False,1,False,2.08333333,2,1,0,0,1.29259167
Code Review,High,Senior,Go,Critical,11,4,2,22,4,13,True,2,False,3.0,2,1,1,0,4.57275945
Documentation,High,Senior,Java,Low,3,3,2,6,6,11,True,3,False,4.16666667,1,1,0,1,1.93719487
Client Meeting,Medium,Tech Lead,C++,High,9,5,2,18,5,16,False,3,False,3.4,1,3,1,0,3.409938
Deployment,Medium,Mid,Go,Critical,10,4,1,20,9,12,False,2,False,3.5,2,1,0,1,3.24917812
Deployment,Medium,Junior,Java,Medium,6,4,1,12,7,12,False,3,True,5.0,0,2,1,1,2.45157
Bug Fix,High,Mid,Go,Low,4,5,0,8,7,11,False,1,False,3.95,2,1,1,1,1.7718602
Bug Fix,Medium,Senior,JavaScript,Medium,7,5,2,14,4,14,False,0,False,4.8,1,1,2,1,2.37274
Design Review,High,Senior,Go,High,2,2,2,4,1,12,True,0,False,4.5,0,1,1,0,0.97852388
Testing,Low,Junior,C++,Low,2,3,2,4,4,14,False,2,True,4.16666667,1,1,0,1,1.25046442
Testing,Medium,Junior,JavaScript,Medium,12,4,1,24,7,13,False,3,False,1.9375,3,1,0,0,5.26640625
Testing,High,Junior,C++,Medium,6,3,3,12,4,12,True,0,True,5.58333333,0,1,1,1,2.8993041
Testing,Medium,Mid,Java,High,11,4,2,22,10,11,False,3,True,3.0,2,1,1,0,4.561425
Bug Fix,Medium,Tech Lead,Other,Critical,8,4,1,16,1,9,True,1,False,2.375,2,2,0,0,3.02139141
Client Meeting,Medium,Mid,C++,Medium,13,2,0,26,8,15,False,3,True,4.5,0,1,1,0,5.1349375
Documentation,Low,Mid,JavaScript,Critical,8,3,2,16,9,9,False,1,False,2.66666667,1,2,0,0,2.69506667
Bug Fix,Low,Mid,Other,Critical,8,3,0,16,8,16,True,1,True,4.16666667,1,1,0,1,2.47823971
Testing,Medium,Senior,Other,Critical,12,2,3,24,2,17,True,2,True,1.5,2,0,0,0,5.48430094
Refactoring,High,Mid,Go,Medium,7,3,1,14,2,11,True,1,False,3.5,1,1,1,0,3.26913038
Client Meeting,Medium,Mid,C++,Low,5,4,1,10,7,12,False,0,False,3.4375,1,2,1,0,2.12916516
Feature Dev,Low,Senior,JavaScript,Critical,11,2,0,22,4,12,False,3,False,2.375,1,1,0,0,3.55310625
Design Review,High,Junior,Go,Critical,1,4,3,2,3,9,False,3,False,3.4375,1,2,1,0,0.92593927
Bug Fix,High,Senior,Java,Low,3,3,1,6,10,13,False,0,False,2.66666667,1,2,0,0,1.6269
Client Meeting,High,Mid,Go,Medium,1,2,1,2,10,18,False,2,False,1.5,2,0,0,0,0.83025
Bug Fix,High,Junior,Go,Low,8,5,2,16,7,18,True,1,False,3.95,2,1,1,1,3.91270572
Refactoring,High,Junior,Other,Critical,6,3,3,12,1,11,True,0,False,5.58333333,0,1,1,1,2.24037135
Design Review,Medium,Mid,Other,Critical,3,2,1,6,6,17,False,3,False,5.75,0,0,2,0,1.1205975
Design Review,Low,Mid,Other,Critical,7,5,0,14,8,11,False,3,True,3.1,3,1,0,1,2.36709743
Testing,High,Mid,JavaScript,High,4,3,3,8,3,16,False,0,False,2.66666667,1,2,0,0,1.9923
Design Review,Low,Tech Lead,Other,Medium,11,4,2,22,5,17,False,3,True,1.9375,3,1,0,0,5.031675
Documentation,Medium,Junior,C++,Low,9,2,3,18,9,10,False,3,False,4.5,0,1,1,0,4.06126875
Design Review,Medium,Mid,JavaScript,Medium,1,3,3,2,6,13,False,3,False,2.08333333,2,1,0,0,1.14520833
Refactoring,Medium,Junior,Python,High,8,3,0,16,4,16,True,3,True,4.16666667,1,1,0,1,3.08190094
Client Meeting,Low,Senior,C++,Low,6,5,0,12,1,17,True,2,False,3.8,1,3,0,1,2.3564541
Refactoring,High,Mid,C++,High,4,2,1,8,5,15,False,3,False,2.375,1,1,0,0,2.02235625
Deployment,Medium,Senior,JavaScript,Low,7,3,2,14,3,15,False,2,False,1.5,3,0,0,0,3.72075
Design Review,Medium,Junior,JavaScript,Critical,7,5,3,14,6,10,True,2,True,3.55,2,1,2,0,2.93706957
Design Review,Low,Mid,Python,Low,9,3,3,18,6,15,True,2,False,2.08333333,2,1,0,0,4.47422938
Testing,High,Tech Lead,C++,Low,10,3,1,20,7,13,False,0,True,4.33333333,1,0,2,0,4.77234083
Code Review,Medium,Junior,C++,High,4,5,2,8,4,16,False,3,False,4.3,1,2,1,1,1.612116
Deployment,High,Tech Lead,JavaScript,Critical,8,3,2,16,9,13,False,1,False,2.91666667,2,0,1,0,3.2097785
Design Review,High,Tech Lead,JavaScript,Critical,4,2,3,8,2,10,True,3,True,3.625,1,0,1,0,2.26605142
Client Meeting,Medium,Tech Lead,JavaScript,Critical,9,5,1,18,8,12,False,0,False,4.8,1,1,2,1,2.4397125
Design Review,Medium,Tech Lead,Other,Low,9,2,3,18,10,11,False,1,True,2.375,1,1,0,0,4.92734688
Design Review,Medium,Senior,Go,Low,2,4,0,4,5,11,False,2,False,4.5,0,2,2,0,0.90475
Deployment,Low,Tech Lead,JavaScript,High,13,2,3,26,8,17,False,1,False,2.375,1,1,0,0,4.61874375
Feature Dev,High,Mid,Other,Medium,7,5,1,14,6,16,True,3,False,3.8,1,3,0,1,3.33135075
Bug Fix,High,Tech Lead,Go,High,4,5,0,8,7,12,False,3,False,3.8,1,3,0,1,1.665027
Code Review,Medium,Junior,C++,High,6,4,2,12,10,17,False,0,False,3.5,2,1,0,1,2.1353625
Design Review,Medium,Mid,Other,Critical,3,3,3,6,3,15,True,3,False,5.58333333,0,1,1,1,1.36097325
Refactoring,Low,Mid,JavaScript,Low,10,4,3,20,3,17,False,0,False,1.9375,3,1,0,0,4.46892188
Feature Dev,Low,Senior,JavaScript,Medium,11,5,0,22,5,15,True,3,False,3.1,3,1,0,1,4.01563575
Feature Dev,Medium,Tech Lead,JavaScript,Low,5,2,1,10,2,10,False,3,False,3.625,1,0,1,0,2.40175031
Client Meeting,High,Mid,Go,Low,8,3,1,16,4,17,False,2,False,3.5,1,1,1,0,3.97750925
Deployment,High,Tech Lead,Other,High,3,2,2,6,9,17,False,2,True,2.375,1,1,0,0,1.8263025
Client Meeting,Medium,Mid,JavaScript,Low,11,4,2,22,5,9,False,1,True,2.375,2,2,0,0,5.6991
Design Review,High,Tech Lead,Java,Critical,1,3,1,2,3,12,False,0,True,4.08333333,0,2,1,0,0.5
Documentation,Low,Senior,Go,Medium,11,5,0,22,10,11,True,1,True,2.2,3,2,0,0,4.642407
Testing,Low,Tech Lead,C++,Critical,13,3,3,26,6,15,True,1,True,2.08333333,2,1,0,0,5.11315853
Design Review,Medium,Tech Lead,Go,Low,13,4,2,26,8,18,False,3,False,2.5625,3,0,1,0,6.01454562
Bug Fix,Low,Tech Lead,JavaScript,Low,3,4,1,6,8,11,False,2,False,2.375,2,2,0,0,1.54350625
Deployment,Medium,Tech Lead,Other,Low,13,5,2,26,10,15,True,2,True,3.9,1,2,2,0,6.1606418
Deployment,High,Tech Lead,Other,Critical,8,2,0,16,9,18,False,1,False,3.625,1,0,1,0,2.86338544
Testing,Medium,Junior,Java,Critical,11,4,0,22,3,17,True,0,False,2.375,2,2,0,0,3.85336875
Testing,Low,Junior,Java,Critical,2,4,1,4,8,14,True,0,False,3.0625,3,0,0,1,0.69846353
Feature Dev,High,Junior,Other,Critical,1,5,3,2,3,11,True,1,True,3.45,2,2,0,1,0.87369491
Testing,Medium,Senior,Python,Medium,2,5,0,4,5,12,True,1,True,3.1,3,1,0,1,0.93321113
Design Review,High,Junior,Go,Critical,13,3,0,26,1,9,True,1,False,2.08333333,2,1,0,0,5.40379
Bug Fix,Medium,Tech Lead,JavaScript,Low,5,5,0,10,5,17,False,0,True,2.55,2,3,0,0,2.35345
Code Review,Low,Junior,Other,Critical,5,3,2,10,6,16,True,0,True,2.08333333,2,1,0,0,2.05308469
Documentation,Medium,Mid,Java,High,9,5,1,18,2,18,False,2,True,3.1,3,1,0,1,3.51065138
Client Meeting,Medium,Senior,Other,Medium,1,5,2,2,6,13,False,0,True,5.15,0,2,2,1,0.582505
Feature Dev,Medium,Junior,C++,Medium,12,4,1,24,9,13,False,1,False,4.5,0,2,2,0,4.153625
Code Review,High,Mid,Python,Low,1,3,2,2,4,18,False,3,False,2.66666667,1,2,0,0,1.12713333
Documentation,Low,Senior,Python,Critical,1,3,2,2,6,14,True,1,False,2.66666667,1,2,0,0,0.65569
Refactoring,High,Mid,Python,Low,12,5,3,24,5,15,False,3,False,3.4,1,3,1,0,6.2217837
Code Review,High,Senior,Java,Critical,12,2,1,24,3,9,False,2,False,2.375,1,1,0,0,4.89594688
Design Review,Low,Tech Lead,Go,Critical,6,2,3,12,10,15,True,2,False,3.25,0,2,0,0,2.35117969
Refactoring,Medium,Tech Lead,Python,High,6,4,3,12,8,17,True,3,False,4.125,2,0,1,1,2.44763269
Code Review,High,Tech Lead,JavaScript,High,4,4,0,8,7,15,False,1,False,3.625,2,0,2,0,1.50788925
Code Review,Low,Senior,C++,Low,2,4,2,4,10,16,False,0,False,3.5,2,1,0,1,0.9859575
Code Review,Low,Junior,Go,Medium,1,2,0,2,2,16,False,0,False,3.25,0,2,0,0,0.5
Feature Dev,Low,Mid,JavaScript,Low,13,3,0,26,3,16,False,2,False,2.66666667,1,2,0,0,5.18906667
Deployment,High,Mid,Go,High,6,3,2,12,5,13,True,3,False,3.25,0,3,0,0,2.97675
Feature Dev,Low,Junior,Java,Medium,12,3,3,24,7,14,True,2,False,4.75,0,2,0,1,4.27590844
Feature Dev,High,Junior,Java,High,1,5,1,2,3,9,False,3,False,3.55,2,1,2,0,0.71019585
Feature Dev,Medium,Tech Lead,Go,High,7,5,0,14,6,10,True,3,False,4.65,0,3,1,1,2.33803395
Deployment,Medium,Mid,Java,Low,8,3,1,16,3,15,True,2,True,4.08333333,0,2,1,0,3.91924105
Feature Dev,High,Tech Lead,Python,Medium,2,3,0,4,8,10,True,1,False,2.66666667,1,2,0,0,1.0353
Client Meeting,High,Mid,Go,Critical,12,2,1,24,3,13,True,0,False,1.5,2,0,0,0,5.18698688
Design Review,High,Senior,JavaScript,Critical,5,2,1,10,6,16,True,3,False,2.375,1,1,0,0,2.40835547
Design Review,High,Junior,JavaScript,Low,12,5,1,24,8,13,True,1,False,3.9,1,2,2,0,5.66936255
Testing,High,Mid,JavaScript,High,6,3,3,12,1,16,False,0,False,3.25,0,3,0,0,2.7084375
Feature Dev,Medium,Senior,Java,Low,13,4,1,26,9,11,True,0,False,3.0,2,1,1,0,5.69417888
Design Review,High,Tech Lead,Go,High,8,3,0,16,4,9,True,3,False,3.5,1,1,1,0,3.37464697
Bug Fix,Medium,Tech Lead,C++,Low,13,4,2,26,1,10,False,3,True,4.0625,1,1,2,0,5.91661263
Client Meeting,Medium,Tech Lead,Other,High,2,2,1,4,3,13,False,3,False,3.625,1,0,1,0,1.00258594
Deployment,High,Mid,C++,High,5,3,0,10,10,17,True,1,False,3.58333333,2,0,0,1,1.9840275
Client Meeting,Medium,Senior,Java,Low,7,2,2,14,5,17,False,3,False,1.5,2,0,0,0,3.8335
Client Meeting,Medium,Tech Lead,Other,Critical,6,3,3,12,9,18,True,2,False,2.91666667,2,0,1,0,2.51944011
Documentation,Low,Mid,C++,Medium,7,3,1,14,2,10,False,0,True,4.75,0,2,0,1,2.40650438
Feature Dev,Medium,Tech Lead,Go,Critical,13,5,2,26,1,10,False,1,False,3.05,2,2,1,0,4.374797
Client Meeting,Medium,Tech Lead,Other,High,8,2,3,16,9,17,False,2,False,1.5,2,0,0,0,3.551625
Code Review,High,Senior,C++,Low,9,3,1,18,7,11,False,0,False,3.5,1,1,1,0,4.23412275
Testing,Low,Tech Lead,Python,High,6,5,3,12,2,15,False,3,False,1.85,4,1,0,0,2.6386425
Code Review,High,Junior,Python,Low,13,5,2,26,1,11,False,3,False,3.55,2,1,2,0,6.2764317
Testing,Low,Tech Lead,C++,Critical,2,2,1,4,10,9,False,1,False,2.375,1,1,0,0,0.80904063
Deployment,Medium,Mid,Java,High,2,2,3,4,6,15,False,0,False,1.5,2,0,0,0,1.153125
Documentation,Low,Junior,C++,High,4,4,2,8,9,14,False,1,False,3.5,2,1,0,1,1.45521
Design Review,High,Tech Lead,Python,Critical,8,5,3,16,10,15,False,1,True,3.4,1,3,1,0,3.5678506
Deployment,Medium,Senior,Go,High,3,4,0,6,3,10,False,3,False,2.8125,1,3,0,0,1.29515625
Bug Fix,Medium,Junior,Go,Low,6,4,2,12,10,14,True,1,False,4.0625,1,1,2,0,2.72646413
Client Meeting,High,Senior,Python,Low,9,2,1,18,6,18,True,0,False,3.25,0,2,0,0,4.64526563
Bug Fix,High,Mid,JavaScript,Medium,2,3,0,4,2,15,False,0,True,4.75,0,2,0,1,0.8292075
Documentation,High,Senior,Other,Low,1,5,2,2,2,15,True,3,False,3.45,2,2,0,1,1.07876134
Testing,Medium,Tech Lead,C++,Low,2,2,2,4,3,11,False,2,False,2.375,1,1,0,0,1.4031875
Documentation,Medium,Tech Lead,Other,Medium,13,3,3,26,2,17,False,2,False,4.33333333,1,0,2,0,4.85745
Bug Fix,High,Mid,JavaScript,Low,10,2,1,20,9,14,True,0,False,5.75,0,0,2,0,4.38351375
Deployment,Medium,Tech Lead,Java,Medium,12,4,0,24,8,14,False,1,True,2.8125,1,3,0,0,5.17103125
Refactoring,Low,Senior,JavaScript,Critical,10,3,2,20,8,14,False,3,False,1.5,3,0,0,0,3.65925
Documentation,High,Junior,Python,High,13,3,0,26,1,10,True,3,False,2.08333333,2,1,0,0,5.9098725
Code Review,Medium,Senior,Go,Medium,5,5,3,10,9,11,False,1,False,3.75,0,4,1,0,2.25706875
Code Review,High,Senior,Java,Critical,3,3,0,6,7,11,False,2,False,2.08333333,2,1,0,0,1.33740417
Documentation,High,Tech Lead,Go,Low,11,5,1,22,8,10,False,2,False,3.55,2,1,2,0,5.16040965
Code Review,Medium,Junior,C++,Medium,3,3,1,6,4,17,False,1,True,5.58333333,0,1,1,1,1.24729
Deployment,Low,Junior,JavaScript,High,8,4,2,16,3,9,True,0,False,3.0625,3,0,0,1,2.70318136
Client Meeting,Medium,Junior,Go,Critical,3,2,2,6,3,14,False,3,False,3.625,1,0,1,0,1.36351688
Refactoring,Low,Junior,Go,Low,9,5,2,18,6,16,False,0,False,3.1,3,1,0,1,3.4958385
Refactoring,Medium,Senior,JavaScript,Low,3,4,2,6,6,10,False,1,False,4.375,0,3,0,1,1.47345
Design Review,Low,Senior,Java,Medium,9,2,3,18,10,12,False,0,False,1.5,2,0,0,0,3.78225
Documentation,High,Senior,Other,Low,11,3,3,22,1,17,False,3,False,3.58333333,2,0,0,1,5.59079354
Testing,Low,Tech Lead,Java,High,3,5,3,6,6,12,False,0,False,2.9,1,4,0,0,1.315035
Feature Dev,Medium,Junior,JavaScript,High,7,3,3,14,1,11,False,2,False,4.91666667,0,1,2,0,2.49305625
Client Meeting,High,Tech Lead,Java,Critical,7,4,0,14,3,11,True,0,False,3.4375,1,2,1,0,2.58727327
Design Review,Medium,Mid,Python,High,13,3,3,26,9,10,False,1,False,3.5,1,1,1,0,4.64326875
Refactoring,Medium,Tech Lead,JavaScript,Medium,4,2,2,8,3,12,True,3,True,4.5,0,1,1,0,2.15667375
Feature Dev,High,Tech Lead,JavaScript,Low,2,4,0,4,1,17,False,1,False,3.625,2,0,2,0,0.96898725
Documentation,Low,Senior,Python,Low,4,4,2,8,1,12,False,0,True,3.5,2,1,0,1,1.85012025
Deployment,Medium,Senior,JavaScript,Low,1,3,2,2,8,9,True,2,False,4.08333333,0,2,1,0,0.90328219
Deployment,High,Senior,Python,Low,4,2,1,8,4,12,False,3,False,1.5,2,0,0,0,2.581975
Feature Dev,Low,Tech Lead,Java,Critical,7,3,1,14,1,14,True,3,False,2.08333333,2,1,0,0,2.63968031
Design Review,High,Tech Lead,Go,Medium,2,2,1,4,2,18,False,3,True,2.375,1,1,0,0,1.47874375
Feature Dev,Medium,Junior,Python,Low,2,5,0,4,6,13,False,2,False,3.05,2,2,1,0,1.0109825
Refactoring,Medium,Mid,Python,Medium,1,5,0,2,6,16,False,1,True,3.05,2,2,1,0,0.50549125
Feature Dev,Low,Senior,C++,Medium,1,3,0,2,8,15,True,1,True,2.66666667,1,2,0,0,0.51359
Refactoring,Medium,Junior,JavaScript,Medium,3,5,0,6,3,9,False,1,False,3.95,2,1,1,1,1.07939
Code Review,Medium,Tech Lead,Go,Critical,3,4,2,6,9,15,True,3,False,1.5,4,0,0,0,1.6466625
Refactoring,High,Junior,C++,Low,7,2,1,14,2,13,False,3,False,3.625,1,0,1,0,3.59772394
Client Meeting,High,Junior,C++,Critical,10,4,0,20,5,12,False,2,False,5.1875,1,0,2,1,3.08652
Feature Dev,Medium,Senior,Python,Medium,4,3,1,8,8,13,False,2,False,2.66666667,1,2,0,0,1.885
Refactoring,Medium,Tech Lead,Other,High,9,4,3,18,10,14,True,2,False,4.125,2,0,1,1,3.30236156
Deployment,Medium,Junior,Other,Low,9,4,0,18,3,14,True,1,False,3.4375,1,2,1,0,3.84735192
Deployment,Medium,Tech Lead,JavaScript,Low,5,3,3,10,4,15,False,3,True,4.33333333,1,0,2,0,2.76293417
Testing,Medium,Junior,Java,Critical,6,3,3,12,6,10,True,0,False,5.0,1,0,1,1,1.98911475
Design Review,Medium,Senior,JavaScript,Medium,12,5,1,24,9,17,False,1,False,4.8,1,1,2,1,3.86527
Deployment,Medium,Senior,Other,High,7,4,2,14,7,15,False,2,False,2.375,2,2,0,0,2.9143125
Testing,Medium,Junior,Other,Low,10,4,2,20,2,18,False,0,False,3.0625,3,0,0,1,4.25478281
Design Review,Medium,Junior,Go,Low,4,5,3,8,8,15,False,1,False,2.35,4,0,1,0,2.25390412
Code Review,Medium,Mid,Java,Critical,2,5,3,4,8,12,False,1,False,3.45,2,2,0,1,1.01109094
Refactoring,Medium,Tech Lead,JavaScript,Medium,4,5,1,8,1,13,False,3,False,2.55,2,3,0,0,1.993625
Code Review,High,Mid,Java,Low,6,4,3,12,7,18,False,1,False,3.4375,1,2,1,0,3.27792403
Client Meeting,High,Tech Lead,JavaScript,High,11,4,3,22,8,15,False,2,False,4.0625,1,1,2,0,4.33249819
Code Review,High,Mid,Go,High,4,2,0,8,5,17,False,3,True,1.5,2,0,0,0,2.171565
Client Meeting,Medium,Senior,C++,Medium,9,4,2,18,2,13,True,3,False,4.0625,1,1,2,0,3.71790562
Refactoring,Medium,Senior,Java,High,5,3,2,10,1,15,True,1,False,3.5,1,1,1,0,2.034963
Deployment,Low,Senior,Other,Medium,12,5,1,24,3,13,True,1,False,1.85,4,1,0,0,4.83448875
Client Meeting,Low,Junior,C++,Critical,12,4,2,24,8,15,True,0,True,2.375,2,2,0,0,4.45064091
Client Meeting,Medium,Tech Lead,Go,High,9,4,2,18,5,12,False,3,False,2.5625,3,0,1,0,3.56347688
Refactoring,Medium,Mid,Java,Critical,3,3,1,6,9,14,True,0,True,2.08333333,2,1,0,0,1.31984016
Code Review,High,Tech Lead,Other,High,7,2,2,14,3,9,True,3,False,3.25,0,2,0,0,3.38428125
Deployment,Medium,Mid,JavaScript,Medium,4,5,3,8,9,10,True,3,True,3.8,1,3,0,1,2.34646912
Feature Dev,Medium,Tech Lead,Other,Medium,6,4,2,12,8,15,True,3,False,3.625,2,0,2,0,2.72041875
Client Meeting,Medium,Mid,Java,High,12,5,3,24,10,10,False,2,False,3.2,3,0,2,0,4.334058
Bug Fix,Low,Junior,Other,High,5,2,2,10,2,9,False,1,False,2.375,1,1,0,0,1.942875
Testing,Medium,Senior,Other,High,12,2,1,24,3,14,True,0,False,2.375,1,1,0,0,4.59004219
Refactoring,High,Junior,C++,High,8,3,3,16,2,14,False,3,False,2.66666667,1,2,0,0,3.8541
Code Review,High,Tech Lead,Java,High,10,3,3,20,3,12,False,2,False,4.16666667,1,1,0,1,4.00246875
Design Review,High,Junior,Other,Low,1,3,0,2,6,12,True,3,False,2.66666667,1,2,0,0,0.84854
Testing,Medium,Tech Lead,C++,High,9,5,0,18,1,16,False,3,True,4.25,0,3,2,0,3.22103925
Code Review,Medium,Tech Lead,Go,High,13,5,3,26,8,13,False,2,False,3.4,1,3,1,0,4.7495565
Testing,Medium,Tech Lead,Other,High,7,5,0,14,9,10,False,3,False,2.7,3,1,1,0,2.6115795
Feature Dev,Medium,Junior,Python,Critical,9,3,2,18,3,14,False,2,False,2.91666667,2,0,1,0,3.22551271
Deployment,High,Senior,Other,Critical,7,5,0,14,2,15,True,2,False,4.3,1,2,1,1,2.48522337
Testing,Medium,Senior,Go,Medium,8,4,2,16,10,12,False,1,False,4.5625,1,1,1,1,2.88765
Bug Fix,Medium,Junior,Other,Medium,12,2,3,24,3,17,True,1,True,3.625,1,0,1,0,5.50687036
Deployment,Medium,Senior,Go,Medium,12,5,0,24,9,14,False,3,True,1.85,4,1,0,0,5.652075
Code Review,Medium,Junior,JavaScript,Medium,2,3,3,4,10,14,False,2,False,4.08333333,0,2,1,0,1.25998958
Bug Fix,Medium,Tech Lead,JavaScript,Medium,2,2,2,4,4,18,False,2,True,4.5,0,1,1,0,1.2137125
Refactoring,Medium,Junior,Other,High,9,2,3,18,7,9,False,0,False,2.375,1,1,0,0,3.57665625
Refactoring,High,Senior,Java,Medium,9,5,0,18,9,16,False,2,False,3.8,1,3,0,1,3.75193
Bug Fix,Medium,Mid,Other,Critical,4,4,3,8,9,13,False,1,True,4.5625,1,1,1,1,1.61247178
Refactoring,Low,Mid,Other,Low,11,3,2,22,6,9,True,0,False,1.5,3,0,0,0,5.0433075
Documentation,High,Senior,Other,High,12,2,0,24,3,13,True,2,False,3.25,0,2,0,0,5.0675625
Client Meeting,Low,Senior,Go,Critical,12,3,0,24,1,10,True,3,False,2.66666667,1,2,0,0,3.985905
Documentation,Low,Senior,C++,Low,10,4,1,20,1,18,True,2,False,3.9375,1,2,0,1,3.91426793
Bug Fix,Medium,Junior,Go,Medium,9,3,1,18,9,13,False,1,False,1.5,3,0,0,0,3.94625
Refactoring,Medium,Junior,Java,Low,6,3,0,12,1,12,True,1,False,2.91666667,2,0,1,0,2.67250156
Code Review,Medium,Junior,JavaScript,Critical,13,4,3,26,2,10,False,3,False,3.0,2,1,1,0,4.66048625
Feature Dev,High,Junior,Python,Critical,12,3,2,24,4,18,False,2,False,5.0,1,0,1,1,4.001494
Client Meeting,Low,Junior,Java,High,10,4,0,20,1,15,False,2,False,1.9375,3,1,0,0,3.4306875
Testing,High,Tech Lead,Other,Low,12,2,0,24,4,14,True,2,False,3.625,1,0,1,0,5.88771934
Design Review,High,Tech Lead,Python,Low,5,4,0,10,5,18,True,0,False,3.9375,1,2,0,1,2.27919398
Testing,Medium,Senior,Go,High,1,3,3,2,9,9,True,2,True,3.25,0,3,0,0,1.02325781
Bug Fix,Medium,Junior,Other,Low,13,5,0,26,10,14,True,2,False,3.95,2,1,1,1,5.1785811
Testing,High,Mid,Go,Low,12,4,0,24,4,9,False,2,False,3.0,2,1,1,0,5.798078
Design Review,Low,Junior,Go,Low,13,5,1,26,1,9,False,2,False,3.1,3,1,0,1,4.96725075
Design Review,Low,Mid,JavaScript,High,6,2,2,12,8,10,False,2,False,1.5,2,0,0,0,2.45385
Documentation,Low,Mid,Go,Medium,3,4,1,6,6,14,False,1,False,3.5,2,1,0,1,1.1687375
Documentation,Medium,Senior,JavaScript,High,8,3,1,16,7,10,False,0,True,4.08333333,0,2,1,0,2.88190031
Testing,High,Tech Lead,Python,Medium,12,3,2,24,3,14,True,1,True,2.08333333,2,1,0,0,6.80911
Refactoring,Low,Senior,JavaScript,High,1,2,3,2,1,13,True,0,False,2.375,1,1,0,0,0.75109781
Documentation,High,Senior,Other,Medium,12,4,2,24,10,13,False,2,False,4.0625,1,1,2,0,5.07523625
Testing,High,Junior,C++,High,5,2,3,10,4,13,True,3,False,3.25,0,2,0,0,2.70210938
Documentation,High,Mid,C++,Low,4,5,1,8,10,10,True,0,False,3.55,2,1,2,0,1.99310092
Feature Dev,Medium,Mid,Java,Medium,11,4,2,22,7,17,True,2,True,4.125,2,0,1,1,4.65352388
Testing,High,Senior,C++,Low,2,3,3,4,9,9,False,2,False,4.33333333,1,0,2,0,1.43398567
Bug Fix,Medium,Tech Lead,JavaScript,High,13,2,1,26,2,13,True,2,False,3.625,1,0,1,0,4.67405564
Refactoring,High,Junior,JavaScript,Medium,1,5,0,2,4,18,False,2,False,4.15,0,4,0,1,0.5595975
Testing,Medium,Junior,Other,High,12,2,3,24,10,17,False,2,False,4.5,0,1,1,0,4.16311875
Design Review,Medium,Mid,JavaScript,Critical,13,5,0,26,4,12,False,0,False,2.2,3,2,0,0,4.3758
Code Review,Medium,Senior,C++,Critical,1,2,0,2,7,9,False,0,False,2.375,1,1,0,0,0.5
Code Review,Medium,Mid,Other,Critical,7,5,0,14,2,15,False,0,False,3.05,2,2,1,0,2.1873985
Code Review,High,Mid,Python,Critical,8,3,0,16,4,11,True,2,False,2.91666667,2,0,1,0,3.20505824
Bug Fix,High,Junior,JavaScript,Critical,4,2,1,8,4,9,False,0,False,1.5,2,0,0,0,1.7337875
Client Meeting,High,Junior,C++,Low,2,3,3,4,3,9,False,1,True,2.08333333,2,1,0,0,1.77128875
Documentation,High,Senior,JavaScript,Critical,5,3,2,10,9,18,True,1,False,4.75,0,2,0,1,1.97448891
Refactoring,High,Tech Lead,Other,Critical,11,5,2,22,10,16,True,1,False,4.65,0,3,1,1,3.8891812
Documentation,High,Senior,C++,Critical,3,3,3,6,4,14,False,3,False,2.66666667,1,2,0,0,1.75015
Refactoring,Medium,Junior,C++,Critical,12,5,0,24,2,12,False,2,True,3.55,2,1,2,0,4.05392625
Testing,Medium,Junior,Java,Medium,5,3,0,10,6,10,False,0,False,2.91666667,2,0,1,0,1.85108333
Refactoring,Medium,Junior,C++,Low,7,3,0,14,3,14,True,3,False,3.5,1,1,1,0,3.21260363
Deployment,Medium,Junior,JavaScript,Critical,2,4,3,4,5,18,False,3,True,3.0,2,1,1,0,1.33548388
Documentation,High,Tech Lead,JavaScript,Medium,6,2,1,12,7,18,False,3,False,4.5,0,1,1,0,2.7244875
Design Review,High,Senior,Java,Low,12,3,3,24,5,16,False,0,True,2.91666667,2,0,1,0,6.68583534
Deployment,High,Mid,Java,High,5,2,3,10,6,14,False,3,True,2.375,1,1,0,0,2.96288438
Code Review,Low,Junior,Java,High,1,3,2,2,1,18,True,0,False,2.66666667,1,2,0,0,0.60291
Client Meeting,Medium,Senior,C++,High,11,3,3,22,10,13,False,3,False,4.16666667,1,1,0,1,3.92623125
Deployment,Medium,Mid,Go,High,9,2,3,18,6,11,True,3,True,1.5,2,0,0,0,4.63487063
Testing,High,Mid,Go,Medium,9,3,2,18,8,15,False,3,False,3.5,1,1,1,0,4.252965
Testing,High,Senior,Go,Medium,1,3,3,2,5,17,False,0,False,3.5,1,1,1,0,0.8164975
Deployment,Low,Tech Lead,Go,Critical,5,4,1,10,3,12,False,1,True,1.9375,3,1,0,0,1.92273984
Testing,High,Senior,Other,Low,6,2,3,12,9,9,False,3,False,5.75,0,0,2,0,3.084939
Testing,High,Junior,Go,High,10,3,0,20,5,17,False,3,True,4.75,0,2,0,1,3.97478812
Client Meeting,Medium,Junior,Other,Critical,10,2,2,20,3,9,False,0,False,3.625,1,0,1,0,3.25729031
Testing,Medium,Junior,Go,Medium,9,3,2,18,10,9,False,1,True,3.5,1,1,1,0,3.9479
Refactoring,Medium,Senior,Python,Low,4,5,3,8,1,10,False,3,False,3.05,2,2,1,0,2.37580888
Bug Fix,Medium,Senior,Go,High,3,4,0,6,2,15,False,0,True,1.9375,3,1,0,0,1.1917125
Client Meeting,Medium,Senior,Go,Medium,3,4,3,6,2,10,True,1,False,1.5,4,0,0,0,1.8834375
Design Review,Medium,Tech Lead,Go,Critical,5,2,3,10,6,13,False,3,True,2.375,1,1,0,0,2.52303906
Bug Fix,High,Senior,Other,Medium,3,3,0,6,10,11,False,3,False,2.91666667,2,0,1,0,1.55491
Feature Dev,High,Junior,C++,Medium,4,2,2,8,7,9,True,2,False,3.625,1,0,1,0,2.18964769
Code Review,Medium,Mid,Python,Medium,10,5,1,20,2,13,False,0,False,1.85,4,1,0,0,4.181125
Refactoring,Medium,Junior,Python,Low,7,5,2,14,5,16,False,0,True,2.75,4,0,0,1,3.42982063
Feature Dev,Medium,Senior,Python,Low,5,2,0,10,10,10,False,2,False,5.75,0,0,2,0,1.93358
Client Meeting,High,Mid,Other,High,12,4,2,24,10,18,True,2,False,2.375,2,2,0,0,5.58223313
Client Meeting,High,Mid,Other,High,5,3,1,10,3,14,True,3,False,3.58333333,2,0,0,1,2.27336484
Documentation,High,Senior,JavaScript,High,10,2,2,20,7,12,True,3,False,3.625,1,0,1,0,4.37929538
Bug Fix,Medium,Mid,Python,Low,2,3,0,4,10,13,True,3,False,1.5,3,0,0,0,1.3022625
Feature Dev,Medium,Tech Lead,Java,Critical,6,5,3,12,5,14,True,3,False,1.85,4,1,0,0,2.83246031
Code Review,Medium,Mid,Other,Low,6,3,1,12,8,9,False,1,True,3.5,1,1,1,0,2.87703213
Deployment,Low,Mid,Python,High,12,2,3,24,10,9,True,1,True,2.375,1,1,0,0,4.96744566
Design Review,High,Tech Lead,C++,Critical,6,4,2,12,5,15,False,3,True,4.0625,1,1,2,0,2.64856515
Feature Dev,Medium,Tech Lead,C++,High,12,4,2,24,5,14,True,3,True,3.0625,3,0,0,1,5.04933877
Bug Fix,High,Senior,Go,Critical,5,2,2,10,1,17,False,2,False,3.625,1,0,1,0,2.12102625
Deployment,High,Tech Lead,C++,Low,13,3,1,26,8,13,False,0,True,5.58333333,0,1,1,1,5.8003286
Testing,High,Senior,Python,Medium,10,4,2,20,5,17,False,1,True,4.0625,1,1,2,0,4.63684375
Code Review,Medium,Senior,JavaScript,Low,8,4,1,16,3,9,True,2,True,4.0625,1,1,2,0,3.80244372
Client Meeting,Low,Junior,Other,Low,13,2,0,26,7,16,False,3,False,1.5,2,0,0,0,5.61495
Testing,Low,Tech Lead,Go,High,1,2,2,2,1,13,False,2,True,3.25,0,2,0,0,0.7981875
Bug Fix,High,Senior,JavaScript,Low,1,3,3,2,5,10,True,2,False,2.08333333,2,1,0,0,1.27670813
Client Meeting,Medium,Junior,Go,Critical,10,4,3,20,6,9,False,2,False,3.0,2,1,1,0,3.64222875
Testing,Medium,Mid,JavaScript,High,11,4,3,22,9,10,False,0,False,3.4375,1,2,1,0,3.92972766
Deployment,High,Tech Lead,C++,Low,3,3,0,6,1,13,True,2,False,2.08333333,2,1,0,0,1.81729625
Testing,Medium,Junior,Other,Critical,12,5,2,24,8,16,False,1,True,2.7,3,1,1,0,4.5510751
Design Review,Medium,Senior,Other,Critical,2,4,3,4,9,13,True,3,False,2.375,2,2,0,0,1.35743672
Code Review,Medium,Senior,Python,High,2,3,2,4,2,18,False,1,False,2.08333333,2,1,0,0,1.0755
Code Review,Medium,Mid,Go,Critical,1,2,2,2,3,14,False,0,False,3.625,1,0,1,0,0.53025656
Design Review,High,Tech Lead,C++,High,8,3,1,16,6,14,False,2,False,2.91666667,2,0,1,0,3.35693962
Testing,Low,Mid,Java,Critical,6,3,2,12,7,13,False,2,False,1.5,3,0,0,0,2.317525
Design Review,Medium,Mid,Go,Low,3,2,2,6,6,9,False,2,False,3.25,0,2,0,0,1.753125
Testing,Medium,Senior,Go,High,5,3,2,10,3,9,False,3,True,2.08333333,2,1,0,0,2.563275
Design Review,Medium,Senior,Other,Critical,10,5,0,20,4,14,False,0,False,3.05,2,2,1,0,3.124855
Design Review,Low,Senior,Go,High,3,4,2,6,7,18,False,0,False,2.8125,1,3,0,0,1.19154375
Refactoring,High,Mid,Java,High,1,4,1,2,10,14,True,1,False,4.5,0,2,2,0,0.55185638
Feature Dev,Low,Senior,Java,Critical,1,2,3,2,2,13,True,2,True,2.375,1,1,0,0,0.97297561
Documentation,High,Senior,C++,High,5,5,2,10,2,17,True,3,True,3.4,1,3,1,0,2.71942555
Documentation,High,Senior,Other,Medium,3,2,1,6,8,12,False,0,False,3.625,1,0,1,0,1.36351688
Code Review,High,Senior,Other,Low,2,4,1,4,5,15,False,1,False,3.4375,1,2,1,0,1.15866197
Design Review,High,Tech Lead,JavaScript,Low,13,3,2,26,10,12,True,2,True,4.16666667,1,1,0,1,6.97390155
Design Review,Medium,Junior,Other,Critical,13,5,1,26,3,12,False,2,False,3.05,2,2,1,0,4.33573631
Testing,High,Senior,Go,Critical,3,2,3,6,2,18,False,2,True,2.375,1,1,0,0,1.86246156
Feature Dev,Low,Junior,JavaScript,Low,10,3,3,20,6,10,True,2,False,2.66666667,1,2,0,0,4.745125
Code Review,Medium,Tech Lead,Python,High,1,4,0,2,1,11,False,0,False,4.0625,1,1,2,0,0.5
Refactoring,Medium,Junior,JavaScript,High,9,5,1,18,6,10,False,0,False,3.05,2,2,1,0,3.10187812
Testing,Medium,Senior,Other,Low,8,4,3,16,1,10,False,2,True,2.5625,3,0,1,0,4.3916553
Documentation,Medium,Tech Lead,Other,Low,6,3,1,12,7,16,True,2,True,2.66666667,1,2,0,0,3.3774125
Deployment,Medium,Mid,JavaScript,Critical,12,3,3,24,2,13,True,1,False,2.66666667,1,2,0,0,4.6157125
Deployment,Medium,Mid,Java,Low,13,5,2,26,8,18,False,0,True,3.9,1,2,2,0,5.6614085
Code Review,Medium,Junior,C++,High,11,3,0,22,4,12,False,3,True,5.58333333,0,1,1,1,3.638646
Code Review,Medium,Mid,Java,Critical,12,2,2,24,5,11,True,3,False,3.625,1,0,1,0,4.29507816
Client Meeting,Medium,Senior,Java,High,1,3,3,2,1,13,True,1,False,3.25,0,3,0,0,0.84164063
Testing,High,Junior,Java,High,4,2,3,8,7,14,False,1,True,3.625,1,0,1,0,2.10863874
Feature Dev,High,Tech Lead,Other,Low,1,3,1,2,10,13,True,2,True,2.08333333,2,1,0,0,1.02481706
Feature Dev,Medium,Tech Lead,Python,Critical,8,4,3,16,9,16,False,3,False,4.5625,1,1,1,1,2.69313469
Design Review,Medium,Tech Lead,Other,Critical,13,4,2,26,2,15,True,0,False,2.375,2,2,0,0,4.81671094
Documentation,Medium,Mid,Python,Critical,4,5,2,8,7,16,True,3,False,2.9,1,4,0,0,1.8751425
Code Review,Medium,Mid,Java,High,10,4,0,20,3,11,False,3,False,2.5625,3,0,1,0,3.64832156
Deployment,High,Mid,C++,Medium,1,4,1,2,3,11,True,1,False,3.0,2,1,1,0,0.68697825
Design Review,High,Senior,JavaScript,High,11,5,1,22,4,16,False,2,False,3.8,1,3,0,1,4.2092505
Testing,High,Junior,Java,High,13,2,3,26,9,15,True,0,False,5.75,0,0,2,0,4.85500365
Feature Dev,Medium,Senior,Java,Critical,9,2,2,18,4,14,False,2,False,4.5,0,1,1,0,2.95789375
Bug Fix,High,Mid,Go,Medium,3,4,0,6,10,17,True,1,True,3.625,2,0,2,0,1.47628058
Client Meeting,Low,Senior,C++,Critical,12,4,3,24,2,16,True,1,True,1.9375,3,1,0,0,4.79606351
Testing,Low,Junior,C++,Critical,6,2,1,12,2,10,True,0,False,2.375,1,1,0,0,2.02301859
Deployment,Medium,Junior,Python,Critical,2,5,2,4,10,10,True,0,False,3.8,1,3,0,1,0.84872288
Client Meeting,Low,Mid,JavaScript,High,3,3,3,6,3,13,False,0,False,4.16666667,1,1,0,1,1.16643375
Testing,Medium,Tech Lead,Java,Low,8,5,0,16,10,13,False,1,False,3.4,1,3,1,0,3.274623
Feature Dev,Low,Mid,Java,Medium,7,5,2,14,7,14,False,1,False,4.15,0,4,0,1,2.475795
Testing,Medium,Tech Lead,Python,Critical,1,3,3,2,5,18,False,1,False,4.16666667,1,1,0,1,0.68401979
Bug Fix,Medium,Senior,JavaScript,High,13,2,0,26,8,13,False,1,False,2.375,1,1,0,0,4.6805625
Deployment,Medium,Senior,C++,Medium,11,4,3,22,3,15,False,3,False,3.5,2,1,0,1,4.5255625
Feature Dev,Medium,Junior,Python,High,10,3,3,20,9,10,False,2,False,5.58333333,0,1,1,1,3.27267
Documentation,Medium,Junior,Other,Low,10,2,1,20,9,9,False,2,False,3.625,1,0,1,0,4.26433219
Bug Fix,Medium,Tech Lead,C++,Critical,13,3,2,26,6,17,False,0,False,2.66666667,1,2,0,0,4.51916667
Design Review,Medium,Tech Lead,C++,Low,4,5,3,8,2,9,True,3,True,2.55,2,3,0,0,2.90356894
Deployment,High,Mid,Python,Medium,10,4,1,20,2,12,False,3,False,4.5625,1,1,1,1,4.05073125
Testing,High,Mid,Other,Low,8,2,3,16,4,11,True,3,False,2.375,1,1,0,0,5.02071281
Code Review,Medium,Senior,C++,Medium,12,3,2,24,6,11,False,3,False,5.58333333,0,1,1,1,4.2228
Client Meeting,Low,Senior,Other,Critical,3,3,0,6,5,18,False,2,False,1.5,3,0,0,0,1.1152
Feature Dev,High,Junior,Java,Critical,9,3,2,18,1,9,False,2,True,6.41666667,0,0,2,1,3.2819996
Documentation,Medium,Junior,Java,Low,11,5,3,22,7,9,False,3,False,3.25,0,5,0,0,5.3109375
Refactoring,Medium,Tech Lead,Python,High,2,2,3,4,3,15,False,2,False,2.375,1,1,0,0,1.28053125
Code Review,Medium,Tech Lead,Go,High,12,2,0,24,3,14,False,2,False,4.5,0,1,1,0,3.819375
Testing,Medium,Senior,JavaScript,High,8,4,0,16,6,10,False,3,False,5.0,0,2,1,1,2.4633
Testing,High,Senior,Other,Medium,7,5,3,14,6,9,True,1,True,3.9,1,2,2,0,3.70424554
Design Review,High,Junior,C++,Low,13,3,3,26,4,12,True,0,False,4.16666667,1,1,0,1,6.29099144
Refactoring,Low,Junior,C++,Medium,3,5,2,6,3,11,False,3,False,3.8,1,3,0,1,1.45236
Testing,High,Mid,C++,Medium,12,4,3,24,3,10,False,0,False,3.4375,1,2,1,0,5.37467906
Deployment,High,Mid,Java,Medium,13,4,1,26,9,9,False,0,True,2.375,2,2,0,0,6.61656875
Testing,Medium,Mid,JavaScript,Critical,12,3,2,24,5,14,True,1,False,3.5,1,1,1,0,4.16413725
Client Meeting,Medium,Mid,JavaScript,High,3,5,1,6,2,12,False,1,False,3.55,2,1,2,0,1.13163075
Testing,Medium,Senior,C++,Critical,3,2,2,6,9,11,False,1,False,3.25,0,2,0,0,1.275
Deployment,Medium,Senior,C++,Medium,5,5,1,10,1,14,True,2,False,3.6,3,0,1,1,2.088492
Testing,High,Junior,Go,Critical,4,4,2,8,5,13,False,3,False,3.625,2,0,2,0,1.79115825
Documentation,Medium,Senior,Java,Low,6,2,3,12,6,14,False,0,False,2.375,1,1,0,0,3.07621875
Refactoring,Medium,Tech Lead,Go,High,3,2,3,6,8,12,False,2,False,4.5,0,1,1,0,1.41316875
Code Review,High,Senior,Go,Critical,9,3,2,18,5,9,True,1,False,3.25,0,3,0,0,3.79870312
Testing,Medium,Junior,JavaScript,High,6,5,3,12,2,12,False,2,False,4.3,1,2,1,1,2.234979
Testing,High,Junior,Other,Low,10,4,3,20,5,11,True,0,False,2.375,2,2,0,0,5.72338594
Bug Fix,Medium,Junior,JavaScript,Critical,11,5,3,22,8,15,True,0,False,3.4,1,3,1,0,3.90485261
Deployment,Medium,Mid,Python,Low,5,4,2,10,10,16,True,3,False,3.5,2,1,0,1,2.63888625
Code Review,High,Senior,Python,Medium,2,2,1,4,5,12,False,3,True,4.5,0,1,1,0,1.27906625
Testing,Low,Mid,JavaScript,High,7,4,1,14,9,18,True,3,True,2.375,2,2,0,0,3.02942784
Bug Fix,Medium,Tech Lead,Python,Medium,7,4,2,14,6,16,True,2,False,3.4375,1,2,1,0,3.11947453
Documentation,Medium,Senior,Go,Medium,13,5,0,26,9,9,False,0,False,3.95,2,1,1,1,4.31756
Bug Fix,Medium,Mid,Go,High,10,5,2,20,7,12,True,0,True,3.05,2,2,1,0,4.10812739
Design Review,Medium,Senior,Python,Low,10,5,2,20,5,13,False,0,False,2.7,3,1,1,0,4.4275165
Feature Dev,Low,Tech Lead,JavaScript,Medium,9,5,1,18,3,11,False,3,False,3.1,3,1,0,1,3.3126975
Design Review,Medium,Tech Lead,JavaScript,Medium,8,2,3,16,9,11,False,2,False,2.375,1,1,0,0,3.7778125
Refactoring,Medium,Tech Lead,Other,Medium,3,4,1,6,8,15,True,1,True,4.0625,1,1,2,0,1.41191892
Deployment,Medium,Junior,Java,Critical,2,5,0,4,9,11,False,1,False,3.95,2,1,1,1,0.6351795
Code Review,Low,Mid,JavaScript,Low,8,3,3,16,9,10,False,3,False,2.08333333,2,1,0,0,3.9763625
Testing,High,Mid,Other,Critical,1,3,0,2,9,11,False,2,False,3.58333333,2,0,0,1,0.5
Client Meeting,High,Junior,Go,Medium,8,5,3,16,10,10,True,3,False,3.05,2,2,1,0,4.27507736
Code Review,High,Junior,C++,High,8,3,1,16,7,11,False,2,False,3.58333333,2,0,0,1,3.17286938
Feature Dev,Low,Tech Lead,Other,Low,11,3,0,22,2,11,True,2,False,2.66666667,1,2,0,0,4.64464
Bug Fix,High,Junior,JavaScript,High,11,3,1,22,8,18,False,3,False,4.33333333,1,0,2,0,4.117623
Client Meeting,High,Junior,Other,Critical,10,3,1,20,5,10,True,2,False,3.25,0,3,0,0,4.14175781
Feature Dev,Medium,Tech Lead,Other,Critical,9,5,3,18,4,13,False,2,True,2.7,3,1,1,0,3.71962869
Design Review,Medium,Mid,JavaScript,Medium,2,4,3,4,6,18,False,0,False,4.5625,1,1,1,1,1.00265625
Design Review,Low,Senior,C++,Medium,2,2,1,4,4,15,False,3,False,2.375,1,1,0,0,1.1480625
Refactoring,High,Senior,Python,High,10,5,1,20,3,10,False,3,True,3.75,0,4,1,0,4.42518244
Deployment,Medium,Senior,Python,High,8,4,0,16,7,11,True,1,False,3.9375,1,2,0,1,2.67557555
Testing,Low,Tech Lead,C++,Medium,3,2,3,6,7,17,False,3,False,2.375,1,1,0,0,1.7956875
Feature Dev,High,Senior,Go,Low,8,4,0,16,10,16,True,1,False,4.0625,1,1,2,0,3.68072657
Documentation,High,Senior,Java,High,13,4,1,26,10,13,True,3,False,3.4375,1,2,1,0,5.47042397
Design Review,Medium,Mid,Go,Critical,2,3,2,4,9,11,True,0,False,2.91666667,2,0,1,0,0.90865053
Design Review,High,Junior,JavaScript,High,4,4,0,8,7,18,True,2,False,3.0,2,1,1,0,1.7764677
Testing,High,Mid,Other,Medium,2,5,3,4,5,11,False,1,False,4.3,1,2,1,1,1.196874
Deployment,High,Junior,Java,Medium,13,4,3,26,10,11,False,2,True,3.625,2,0,2,0,6.29841713
Documentation,High,Junior,JavaScript,Low,11,2,0,22,9,17,False,2,False,3.625,1,0,1,0,5.15641088
Documentation,Medium,Senior,Go,Low,4,2,3,8,7,9,False,3,False,3.25,0,2,0,0,2.4234375
Refactoring,Medium,Junior,Python,High,11,5,0,22,9,15,False,2,True,3.05,2,2,1,0,4.18546755
Testing,High,Senior,Other,Low,7,4,3,14,2,10,False,1,False,2.375,2,2,0,0,4.06924375
Refactoring,Medium,Tech Lead,Go,Critical,13,2,2,26,8,10,True,2,False,1.5,2,0,0,0,5.21443125
Testing,Low,Tech Lead,Python,High,12,4,0,24,4,18,False,1,False,2.375,2,2,0,0,3.9034125
Bug Fix,Medium,Senior,Go,Critical,9,4,1,18,5,17,True,3,False,2.5625,3,0,1,0,3.40757476
Design Review,High,Mid,Python,High,8,2,1,16,9,9,False,2,False,1.5,2,0,0,0,3.717675
Client Meeting,High,Tech Lead,JavaScript,Critical,8,5,2,16,6,12,False,3,True,3.9,1,2,2,0,3.40433126
Deployment,Medium,Mid,Python,Medium,1,5,2,2,4,11,False,2,False,2.2,3,2,0,0,0.891
Design Review,Medium,Mid,Python,High,6,3,2,12,1,18,False,1,True,5.0,1,0,1,1,2.167704
Deployment,Medium,Tech Lead,Go,Low,11,5,0,22,1,13,False,0,False,2.7,3,1,1,0,4.530482
Design Review,High,Mid,Python,Low,9,5,0,18,5,9,True,1,False,3.9,1,2,2,0,4.16604804
Bug Fix,Medium,Junior,Python,Medium,2,4,2,4,5,16,False,2,True,4.0625,1,1,2,0,1.20557938
Refactoring,High,Mid,Go,High,8,4,2,16,5,12,False,0,False,2.375,2,2,0,0,3.5148375
Deployment,Medium,Junior,C++,Critical,11,5,1,22,9,12,False,2,False,3.05,2,2,1,0,3.71076531
Testing,Medium,Junior,C++,Low,2,3,3,4,8,18,True,1,False,3.25,0,3,0,0,1.46179688
Code Review,Medium,Tech Lead,Java,Medium,2,5,0,4,10,9,False,0,False,4.8,1,1,2,1,0.61232
Deployment,Medium,Junior,Other,Medium,5,2,2,10,8,16,True,1,False,1.5,2,0,0,0,2.583
Testing,High,Junior,C++,Critical,3,3,3,6,5,13,False,3,False,4.33333333,1,0,2,0,1.5033185
Refactoring,High,Senior,Python,Critical,7,5,3,14,9,17,False,0,False,2.55,2,3,0,0,3.03371375
Refactoring,Medium,Senior,Go,High,4,2,3,8,3,17,True,2,True,2.375,1,1,0,0,2.29502109
Documentation,Medium,Tech Lead,Python,Critical,4,3,1,8,8,12,False,0,False,2.08333333,2,1,0,0,1.48130208
Code Review,Medium,Tech Lead,Other,Critical,4,4,0,8,2,10,True,2,False,3.0,2,1,1,0,1.48038975
Code Review,Medium,Junior,Java,High,10,5,2,20,2,13,False,1,False,3.4,1,3,1,0,3.572316
Testing,Low,Mid,Other,Critical,6,2,0,12,7,16,False,1,False,3.25,0,2,0,0,1.8009375
Feature Dev,High,Mid,JavaScript,High,12,2,1,24,2,18,False,3,False,4.5,0,1,1,0,4.56033375
Design Review,Medium,Mid,JavaScript,Critical,1,3,3,2,5,14,False,0,False,2.91666667,2,0,1,0,0.66870385
Refactoring,Medium,Junior,Go,Low,12,3,0,24,2,10,True,1,True,1.5,3,0,0,0,6.38108625
Design Review,Low,Tech Lead,Python,Medium,8,5,0,16,10,16,False,0,False,2.2,3,2,0,0,2.8512
Feature Dev,Medium,Junior,Java,Critical,9,4,1,18,7,13,True,2,False,1.5,4,0,0,0,3.61350938
Client Meeting,Low,Junior,Java,Medium,11,2,2,22,6,10,False,0,False,2.375,1,1,0,0,4.180125
Feature Dev,Medium,Mid,JavaScript,Low,7,4,0,14,5,15,False,3,True,4.0625,1,1,2,0,3.16232744
Feature Dev,High,Tech Lead,Other,Low,9,4,3,18,9,15,False,2,False,4.125,2,0,1,1,4.33243525
Feature Dev,Medium,Tech Lead,Java,Critical,10,3,1,20,6,17,False,1,False,2.66666667,1,2,0,0,3.49208333
Bug Fix,Medium,Mid,Java,Low,6,3,0,12,9,10,True,2,False,1.5,3,0,0,0,3.078075
Code Review,High,Mid,Go,Critical,12,3,0,24,10,9,False,3,True,4.16666667,1,1,0,1,4.60957337
Documentation,Medium,Mid,Other,Medium,5,4,1,10,5,18,False,0,False,5.1875,1,0,2,1,1.626475
Documentation,High,Senior,Other,Medium,8,5,0,16,4,9,False,3,False,3.55,2,1,2,0,3.451257
Deployment,High,Senior,Other,High,7,5,1,14,3,11,True,1,False,3.55,2,1,2,0,2.84351492
Deployment,Medium,Mid,Python,Critical,1,2,3,2,7,14,False,2,True,4.5,0,1,1,0,0.83326031
Documentation,Low,Tech Lead,Go,Low,8,2,0,16,8,13,False,1,False,2.375,1,1,0,0,3.2165375
Testing,High,Junior,JavaScript,Critical,13,3,1,26,10,14,True,0,False,2.08333333,2,1,0,0,5.44822906
Client Meeting,Low,Tech Lead,Python,High,13,3,1,26,7,17,False,2,False,2.66666667,1,2,0,0,4.3761
Design Review,Medium,Junior,Python,Critical,1,5,2,2,10,17,False,3,False,2.55,2,3,0,0,0.826625
Client Meeting,Medium,Senior,JavaScript,High,13,2,1,26,8,13,False,3,False,5.75,0,0,2,0,4.062915
Client Meeting,Medium,Tech Lead,JavaScript,Medium,4,2,0,8,6,15,False,2,False,1.5,2,0,0,0,1.845
Deployment,Medium,Senior,Go,High,6,4,1,12,4,16,True,1,False,4.0625,1,1,2,0,2.11123927
Testing,High,Senior,Java,Critical,2,2,2,4,10,17,True,3,False,3.25,0,2,0,0,1.2718125
Testing,Low,Junior,Other,Critical,12,5,1,24,10,12,True,3,True,2.2,3,2,0,0,4.63611803
Refactoring,Medium,Junior,Other,Critical,5,4,2,10,8,12,True,0,True,1.9375,3,1,0,0,2.26508133
Testing,Medium,Mid,Other,Low,5,4,3,10,5,10,True,0,True,3.5,2,1,0,1,2.73530709
Documentation,Medium,Mid,C++,High,13,3,1,26,10,14,True,3,False,5.0,1,0,1,1,4.1752935
Client Meeting,High,Mid,Other,Medium,11,4,0,22,7,12,False,1,True,2.375,2,2,0,0,5.569575
Refactoring,Medium,Mid,Other,High,1,5,1,2,1,18,False,3,False,2.35,4,0,1,0,0.72906412
Bug Fix,High,Mid,Java,Medium,11,4,2,22,1,16,False,1,False,3.625,2,0,2,0,4.7153925
Bug Fix,High,Mid,Python,Critical,11,3,1,22,1,15,True,3,False,4.16666667,1,1,0,1,4.16568053
Bug Fix,Medium,Junior,JavaScript,High,6,2,3,12,3,12,True,3,True,2.375,1,1,0,0,3.21302953
Documentation,High,Mid,Java,Medium,5,2,1,10,3,17,False,0,False,3.25,0,2,0,0,2.296875
Documentation,Low,Mid,Other,Low,6,3,3,12,9,11,True,2,False,2.66666667,1,2,0,0,3.137365
Design Review,Low,Junior,Go,Medium,9,5,0,18,6,13,False,0,False,2.55,2,3,0,0,3.1509
Documentation,Medium,Mid,JavaScript,High,6,5,3,12,1,14,True,1,False,3.05,2,2,1,0,2.56215133
Testing,Medium,Mid,JavaScript,Low,11,5,1,22,9,9,False,0,False,2.35,4,0,1,0,4.76989013
Feature Dev,High,Senior,Java,High,3,2,0,6,5,16,False,1,True,3.25,0,2,0,0,1.373625
Design Review,High,Senior,Go,Medium,1,3,2,2,3,13,False,0,True,3.58333333,2,0,0,1,0.73132583
Design Review,Medium,Senior,Python,High,10,3,2,20,1,14,False,0,False,3.58333333,2,0,0,1,3.38544375
Bug Fix,Low,Mid,Other,Critical,1,4,0,2,1,18,True,0,False,3.9375,1,2,0,1,0.5
Feature Dev,Medium,Senior,Go,High,13,2,2,26,2,9,False,3,True,2.375,1,1,0,0,5.6343375
Testing,High,Junior,Java,Medium,7,4,2,14,9,17,False,2,False,4.0625,1,1,2,0,3.1361925
Documentation,Medium,Mid,Go,High,9,5,2,18,3,16,True,0,True,3.05,2,2,1,0,3.725976
Client Meeting,Medium,Tech Lead,Other,Medium,1,5,0,2,2,14,True,0,False,3.45,2,2,0,1,0.5
Refactoring,Low,Senior,Go,Low,12,2,1,24,4,18,False,1,False,2.375,1,1,0,0,4.93274375
Testing,Medium,Senior,Python,Critical,11,3,1,22,6,10,True,1,False,2.08333333,2,1,0,0,4.13283281
Testing,Medium,Junior,Python,Medium,1,5,0,2,9,16,False,0,False,2.2,3,2,0,0,0.5
Client Meeting,High,Junior,JavaScript,Low,5,3,2,10,3,13,False,3,True,2.91666667,2,0,1,0,3.24772571
Documentation,Medium,Senior,Other,Low,5,5,3,10,8,17,False,1,False,4.3,1,2,1,1,2.283831
Design Review,Medium,Junior,JavaScript,Medium,7,4,1,14,9,16,False,3,False,4.0625,1,1,2,0,2.73995312
Documentation,Low,Tech Lead,Other,Low,5,3,1,10,8,9,False,0,True,2.08333333,2,1,0,0,2.34966875
Code Review,High,Mid,JavaScript,Low,6,5,3,12,1,16,True,1,False,2.55,2,3,0,0,3.71791613
Testing,High,Tech Lead,Java,Low,5,2,2,10,6,14,False,3,False,1.5,2,0,0,0,3.26975
Code Review,High,Junior,JavaScript,Low,13,5,0,26,5,17,True,3,True,3.05,2,2,1,0,7.33306047
Documentation,Low,Mid,C++,Critical,3,2,0,6,4,16,False,2,False,2.375,1,1,0,0,1.0676
Documentation,Low,Tech Lead,Python,High,6,3,1,12,5,16,False,1,False,2.08333333,2,1,0,0,2.1599625
Documentation,High,Junior,Go,Critical,12,4,3,24,6,14,False,3,False,2.375,2,2,0,0,5.22957188
Code Review,High,Senior,Java,Critical,10,5,3,20,4,13,False,0,False,3.05,2,2,1,0,3.94512944
Refactoring,Medium,Mid,Python,Medium,9,5,3,18,9,11,False,0,False,4.3,1,2,1,1,3.29751
Feature Dev,Low,Junior,Other,Critical,12,4,3,24,8,15,True,2,False,2.8125,1,3,0,0,4.25552367
Refactoring,Low,Mid,C++,Low,5,3,2,10,5,14,True,2,False,2.66666667,1,2,0,0,2.56795
Refactoring,Medium,Junior,Go,Medium,10,3,2,20,1,14,False,3,True,4.16666667,1,1,0,1,4.28624167
Code Review,Medium,Junior,Python,Critical,6,4,2,12,4,18,False,2,True,3.0,2,1,1,0,2.49864725
Refactoring,Medium,Tech Lead,Python,Low,4,4,2,8,5,13,True,0,False,3.0,2,1,1,0,2.02223175
Refactoring,Low,Mid,Other,Critical,3,4,2,6,7,18,False,3,False,1.5,4,0,0,0,1.4637
Client Meeting,Medium,Junior,JavaScript,High,1,3,2,2,9,15,False,1,False,2.91666667,2,0,1,0,0.66639
Deployment,Medium,Tech Lead,C++,Critical,4,3,0,8,2,14,False,2,False,4.08333333,0,2,1,0,1.32950625
Feature Dev,Medium,Junior,Java,Medium,7,2,3,14,2,12,True,3,False,5.75,0,0,2,0,2.9782725
Design Review,Medium,Senior,Other,Medium,13,4,1,26,3,16,True,3,False,3.0,2,1,1,0,5.46679875
Testing,Medium,Senior,Java,Critical,7,3,0,14,8,9,False,3,False,4.08333333,0,2,1,0,2.28970521
Bug Fix,Medium,Senior,Python,Low,1,3,3,2,7,16,True,0,False,4.33333333,1,0,2,0,0.81517975
Documentation,High,Tech Lead,C++,High,5,2,3,10,5,13,False,0,False,2.375,1,1,0,0,2.42859375
Refactoring,Medium,Mid,JavaScript,Medium,11,2,3,22,3,18,False,1,False,3.625,1,0,1,0,4.41137813
Client Meeting,Medium,Senior,Java,High,13,3,1,26,1,15,False,2,False,2.08333333,2,1,0,0,4.9741875
Code Review,Low,Tech Lead,JavaScript,Low,11,4,1,22,9,10,True,0,True,3.5,2,1,0,1,4.58861721
Refactoring,Low,Senior,JavaScript,Critical,9,5,0,18,3,13,False,0,False,3.8,1,3,0,1,2.380833
Client Meeting,High,Junior,Java,High,5,4,0,10,4,15,True,0,False,4.5625,1,1,1,1,1.74341869
Feature Dev,Medium,Junior,C++,Low,5,2,0,10,6,9,True,0,False,1.5,2,0,0,0,2.36775
Code Review,High,Mid,JavaScript,Medium,1,5,3,2,10,12,False,1,False,3.95,2,1,1,1,0.838603
Deployment,Medium,Tech Lead,Other,Low,7,5,3,14,6,17,False,2,False,3.2,3,0,2,0,3.353262
Refactoring,Medium,Tech Lead,JavaScript,Low,12,5,0,24,5,14,False,2,False,4.25,0,3,2,0,4.588375
Testing,Medium,Senior,Go,Critical,12,4,1,24,4,10,True,0,False,3.0,2,1,1,0,4.07107181
Deployment,High,Mid,Go,High,4,5,0,8,3,10,False,1,False,2.55,2,3,0,0,1.697985
Feature Dev,High,Mid,Other,Low,7,5,3,14,4,15,False,3,False,4.45,2,0,2,1,3.41051783
Testing,High,Junior,Java,Low,8,4,2,16,7,17,False,1,False,3.4375,1,2,1,0,4.04046225
Client Meeting,Medium,Junior,Java,Medium,13,4,2,26,5,18,False,1,False,3.9375,1,2,0,1,4.804625
Client Meeting,High,Tech Lead,Java,Critical,3,2,1,6,8,16,True,0,False,4.5,0,1,1,0,1.15898934
Documentation,High,Junior,JavaScript,Low,8,2,2,16,3,10,True,0,True,2.375,1,1,0,0,4.96177894
Bug Fix,Medium,Mid,JavaScript,Medium,4,2,3,8,5,12,False,3,True,4.5,0,1,1,0,2.19401875
Documentation,Medium,Tech Lead,Java,Critical,3,5,2,6,9,11,True,2,False,3.9,1,2,2,0,1.29072458
Feature Dev,High,Tech Lead,JavaScript,Low,8,4,2,16,9,14,True,2,False,3.875,0,3,1,0,4.24402584
Bug Fix,Medium,Tech Lead,Java,Critical,11,2,3,22,9,10,False,2,False,2.375,1,1,0,0,4.21201562
Testing,Medium,Junior,C++,High,1,3,3,2,1,9,True,2,False,5.58333333,0,1,1,1,0.7759395
Code Review,Low,Senior,Python,Low,3,2,3,6,10,12,True,0,False,1.5,2,0,0,0,1.81132875
Client Meeting,Medium,Senior,JavaScript,Medium,1,4,3,2,6,18,False,2,False,3.9375,1,2,0,1,0.90086719
Design Review,High,Senior,Python,Medium,2,4,2,4,1,18,False,2,False,3.4375,1,2,1,0,1.27839938
Code Review,Medium,Senior,Other,Medium,7,2,2,14,8,12,False,1,False,4.5,0,1,1,0,2.716
Deployment,Medium,Tech Lead,C++,High,1,4,3,2,6,11,False,0,False,3.4375,1,2,1,0,0.68871516
Refactoring,High,Mid,JavaScript,High,11,4,1,22,4,9,True,3,False,5.1875,1,0,2,1,3.93905768
Bug Fix,High,Tech Lead,Go,Critical,13,4,2,26,6,9,True,1,False,5.625,0,1,2,1,4.30762448
Design Review,Low,Mid,C++,Medium,3,5,1,6,5,13,False,3,True,2.55,2,3,0,0,1.6367175
Refactoring,Medium,Tech Lead,Python,Low,5,2,2,10,3,16,False,3,False,3.625,1,0,1,0,2.54879625
Deployment,High,Mid,JavaScript,Critical,8,5,3,16,1,15,True,0,False,2.9,1,4,0,0,3.52015387
Design Review,High,Junior,JavaScript,Medium,12,2,3,24,8,18,False,1,False,2.375,1,1,0,0,5.9561875
Testing,Low,Junior,JavaScript,High,12,4,1,24,3,16,False,0,True,3.5,2,1,0,1,3.88873238
Feature Dev,Medium,Senior,Other,High,9,2,3,18,9,9,True,1,False,4.5,0,1,1,0,3.32858531
Bug Fix,Low,Junior,Java,Medium,1,2,3,2,3,10,False,2,False,2.375,1,1,0,0,0.9910625
Deployment,High,Senior,Python,Low,3,2,1,6,10,18,False,1,False,3.625,1,0,1,0,1.59789919
Design Review,Medium,Senior,Java,Medium,12,3,3,24,8,11,False,1,True,3.5,1,1,1,0,5.28031625
Code Review,High,Mid,C++,Low,5,4,0,10,4,13,False,1,False,5.1875,1,0,2,1,1.99716
Design Review,Medium,Junior,Python,Low,9,4,2,18,3,12,True,2,False,3.5,2,1,0,1,4.16132062
Refactoring,Low,Tech Lead,Other,Critical,12,5,0,24,8,10,True,0,True,3.1,3,1,0,1,3.80750139
Bug Fix,Medium,Senior,C++,Low,12,2,0,24,5,15,False,0,False,2.375,1,1,0,0,5.181
Client Meeting,Low,Tech Lead,Java,Low,3,4,1,6,5,11,True,2,False,2.375,2,2,0,0,1.62068156
Refactoring,High,Tech Lead,JavaScript,Critical,10,5,1,20,2,14,False,2,False,2.55,2,3,0,0,4.09179375
Documentation,Medium,Senior,Java,Low,1,4,1,2,3,15,True,0,False,4.125,2,0,1,1,0.52233431
Client Meeting,High,Mid,Other,Critical,1,5,2,2,3,13,True,2,False,3.55,2,1,2,0,0.74297412
Design Review,High,Mid,Java,Critical,5,4,1,10,9,18,False,3,True,3.4375,1,2,1,0,2.31484816
Bug Fix,High,Mid,Other,High,2,4,3,4,6,12,False,2,False,4.0625,1,1,2,0,1.19124731
Design Review,Medium,Mid,Go,Critical,12,5,3,24,1,10,False,3,False,2.7,3,1,1,0,4.41581588
Client Meeting,High,Junior,C++,Low,4,5,2,8,6,17,True,3,False,2.55,2,3,0,0,2.7406995
Bug Fix,High,Mid,Go,Critical,2,4,1,4,5,15,True,2,False,3.9375,1,2,0,1,0.97248613
Bug Fix,Medium,Mid,Python,Critical,11,3,1,22,4,18,False,0,False,4.08333333,0,2,1,0,3.36069635
Design Review,High,Junior,Python,Critical,1,3,3,2,1,18,True,2,False,2.08333333,2,1,0,0,0.98654719
Documentation,Medium,Mid,Python,Critical,7,2,3,14,2,14,True,1,False,2.375,1,1,0,0,2.93381484
Documentation,Medium,Junior,JavaScript,Critical,4,2,0,8,6,16,True,3,False,3.25,0,2,0,0,1.58976563
Bug Fix,High,Mid,Go,High,5,3,1,10,8,13,False,2,False,2.08333333,2,1,0,0,2.3750625
Feature Dev,Low,Tech Lead,Other,Medium,1,3,3,2,8,14,True,3,False,2.08333333,2,1,0,0,1.16064375
Design Review,Medium,Tech Lead,JavaScript,High,6,4,1,12,3,13,True,0,False,2.8125,1,3,0,0,2.31185391
Code Review,Low,Tech Lead,Go,Low,4,4,3,8,4,10,False,2,False,3.9375,1,2,0,1,1.97247016
Client Meeting,High,Senior,Java,Critical,10,3,3,20,5,9,False,1,True,4.91666667,0,1,2,0,3.86624448
Client Meeting,High,Mid,Java,Medium,5,4,3,10,9,16,False,1,True,3.0,2,1,1,0,2.8889025
Documentation,Low,Senior,Python,Critical,12,4,0,24,8,11,False,3,True,3.9375,1,2,0,1,3.70616761
Client Meeting,Medium,Mid,Other,Low,9,5,2,18,5,9,False,0,False,3.45,2,2,0,1,3.78002625
Refactoring,Medium,Mid,Java,Low,2,4,3,4,3,10,False,0,True,2.375,2,2,0,0,1.48414063
Feature Dev,High,Junior,Python,Medium,1,3,1,2,6,16,False,2,False,3.58333333,2,0,0,1,0.70858125
Client Meeting,Medium,Junior,Go,Low,12,5,2,24,6,13,False,3,False,2.35,4,0,1,0,5.6609685
Bug Fix,Medium,Tech Lead,Python,Low,4,4,2,8,3,15,False,0,False,2.5625,3,0,1,0,1.97028219
Refactoring,High,Tech Lead,C++,Critical,2,2,0,4,4,14,False,2,False,3.25,0,2,0,0,0.8925
Feature Dev,Low,Tech Lead,Python,Medium,13,2,2,26,5,9,False,1,False,1.5,2,0,0,0,5.207
Documentation,Medium,Mid,Other,Medium,1,4,0,2,9,15,True,1,True,3.0,2,1,1,0,0.53216625
Deployment,Medium,Tech Lead,Python,Low,1,2,1,2,5,9,True,3,False,1.5,2,0,0,0,1.00629375
Refactoring,High,Senior,Other,Low,1,4,2,2,6,11,True,0,False,4.0625,1,1,2,0,0.74004026
Client Meeting,High,Senior,Other,Critical,12,5,3,24,1,13,True,1,False,2.55,2,3,0,0,5.26849444
Testing,Low,Junior,C++,Medium,4,5,0,8,10,12,True,2,False,1.85,4,1,0,0,1.734915
Deployment,Medium,Junior,Python,Low,8,2,1,16,5,15,False,0,False,4.5,0,1,1,0,3.12764375
Testing,High,Junior,C++,High,10,5,3,20,4,12,False,1,False,5.15,0,2,2,1,3.5063775
Code Review,Medium,Tech Lead,Go,Medium,5,5,2,10,8,13,False,1,True,3.95,2,1,1,1,2.191992
Client Meeting,Medium,Mid,Python,Medium,2,4,2,4,1,15,True,0,False,3.0,2,1,1,0,1.0643325
Refactoring,Medium,Senior,Go,High,3,4,0,6,1,9,False,0,False,3.5,2,1,0,1,0.94905
Bug Fix,Low,Mid,C++,High,10,3,0,20,10,14,False,2,False,2.08333333,2,1,0,0,3.40575
Refactoring,Medium,Senior,Java,Low,10,2,2,20,1,15,True,2,False,3.25,0,2,0,0,4.87265625
Documentation,High,Tech Lead,Python,Critical,10,4,1,20,5,10,False,3,False,3.4375,1,2,1,0,3.86445727
Deployment,High,Junior,Other,Critical,12,2,2,24,10,17,False,2,True,2.375,1,1,0,0,5.52316188
Bug Fix,Medium,Junior,Other,Medium,4,5,0,8,3,18,True,3,False,4.3,1,2,1,1,1.624329
Testing,Medium,Mid,Java,Medium,3,5,1,6,10,16,False,1,False,3.75,0,4,1,0,1.28343125
Deployment,Medium,Junior,JavaScript,Low,8,2,3,16,1,11,True,2,True,3.625,1,0,1,0,4.35917682
Bug Fix,Low,Senior,Other,Critical,4,3,3,8,9,15,True,3,False,2.08333333,2,1,0,0,1.94643094
Bug Fix,Medium,Senior,Python,Low,9,3,1,18,4,11,True,2,False,3.58333333,2,0,0,1,3.99101828
Documentation,Medium,Mid,Go,High,11,2,3,22,8,17,True,1,False,2.375,1,1,0,0,4.59004219
Documentation,Low,Tech Lead,Go,Low,4,3,3,8,5,13,True,2,False,1.5,3,0,0,0,2.47429875
Testing,Medium,Junior,Go,Critical,2,4,1,4,7,13,True,0,False,3.0,2,1,1,0,0.78131681
Deployment,High,Senior,C++,Critical,1,2,1,2,10,16,False,2,False,1.5,2,0,0,0,0.7057125
Client Meeting,Medium,Senior,Python,Medium,8,3,1,16,7,10,False,2,True,4.08333333,0,2,1,0,3.39328229
Testing,Medium,Tech Lead,Java,Medium,11,5,3,22,9,17,True,3,True,2.2,3,2,0,0,5.8887675
Bug Fix,Medium,Mid,Other,Low,10,2,2,20,5,13,False,0,False,2.375,1,1,0,0,4.6413125
Bug Fix,High,Senior,Python,Medium,13,5,3,26,2,15,False,3,False,3.95,2,1,1,1,5.587919
Testing,High,Senior,Go,Medium,2,5,2,4,3,13,True,2,False,4.8,1,1,2,1,1.1412114
Testing,Medium,Tech Lead,Go,Critical,4,3,3,8,4,13,False,0,False,2.08333333,2,1,0,0,1.73523958
Design Review,Low,Senior,Python,Critical,5,2,2,10,8,16,True,3,False,2.375,1,1,0,0,2.1018375
Deployment,Medium,Mid,Go,Critical,1,2,1,2,5,10,False,1,False,1.5,2,0,0,0,0.5663125
Documentation,High,Mid,Go,Critical,3,2,3,6,7,10,True,3,False,2.375,1,1,0,0,1.86538078
Code Review,Medium,Mid,Python,Critical,11,4,2,22,9,13,True,3,True,3.0,2,1,1,0,4.52341312
Design Review,Medium,Tech Lead,Other,High,3,3,0,6,9,18,False,1,False,4.33333333,1,0,2,0,0.97149
Client Meeting,Low,Tech Lead,C++,Critical,7,4,3,14,6,16,False,1,True,1.9375,3,1,0,0,2.87942016
Bug Fix,Low,Senior,JavaScript,Medium,2,3,0,4,4,18,False,1,False,2.66666667,1,2,0,0,0.79266667
Design Review,Low,Tech Lead,Go,Low,7,3,0,14,1,12,True,2,False,2.08333333,2,1,0,0,3.12851
Bug Fix,Low,Tech Lead,Java,Critical,3,2,2,6,3,16,True,0,True,1.5,2,0,0,0,1.38868538
Feature Dev,High,Junior,JavaScript,High,11,3,0,22,1,15,True,2,True,2.91666667,2,0,1,0,5.06064896
Refactoring,Low,Senior,JavaScript,Critical,8,4,0,16,10,18,False,0,False,2.375,2,2,0,0,2.4021
Deployment,Medium,Junior,Python,Medium,9,5,1,18,6,11,True,0,False,3.05,2,2,1,0,3.61885781
Client Meeting,Low,Senior,C++,Medium,5,2,1,10,2,12,True,1,False,3.25,0,2,0,0,2.01796875
Bug Fix,Medium,Mid,Python,Critical,4,3,0,8,2,15,False,0,False,2.91666667,2,0,1,0,1.25873667
Refactoring,High,Senior,Go,Medium,12,4,1,24,1,16,True,3,False,3.4375,1,2,1,0,5.64341302
Bug Fix,Medium,Mid,Python,Critical,3,3,1,6,5,12,False,2,False,4.16666667,1,1,0,1,1.11603229
Design Review,Low,Senior,Other,Low,8,2,0,16,4,16,False,3,True,3.25,0,2,0,0,3.6073125
Refactoring,High,Mid,C++,High,9,3,0,18,7,12,False,1,False,2.91666667,2,0,1,0,3.531867
Refactoring,High,Tech Lead,Python,High,9,2,1,18,1,12,True,0,False,4.5,0,1,1,0,3.44087494
Feature Dev,High,Tech Lead,Other,Medium,11,4,0,22,7,12,False,3,False,2.375,2,2,0,0,5.2595
Testing,High,Senior,Java,Medium,5,2,3,10,2,12,False,2,False,2.375,1,1,0,0,2.8946875
Bug Fix,High,Mid,Java,Critical,6,3,1,12,7,14,False,1,False,2.91666667,2,0,1,0,2.36799835
Refactoring,Medium,Tech Lead,Java,High,5,4,1,10,9,17,False,3,False,4.0625,1,1,2,0,1.85895281
Bug Fix,Medium,Mid,Other,Critical,11,5,1,22,10,15,True,1,True,4.8,1,1,2,1,3.49415624
Refactoring,Medium,Tech Lead,JavaScript,Low,5,5,3,10,4,16,False,0,False,4.3,1,2,1,1,2.194269
Code Review,Medium,Senior,Java,Medium,2,5,1,4,10,10,False,2,False,2.2,3,2,0,0,1.1385
Refactoring,High,Tech Lead,JavaScript,Critical,3,5,3,6,9,18,False,3,True,3.05,2,2,1,0,1.83038382
Bug Fix,High,Senior,Java,Critical,1,2,1,2,2,12,True,3,False,1.5,2,0,0,0,0.83247938
Documentation,High,Senior,Java,Critical,13,2,0,26,3,10,True,2,False,5.75,0,0,2,0,4.40700435
Bug Fix,Medium,Tech Lead,Other,Low,7,2,2,14,8,12,False,1,False,1.5,2,0,0,0,3.608
Code Review,Medium,Mid,C++,High,4,2,3,8,8,14,False,1,False,3.25,0,2,0,0,1.8140625
Bug Fix,Medium,Junior,C++,Critical,4,3,2,8,3,10,False,0,True,3.58333333,2,0,0,1,1.5540674
Code Review,Low,Senior,Go,High,13,3,0,26,1,10,True,2,False,3.25,0,3,0,0,4.323375
Design Review,Low,Senior,Python,Critical,4,4,2,8,9,13,False,2,False,1.5,4,0,0,0,1.690225
Design Review,High,Junior,Java,Low,9,2,0,18,9,12,True,0,False,2.375,1,1,0,0,4.69204313
Design Review,Medium,Mid,Python,Low,6,3,2,12,7,9,True,3,False,2.91666667,2,0,1,0,3.20700187
Testing,Medium,Senior,Other,Low,12,2,2,24,6,14,False,0,False,3.625,1,0,1,0,4.99956188
Refactoring,Medium,Mid,JavaScript,Critical,13,4,3,26,6,14,True,0,False,3.0,2,1,1,0,4.64677894
Bug Fix,Low,Mid,JavaScript,Low,7,2,2,14,6,10,True,0,False,2.375,1,1,0,0,3.19602938
Deployment,High,Mid,Go,Low,10,2,2,20,1,15,True,2,False,3.625,1,0,1,0,5.24953997
Bug Fix,Low,Junior,JavaScript,Critical,3,4,3,6,6,18,False,3,False,1.9375,3,1,0,0,1.56036094
Documentation,High,Senior,Other,Low,13,2,3,26,7,15,False,2,True,1.5,2,0,0,0,8.0
Design Review,Medium,Mid,C++,Low,8,5,0,16,6,10,False,3,True,3.4,1,3,1,0,3.8203935
Feature Dev,High,Junior,Go,Medium,6,3,1,12,9,11,True,0,False,3.5,1,1,1,0,2.74154738
Documentation,Low,Senior,Other,Low,10,2,3,20,10,12,False,3,False,2.375,1,1,0,0,4.69528125
Client Meeting,Medium,Mid,Other,Critical,12,4,3,24,7,13,True,3,True,3.5,2,1,0,1,4.78805611
Code Review,High,Tech Lead,Java,Medium,7,4,3,14,8,18,False,0,False,4.5,0,2,2,0,3.018575
Feature Dev,Medium,Tech Lead,C++,Critical,11,3,0,22,1,10,True,0,False,4.16666667,1,1,0,1,3.32649625
Refactoring,Medium,Senior,Go,Critical,7,2,0,14,9,10,True,2,True,2.375,1,1,0,0,2.89002656
Feature Dev,High,Tech Lead,Go,Critical,8,5,1,16,1,16,True,2,True,3.95,2,1,1,1,3.28504251
Refactoring,Low,Mid,Python,Low,9,2,3,18,2,10,False,2,False,3.25,0,2,0,0,4.0115625
Code Review,Medium,Senior,Python,Critical,3,3,1,6,7,14,True,0,False,3.5,1,1,1,0,1.08107409
Feature Dev,Medium,Tech Lead,JavaScript,Medium,3,2,3,6,2,18,True,2,False,3.25,0,2,0,0,1.82109375
Deployment,High,Junior,Java,High,9,5,0,18,10,13,False,2,True,5.15,0,2,2,1,3.2503779
Testing,High,Mid,Other,Critical,1,4,3,2,5,14,True,0,False,3.5,2,1,0,1,0.71369878
Client Meeting,Medium,Mid,C++,Critical,13,5,2,26,8,14,False,1,False,3.45,2,2,0,1,4.194155
Design Review,High,Senior,JavaScript,Medium,9,3,1,18,4,15,False,1,False,4.33333333,1,0,2,0,3.64516333
Feature Dev,Medium,Tech Lead,Go,High,2,4,2,4,2,18,True,3,False,4.5625,1,1,1,1,1.06121138
Feature Dev,High,Mid,Other,Medium,3,4,2,6,7,13,False,2,True,3.5,2,1,0,1,1.817255
Bug Fix,Medium,Senior,Go,Medium,9,4,3,18,1,14,False,1,True,3.4375,1,2,1,0,4.10978391
Refactoring,Medium,Junior,JavaScript,Medium,7,3,0,14,3,9,False,0,False,2.08333333,2,1,0,0,2.78833333
Bug Fix,High,Senior,JavaScript,Medium,7,3,0,14,1,14,False,1,False,2.91666667,2,0,1,0,3.07279833
Refactoring,Medium,Tech Lead,C++,Medium,10,4,2,20,9,9,False,1,True,1.9375,3,1,0,0,4.855125
Testing,Medium,Mid,Java,Low,3,5,2,6,10,15,False,2,False,2.35,4,0,1,0,1.78215675
Design Review,Medium,Junior,Python,Low,12,3,2,24,7,14,False,3,False,3.5,1,1,1,0,5.329665
Refactoring,Low,Mid,C++,High,12,3,3,24,8,15,False,3,False,4.75,0,2,0,1,3.73880813
Bug Fix,Low,Senior,JavaScript,High,12,5,2,24,3,18,False,0,False,3.1,3,1,0,1,3.7328445
Bug Fix,High,Tech Lead,JavaScript,High,1,4,3,2,3,9,True,1,False,3.625,2,0,2,0,0.82428688
Design Review,Low,Junior,C++,Medium,7,3,2,14,7,14,True,3,False,4.16666667,1,1,0,1,2.775045
Design Review,Low,Junior,Python,Critical,3,3,2,6,1,17,False,2,True,4.16666667,1,1,0,1,1.25139621
Refactoring,Medium,Tech Lead,Other,Medium,2,4,2,4,5,16,False,0,False,4.5625,1,1,1,1,0.8823375
Feature Dev,Medium,Mid,Java,High,8,5,0,16,9,12,True,0,False,2.75,4,0,0,1,2.76507
Documentation,High,Senior,Other,Low,9,2,0,18,10,18,False,2,False,3.625,1,0,1,0,4.25452913
Documentation,Low,Mid,Python,Medium,5,3,1,10,1,10,False,1,False,1.5,3,0,0,0,2.10125
Bug Fix,High,Junior,C++,Critical,5,2,1,10,10,10,False,1,False,3.625,1,0,1,0,1.93164891
Deployment,Medium,Mid,JavaScript,Medium,1,4,3,2,3,10,False,1,False,3.4375,1,2,1,0,0.85526719
Design Review,High,Tech Lead,Python,Medium,11,3,0,22,1,17,False,2,False,4.91666667,0,1,2,0,4.22334167
Refactoring,High,Mid,JavaScript,Low,5,4,2,10,9,17,False,0,False,3.0,2,1,1,0,2.63549
Code Review,Medium,Senior,Python,Low,7,2,0,14,2,9,False,1,True,4.5,0,1,1,0,2.97826375
Bug Fix,Low,Tech Lead,Other,High,1,2,2,2,4,18,True,1,False,2.375,1,1,0,0,0.70473375
Bug Fix,High,Mid,Python,Critical,9,5,2,18,8,17,True,0,True,4.8,1,1,2,1,3.33635564
Documentation,Low,Senior,Go,High,7,3,3,14,10,15,False,2,False,2.08333333,2,1,0,0,2.8411125
Bug Fix,Low,Mid,Python,Critical,2,4,3,4,6,18,False,2,True,2.375,2,2,0,0,1.25693219
Bug Fix,Medium,Junior,Go,High,5,3,3,10,5,10,False,3,False,5.0,1,0,1,1,1.93545
Design Review,High,Junior,Other,Critical,6,4,2,12,1,15,False,3,True,2.8125,1,3,0,0,3.0139725
Testing,Medium,Tech Lead,Java,Low,13,2,1,26,2,18,False,2,False,1.5,2,0,0,0,6.257625
Code Review,High,Tech Lead,Go,Medium,7,5,3,14,6,14,False,1,False,2.55,2,3,0,0,3.666325
Design Review,High,Mid,Go,Low,1,4,2,2,4,16,False,3,False,3.0,2,1,1,0,1.074469
Design Review,Medium,Junior,C++,Critical,4,3,2,8,4,16,True,3,False,3.5,1,1,1,0,1.76175038
Design Review,Medium,Mid,Go,Low,6,4,2,12,7,15,False,0,False,3.5,2,1,0,1,2.6098875
Deployment,Medium,Tech Lead,JavaScript,Critical,9,5,0,18,10,17,False,2,False,3.2,3,0,2,0,2.854028
Deployment,Medium,Senior,JavaScript,High,11,5,2,22,10,16,True,0,False,3.55,2,1,2,0,3.85144673
Code Review,High,Senior,JavaScript,High,13,3,3,26,6,10,True,1,True,4.16666667,1,1,0,1,5.74994661
Design Review,Medium,Tech Lead,Go,Critical,10,5,2,20,1,14,False,0,False,2.9,1,4,0,0,3.490525
Client Meeting,High,Mid,Python,Medium,13,2,2,26,10,13,True,2,False,3.625,1,0,1,0,6.06363975
Client Meeting,Medium,Senior,Python,High,2,5,2,4,3,14,True,3,False,2.55,2,3,0,0,1.2866175
Refactoring,Medium,Mid,JavaScript,High,6,2,0,12,7,13,True,1,True,4.5,0,1,1,0,2.20568906
Design Review,Medium,Senior,Java,High,7,5,2,14,2,17,False,2,False,2.7,3,1,1,0,2.7800685
Design Review,Medium,Mid,Go,High,2,3,0,4,1,16,True,2,False,4.16666667,1,1,0,1,0.80049375
Refactoring,High,Senior,Java,Critical,9,4,2,18,10,11,False,0,False,3.4375,1,2,1,0,3.39766144
Refactoring,Medium,Junior,Go,High,13,2,2,26,7,10,False,2,False,2.375,1,1,0,0,5.0338125
Refactoring,Low,Mid,Other,High,5,2,1,10,8,12,True,3,False,2.375,1,1,0,0,2.08638281
Refactoring,Medium,Junior,Other,High,7,4,1,14,9,17,False,2,True,2.375,2,2,0,0,3.06002813
Documentation,Low,Junior,JavaScript,Low,10,2,2,20,5,16,False,1,False,2.375,1,1,0,0,4.3175
Testing,High,Mid,Java,High,5,4,2,10,5,9,False,2,True,4.0625,1,1,2,0,2.33696925
Testing,Low,Tech Lead,Go,Low,7,2,3,14,1,15,False,3,False,1.5,2,0,0,0,3.686925
Code Review,Medium,Junior,Java,High,6,4,2,12,7,16,True,1,True,3.4375,1,2,1,0,2.62035861
Feature Dev,Low,Tech Lead,Go,Critical,13,3,2,26,9,12,True,3,False,4.75,0,2,0,1,3.86122275
Bug Fix,Low,Mid,Java,Medium,2,2,3,4,1,18,True,2,False,1.5,2,0,0,0,1.4744625
Feature Dev,Medium,Mid,Python,Medium,7,5,3,14,9,16,False,2,False,3.9,1,2,2,0,2.934915
Testing,Low,Tech Lead,Go,High,10,4,1,20,2,15,False,2,False,3.5,2,1,0,1,3.12395625
Design Review,Medium,Tech Lead,Java,Low,3,5,1,6,8,18,False,3,True,3.55,2,1,2,0,1.73126498
Code Review,Medium,Junior,JavaScript,Medium,1,2,2,2,5,14,False,0,False,2.375,1,1,0,0,0.686875
Design Review,High,Mid,Other,Low,1,2,1,2,5,15,True,3,False,4.5,0,1,1,0,0.89207869
Client Meeting,Low,Mid,Python,Critical,1,5,3,2,10,17,True,3,True,2.55,2,3,0,0,1.05977458
Testing,Medium,Senior,Java,High,6,4,3,12,9,10,False,3,False,3.4375,1,2,1,0,2.55229734
Bug Fix,Medium,Senior,C++,High,3,3,3,6,10,9,True,3,False,4.08333333,0,2,1,0,1.60127297
Design Review,Low,Tech Lead,Go,Low,5,4,3,10,3,15,False,1,False,1.9375,3,1,0,0,2.59307813
Design Review,Medium,Mid,C++,Medium,3,5,1,6,10,14,True,3,False,3.8,1,3,0,1,1.49774625
Documentation,High,Junior,Other,High,1,2,0,2,1,13,False,2,False,3.25,0,2,0,0,0.556875
Code Review,High,Tech Lead,Other,High,11,3,3,22,9,15,True,1,False,4.08333333,0,2,1,0,4.60673916
Design Review,High,Junior,Go,Low,8,5,2,16,8,10,False,3,False,3.9,1,2,2,0,4.0050956
Bug Fix,Low,Mid,Python,High,2,3,2,4,3,11,False,3,False,4.16666667,1,1,0,1,1.006335
Deployment,High,Senior,Go,Critical,4,3,3,8,1,11,True,0,False,2.08333333,2,1,0,0,2.03530906
Feature Dev,Medium,Tech Lead,Java,Medium,9,4,3,18,5,12,False,2,False,3.4375,1,2,1,0,3.82619531
Documentation,Medium,Senior,Go,High,6,5,0,12,3,12,False,3,False,1.85,4,1,0,0,2.448225
Testing,High,Senior,JavaScript,Critical,2,3,1,4,7,14,True,3,False,2.66666667,1,2,0,0,1.1819675
Code Review,Medium,Senior,Java,Low,9,3,1,18,3,11,False,2,True,2.66666667,1,2,0,0,4.62018333
Bug Fix,Medium,Junior,Other,High,2,2,0,4,7,14,True,1,False,2.375,1,1,0,0,0.83455313
Design Review,Low,Mid,Other,Low,13,2,2,26,7,11,True,1,False,3.25,0,2,0,0,5.5006875
Client Meeting,High,Mid,JavaScript,Low,9,2,1,18,3,16,False,0,False,1.5,2,0,0,0,4.836975
Documentation,High,Senior,Go,Low,1,4,3,2,10,12,True,0,False,4.0625,1,1,2,0,0.88610084
Client Meeting,High,Junior,JavaScript,Low,8,3,1,16,8,12,False,3,False,2.91666667,2,0,1,0,4.20473579
Bug Fix,High,Senior,JavaScript,Medium,12,2,3,24,2,9,False,3,True,3.625,1,0,1,0,6.14652019
Bug Fix,Low,Tech Lead,Other,Critical,12,5,0,24,2,17,False,1,False,1.85,4,1,0,0,3.7851775
Feature Dev,High,Junior,Go,High,12,2,1,24,2,15,False,3,False,4.5,0,1,1,0,4.56033375
Feature Dev,Medium,Tech Lead,C++,Low,6,5,0,12,4,14,False,3,False,4.25,0,3,2,0,2.4777225
Refactoring,Medium,Mid,Other,Critical,4,3,1,8,10,16,True,0,False,2.66666667,1,2,0,0,1.5098125
Client Meeting,High,Junior,JavaScript,High,11,5,1,22,7,18,False,0,True,4.3,1,2,1,1,4.19956218
Code Review,High,Mid,Java,Low,7,2,3,14,1,16,True,2,False,2.375,1,1,0,0,4.38604031
Bug Fix,Medium,Senior,Go,High,8,3,3,16,4,12,True,2,True,1.5,3,0,0,0,4.10212688
Design Review,Medium,Senior,C++,Critical,3,4,2,6,3,11,True,3,True,3.4375,1,2,1,0,1.59093201
Feature Dev,Medium,Senior,C++,High,2,5,0,4,9,9,True,2,False,2.7,3,1,1,0,0.88456725
Deployment,High,Tech Lead,C++,Low,9,2,0,18,5,9,True,2,True,2.375,1,1,0,0,5.41058306
Testing,High,Senior,JavaScript,Critical,11,5,1,22,6,13,True,2,True,3.4,1,3,1,0,4.79129441
Testing,Medium,Junior,JavaScript,High,8,4,2,16,8,17,False,3,False,1.9375,3,1,0,0,3.4306875
Documentation,High,Senior,Python,Low,3,3,2,6,6,9,False,3,True,2.66666667,1,2,0,0,2.31594
Refactoring,Medium,Tech Lead,Other,Critical,6,2,2,12,6,10,False,1,False,1.5,2,0,0,0,2.4395
Code Review,Medium,Junior,Java,Low,8,3,3,16,10,13,False,3,False,2.91666667,2,0,1,0,4.02147854
Testing,Medium,Tech Lead,Java,Medium,9,2,0,18,5,15,False,3,True,3.625,1,0,1,0,3.82319438
Deployment,High,Senior,Python,High,2,3,2,4,3,12,False,2,False,2.66666667,1,2,0,0,1.2354
Deployment,Medium,Junior,Java,Medium,1,4,2,2,9,17,False,3,True,2.375,2,2,0,0,1.079375
Code Review,Medium,Tech Lead,Python,High,1,5,3,2,4,17,False,0,False,4.3,1,2,1,1,0.622863
Deployment,Low,Senior,JavaScript,Medium,12,3,1,24,3,9,False,3,True,4.75,0,2,0,1,4.29926063
Testing,Medium,Tech Lead,C++,Medium,4,5,1,8,5,11,True,2,False,3.95,2,1,1,1,1.70003925
Code Review,Low,Tech Lead,Java,Medium,4,3,2,8,1,17,False,0,True,2.66666667,1,2,0,0,1.8502
Deployment,Medium,Junior,Python,High,5,4,2,10,3,16,False,1,False,4.5625,1,1,1,1,1.73259
Design Review,High,Mid,JavaScript,Low,7,4,3,14,5,13,False,3,False,4.5,0,2,2,0,3.5918575
Code Review,High,Junior,Java,Medium,2,4,0,4,9,15,True,0,False,3.875,0,3,1,0,0.84917438
Client Meeting,Medium,Senior,Python,High,1,5,0,2,9,16,False,3,False,3.95,2,1,1,1,0.523089
Documentation,High,Junior,Go,Critical,6,2,3,12,5,18,True,1,False,2.375,1,1,0,0,2.89878422
Documentation,Medium,Senior,Java,Critical,7,5,1,14,4,10,False,2,False,3.9,1,2,2,0,2.27774925
Refactoring,High,Mid,Go,Low,7,3,0,14,2,9,False,3,True,3.5,1,1,1,0,3.8215672
Code Review,Medium,Tech Lead,Python,High,13,3,2,26,9,12,False,3,True,4.33333333,1,0,2,0,4.767774
Testing,Medium,Tech Lead,Go,Low,2,3,0,4,3,14,False,1,True,2.66666667,1,2,0,0,1.0527
Refactoring,Medium,Mid,C++,Medium,2,5,3,4,9,13,False,0,False,5.15,0,2,2,1,0.945625
Bug Fix,Medium,Senior,C++,High,1,5,0,2,1,12,False,1,False,3.55,2,1,2,0,0.5
Code Review,Medium,Junior,Other,High,8,5,1,16,3,11,False,0,True,4.3,1,2,1,1,2.7002943
Feature Dev,Medium,Junior,C++,Low,1,4,2,2,6,10,False,3,False,2.8125,1,3,0,0,1.0553125
Design Review,Medium,Mid,Python,Low,5,3,2,10,5,11,True,2,False,3.58333333,2,0,0,1,2.52596094
Deployment,Medium,Mid,Python,Medium,12,2,0,24,8,11,True,0,False,1.5,2,0,0,0,5.166
Refactoring,Medium,Senior,Go,Low,11,5,0,22,8,18,False,2,True,3.1,3,1,0,1,4.9968765
Design Review,Medium,Tech Lead,Other,Critical,8,4,3,16,9,15,True,2,False,2.8125,1,3,0,0,3.29653242
Deployment,Low,Mid,Go,Critical,7,5,0,14,10,11,False,3,False,2.2,3,2,0,0,2.37303
Refactoring,High,Mid,Java,High,13,5,2,26,2,16,False,1,True,3.75,0,4,1,0,5.59062652
Feature Dev,Medium,Senior,Other,Medium,13,5,2,26,8,12,True,0,True,3.9,1,2,2,0,5.40407175
Testing,Medium,Senior,Python,Medium,8,2,0,16,3,11,True,2,True,2.375,1,1,0,0,3.85336875
Bug Fix,Medium,Junior,Go,Medium,4,2,1,8,4,16,False,3,True,1.5,2,0,0,0,2.311375
Client Meeting,Low,Senior,Python,High,2,5,0,4,6,10,False,1,False,2.55,2,3,0,0,0.717705
Design Review,High,Senior,Go,Low,8,5,3,16,1,10,False,0,True,4.8,1,1,2,1,3.82493342
Client Meeting,High,Senior,JavaScript,High,7,4,1,14,9,11,True,1,False,4.125,2,0,1,1,2.69628109
Testing,Low,Mid,Java,Critical,1,3,0,2,4,10,False,3,False,2.08333333,2,1,0,0,0.5586625
Refactoring,Medium,Senior,JavaScript,Low,12,2,0,24,7,13,False,0,True,2.375,1,1,0,0,5.6991
Testing,Low,Tech Lead,C++,High,13,5,2,26,10,17,False,3,True,1.5,5,0,0,0,5.35788
Documentation,High,Junior,Java,Medium,3,5,1,6,6,18,True,3,False,2.55,2,3,0,0,1.86865875
Documentation,Low,Tech Lead,Java,Medium,1,2,3,2,9,9,False,1,False,2.375,1,1,0,0,0.8929375
Feature Dev,High,Mid,JavaScript,Critical,3,3,2,6,7,12,True,0,False,3.25,0,3,0,0,1.4056875
Bug Fix,High,Senior,Other,Low,13,3,1,26,4,10,True,1,False,2.91666667,2,0,1,0,6.65987389
Documentation,Medium,Senior,C++,Medium,2,2,1,4,1,14,False,2,False,2.375,1,1,0,0,1.1284375
Client Meeting,Medium,Mid,JavaScript,Critical,5,4,0,10,9,10,False,1,False,3.0,2,1,1,0,1.6448775
Refactoring,High,Tech Lead,Java,Medium,3,2,3,6,8,11,False,2,False,2.375,1,1,0,0,1.9919375
Code Review,Low,Mid,C++,Low,1,4,3,2,1,14,True,0,False,1.5,4,0,0,0,0.95893875
Code Review,High,Tech Lead,Go,Critical,9,3,1,18,2,13,False,0,False,4.16666667,1,1,0,1,3.08888937
Design Review,Medium,Mid,C++,Medium,5,2,3,10,6,10,True,1,False,5.75,0,0,2,0,2.1393225
Bug Fix,Medium,Junior,C++,Low,2,3,3,4,2,15,True,0,False,4.91666667,0,1,2,0,1.15921094
Bug Fix,High,Mid,Other,Critical,13,2,1,26,8,13,True,0,True,3.25,0,2,0,0,5.64199453
Documentation,High,Senior,Python,High,6,3,1,12,2,14,False,3,False,4.16666667,1,1,0,1,2.44722375
Bug Fix,Medium,Junior,Python,Medium,13,4,0,26,7,13,False,0,False,2.375,2,2,0,0,5.1025
Design Review,Low,Mid,Java,Critical,8,2,3,16,1,15,True,1,True,3.25,0,2,0,0,3.15693984
Refactoring,High,Tech Lead,C++,Medium,3,2,1,6,6,12,True,2,False,1.5,2,0,0,0,1.8619125
Code Review,Medium,Tech Lead,JavaScript,Critical,9,3,3,18,10,18,True,2,False,2.66666667,1,2,0,0,3.6666875
Code Review,Low,Junior,JavaScript,Medium,4,3,3,8,9,18,True,2,True,2.66666667,1,2,0,0,2.333485
Bug Fix,Medium,Junior,Java,Medium,7,3,0,14,10,10,False,3,False,2.08333333,2,1,0,0,3.08708333
Client Meeting,Medium,Mid,Go,High,10,5,2,20,7,13,True,1,False,2.9,1,4,0,0,3.97089
Design Review,Medium,Junior,Java,High,6,4,2,12,6,12,True,1,False,4.5625,1,1,1,1,2.12242275
Design Review,High,Junior,Java,Critical,1,4,3,2,5,11,True,2,True,3.5,2,1,0,1,0.95761122
Client Meeting,Low,Mid,C++,Critical,1,2,2,2,9,16,False,0,True,2.375,1,1,0,0,0.60552938
Client Meeting,Medium,Mid,Python,Low,2,3,3,4,5,14,False,0,False,4.16666667,1,1,0,1,1.16473958
Documentation,Medium,Tech Lead,Python,Critical,2,2,0,4,4,14,True,1,False,2.375,1,1,0,0,0.78818906
Code Review,High,Senior,Python,Low,3,2,0,6,7,17,True,2,True,2.375,1,1,0,0,1.96975144
Refactoring,Medium,Mid,Other,Medium,4,4,3,8,7,12,False,1,True,4.5625,1,1,1,1,1.89702563
Design Review,Low,Tech Lead,JavaScript,Critical,11,4,2,22,5,14,False,0,False,1.5,4,0,0,0,3.711525
Design Review,Low,Senior,Python,High,13,2,1,26,9,9,False,3,False,3.25,0,2,0,0,4.3284375
Feature Dev,Medium,Junior,C++,Low,7,4,1,14,10,12,False,1,False,3.625,2,0,2,0,2.89746188
Feature Dev,High,Mid,Other,Medium,5,4,0,10,8,11,False,3,False,4.0625,1,1,2,0,2.1919625
Testing,High,Mid,Java,Low,13,5,1,26,1,13,False,1,False,4.8,1,1,2,1,5.2452862
Documentation,High,Senior,Java,Medium,11,5,3,22,7,11,False,0,False,3.55,2,1,2,0,4.7779965
Client Meeting,Medium,Junior,Go,Critical,9,2,3,18,5,11,True,1,False,4.5,0,1,1,0,3.14366391
Feature Dev,High,Mid,Other,Critical,2,5,2,4,9,10,False,3,True,4.25,0,3,2,0,1.1856361
Code Review,Low,Junior,C++,High,6,5,3,12,3,17,False,1,True,3.45,2,2,0,1,2.36397026
Design Review,High,Junior,Python,Critical,8,4,2,16,9,14,True,0,False,3.9375,1,2,0,1,3.0476337
Testing,Medium,Mid,Go,Medium,4,5,3,8,1,11,False,3,True,2.7,3,1,1,0,2.41968925
Refactoring,High,Junior,Java,Medium,12,5,0,24,7,9,False,2,False,3.4,1,3,1,0,5.160012
Design Review,High,Tech Lead,C++,Medium,4,4,3,8,4,15,True,2,False,4.5,0,2,2,0,2.15042625
Documentation,Low,Mid,Other,Medium,9,4,3,18,9,18,False,1,False,3.5,2,1,0,1,3.3304625
Bug Fix,High,Mid,Other,Low,10,4,1,20,9,10,True,1,True,3.9375,1,2,0,1,5.28673909
Design Review,Medium,Tech Lead,JavaScript,Medium,3,4,2,6,6,12,True,0,False,3.0,2,1,1,0,1.4513625
Bug Fix,Low,Mid,Other,Medium,3,2,1,6,10,11,False,0,True,2.375,1,1,0,0,1.32763125
Bug Fix,Medium,Mid,Go,High,2,5,1,4,1,13,False,2,False,1.85,4,1,0,0,1.0427625
Refactoring,High,Mid,C++,High,10,4,0,20,5,18,False,3,False,2.8125,1,3,0,0,4.23084375
Bug Fix,Medium,Tech Lead,Java,Critical,10,3,2,20,9,18,False,1,False,1.5,3,0,0,0,3.8335
Design Review,High,Tech Lead,C++,Critical,9,4,1,18,6,16,True,3,False,2.375,2,2,0,0,4.01976422
Bug Fix,Low,Tech Lead,Java,Critical,11,5,2,22,1,13,True,0,False,3.45,2,2,0,1,3.35008131
Documentation,High,Mid,Java,Critical,2,3,2,4,6,9,False,3,True,2.66666667,1,2,0,0,1.37382667
Refactoring,Medium,Mid,Go,High,8,2,1,16,10,12,False,2,False,2.375,1,1,0,0,3.13509375
Feature Dev,Medium,Junior,Python,Critical,8,5,2,16,5,9,False,0,True,3.2,3,0,2,0,2.891581
Deployment,Medium,Mid,Java,Medium,3,5,0,6,3,12,False,3,False,3.6,3,0,1,1,1.2696
Bug Fix,High,Tech Lead,Go,Medium,13,3,0,26,7,9,False,2,False,4.75,0,2,0,1,5.0637375
Code Review,Medium,Tech Lead,JavaScript,Medium,8,2,1,16,1,18,True,0,False,3.625,1,0,1,0,3.13475203
Refactoring,Low,Senior,C++,Low,1,5,0,2,4,15,False,2,True,3.1,3,1,0,1,0.6083154
Documentation,Medium,Junior,JavaScript,Medium,6,2,2,12,7,14,True,2,False,3.625,1,0,1,0,2.71366594
Testing,Medium,Mid,Go,Medium,4,3,2,8,7,11,True,2,False,2.91666667,2,0,1,0,2.04081937
Deployment,High,Junior,C++,High,4,2,3,8,9,14,True,0,True,4.5,0,1,1,0,2.02041118
Bug Fix,Medium,Senior,C++,Low,6,5,1,12,6,12,False,1,True,3.6,3,0,1,1,2.7139816
Deployment,High,Senior,Other,Medium,10,4,1,20,9,10,False,3,False,2.8125,1,3,0,0,4.84484375
Code Review,Medium,Junior,Java,Low,11,2,2,22,7,14,False,1,False,1.5,2,0,0,0,5.412
Client Meeting,High,Junior,Python,Critical,8,3,3,16,3,17,False,0,False,3.58333333,2,0,0,1,3.07095615
Refactoring,Low,Tech Lead,Go,High,4,3,0,8,3,15,False,1,False,2.08333333,2,1,0,0,1.380225
Client Meeting,High,Tech Lead,Python,Low,13,4,3,26,4,9,True,0,True,4.5625,1,1,1,1,6.55281179
Refactoring,Low,Junior,C++,Low,4,5,3,8,6,10,False,1,True,3.8,1,3,0,1,2.08162955
Testing,Low,Tech Lead,JavaScript,Medium,9,4,2,18,5,9,False,0,False,1.9375,3,1,0,0,3.5510625
Bug Fix,Medium,Senior,JavaScript,High,2,5,0,4,10,16,True,2,True,2.7,3,1,1,0,0.97302398
Documentation,High,Tech Lead,Go,Critical,1,4,2,2,10,18,True,1,False,3.4375,1,2,1,0,0.69101087
Documentation,Low,Senior,Other,Medium,1,3,0,2,9,15,False,0,True,1.5,3,0,0,0,0.5
Bug Fix,Medium,Tech Lead,Go,Low,10,3,0,20,8,13,False,1,True,2.08333333,2,1,0,0,4.94032917
Refactoring,Low,Mid,Python,Critical,10,4,0,20,6,9,True,1,False,1.9375,3,1,0,0,3.31256953
Feature Dev,High,Mid,C++,Medium,3,3,3,6,4,16,True,1,False,2.91666667,2,0,1,0,1.87561019
Testing,High,Junior,Python,Low,13,2,3,26,8,13,True,3,True,2.375,1,1,0,0,8.0
Deployment,Low,Junior,Other,Low,2,2,0,4,5,18,False,1,False,3.25,0,2,0,0,0.845625
Code Review,Medium,Senior,Go,Low,10,3,1,20,6,18,True,3,False,4.08333333,0,2,1,0,4.46622859
Bug Fix,Low,Senior,Python,Medium,6,2,3,12,1,17,False,2,False,1.5,2,0,0,0,2.88025
Testing,Medium,Tech Lead,JavaScript,High,11,2,1,22,10,9,True,3,False,2.375,1,1,0,0,4.49731406
Client Meeting,Medium,Senior,JavaScript,Medium,9,3,2,18,3,9,True,3,False,4.16666667,1,1,0,1,3.7356375
Testing,Medium,Tech Lead,Python,High,7,2,3,14,6,16,False,0,False,4.5,0,1,1,0,2.48259375
Testing,Medium,Junior,Other,Low,5,4,2,10,4,13,False,3,False,1.9375,3,1,0,0,2.8689375
Refactoring,Medium,Tech Lead,Other,Critical,6,3,0,12,7,18,False,3,True,4.16666667,1,1,0,1,2.13846187
Feature Dev,Medium,Tech Lead,Python,High,9,2,0,18,2,9,False,3,False,3.25,0,2,0,0,3.290625
Documentation,Low,Tech Lead,Python,High,6,5,0,12,2,17,False,1,False,2.2,3,2,0,0,2.01366
Bug Fix,High,Mid,Go,Medium,13,3,3,26,3,15,False,3,False,3.5,1,1,1,0,6.0384925
Testing,Low,Mid,Python,Critical,5,2,0,10,3,15,False,3,True,1.5,2,0,0,0,2.0125875
Design Review,Medium,Senior,Java,Critical,1,4,3,2,7,10,True,0,False,3.4375,1,2,1,0,0.68297586
Bug Fix,Low,Mid,Other,Low,12,3,2,24,1,10,True,3,False,1.5,3,0,0,0,5.824665
Refactoring,High,Tech Lead,C++,Low,9,3,1,18,5,12,False,3,False,2.91666667,2,0,1,0,4.67305987
Refactoring,Medium,Senior,Python,Low,12,3,2,24,1,11,False,3,False,5.0,1,0,1,1,4.64508
Refactoring,High,Tech Lead,Python,Critical,11,2,0,22,2,18,True,1,False,3.25,0,2,0,0,4.31746875
Code Review,Medium,Mid,Go,High,9,4,0,18,10,12,False,3,True,4.5625,1,1,1,1,3.09700463
Bug Fix,Medium,Junior,Python,Critical,5,4,3,10,9,11,False,1,False,3.9375,1,2,0,1,1.85964727
Design Review,High,Senior,Other,Medium,13,3,2,26,7,14,False,2,False,2.66666667,1,2,0,0,6.264
Documentation,Low,Junior,C++,Low,8,2,2,16,6,18,False,3,False,3.25,0,2,0,0,3.58875
Deployment,High,Tech Lead,Other,Low,9,4,1,18,3,15,False,0,False,4.5,0,2,2,0,3.8813775
Code Review,High,Junior,Go,Low,2,2,1,4,5,15,False,0,False,3.625,1,0,1,0,1.04892769
Code Review,High,Tech Lead,Python,Low,12,3,3,24,8,9,True,1,False,2.66666667,1,2,0,0,6.777155
Feature Dev,High,Senior,Java,Critical,10,2,3,20,8,14,True,2,False,1.5,2,0,0,0,4.80276563
Design Review,High,Junior,Python,High,13,3,0,26,7,16,False,0,False,2.66666667,1,2,0,0,5.2026
Feature Dev,Medium,Junior,Java,High,6,3,3,12,6,16,False,2,False,2.66666667,1,2,0,0,2.6535
Client Meeting,High,Senior,C++,High,8,5,1,16,9,16,False,0,False,3.95,2,1,1,1,2.8620441
Design Review,High,Tech Lead,Python,High,7,2,0,14,5,11,False,0,False,5.75,0,0,2,0,2.315502
Testing,Low,Junior,Python,Medium,2,4,2,4,1,16,False,3,False,2.375,2,2,0,0,1.29525
Bug Fix,Low,Tech Lead,Other,Low,5,4,2,10,9,18,False,1,True,3.5,2,1,0,1,2.3392325
Code Review,Medium,Junior,C++,Critical,10,5,3,20,4,17,False,2,False,2.2,3,2,0,0,3.912975
Feature Dev,Low,Junior,C++,Critical,9,4,0,18,3,10,False,2,False,2.375,2,2,0,0,2.869175
Deployment,Low,Junior,C++,High,1,5,1,2,10,14,False,3,False,2.2,3,2,0,0,0.72171
Design Review,Medium,Tech Lead,Go,Low,1,3,0,2,1,10,True,1,False,3.58333333,2,0,0,1,0.50519219
Bug Fix,High,Tech Lead,C++,High,2,2,2,4,9,9,False,0,True,4.5,0,1,1,0,1.02512025
Client Meeting,High,Senior,C++,Medium,6,3,3,12,9,14,True,0,False,5.0,1,0,1,1,2.635731
Feature Dev,High,Mid,Go,Critical,3,3,1,6,8,18,True,0,False,4.33333333,1,0,2,0,1.13384093
Deployment,High,Mid,JavaScript,High,12,4,3,24,7,17,False,3,False,2.375,2,2,0,0,5.53719375
Design Review,High,Junior,Java,Low,8,3,3,16,9,9,False,0,False,2.66666667,1,2,0,0,4.39156667
Documentation,Medium,Tech Lead,Go,Low,3,2,1,6,2,14,True,1,False,4.5,0,1,1,0,1.42144406
Documentation,Low,Junior,Java,Critical,5,3,3,10,3,11,False,0,False,1.5,3,0,0,0,1.9603125
Refactoring,High,Mid,Other,High,10,5,3,20,10,16,False,0,False,3.05,2,2,1,0,4.17719588
Design Review,Medium,Mid,C++,Low,9,5,3,18,10,9,True,0,False,3.45,2,2,0,1,4.12168247
Documentation,Medium,Senior,Python,Medium,1,3,2,2,8,15,False,3,False,3.58333333,2,0,0,1,0.87479167
Testing,High,Mid,Go,Low,10,2,0,20,3,11,False,1,False,3.625,1,0,1,0,4.60743938
Testing,High,Junior,Other,Critical,9,4,2,18,10,11,True,0,True,3.4375,1,2,1,0,3.92429896
Code Review,High,Junior,JavaScript,High,5,3,3,10,10,13,True,2,True,4.08333333,0,2,1,0,2.66468245
Client Meeting,Low,Senior,JavaScript,Medium,7,2,3,14,4,14,False,2,False,2.375,1,1,0,0,3.1105625
Code Review,Medium,Tech Lead,Other,Medium,10,2,3,20,6,17,False,3,True,3.625,1,0,1,0,4.65645469
Client Meeting,High,Senior,Go,High,13,3,2,26,10,11,True,2,False,2.08333333,2,1,0,0,6.098085
Documentation,High,Junior,Other,Medium,1,4,3,2,9,13,False,1,False,2.8125,1,3,0,0,0.96896875
Client Meeting,High,Tech Lead,Python,Low,1,4,1,2,4,11,False,0,False,3.5,2,1,0,1,0.58964125
Documentation,High,Mid,JavaScript,Medium,7,3,0,14,4,17,True,2,False,2.08333333,2,1,0,0,3.5760375
Testing,Medium,Junior,C++,High,7,3,1,14,10,17,True,2,False,5.0,1,0,1,1,2.3278185
Client Meeting,Medium,Junior,C++,High,3,2,3,6,3,9,False,0,False,1.5,2,0,0,0,1.522125
Documentation,Medium,Mid,JavaScript,Medium,4,5,2,8,1,9,False,2,True,2.7,3,1,1,0,2.1622755
Documentation,High,Senior,C++,Low,11,4,1,22,3,10,True,2,False,3.875,0,3,1,0,5.49286598
Client Meeting,Medium,Tech Lead,C++,Medium,12,4,2,24,1,12,True,0,False,3.5,2,1,0,1,4.70570625
Testing,Low,Junior,Go,Critical,1,2,0,2,2,16,False,1,False,2.375,1,1,0,0,0.5
Documentation,High,Tech Lead,JavaScript,Critical,2,3,3,4,4,9,True,0,False,3.58333333,2,0,0,1,1.06962964
Code Review,High,Senior,JavaScript,Low,10,3,2,20,7,12,False,0,False,2.91666667,2,0,1,0,4.98866958
Deployment,Medium,Junior,C++,Medium,11,2,0,22,4,14,False,1,True,3.625,1,0,1,0,4.41137813
Feature Dev,High,Junior,Go,Low,2,4,3,4,7,18,False,0,False,3.0,2,1,1,0,1.3887005
Bug Fix,High,Mid,C++,High,4,3,2,8,10,14,True,1,False,2.91666667,2,0,1,0,1.9591866
Documentation,High,Junior,Java,Low,10,2,1,20,1,12,False,0,False,5.75,0,0,2,0,4.174775
Bug Fix,Medium,Junior,Python,Low,9,5,3,18,5,9,True,0,False,2.2,3,2,0,0,4.6309725
Deployment,Low,Senior,C++,Critical,7,2,0,14,5,14,False,2,True,2.375,1,1,0,0,2.495515
Code Review,Medium,Junior,JavaScript,Critical,8,5,2,16,2,15,False,3,True,3.4,1,3,1,0,3.2051613
Refactoring,Medium,Junior,Other,Medium,13,3,0,26,9,15,True,2,False,2.08333333,2,1,0,0,5.646375
Code Review,Medium,Junior,Java,Medium,1,4,2,2,4,18,True,1,False,1.5,4,0,0,0,0.861
Documentation,Medium,Senior,Python,Low,6,3,2,12,2,15,False,1,False,5.0,1,0,1,1,2.40856
Feature Dev,Low,Tech Lead,JavaScript,Medium,6,3,1,12,5,10,True,0,False,3.58333333,2,0,0,1,2.12180719
Deployment,High,Mid,C++,Critical,9,2,1,18,10,10,True,0,False,3.25,0,2,0,0,3.58952344
Bug Fix,Low,Tech Lead,JavaScript,High,8,4,3,16,6,11,False,0,False,2.375,2,2,0,0,2.94080625
Design Review,High,Mid,JavaScript,High,8,2,3,16,10,15,False,0,True,2.375,1,1,0,0,4.01203688
Bug Fix,Medium,Mid,Go,Critical,12,5,3,24,4,14,True,0,False,2.7,3,1,1,0,4.38597928
Deployment,High,Tech Lead,Go,Critical,5,2,2,10,3,18,False,2,False,3.25,0,2,0,0,2.23125
Documentation,High,Mid,Java,Low,5,5,1,10,5,15,True,1,True,3.9,1,2,2,0,2.75607659
Deployment,Medium,Mid,JavaScript,Low,1,3,2,2,8,12,False,3,True,1.5,3,0,0,0,1.24025
Testing,Low,Tech Lead,Java,Critical,3,4,0,6,4,11,False,2,False,3.9375,1,2,0,1,0.93347
Documentation,Medium,Tech Lead,Other,Medium,4,3,1,8,3,9,True,1,False,4.16666667,1,1,0,1,1.64545937
Testing,High,Mid,Other,Medium,13,4,2,26,9,16,True,0,False,3.25,0,4,0,0,6.181875
Refactoring,Medium,Mid,C++,Medium,6,2,1,12,3,16,False,1,False,3.625,1,0,1,0,2.36164688
Code Review,Medium,Junior,Other,Medium,12,2,1,24,4,16,False,1,True,2.375,1,1,0,0,5.45084375
Code Review,High,Mid,Python,Low,10,3,2,20,1,16,False,1,False,3.5,1,1,1,0,4.934875
Client Meeting,High,Senior,Python,High,12,4,3,24,4,14,True,1,False,4.0625,1,1,2,0,4.83593296
Refactoring,Medium,Tech Lead,JavaScript,Medium,1,2,1,2,5,14,False,3,False,3.625,1,0,1,0,0.75750938
Client Meeting,Low,Senior,Go,Low,5,3,0,10,9,17,False,0,False,2.08333333,2,1,0,0,1.97175
Refactoring,Low,Junior,Java,Medium,11,4,3,22,10,14,False,0,False,3.5,2,1,0,1,3.8752875
Code Review,Medium,Tech Lead,Java,Low,2,3,0,4,1,14,True,3,True,3.5,1,1,1,0,1.25395174
Documentation,Medium,Senior,Go,Low,8,2,2,16,1,11,False,1,False,1.5,2,0,0,0,4.059
Feature Dev,High,Junior,Go,Low,5,4,3,10,10,12,False,3,False,2.375,2,2,0,0,3.29209375
Testing,Medium,Junior,Other,Low,4,4,1,8,3,17,False,3,False,1.9375,3,1,0,0,2.26204687
Feature Dev,High,Junior,C++,Medium,2,3,1,4,6,18,False,2,False,4.16666667,1,1,0,1,1.07579583
Client Meeting,Medium,Mid,C++,Medium,12,2,0,24,6,17,False,1,False,1.5,2,0,0,0,5.0225
Bug Fix,High,Senior,Python,High,10,2,2,20,1,9,True,0,True,4.5,0,1,1,0,4.32315056
Client Meeting,High,Tech Lead,C++,Low,4,4,1,8,1,15,False,1,False,4.5,0,2,2,0,1.8909275
Deployment,Low,Tech Lead,Other,Medium,6,3,0,12,7,14,False,1,False,2.08333333,2,1,0,0,2.25058333
Testing,Medium,Mid,Java,Critical,13,5,0,26,5,13,False,3,False,2.2,3,2,0,0,4.62825
Code Review,High,Mid,Python,Critical,13,3,0,26,2,18,True,2,False,4.33333333,1,0,2,0,4.57982805
Code Review,Medium,Junior,C++,Medium,13,5,3,26,5,9,True,3,False,3.2,3,0,2,0,5.520291
Design Review,Low,Senior,Other,Low,9,2,0,18,10,13,False,2,False,2.375,1,1,0,0,3.71305
Testing,Low,Tech Lead,JavaScript,Low,8,2,3,16,5,9,False,1,False,1.5,2,0,0,0,3.867325
Design Review,Low,Junior,Other,Low,12,2,0,24,8,18,True,1,False,2.375,1,1,0,0,5.00937938
Code Review,Low,Senior,Python,Critical,11,2,3,22,9,12,False,3,False,1.5,2,0,0,0,4.1035875
Feature Dev,High,Mid,Python,Low,1,2,1,2,3,15,False,3,False,3.25,0,2,0,0,0.9384375
Bug Fix,Low,Senior,Other,Critical,12,2,1,24,9,9,False,3,False,2.375,1,1,0,0,3.97847813
Bug Fix,High,Mid,Other,Medium,7,4,0,14,8,14,True,2,False,3.0,2,1,1,0,3.3091065
Feature Dev,Medium,Senior,Python,High,1,4,3,2,6,16,False,2,False,4.5625,1,1,1,1,0.75800813
Documentation,High,Senior,C++,Low,12,2,3,24,1,17,True,0,False,3.625,1,0,1,0,6.14504973
Code Review,Medium,Junior,C++,Medium,10,3,0,20,4,11,False,2,False,2.91666667,2,0,1,0,3.887275
Design Review,Medium,Senior,JavaScript,High,4,2,3,8,4,9,True,0,False,2.375,1,1,0,0,1.90092656
Feature Dev,High,Senior,Other,Low,4,2,1,8,3,13,True,1,True,2.375,1,1,0,0,2.60555728
Deployment,Medium,Senior,C++,Low,1,2,3,2,2,14,True,0,False,3.625,1,0,1,0,0.87492333
Feature Dev,Low,Junior,Python,Low,1,5,2,2,10,9,False,1,False,2.2,3,2,0,0,0.82764
Bug Fix,Medium,Mid,Other,Medium,10,4,0,20,2,9,False,1,False,4.0625,1,1,2,0,3.45655625
Refactoring,High,Mid,Python,Critical,12,3,0,24,4,10,False,3,True,2.66666667,1,2,0,0,5.26031
Feature Dev,High,Junior,C++,Low,13,2,2,26,9,10,False,2,False,2.375,1,1,0,0,6.99435
Refactoring,Medium,Senior,Other,Medium,8,2,3,16,8,10,False,3,False,5.75,0,0,2,0,3.15605
Bug Fix,Low,Senior,C++,Medium,13,3,1,26,2,17,False,0,False,4.16666667,1,1,0,1,4.0914125
Deployment,High,Junior,Python,Critical,11,4,3,22,2,17,False,3,False,3.9375,1,2,0,1,4.23707867
Feature Dev,Medium,Mid,Python,High,5,4,1,10,1,14,False,1,True,2.5625,3,0,1,0,2.09990602
Design Review,High,Tech Lead,Java,Medium,7,4,0,14,9,9,False,0,False,2.375,2,2,0,0,3.159625
Deployment,Medium,Senior,Other,High,8,2,1,16,1,15,True,1,False,3.25,0,2,0,0,3.05648438
Deployment,High,Senior,Python,High,13,5,1,26,4,15,True,1,False,3.05,2,2,1,0,5.4109162
Deployment,High,Senior,Go,Critical,11,5,1,22,4,9,False,1,False,3.05,2,2,1,0,4.14824501
Deployment,Medium,Junior,Other,Medium,8,2,0,16,2,15,False,0,True,4.5,0,1,1,0,2.9876
Client Meeting,Medium,Tech Lead,Go,High,6,4,3,12,7,15,False,2,True,3.0625,3,0,0,1,2.71613461
Feature Dev,Medium,Tech Lead,JavaScript,Critical,5,3,0,10,6,13,True,3,False,4.16666667,1,1,0,1,1.73885031
Deployment,Medium,Senior,Go,Critical,9,3,3,18,7,11,False,1,False,3.5,1,1,1,0,3.16504937
Deployment,High,Mid,Python,Critical,4,3,0,8,8,18,True,2,False,3.58333333,2,0,0,1,1.59273319
Feature Dev,Medium,Senior,Go,Medium,9,2,0,18,3,11,True,0,True,1.5,2,0,0,0,4.26195
Documentation,Medium,Senior,Go,Medium,6,2,3,12,6,10,False,1,False,4.5,0,1,1,0,2.5038125
Code Review,Medium,Mid,JavaScript,Low,3,3,2,6,7,9,False,1,True,4.16666667,1,1,0,1,1.63995333
Bug Fix,Medium,Mid,C++,Critical,10,5,1,20,2,10,False,3,True,1.5,5,0,0,0,4.26476875
Design Review,High,Tech Lead,Python,Low,3,3,2,6,5,18,False,3,False,2.66666667,1,2,0,0,2.1054
Feature Dev,Medium,Senior,Java,Critical,11,5,1,22,2,17,False,1,False,2.35,4,0,1,0,3.76683131
Refactoring,Medium,Junior,C++,Low,13,3,2,26,8,10,False,1,False,3.5,1,1,1,0,5.52706
Client Meeting,Low,Senior,Python,High,2,5,2,4,7,15,False,1,False,3.1,3,1,0,1,0.904932
Documentation,Medium,Mid,C++,Low,7,4,2,14,6,17,False,3,False,2.375,2,2,0,0,3.669875
Design Review,Low,Mid,C++,Medium,11,4,1,22,1,13,False,3,False,1.9375,3,1,0,0,4.42378125
Feature Dev,High,Mid,Other,High,2,4,2,4,8,15,True,2,False,3.875,0,3,1,0,1.17961397
Bug Fix,Medium,Junior,Python,Low,6,3,3,12,2,11,False,2,False,1.5,3,0,0,0,3.438875
Feature Dev,High,Tech Lead,Python,High,3,3,3,6,1,15,False,1,False,2.08333333,2,1,0,0,1.7297625
Refactoring,Medium,Tech Lead,JavaScript,Critical,7,2,0,14,8,12,False,2,False,3.625,1,0,1,0,2.27252813
Design Review,Low,Mid,Python,High,10,5,3,20,7,17,False,0,True,2.2,3,2,0,0,3.969405
Documentation,Medium,Mid,Other,Critical,1,5,0,2,7,9,False,0,True,3.05,2,2,1,0,0.5
Design Review,High,Senior,Python,Low,8,3,0,16,5,13,True,1,False,3.5,1,1,1,0,3.91730378
Feature Dev,High,Tech Lead,Go,High,5,2,1,10,2,13,False,2,False,3.625,1,0,1,0,2.12548219
Deployment,Medium,Junior,Java,Critical,11,3,0,22,1,17,False,0,False,4.91666667,0,1,2,0,3.00290833
Refactoring,Medium,Mid,Other,Critical,8,3,3,16,2,17,True,3,False,1.5,3,0,0,0,3.61350938
Feature Dev,Medium,Senior,Python,Critical,8,4,0,16,4,9,False,3,False,3.9375,1,2,0,1,2.55245703
Design Review,Medium,Senior,Other,Low,1,5,3,2,7,17,False,1,False,3.8,1,3,0,1,0.9034025
Client Meeting,Medium,Junior,Go,Critical,13,3,2,26,8,15,False,1,True,4.08333333,0,2,1,0,4.54986583
Feature Dev,Medium,Tech Lead,JavaScript,Critical,5,5,0,10,8,14,False,3,False,4.3,1,2,1,1,1.591761
Design Review,High,Tech Lead,Python,High,6,2,1,12,4,14,False,1,False,4.5,0,1,1,0,2.29926375
Deployment,Medium,Mid,Java,Low,6,5,2,12,7,16,False,0,False,3.95,2,1,1,1,2.465991
Code Review,High,Junior,Go,Low,10,3,3,20,1,14,False,1,False,4.33333333,1,0,2,0,4.70383833
Bug Fix,Medium,Mid,Python,High,12,2,0,24,9,12,False,0,True,3.25,0,2,0,0,4.455
Deployment,High,Senior,Go,Low,13,4,2,26,7,16,False,0,True,4.5625,1,1,1,1,6.09518745
Documentation,Low,Tech Lead,Go,Low,9,3,3,18,1,12,True,2,True,4.75,0,2,0,1,4.049552
Design Review,Medium,Tech Lead,Go,Low,8,4,0,16,5,10,True,1,False,4.0625,1,1,2,0,3.21333272
Feature Dev,High,Senior,Go,Low,9,2,3,18,3,18,False,3,True,3.25,0,2,0,0,5.54709375
Refactoring,Low,Senior,Go,High,2,4,3,4,9,10,False,3,True,3.0625,3,0,0,1,1.30908783
Design Review,Medium,Junior,C++,Critical,13,5,2,26,1,9,True,0,True,3.2,3,0,2,0,4.77110865
Deployment,High,Junior,JavaScript,Low,11,2,3,22,8,17,False,3,False,1.5,2,0,0,0,6.550775
Documentation,Low,Tech Lead,Other,Medium,12,3,2,24,2,15,True,0,False,2.08333333,2,1,0,0,4.8307875
Documentation,High,Senior,Java,Medium,12,4,0,24,3,12,False,2,True,4.0625,1,1,2,0,5.30454925
Deployment,Medium,Junior,C++,Medium,6,2,1,12,2,17,True,2,False,4.5,0,1,1,0,2.45076563
Deployment,Medium,Mid,Other,Medium,5,5,1,10,6,13,True,2,False,3.45,2,2,0,1,2.17417594
Client Meeting,High,Mid,Java,Low,7,5,3,14,4,17,True,3,False,3.55,2,1,2,0,3.97618625
Feature Dev,Low,Tech Lead,C++,Critical,5,5,0,10,4,16,False,2,False,3.45,2,2,0,1,1.4979125
Code Review,Low,Mid,Java,High,3,3,2,6,4,12,False,2,False,2.66666667,1,2,0,0,1.3746
Code Review,High,Mid,C++,Critical,5,4,0,10,3,15,False,3,False,4.5625,1,1,1,1,1.77269625
Feature Dev,High,Tech Lead,C++,Medium,8,2,2,16,7,12,False,2,True,3.625,1,0,1,0,4.09768012
Documentation,Low,Senior,Go,Low,8,4,2,16,8,11,True,0,True,3.25,0,4,0,0,3.78767813
Design Review,High,Senior,C++,High,11,4,2,22,2,10,False,1,False,4.5625,1,1,1,1,3.94164225
Deployment,Medium,Junior,Java,High,4,5,3,8,8,9,False,0,False,2.2,3,2,0,0,1.82655
Code Review,Medium,Mid,Java,Critical,2,3,3,4,2,12,False,1,False,4.33333333,1,0,2,0,0.9528075
Refactoring,Medium,Tech Lead,C++,Low,9,5,3,18,9,13,True,3,False,3.9,1,2,2,0,4.27412947
Refactoring,High,Mid,JavaScript,Medium,8,3,2,16,10,14,True,3,False,4.16666667,1,1,0,1,3.8067925
Client Meeting,Medium,Mid,Other,Critical,3,3,0,6,10,18,False,2,False,1.5,3,0,0,0,1.21975
Deployment,Medium,Senior,JavaScript,Low,6,5,3,12,2,10,False,1,False,2.7,3,1,1,0,3.03748225
Design Review,High,Tech Lead,C++,High,6,5,2,12,5,16,False,2,False,3.05,2,2,1,0,2.69656605
Bug Fix,Medium,Senior,Java,High,11,2,2,22,7,13,False,1,True,1.5,2,0,0,0,4.8708
Design Review,Medium,Tech Lead,Go,Medium,4,3,0,8,6,15,False,0,True,4.33333333,1,0,2,0,1.46138667
Refactoring,High,Tech Lead,JavaScript,Low,6,3,3,12,7,9,True,3,False,2.08333333,2,1,0,0,4.03715813
Refactoring,High,Tech Lead,Other,Critical,4,4,2,8,1,13,True,0,False,3.5,2,1,0,1,1.67836856
Code Review,High,Mid,Java,High,8,3,1,16,2,14,True,3,False,2.08333333,2,1,0,0,3.88658813
Deployment,High,Tech Lead,Java,Critical,3,4,0,6,7,14,False,2,False,4.125,2,0,1,1,1.10428175
Client Meeting,High,Mid,Java,Medium,3,3,1,6,6,18,True,1,True,2.08333333,2,1,0,0,1.87480563
Client Meeting,High,Junior,Java,Medium,13,3,1,26,2,12,True,2,False,4.08333333,0,2,1,0,5.77553156
Documentation,Medium,Mid,Go,High,8,2,0,16,3,9,True,1,False,3.625,1,0,1,0,2.77916822
Design Review,Low,Tech Lead,C++,High,11,5,3,22,2,10,True,0,False,2.2,3,2,0,0,4.1257755
Bug Fix,High,Mid,C++,Medium,1,3,1,2,10,15,True,0,True,5.0,1,0,1,1,0.5509581
Design Review,High,Tech Lead,Go,Medium,10,2,1,20,3,10,False,1,False,3.625,1,0,1,0,4.32225938
Refactoring,High,Senior,Other,Low,12,2,0,24,9,15,True,0,False,5.75,0,0,2,0,5.0941044
Documentation,Medium,Tech Lead,Python,Medium,4,3,3,8,4,13,False,1,False,4.75,0,2,0,1,1.76165625
Client Meeting,Low,Tech Lead,Java,Critical,8,2,3,16,4,16,True,3,True,1.5,2,0,0,0,3.65284631
Deployment,High,Senior,Go,Critical,12,3,0,24,2,16,True,0,False,2.08333333,2,1,0,0,4.9060725
Code Review,High,Senior,Other,Low,2,2,3,4,8,15,False,2,False,2.375,1,1,0,0,1.69461875
Testing,High,Senior,JavaScript,Medium,4,4,0,8,4,18,True,1,False,3.875,0,3,1,0,1.79065031
Feature Dev,Medium,Senior,Go,Low,8,2,1,16,3,18,True,2,False,1.5,2,0,0,0,4.20275625
Feature Dev,Medium,Junior,Other,Medium,10,5,0,20,1,12,True,1,False,3.8,1,3,0,1,3.7216725
Refactoring,Medium,Tech Lead,JavaScript,Low,7,4,2,14,3,14,True,3,False,3.4375,1,2,1,0,3.53540447
Bug Fix,High,Senior,Java,High,10,5,0,20,5,11,False,1,False,3.05,2,2,1,0,3.88768725
Code Review,High,Tech Lead,JavaScript,Medium,9,3,1,18,2,16,False,3,False,3.5,1,1,1,0,4.1183775
Client Meeting,Low,Tech Lead,C++,Medium,4,5,1,8,7,11,False,2,False,1.85,4,1,0,0,1.803425
Testing,Medium,Mid,Other,Low,6,2,1,12,6,13,True,0,False,3.625,1,0,1,0,2.62476998
Feature Dev,High,Mid,JavaScript,Medium,8,2,0,16,6,13,False,2,True,3.625,1,0,1,0,3.80358825
Bug Fix,Medium,Tech Lead,JavaScript,Critical,11,3,0,22,2,11,False,1,False,2.08333333,2,1,0,0,3.8090625
Documentation,Medium,Senior,Java,Low,11,4,1,22,5,18,False,2,False,3.0,2,1,1,0,4.8148375
Bug Fix,High,Tech Lead,Java,Low,10,3,0,20,2,11,False,3,False,2.08333333,2,1,0,0,5.36754167
Feature Dev,High,Junior,JavaScript,Medium,13,4,0,26,8,15,False,3,True,2.8125,1,3,0,0,6.6273625
Client Meeting,Low,Junior,JavaScript,High,6,3,2,12,7,16,True,1,False,3.58333333,2,0,0,1,2.116296
Bug Fix,High,Senior,Java,High,8,3,1,16,1,15,False,0,True,2.91666667,2,0,1,0,3.50937634
Code Review,High,Junior,Other,Medium,1,2,0,2,1,18,True,1,False,3.625,1,0,1,0,0.52401825
Client Meeting,High,Junior,Other,High,1,3,3,2,2,10,False,2,False,3.5,1,1,1,0,0.89635275
Feature Dev,High,Mid,JavaScript,Low,13,5,2,26,6,9,True,3,True,3.05,2,2,1,0,7.6833659
Deployment,High,Tech Lead,Python,Medium,4,3,0,8,10,12,False,3,False,4.33333333,1,0,2,0,1.77691333
Feature Dev,High,Senior,Other,Medium,2,2,3,4,8,16,True,0,False,1.5,2,0,0,0,1.4744625
Client Meeting,Medium,Junior,Java,Low,6,4,3,12,8,9,False,0,False,3.0625,3,0,0,1,2.82003047
Testing,Medium,Junior,Python,Medium,4,3,3,8,9,9,True,1,False,4.16666667,1,1,0,1,1.91229062
Code Review,Medium,Junior,Python,High,13,2,1,26,2,14,True,3,False,3.625,1,0,1,0,4.75827286
Deployment,High,Tech Lead,C++,Critical,13,2,2,26,4,17,False,0,False,5.75,0,0,2,0,4.265062
Client Meeting,High,Senior,Python,Critical,11,3,3,22,3,15,False,2,False,4.08333333,0,2,1,0,4.21748927
Feature Dev,High,Tech Lead,Python,Low,4,4,0,8,9,9,False,3,True,5.1875,1,0,2,1,1.9588811
Code Review,Medium,Senior,Java,Medium,2,3,1,4,4,9,False,2,False,2.08333333,2,1,0,0,1.14520833
Design Review,Low,Tech Lead,Java,Low,7,2,3,14,10,11,True,3,False,1.5,2,0,0,0,3.87127125
Feature Dev,Medium,Mid,Go,High,10,3,3,20,1,18,True,0,False,4.75,0,2,0,1,3.44567672
Code Review,Low,Junior,Python,Low,7,4,1,14,10,16,False,3,False,4.375,0,3,0,1,2.73509156
Refactoring,Low,Senior,Java,Medium,13,2,2,26,3,11,True,2,True,2.375,1,1,0,0,5.87072063
Documentation,Low,Senior,Go,Medium,12,3,0,24,8,14,False,0,False,3.58333333,2,0,0,1,3.7791
Feature Dev,High,Mid,Other,Medium,12,5,1,24,4,18,False,3,True,4.65,0,3,1,1,5.2411227
Documentation,High,Mid,C++,High,2,3,3,4,10,9,True,3,False,2.66666667,1,2,0,0,1.525545
Bug Fix,Low,Tech Lead,Java,Low,6,4,1,12,7,15,False,2,False,3.9375,1,2,0,1,2.36885172
Feature Dev,Low,Mid,JavaScript,High,2,3,2,4,3,13,False,0,False,2.08333333,2,1,0,0,0.914175
Feature Dev,Low,Tech Lead,Python,High,3,3,3,6,10,16,True,1,False,4.75,0,2,0,1,1.26212428
Design Review,High,Tech Lead,Other,Medium,11,2,2,22,5,10,False,2,False,1.5,2,0,0,0,5.699
Deployment,Medium,Mid,Java,Low,5,5,1,10,5,17,True,2,False,3.05,2,2,1,0,2.49459932
Refactoring,Low,Senior,Java,Medium,13,3,2,26,1,18,True,0,False,3.58333333,2,0,0,1,4.57428563
Client Meeting,Medium,Senior,Java,Critical,2,3,3,4,4,9,True,0,False,2.66666667,1,2,0,0,1.0784375
Documentation,Medium,Senior,Other,Low,1,2,2,2,10,14,False,1,True,1.5,2,0,0,0,0.9922
Documentation,High,Mid,JavaScript,Low,3,2,3,6,6,9,False,2,False,4.5,0,1,1,0,1.89525875
Code Review,Low,Senior,Python,Low,3,2,1,6,2,14,False,0,True,2.375,1,1,0,0,1.46039438
Design Review,Medium,Mid,JavaScript,Medium,10,2,3,20,8,9,True,2,False,1.5,2,0,0,0,5.0045625
Code Review,Medium,Mid,Java,High,4,3,1,8,9,13,True,1,False,3.58333333,2,0,0,1,1.52935453
Client Meeting,High,Senior,Java,Medium,10,2,3,20,6,14,True,0,False,5.75,0,0,2,0,4.2366975
Client Meeting,Medium,Tech Lead,C++,Critical,11,4,0,22,1,15,False,0,False,2.8125,1,3,0,0,3.5880625
Testing,Low,Junior,Other,High,7,4,1,14,3,12,False,3,False,3.9375,1,2,0,1,2.29335047
Design Review,Low,Mid,C++,High,2,2,3,4,2,18,False,2,False,1.5,2,0,0,0,1.263825
Refactoring,Medium,Senior,C++,Low,6,5,2,12,1,18,False,1,False,3.95,2,1,1,1,2.557324
Design Review,Low,Tech Lead,C++,Medium,11,4,2,22,2,15,False,2,False,4.375,0,3,0,1,3.73385625
Code Review,Low,Senior,JavaScript,Medium,8,3,0,16,5,14,True,1,False,2.66666667,1,2,0,0,3.0247
Client Meeting,Medium,Mid,Other,Low,3,4,2,6,6,17,True,0,False,4.5625,1,1,1,1,1.38968156
Feature Dev,High,Mid,C++,Critical,11,4,3,22,7,15,True,0,False,4.5,0,2,2,0,4.04478769
Feature Dev,Medium,Junior,Python,Critical,12,5,1,24,4,16,False,3,False,3.4,1,3,1,0,4.02562125
Client Meeting,Medium,Tech Lead,Python,High,7,5,3,14,9,15,True,1,False,2.55,2,3,0,0,3.07869188
Deployment,Low,Tech Lead,Java,Medium,5,5,1,10,2,15,False,1,False,2.55,2,3,0,0,1.993625
Bug Fix,Low,Senior,Java,Medium,10,3,2,20,9,18,False,0,False,2.08333333,2,1,0,0,3.88375
Testing,Medium,Tech Lead,Go,Critical,11,2,2,22,10,14,False,0,False,1.5,2,0,0,0,4.094875
Testing,Medium,Mid,Other,Medium,5,3,1,10,4,9,False,1,False,3.5,1,1,1,0,2.0188125
Documentation,High,Senior,Other,Critical,5,4,3,10,3,15,False,1,False,2.8125,1,3,0,0,2.32408594
Testing,Medium,Tech Lead,C++,High,7,4,0,14,6,18,False,2,True,2.5625,3,0,1,0,2.79987469
Feature Dev,Medium,Tech Lead,Go,High,13,3,1,26,5,9,True,1,False,4.91666667,0,1,2,0,4.13522156
Client Meeting,High,Senior,Java,Critical,9,2,3,18,1,9,False,1,False,2.375,1,1,0,0,3.91175312
Code Review,High,Senior,Go,Low,7,2,1,14,4,18,False,1,False,4.5,0,1,1,0,3.23967875
Bug Fix,High,Junior,Go,Critical,13,2,1,26,2,16,False,0,False,2.375,1,1,0,0,5.11280312
Deployment,Medium,Mid,JavaScript,Critical,6,5,0,12,2,9,False,2,False,4.65,0,3,1,1,1.763801
Bug Fix,Low,Junior,Python,Low,13,3,2,26,5,15,True,0,False,3.25,0,3,0,0,5.39240625
Design Review,Medium,Tech Lead,Python,Low,6,3,0,12,9,17,False,1,False,2.66666667,1,2,0,0,2.65833333
Client Meeting,High,Mid,JavaScript,Critical,10,2,2,20,7,16,True,1,False,3.25,0,2,0,0,4.18359375
Design Review,Medium,Tech Lead,Python,Low,10,3,0,20,8,18,False,0,False,3.25,0,3,0,0,4.125
Code Review,High,Senior,Other,Critical,4,5,3,8,1,18,True,2,False,3.9,1,2,2,0,1.89053188
Bug Fix,Medium,Junior,Python,Low,2,5,0,4,2,10,True,0,True,3.05,2,2,1,0,0.93414783
Design Review,Low,Tech Lead,Java,High,6,4,2,12,8,15,False,3,False,1.9375,3,1,0,0,2.4917625
Feature Dev,Medium,Senior,JavaScript,Low,4,3,3,8,3,12,True,1,False,4.91666667,0,1,2,0,1.99384281
Bug Fix,Low,Junior,C++,Critical,5,2,2,10,4,10,True,0,False,1.5,2,0,0,0,1.92110625
Bug Fix,Low,Junior,Python,High,1,4,1,2,1,12,True,0,False,2.375,2,2,0,0,0.5
Feature Dev,Medium,Tech Lead,JavaScript,Medium,11,4,0,22,2,12,True,0,False,3.625,2,0,2,0,3.9899475
Feature Dev,Medium,Senior,Python,High,11,3,3,22,1,12,True,3,True,4.91666667,0,1,2,0,4.29835416
Deployment,High,Mid,JavaScript,Medium,4,3,2,8,8,12,False,3,False,2.08333333,2,1,0,0,2.42983333
Bug Fix,Medium,Senior,JavaScript,Critical,4,5,0,8,9,10,True,3,True,2.75,4,0,0,1,1.70560655
Client Meeting,Medium,Junior,Python,Medium,10,4,1,20,3,14,False,1,False,4.5625,1,1,1,1,3.40903125
Deployment,Low,Mid,Other,High,13,4,1,26,9,10,False,0,False,1.9375,3,1,0,0,4.36058438
Client Meeting,Medium,Junior,JavaScript,Critical,11,3,1,22,6,13,False,0,False,4.75,0,2,0,1,3.16893281
Code Review,High,Mid,Other,Medium,3,5,0,6,6,15,False,0,False,4.8,1,1,2,1,1.056252
Feature Dev,High,Mid,Java,Low,12,4,0,24,5,16,False,0,False,2.375,2,2,0,0,5.95815
Code Review,Medium,Tech Lead,Other,Low,3,4,0,6,1,12,True,1,True,1.9375,3,1,0,0,1.65681141
Client Meeting,Medium,Mid,JavaScript,High,12,2,1,24,4,18,True,0,False,3.625,1,0,1,0,4.16875233
Code Review,Medium,Tech Lead,Python,Low,8,2,3,16,1,13,False,1,True,4.5,0,1,1,0,3.85120313
Client Meeting,Medium,Tech Lead,Other,Critical,5,2,0,10,9,14,True,2,True,4.5,0,1,1,0,1.83317269
Refactoring,Medium,Tech Lead,JavaScript,High,10,4,3,20,2,17,False,3,True,3.625,2,0,2,0,4.06119656
Testing,Medium,Mid,Other,Critical,9,5,3,18,6,13,True,1,False,2.2,3,2,0,0,3.66683625
Design Review,Low,Senior,JavaScript,Low,13,3,2,26,5,13,True,2,True,3.58333333,2,0,0,1,5.75717017
Refactoring,High,Mid,Go,High,2,4,0,4,6,14,True,0,False,5.1875,1,0,2,1,0.6577011
Documentation,High,Senior,C++,Medium,13,5,1,26,9,18,False,2,False,2.9,1,4,0,0,6.04515
Design Review,Medium,Tech Lead,C++,High,2,3,0,4,5,18,False,1,False,2.91666667,2,0,1,0,0.74968875
Testing,High,Senior,Go,Critical,3,5,3,6,2,11,False,0,True,4.3,1,2,1,1,1.39313691
Client Meeting,Medium,Tech Lead,Java,High,5,3,1,10,5,16,True,3,False,2.91666667,2,0,1,0,2.14286034
Documentation,Medium,Mid,Go,Low,2,4,2,4,9,18,False,3,False,3.0,2,1,1,0,1.41911
Documentation,Medium,Tech Lead,C++,Low,7,3,3,14,1,12,False,3,False,4.16666667,1,1,0,1,3.30786042
Documentation,Medium,Senior,Other,High,6,3,0,12,3,11,False,0,False,3.5,1,1,1,0,1.93806
Feature Dev,High,Junior,Python,Critical,1,4,2,2,8,15,False,2,False,3.625,2,0,2,0,0.704718
Design Review,Low,Tech Lead,Java,Critical,8,4,0,16,8,14,False,3,False,2.375,2,2,0,0,2.65231875
Documentation,High,Tech Lead,Java,Medium,8,4,0,16,3,15,True,1,False,3.625,2,0,2,0,3.42772762
Documentation,Medium,Junior,C++,Low,11,5,3,22,9,10,False,2,False,3.6,3,0,1,1,4.701752
Design Review,Low,Junior,Python,High,12,3,2,24,4,15,False,3,False,4.16666667,1,1,0,1,3.750885
Refactoring,Medium,Junior,Other,Medium,6,4,0,12,10,16,False,2,False,4.125,2,0,1,1,2.13785
Deployment,Medium,Senior,C++,Medium,3,4,1,6,4,14,False,0,True,2.8125,1,3,0,0,1.42467188
Bug Fix,High,Tech Lead,Java,Critical,3,2,2,6,8,9,True,0,False,3.25,0,2,0,0,1.4056875
Testing,Medium,Senior,Go,Medium,11,3,1,22,3,9,True,1,True,3.5,1,1,1,0,4.81890544
Bug Fix,Low,Tech Lead,Go,Critical,10,5,2,20,5,16,True,3,False,3.45,2,2,0,1,3.30289706
Refactoring,High,Tech Lead,Go,Low,6,4,0,12,4,13,True,1,True,3.875,0,3,1,0,3.19418787
Testing,High,Tech Lead,Other,Critical,8,2,2,16,1,11,False,1,False,2.375,1,1,0,0,3.402975
Client Meeting,Medium,Senior,C++,Low,5,4,0,10,8,15,True,3,False,3.4375,1,2,1,0,2.39159714
Deployment,High,Junior,C++,Low,8,2,3,16,7,15,False,0,False,3.625,1,0,1,0,4.04866481
Feature Dev,High,Junior,Other,Critical,7,4,2,14,3,11,False,1,False,2.375,2,2,0,0,3.01930625
Design Review,Medium,Junior,Java,Low,6,2,1,12,2,12,False,2,False,3.25,0,2,0,0,2.8359375
Refactoring,Medium,Junior,Python,High,9,2,2,18,8,18,False,3,False,1.5,2,0,0,0,3.8745
Client Meeting,Medium,Mid,Python,Medium,8,4,0,16,5,9,True,2,False,4.5625,1,1,1,1,2.86358625
Refactoring,Medium,Mid,C++,Low,4,5,3,8,4,9,False,0,False,2.55,2,3,0,0,2.1929875
Refactoring,High,Tech Lead,C++,Critical,7,5,1,14,10,14,True,1,False,2.55,2,3,0,0,3.01180819
Design Review,High,Mid,JavaScript,Medium,12,2,0,24,1,10,False,1,False,4.5,0,1,1,0,4.769975
Feature Dev,High,Junior,C++,Medium,12,2,2,24,9,12,False,0,False,1.5,2,0,0,0,5.9655
Refactoring,Medium,Senior,Other,Low,4,5,0,8,5,15,True,3,False,3.55,2,1,2,0,1.90296068
Refactoring,High,Junior,JavaScript,Critical,2,5,0,4,6,12,False,2,True,3.05,2,2,1,0,0.96245534
Testing,High,Mid,Java,Medium,5,4,2,10,6,13,False,3,False,3.0,2,1,1,0,2.67235
Client Meeting,Medium,Senior,C++,Low,12,5,2,24,3,18,False,0,False,1.85,4,1,0,0,5.652075
Refactoring,Medium,Tech Lead,Python,Low,8,3,1,16,1,11,False,1,False,2.08333333,2,1,0,0,3.7791875
Code Review,Medium,Mid,Go,Critical,1,5,0,2,6,13,True,3,False,3.1,3,1,0,1,0.56086931
Feature Dev,High,Mid,Other,Critical,7,3,1,14,6,14,True,1,True,3.58333333,2,0,0,1,2.98012871
Bug Fix,Medium,Mid,C++,Critical,4,4,0,8,4,11,True,3,False,4.0625,1,1,2,0,1.42962323
Bug Fix,Medium,Senior,C++,Low,6,3,3,12,9,13,True,1,True,4.75,0,2,0,1,3.07099702
Client Meeting,Medium,Tech Lead,C++,Low,10,4,3,20,3,12,False,1,False,2.8125,1,3,0,0,4.80167188
Feature Dev,High,Mid,Python,High,11,3,2,22,6,15,True,0,False,2.91666667,2,0,1,0,4.68805365
Deployment,Medium,Tech Lead,JavaScript,Medium,12,5,3,24,10,16,False,2,False,4.8,1,1,2,1,4.17143
Client Meeting,Medium,Senior,Java,Medium,2,2,0,4,8,17,False,3,False,3.25,0,2,0,0,1.03125
Deployment,Medium,Junior,JavaScript,Medium,13,5,3,26,2,12,False,2,False,3.9,1,2,2,0,4.976595
Documentation,Medium,Tech Lead,C++,Low,1,5,1,2,2,17,True,0,False,3.8,1,3,0,1,0.54917363
Code Review,Medium,Tech Lead,Java,Medium,12,4,2,24,6,11,True,3,False,3.875,0,3,1,0,4.98428438
Feature Dev,High,Mid,Other,Medium,10,4,2,20,9,11,True,2,False,3.4375,1,2,1,0,4.82100609
Documentation,Medium,Senior,Java,Critical,5,3,1,10,8,13,True,0,False,2.91666667,2,0,1,0,1.77599877
Bug Fix,Low,Tech Lead,Python,Medium,1,4,1,2,6,11,False,0,True,1.9375,3,1,0,0,0.56275313
Refactoring,Low,Mid,C++,Critical,6,3,2,12,6,14,True,0,False,2.66666667,1,2,0,0,2.122365
Code Review,Low,Junior,Other,High,7,5,2,14,10,10,False,0,False,1.85,4,1,0,0,2.557035
Design Review,High,Tech Lead,Java,Medium,6,4,0,12,8,16,False,1,True,3.9375,1,2,0,1,2.69916969
Design Review,Medium,Junior,Go,Low,3,3,0,6,6,13,True,0,False,3.5,1,1,1,0,1.2435885
Deployment,Medium,Senior,Other,High,2,5,1,4,4,13,True,3,False,2.2,3,2,0,0,1.1694375
Client Meeting,Medium,Junior,Java,Medium,12,2,1,24,1,9,True,2,False,4.5,0,1,1,0,4.58961563
Code Review,High,Mid,Other,Critical,6,3,3,12,6,18,True,3,False,3.5,1,1,1,0,2.81079264
Design Review,High,Mid,Go,High,3,4,1,6,8,14,True,3,False,3.625,2,0,2,0,1.49350989
Bug Fix,Medium,Tech Lead,Python,Low,13,4,0,26,1,14,True,0,False,3.5,2,1,0,1,5.2777725
Design Review,Low,Senior,Go,Medium,11,4,3,22,9,15,False,2,True,2.375,2,2,0,0,4.97591875
Code Review,Medium,Mid,Python,High,2,5,2,4,4,12,True,0,False,2.55,2,3,0,0,1.01091375
Bug Fix,High,Senior,C++,Critical,8,3,3,16,9,14,True,2,False,5.58333333,0,1,1,1,3.02205855
Refactoring,Medium,Mid,C++,High,3,2,1,6,5,9,False,0,False,3.25,0,2,0,0,1.1390625
Documentation,Medium,Junior,Go,Low,8,4,1,16,4,14,True,0,False,4.125,2,0,1,1,3.18149081
Code Review,Low,Senior,JavaScript,Low,11,4,2,22,7,10,False,2,False,3.0625,3,0,0,1,4.41310031
Deployment,Medium,Senior,Go,Low,12,2,3,24,6,9,False,0,False,2.375,1,1,0,0,5.66671875
Client Meeting,Low,Senior,Python,Critical,12,2,0,24,3,17,False,1,False,2.375,1,1,0,0,3.68655625
Deployment,High,Tech Lead,C++,Critical,6,5,2,12,7,13,True,3,False,4.3,1,2,1,1,2.44162296
Feature Dev,High,Junior,C++,High,5,3,1,10,2,14,True,0,False,2.66666667,1,2,0,0,2.238075
Code Review,Medium,Junior,Other,High,9,4,1,18,4,10,False,2,False,3.625,2,0,2,0,3.07018688
Code Review,High,Tech Lead,Other,Low,7,3,2,14,1,12,False,0,False,2.08333333,2,1,0,0,3.85586667
Testing,High,Senior,Other,Critical,2,2,1,4,7,16,False,1,False,3.625,1,0,1,0,0.88628597
Deployment,Medium,Tech Lead,C++,Critical,7,2,0,14,7,9,False,0,True,1.5,2,0,0,0,2.68345
Code Review,Medium,Tech Lead,Go,Critical,7,4,3,14,3,18,False,1,False,3.4375,1,2,1,0,2.56355086
Bug Fix,Low,Mid,C++,Critical,12,4,0,24,7,14,False,1,True,2.375,2,2,0,0,4.05521188
Refactoring,Low,Senior,Python,Low,11,4,3,22,4,17,True,2,False,2.375,2,2,0,0,5.22471469
Bug Fix,Medium,Mid,JavaScript,Critical,4,3,3,8,9,12,False,3,False,4.16666667,1,1,0,1,1.69204896
Deployment,High,Mid,C++,Low,2,4,1,4,7,9,False,2,False,3.5,2,1,0,1,1.22761375
Refactoring,Medium,Tech Lead,Java,Medium,10,5,1,20,5,17,False,0,False,2.2,3,2,0,0,4.1085
Refactoring,High,Mid,JavaScript,Medium,13,2,1,26,6,17,False,0,False,1.5,2,0,0,0,6.28325
Documentation,High,Senior,Go,Critical,7,3,1,14,9,10,False,3,False,4.91666667,0,1,2,0,2.50469854
Deployment,Medium,Junior,Python,Low,5,5,0,10,2,10,False,0,False,3.95,2,1,1,1,1.82666
Deployment,Medium,Tech Lead,C++,Medium,11,5,0,22,7,9,True,2,True,2.2,3,2,0,0,5.25987
Code Review,Medium,Junior,Java,Low,3,4,1,6,2,9,True,1,True,3.875,0,3,1,0,1.61943091
Client Meeting,Medium,Junior,Python,Critical,5,5,1,10,10,9,True,3,True,3.05,2,2,1,0,2.21063961
Design Review,Medium,Senior,JavaScript,High,9,5,0,18,6,16,False,1,False,2.7,3,1,1,0,3.1170465
Design Review,Medium,Senior,Other,Low,4,4,2,8,4,13,False,1,False,3.0,2,1,1,0,2.0273
Documentation,High,Junior,Python,Low,1,3,0,2,5,10,False,0,False,5.58333333,0,1,1,1,0.5
Design Review,High,Junior,Go,High,7,2,2,14,4,15,True,3,True,4.5,0,1,1,0,3.37029289
Documentation,Low,Mid,Go,Critical,4,5,3,8,6,10,False,0,False,1.85,4,1,0,0,1.61854875
Feature Dev,Medium,Junior,Python,Medium,9,4,1,18,4,17,False,3,True,4.5625,1,1,1,1,3.57346688
Documentation,Medium,Mid,Java,Critical,9,2,1,18,1,16,True,2,False,3.25,0,2,0,0,3.30503906
Client Meeting,Medium,Tech Lead,Other,Low,11,5,0,22,6,16,False,3,False,1.5,5,0,0,0,5.29925
Testing,Medium,Tech Lead,JavaScript,Low,8,3,3,16,8,10,False,0,False,2.66666667,1,2,0,0,3.88116667
Testing,Low,Mid,C++,High,6,2,2,12,9,17,False,3,True,1.5,2,0,0,0,2.80071
Deployment,Medium,Mid,Java,Medium,9,2,3,18,6,13,False,3,False,4.5,0,1,1,0,3.6920625
Testing,Low,Junior,Python,Low,2,5,1,4,4,10,False,1,True,1.85,4,1,0,0,1.18250275
Client Meeting,Low,Senior,JavaScript,Low,7,4,0,14,2,18,True,1,False,3.5,2,1,0,1,2.65918538
Bug Fix,Medium,Junior,Other,Critical,11,5,3,22,1,13,True,0,False,4.3,1,2,1,1,3.52436648
Client Meeting,High,Mid,C++,Low,13,4,0,26,7,9,True,0,True,2.8125,1,3,0,0,7.28893791
Code Review,Medium,Mid,C++,High,10,3,1,20,4,15,True,1,False,2.08333333,2,1,0,0,3.99951563
Feature Dev,Medium,Tech Lead,JavaScript,Low,1,4,0,2,10,15,False,3,False,2.5625,3,0,1,0,0.72589344
Code Review,High,Mid,C++,High,12,3,3,24,3,10,False,1,True,2.66666667,1,2,0,0,5.80899
Feature Dev,High,Mid,C++,High,6,4,2,12,3,10,False,1,False,2.8125,1,3,0,0,2.7284625
Design Review,Low,Mid,Go,Critical,7,4,0,14,4,11,False,3,False,2.375,2,2,0,0,2.35205625
Client Meeting,Low,Junior,Go,Critical,5,3,3,10,8,15,False,2,False,4.16666667,1,1,0,1,1.76405104
Code Review,High,Senior,Java,Medium,9,4,2,18,7,9,True,3,False,2.8125,1,3,0,0,4.77480938
Testing,High,Mid,Java,High,11,4,0,22,8,15,False,0,False,3.4375,1,2,1,0,4.09988081
Refactoring,High,Senior,C++,Medium,7,3,1,14,4,12,True,2,True,4.91666667,0,1,2,0,3.31070644
Code Review,High,Tech Lead,Java,Low,2,4,3,4,3,11,True,1,True,3.4375,1,2,1,0,1.68139677
Design Review,Medium,Mid,C++,Low,8,5,2,16,5,16,True,2,False,3.55,2,1,2,0,3.70576553
Design Review,Medium,Tech Lead,Go,Low,6,4,2,12,4,12,True,3,False,3.0,2,1,1,0,3.1929975
Refactoring,Low,Tech Lead,Go,Critical,2,4,0,4,1,14,False,3,False,2.375,2,2,0,0,0.85074375
Testing,Medium,Senior,Java,High,9,5,2,18,7,16,False,3,True,3.95,2,1,1,1,3.4523874
Design Review,Medium,Tech Lead,Python,Medium,3,4,1,6,7,17,True,0,True,5.625,0,1,2,1,1.17957262
Feature Dev,Medium,Junior,C++,Critical,1,4,3,2,7,16,False,1,False,4.0625,1,1,2,0,0.68077297
Code Review,Low,Senior,Go,Low,4,3,2,8,5,17,False,2,False,2.66666667,1,2,0,0,2.06286667
Refactoring,High,Junior,Python,Medium,12,2,1,24,5,10,False,2,False,2.375,1,1,0,0,5.7599375
Client Meeting,High,Junior,Java,Medium,5,2,0,10,4,16,True,2,False,4.5,0,1,1,0,2.22796875
Client Meeting,Medium,Tech Lead,Go,Critical,5,5,0,10,4,18,True,2,False,4.45,2,0,2,1,1.53344441
Testing,Low,Senior,Other,Low,10,2,3,20,2,11,False,0,False,2.375,1,1,0,0,4.37146875
Feature Dev,Low,Senior,Java,Medium,2,5,2,4,9,11,True,3,False,1.85,4,1,0,0,1.396395
Code Review,High,Mid,Python,Low,5,2,3,10,2,13,False,1,False,2.375,1,1,0,0,3.07621875
Client Meeting,Low,Mid,Python,Critical,7,4,2,14,8,15,False,1,False,2.375,2,2,0,0,2.4354625
Feature Dev,High,Junior,Go,Critical,8,4,1,16,7,11,False,1,False,2.375,2,2,0,0,3.27786562
Testing,Medium,Mid,JavaScript,High,7,3,1,14,6,9,False,2,False,2.08333333,2,1,0,0,2.8231875
Testing,Low,Mid,Go,Critical,11,4,1,22,5,17,False,0,False,1.5,4,0,0,0,3.5808375
Deployment,Medium,Tech Lead,C++,Low,13,5,1,26,6,10,True,1,True,3.4,1,3,1,0,6.24634337
Refactoring,Low,Mid,Other,High,3,4,0,6,9,11,False,3,False,3.9375,1,2,0,1,1.06559719
Design Review,Medium,Tech Lead,JavaScript,High,11,5,3,22,3,12,True,2,False,4.3,1,2,1,1,3.88556595
Code Review,High,Senior,Other,Medium,5,5,0,10,6,11,False,1,False,4.3,1,2,1,1,1.95408
Code Review,Medium,Senior,Other,Medium,8,3,0,16,9,16,True,3,False,4.16666667,1,1,0,1,3.11303125
Client Meeting,Medium,Mid,Java,Low,6,5,0,12,1,10,False,3,False,2.2,3,2,0,0,2.9403
Feature Dev,Medium,Senior,Python,Low,9,4,2,18,9,11,True,1,False,3.0,2,1,1,0,4.25733
Feature Dev,Low,Junior,Python,Critical,3,4,2,6,2,18,False,0,False,1.9375,3,1,0,0,1.17666563
Testing,High,Senior,Java,Medium,8,2,0,16,2,9,False,3,True,1.5,2,0,0,0,4.48745
Client Meeting,High,Mid,Other,High,8,4,1,16,5,18,False,2,False,3.4375,1,2,1,0,3.26532009
Code Review,Low,Junior,Go,High,4,4,1,8,9,14,False,1,False,2.375,2,2,0,0,1.49248125
Testing,Low,Senior,C++,Medium,13,5,1,26,4,12,False,3,False,2.75,4,0,0,1,4.69074375
Bug Fix,High,Mid,C++,High,9,4,2,18,5,16,False,1,True,2.8125,1,3,0,0,4.31200688
Client Meeting,High,Mid,JavaScript,High,10,3,0,20,8,15,True,1,False,3.5,1,1,1,0,3.98513587
Testing,Low,Junior,C++,Medium,5,5,2,10,4,14,True,1,False,3.45,2,2,0,1,2.03539875
Deployment,Medium,Junior,C++,Critical,1,3,0,2,6,12,False,0,False,5.0,1,0,1,1,0.5
Feature Dev,Low,Tech Lead,Python,Critical,11,2,3,22,9,14,True,0,False,2.375,1,1,0,0,3.86212641
Deployment,High,Senior,Go,Low,4,3,2,8,7,11,True,0,True,5.0,1,0,1,1,2.12615634
Feature Dev,Medium,Tech Lead,Python,Critical,1,4,1,2,4,16,False,0,True,1.9375,3,1,0,0,0.51585703
Refactoring,Low,Mid,JavaScript,Medium,7,3,2,14,4,11,True,2,False,4.16666667,1,1,0,1,2.68610125
Testing,Medium,Senior,Other,High,3,5,2,6,1,11,True,3,False,3.9,1,2,2,0,1.4470407
Client Meeting,Low,Mid,Java,Medium,11,5,1,22,6,11,False,3,False,3.45,2,2,0,1,3.88576125
Bug Fix,Medium,Mid,C++,High,4,2,3,8,4,11,False,1,False,3.625,1,0,1,0,1.72444781
Refactoring,Medium,Junior,Go,Low,11,3,0,22,6,18,False,1,False,2.66666667,1,2,0,0,4.785
Testing,Medium,Tech Lead,Java,Medium,10,3,3,20,6,16,False,2,False,3.58333333,2,0,0,1,4.06778125
Documentation,High,Junior,Java,Critical,13,5,3,26,7,17,True,0,False,3.05,2,2,1,0,5.27436463
Client Meeting,High,Junior,Python,High,13,2,0,26,1,18,False,1,True,2.375,1,1,0,0,5.90634
Design Review,High,Mid,JavaScript,High,4,2,1,8,8,10,True,2,False,4.5,0,1,1,0,1.75653056
Deployment,High,Junior,Python,High,2,2,3,4,10,17,False,3,False,2.375,1,1,0,0,1.47481875
Design Review,Medium,Senior,Go,Critical,13,5,2,26,1,14,True,0,False,1.85,4,1,0,0,4.94556563
Deployment,High,Senior,C++,Medium,4,4,3,8,8,17,False,1,False,5.625,0,1,2,1,1.808035
Client Meeting,Medium,Senior,Other,Low,9,2,1,18,3,12,False,3,False,2.375,1,1,0,0,4.37146875
Testing,High,Mid,Python,Critical,10,4,0,20,10,12,False,3,False,4.5625,1,1,1,1,3.34085062
Testing,High,Mid,Python,Medium,5,3,3,10,9,14,False,1,False,2.66666667,1,2,0,0,2.755
Testing,Medium,Senior,C++,Critical,11,5,1,22,9,17,False,2,False,2.2,3,2,0,0,3.997125
Client Meeting,Low,Junior,Java,Medium,5,4,3,10,9,13,False,2,False,1.5,4,0,0,0,2.51125
Deployment,High,Tech Lead,Go,High,1,5,0,2,1,13,False,2,True,3.9,1,2,2,0,0.55584738
Client Meeting,High,Mid,Java,Medium,3,3,3,6,4,12,False,3,False,2.66666667,1,2,0,0,2.059
Design Review,Medium,Senior,JavaScript,Critical,10,4,3,20,4,9,True,2,False,3.0,2,1,1,0,3.82434019
Testing,Medium,Junior,Java,High,11,2,3,22,2,14,False,1,False,4.5,0,1,1,0,3.78118125
Refactoring,Medium,Junior,JavaScript,High,5,2,0,10,9,12,False,2,False,1.5,2,0,0,0,2.0295
Client Meeting,Low,Tech Lead,Java,High,4,4,3,8,5,16,False,3,False,2.8125,1,3,0,0,1.89092813
Testing,High,Mid,Other,Low,3,4,0,6,7,12,True,0,False,2.375,2,2,0,0,1.56401438
Bug Fix,Low,Senior,C++,Low,9,3,0,18,8,18,False,2,False,4.75,0,2,0,1,3.100515
Feature Dev,Medium,Senior,Java,Low,2,4,0,4,6,13,True,2,False,3.4375,1,2,1,0,1.03982484
Design Review,Medium,Mid,Other,Low,8,2,1,16,7,13,False,1,True,2.375,1,1,0,0,4.09622813
Refactoring,Medium,Mid,Java,High,7,3,2,14,5,11,True,1,False,3.5,1,1,1,0,2.713284
Feature Dev,High,Tech Lead,Python,High,8,3,2,16,4,18,False,2,False,2.91666667,2,0,1,0,3.48188775
Documentation,Medium,Tech Lead,Python,Critical,9,2,3,18,1,15,True,2,True,2.375,1,1,0,0,4.0942043
Deployment,High,Mid,Python,High,1,2,0,2,2,18,False,1,False,1.5,2,0,0,0,0.5166
Code Review,Medium,Senior,C++,Low,10,4,2,20,7,18,False,3,False,3.5,2,1,0,1,4.446475
Feature Dev,High,Senior,Other,Low,12,3,2,24,9,17,False,2,False,2.66666667,1,2,0,0,6.40126667
Refactoring,Medium,Tech Lead,Other,Medium,11,3,2,22,4,14,False,0,False,5.0,1,0,1,1,3.6754
Testing,Medium,Senior,Go,Critical,7,5,2,14,1,17,False,0,False,2.7,3,1,1,0,2.46649175
Documentation,Low,Tech Lead,Python,High,6,3,2,12,5,9,True,0,False,2.66666667,1,2,0,0,2.24721
Code Review,Medium,Junior,Java,Low,12,3,2,24,2,13,False,2,False,2.91666667,2,0,1,0,5.39590792
Documentation,High,Tech Lead,Java,Low,1,2,2,2,8,12,False,1,True,4.5,0,1,1,0,0.88320925
Code Review,Medium,Junior,Go,High,2,5,0,4,10,12,True,2,False,2.7,3,1,1,0,0.88456725
Deployment,Low,Senior,Java,Medium,10,5,1,20,2,11,True,1,False,2.2,3,2,0,0,4.002075
Deployment,Medium,Junior,Go,High,12,2,2,24,9,11,True,0,True,5.75,0,0,2,0,4.23585855
Documentation,High,Junior,Other,Medium,2,2,3,4,9,15,True,2,False,2.375,1,1,0,0,1.61759062
Code Review,Medium,Senior,JavaScript,Critical,5,5,1,10,6,17,False,2,False,4.3,1,2,1,1,1.6263645
Deployment,High,Senior,JavaScript,Medium,10,3,1,20,6,18,False,0,False,3.25,0,3,0,0,4.453125
Code Review,Low,Mid,C++,Medium,8,3,0,16,10,15,True,0,True,2.66666667,1,2,0,0,3.21552
Code Review,Medium,Tech Lead,Go,High,7,3,1,14,6,16,False,3,True,3.5,1,1,1,0,2.88690188
Design Review,Medium,Mid,Python,Medium,10,5,2,20,9,15,True,2,False,3.05,2,2,1,0,4.34262938
Design Review,Medium,Junior,Go,Medium,12,4,0,24,10,10,True,2,False,3.0,2,1,1,0,4.837875
Bug Fix,High,Junior,C++,Critical,2,2,1,4,6,10,False,3,True,3.625,1,0,1,0,1.14156663
Client Meeting,High,Mid,Go,Low,3,3,0,6,9,15,True,0,False,4.33333333,1,0,2,0,1.3234683
Testing,Medium,Tech Lead,Python,Critical,10,3,3,20,2,15,True,1,True,2.66666667,1,2,0,0,4.31806375
Documentation,Medium,Mid,JavaScript,Low,11,3,0,22,6,13,False,1,False,5.58333333,0,1,1,1,3.8709
Design Review,Medium,Senior,Other,Medium,12,5,1,24,5,14,False,2,False,3.9,1,2,2,0,4.381105
Bug Fix,Low,Mid,Python,Low,11,2,2,22,2,9,False,3,False,1.5,2,0,0,0,5.1414
Refactoring,High,Tech Lead,C++,Critical,11,2,3,22,5,14,False,3,False,1.5,2,0,0,0,5.0619625
Documentation,Low,Mid,C++,Medium,3,3,1,6,7,9,False,3,False,3.58333333,2,0,0,1,1.33843125
Documentation,High,Senior,C++,Medium,11,3,0,22,5,10,False,0,False,3.58333333,2,0,0,1,4.42644583
Code Review,High,Senior,Java,Medium,12,4,0,24,2,18,True,1,True,3.0,2,1,1,0,5.98154865
Client Meeting,Medium,Junior,Python,Medium,9,3,2,18,3,16,True,0,False,4.16666667,1,1,0,1,3.46880625
Deployment,High,Junior,Go,Critical,2,2,0,4,10,14,False,1,True,1.5,2,0,0,0,0.9775425
Testing,High,Tech Lead,Go,High,6,5,0,12,8,17,True,0,True,5.15,0,2,2,1,2.17041363
Bug Fix,High,Junior,Java,High,10,5,3,20,2,10,True,0,False,3.05,2,2,1,0,4.38605567
Testing,Medium,Senior,Python,High,7,2,0,14,3,11,False,1,True,3.625,1,0,1,0,2.55859931
Feature Dev,Medium,Senior,C++,Medium,4,4,1,8,6,12,True,2,True,2.375,2,2,0,0,2.21002031
Deployment,Low,Tech Lead,Other,Medium,12,4,0,24,9,10,False,0,False,3.0625,3,0,0,1,3.885975
Bug Fix,High,Mid,JavaScript,Low,12,3,1,24,6,9,True,3,True,4.16666667,1,1,0,1,6.42502967
Testing,High,Junior,Java,Critical,3,2,3,6,3,18,True,1,False,3.25,0,2,0,0,1.61486719
Feature Dev,High,Junior,Other,Medium,8,4,3,16,2,10,False,0,True,4.5625,1,1,1,1,3.64405388
Code Review,Medium,Senior,Java,Critical,5,4,0,10,1,15,True,3,False,3.875,0,3,1,0,1.80449555
Deployment,High,Mid,Java,Medium,5,4,2,10,5,10,True,3,False,2.375,2,2,0,0,2.98790625
Testing,Medium,Junior,Other,Critical,6,3,3,12,7,14,True,1,True,2.91666667,2,0,1,0,2.68051907
Bug Fix,Low,Junior,Python,Medium,13,2,0,26,3,16,False,2,True,1.5,2,0,0,0,5.5022
Code Review,Low,Mid,Python,High,9,3,2,18,6,13,False,2,True,4.16666667,1,1,0,1,3.13641075
Design Review,High,Tech Lead,Other,High,4,2,2,8,9,15,True,2,False,3.25,0,2,0,0,2.07309375
Client Meeting,Medium,Tech Lead,Go,Low,2,5,0,4,2,9,False,2,False,3.95,2,1,1,1,0.91333
Code Review,Medium,Tech Lead,Go,Low,1,4,1,2,2,11,True,2,False,2.8125,1,3,0,0,0.83105859
Refactoring,Low,Mid,Java,High,4,2,1,8,4,17,False,3,False,2.375,1,1,0,0,1.66910625
Deployment,Low,Mid,Go,Medium,9,2,0,18,6,14,True,0,True,2.375,1,1,0,0,3.67203375
Deployment,Medium,Mid,Go,Critical,10,3,3,20,7,13,True,0,False,1.5,3,0,0,0,4.07091563
Design Review,High,Senior,Other,Low,8,3,0,16,9,15,False,1,False,2.66666667,1,2,0,0,4.0194
Deployment,Low,Mid,Other,Low,1,3,2,2,2,13,True,0,False,4.75,0,2,0,1,0.62460956
Refactoring,Low,Tech Lead,C++,Critical,9,2,2,18,4,16,True,1,False,2.375,1,1,0,0,3.18778688
Bug Fix,Low,Tech Lead,Java,Medium,9,3,1,18,2,16,False,3,False,4.16666667,1,1,0,1,3.1257375
Testing,Medium,Mid,C++,Medium,13,4,0,26,5,10,False,3,False,4.125,2,0,1,1,4.522375
Documentation,High,Mid,Other,Low,10,2,3,20,10,16,False,2,False,3.625,1,0,1,0,5.14660781
Design Review,Medium,Junior,JavaScript,Critical,2,4,0,4,5,16,True,2,False,2.5625,3,0,1,0,0.84137648
Testing,High,Mid,C++,Critical,13,5,1,26,7,18,True,2,False,3.75,0,4,1,0,5.00053582
Client Meeting,Medium,Junior,Java,Medium,13,3,2,26,5,11,False,1,True,2.66666667,1,2,0,0,5.95466667
Code Review,Medium,Mid,Other,Medium,12,5,2,24,8,14,True,3,False,3.95,2,1,1,1,4.707801
Client Meeting,High,Senior,JavaScript,Medium,13,3,1,26,2,10,False,3,False,3.5,1,1,1,0,5.7693175
Testing,Medium,Junior,Go,High,5,3,2,10,5,9,False,0,True,4.33333333,1,0,2,0,1.890669
Design Review,Medium,Senior,Other,Critical,10,3,1,20,10,18,False,1,True,4.33333333,1,0,2,0,3.29953708
Bug Fix,Low,Tech Lead,Other,Low,7,4,0,14,8,15,False,3,False,2.375,2,2,0,0,3.0438375
Code Review,Medium,Junior,C++,Low,13,5,2,26,5,15,True,2,False,3.05,2,2,1,0,6.05073026
Refactoring,Medium,Senior,Python,High,3,2,3,6,8,11,False,1,False,1.5,2,0,0,0,1.614375
Feature Dev,Medium,Mid,Python,Medium,11,4,3,22,7,18,True,0,True,3.5,2,1,0,1,4.92253781
Testing,Low,Mid,Python,Critical,10,4,0,20,3,18,False,2,False,2.8125,1,3,0,0,3.09878125
Client Meeting,Medium,Senior,JavaScript,Medium,13,5,1,26,5,12,False,1,False,3.05,2,2,1,0,5.00895875
Deployment,Medium,Tech Lead,Java,Medium,3,3,0,6,3,18,False,2,False,4.16666667,1,1,0,1,1.18591667
Bug Fix,High,Mid,JavaScript,Medium,10,3,0,20,10,15,True,1,False,4.33333333,1,0,2,0,4.097695
Feature Dev,Medium,Junior,Go,Low,2,5,2,4,5,18,True,3,True,3.4,1,3,1,0,1.60456527
Client Meeting,Medium,Mid,C++,High,11,2,2,22,2,11,True,2,True,5.75,0,0,2,0,4.06974645
Code Review,Medium,Junior,Python,Low,7,4,1,14,6,10,True,3,False,3.25,0,4,0,0,3.51914063
Documentation,High,Senior,C++,Critical,11,5,2,22,9,17,False,0,False,5.15,0,2,2,1,3.446614
Feature Dev,High,Junior,Go,Low,8,3,2,16,9,17,False,2,False,4.33333333,1,0,2,0,3.81787267
Design Review,Medium,Tech Lead,Java,Critical,2,3,2,4,5,11,False,0,False,2.91666667,2,0,1,0,0.86538146
Deployment,Medium,Senior,Java,Low,11,3,2,22,1,13,True,2,False,2.66666667,1,2,0,0,5.47085
Code Review,High,Senior,Java,Critical,10,5,1,20,3,10,True,0,False,3.8,1,3,0,1,3.66493969
Code Review,Medium,Junior,Java,Critical,2,4,0,4,4,10,False,0,False,2.5625,3,0,1,0,0.64104875
Deployment,Low,Senior,Java,Low,4,2,2,8,9,10,False,1,False,2.375,1,1,0,0,1.98605
Design Review,Medium,Junior,Go,High,1,3,2,2,5,18,True,0,False,4.91666667,0,1,2,0,0.53112937
Documentation,Low,Senior,Other,High,11,2,2,22,2,9,True,1,False,3.25,0,2,0,0,3.8626875
Refactoring,Low,Junior,JavaScript,Critical,3,4,3,6,2,13,True,2,False,1.5,4,0,0,0,1.58262563
Refactoring,Low,Junior,Go,Critical,4,3,0,8,8,10,False,0,False,2.66666667,1,2,0,0,1.1832
Code Review,Medium,Junior,Java,Medium,3,4,1,6,10,12,False,3,False,3.5,2,1,0,1,1.4499375
Testing,High,Mid,Java,Critical,6,3,3,12,9,16,True,3,False,3.58333333,2,0,0,1,2.74043798
Code Review,Medium,Mid,C++,Medium,5,4,0,10,10,17,False,1,False,3.25,0,4,0,0,1.96875
Documentation,High,Junior,Python,Medium,2,4,0,4,9,10,False,2,False,4.125,2,0,1,1,0.92092
Deployment,High,Mid,Java,Critical,11,4,2,22,9,13,True,1,False,3.0,2,1,1,0,4.49051558
Testing,Low,Senior,Java,Critical,9,3,2,18,1,16,False,0,False,3.58333333,2,0,0,1,2.63224813
Bug Fix,High,Mid,Go,Critical,7,5,1,14,2,15,False,3,True,4.65,0,3,1,1,2.73864025
Refactoring,High,Mid,Python,Critical,7,3,0,14,1,18,False,0,False,2.91666667,2,0,1,0,2.53320754
Code Review,Medium,Senior,Go,Medium,1,4,3,2,3,12,True,3,False,4.5625,1,1,1,1,0.96856594
Feature Dev,Medium,Mid,Java,Critical,9,3,3,18,3,17,True,3,False,3.58333333,2,0,0,1,3.3962693
Client Meeting,Medium,Senior,C++,High,3,2,3,6,6,17,False,0,False,2.375,1,1,0,0,1.45715625
Code Review,Medium,Mid,Other,Critical,1,4,0,2,3,14,True,1,False,2.5625,3,0,1,0,0.5
Code Review,High,Senior,Java,Medium,9,5,1,18,7,12,False,1,False,3.4,1,3,1,0,3.960219
Testing,Low,Senior,Go,High,9,5,3,18,3,12,False,2,False,2.2,3,2,0,0,3.46599
Code Review,Medium,Junior,Java,Medium,6,2,3,12,1,9,True,0,True,4.5,0,1,1,0,2.79387281
Code Review,Low,Tech Lead,Other,High,7,2,3,14,8,12,True,1,False,2.375,1,1,0,0,2.84675344
Client Meeting,High,Senior,JavaScript,High,6,3,1,12,6,12,False,0,True,4.16666667,1,1,0,1,2.44036237
Refactoring,Low,Mid,Other,Low,2,2,1,4,10,15,True,2,False,1.5,2,0,0,0,1.26674625
Documentation,High,Senior,Go,High,3,5,0,6,4,14,True,2,False,4.3,1,2,1,1,1.21568202
Bug Fix,High,Tech Lead,Java,Low,5,2,2,10,2,11,True,2,False,1.5,2,0,0,0,3.31485
Deployment,Medium,Senior,Java,Medium,13,5,0,26,5,14,False,2,False,1.5,5,0,0,0,5.535
Feature Dev,High,Tech Lead,Java,Critical,8,2,1,16,9,17,False,2,False,1.5,2,0,0,0,3.5111375
Code Review,High,Tech Lead,JavaScript,Medium,2,2,2,4,10,13,True,2,False,4.5,0,1,1,0,1.26548625
Bug Fix,Medium,Junior,Go,Critical,13,3,0,26,10,13,True,2,True,5.0,1,0,1,1,4.1457339
Client Meeting,Medium,Senior,Java,High,11,5,1,22,6,12,True,0,False,3.55,2,1,2,0,3.72852821
Refactoring,Low,Senior,JavaScript,Medium,3,3,3,6,6,16,False,3,False,3.58333333,2,0,0,1,1.60086875
Refactoring,Medium,Senior,Go,Low,6,2,0,12,8,12,True,1,False,2.375,1,1,0,0,2.83335938
Documentation,Low,Junior,Other,Medium,2,3,2,4,10,18,False,3,True,1.5,3,0,0,0,1.4883
Bug Fix,Low,Senior,Other,Critical,7,4,2,14,10,9,True,1,False,2.8125,1,3,0,0,2.50022719
Feature Dev,Low,Junior,Other,Low,6,3,2,12,4,17,True,0,False,4.16666667,1,1,0,1,2.40681787
Design Review,High,Tech Lead,Other,Medium,4,4,1,8,8,17,True,3,False,3.0,2,1,1,0,2.21574675
Testing,High,Senior,Python,Medium,2,2,2,4,3,9,True,2,False,3.25,0,2,0,0,1.3978125
Testing,Medium,Senior,JavaScript,Low,1,4,2,2,3,16,False,0,True,3.0,2,1,1,0,0.7805105
Bug Fix,High,Senior,JavaScript,Critical,2,3,1,4,8,9,False,0,True,3.5,1,1,1,0,0.89765376
Documentation,Medium,Senior,Go,Medium,10,2,2,20,4,14,False,2,False,2.375,1,1,0,0,4.415625
Bug Fix,Medium,Tech Lead,Go,Critical,5,3,1,10,6,12,True,2,False,3.58333333,2,0,0,1,1.83476617
Code Review,Medium,Tech Lead,C++,Medium,11,5,3,22,2,18,False,0,False,2.2,3,2,0,0,4.8015
Documentation,High,Senior,C++,High,4,4,1,8,3,12,True,1,False,5.0,0,2,1,1,1.5444891
Refactoring,Low,Tech Lead,JavaScript,Critical,9,5,0,18,9,9,True,2,False,1.85,4,1,0,0,3.0932265
Deployment,High,Tech Lead,Python,Low,7,5,1,14,7,18,True,3,False,2.9,1,4,0,0,4.04810175
Deployment,Medium,Junior,Go,Medium,11,4,1,22,7,14,True,3,False,1.9375,3,1,0,0,5.10841406
Refactoring,Medium,Mid,Other,Critical,10,3,2,20,7,17,False,3,False,4.33333333,1,0,2,0,3.24660333
Deployment,Medium,Senior,Python,High,11,2,0,22,9,15,False,0,False,1.5,2,0,0,0,4.059
Documentation,Medium,Mid,Other,Medium,12,5,0,24,10,14,False,3,False,3.45,2,2,0,1,4.4937375
Design Review,Low,Tech Lead,Go,Low,7,5,2,14,6,14,True,1,False,3.45,2,2,0,1,2.97168218
Code Review,High,Senior,Other,Medium,1,3,1,2,4,18,False,1,False,4.75,0,2,0,1,0.58175625
Code Review,Low,Mid,C++,High,1,3,0,2,1,16,False,1,True,3.58333333,2,0,0,1,0.5
Client Meeting,Low,Mid,Go,High,11,5,0,22,9,9,False,2,True,2.2,3,2,0,0,4.077216
Code Review,Medium,Senior,C++,Medium,5,2,1,10,7,15,True,3,False,1.5,2,0,0,0,2.6368125
Design Review,Medium,Junior,JavaScript,Critical,9,5,2,18,7,15,False,0,False,2.7,3,1,1,0,3.10300575
Code Review,Medium,Junior,JavaScript,High,2,4,2,4,7,14,True,3,True,3.0,2,1,1,0,1.34105895
Client Meeting,Low,Mid,JavaScript,High,10,3,1,20,7,10,False,1,False,2.66666667,1,2,0,0,3.3495
Bug Fix,High,Mid,JavaScript,Medium,12,3,0,24,10,11,False,0,False,5.0,1,0,1,1,4.31664
Code Review,High,Mid,Other,High,11,4,1,22,7,14,True,3,False,3.4375,1,2,1,0,4.68771945
Design Review,High,Mid,Java,Medium,3,3,0,6,6,14,True,1,False,2.91666667,2,0,1,0,1.43829175
Design Review,High,Senior,Go,Medium,1,2,3,2,7,14,True,3,False,3.625,1,0,1,0,1.13225372
Feature Dev,High,Mid,C++,High,2,4,3,4,5,9,False,0,False,3.0,2,1,1,0,1.1362095
Design Review,Medium,Junior,Other,High,5,3,1,10,6,12,True,0,False,4.16666667,1,1,0,1,1.72106156
Code Review,Medium,Tech Lead,C++,Critical,7,4,3,14,8,16,False,0,True,2.5625,3,0,1,0,2.8646866
Deployment,Low,Mid,Other,Medium,11,3,1,22,2,10,False,2,False,1.5,3,0,0,0,4.41775
Refactoring,Medium,Mid,Other,Medium,12,2,1,24,10,12,False,2,False,3.25,0,2,0,0,4.828125
Deployment,Medium,Junior,C++,Critical,7,3,1,14,1,17,True,1,True,4.75,0,2,0,1,2.45348529
Deployment,Medium,Junior,Other,Medium,9,2,0,18,1,11,False,1,False,2.375,1,1,0,0,3.630625
Bug Fix,Medium,Mid,Other,Low,11,2,3,22,10,12,False,2,False,4.5,0,1,1,0,4.71480625
Deployment,Low,Tech Lead,Other,Critical,9,2,2,18,8,13,True,3,False,1.5,2,0,0,0,3.51288
Client Meeting,Low,Mid,Other,Low,1,5,0,2,3,13,True,0,True,2.2,3,2,0,0,0.5
Testing,Low,Mid,C++,Medium,13,4,3,26,4,9,False,3,False,3.0625,3,0,0,1,4.88445469
Client Meeting,Medium,Mid,C++,Medium,9,5,3,18,9,10,False,2,False,3.05,2,2,1,0,3.90606875
Refactoring,Medium,Tech Lead,Python,Critical,6,2,0,12,9,18,False,0,True,5.75,0,0,2,0,1.792956
Code Review,High,Mid,Go,Low,8,4,0,16,7,15,True,1,False,3.0,2,1,1,0,4.02317685
Testing,Medium,Senior,Other,Low,6,5,2,12,4,16,True,1,False,2.2,3,2,0,0,3.20166
Code Review,High,Mid,Go,Low,6,4,3,12,4,13,True,1,True,3.875,0,3,1,0,3.69676988
Code Review,High,Junior,C++,Medium,10,5,0,20,1,13,True,0,False,3.95,2,1,1,1,4.010349
Deployment,Low,Senior,C++,Low,10,2,3,20,8,11,False,1,False,1.5,2,0,0,0,4.679125
Deployment,High,Junior,JavaScript,Critical,4,3,2,8,9,17,False,3,False,3.5,1,1,1,0,1.8608965
Client Meeting,High,Tech Lead,JavaScript,Low,11,4,2,22,10,13,False,0,False,4.5625,1,1,1,1,4.729329
Design Review,Medium,Mid,Go,High,5,2,1,10,4,14,False,1,False,2.375,1,1,0,0,1.98703125
Refactoring,High,Senior,Java,High,12,3,2,24,6,10,False,2,False,4.33333333,1,0,2,0,4.498746
Deployment,Medium,Junior,Other,High,1,4,2,2,6,9,False,0,True,3.0,2,1,1,0,0.6385995
Design Review,High,Junior,Python,Low,12,4,1,24,8,18,False,2,False,3.0,2,1,1,0,5.9501255
Feature Dev,Low,Tech Lead,Java,Critical,7,4,2,14,4,18,True,2,False,3.0625,3,0,0,1,2.42455155
Design Review,Medium,Senior,Python,High,8,5,3,16,5,14,False,0,True,3.75,0,4,1,0,3.19839919
Feature Dev,High,Senior,JavaScript,High,12,4,1,24,10,9,False,1,False,3.625,2,0,2,0,4.48480463
Bug Fix,Medium,Senior,Go,Medium,6,3,1,12,4,14,False,1,False,2.91666667,2,0,1,0,2.45268542
Code Review,Medium,Junior,Other,Critical,11,4,0,22,1,12,False,1,False,4.0625,1,1,2,0,3.22471406
Testing,Medium,Junior,C++,High,11,3,0,22,1,15,False,0,True,5.0,1,0,1,1,3.406392
Deployment,Medium,Mid,Python,Critical,1,3,2,2,2,15,True,2,False,2.91666667,2,0,1,0,0.74344134
Refactoring,Medium,Mid,C++,Medium,10,5,2,20,6,9,True,3,False,3.95,2,1,1,1,4.010349
Client Meeting,Medium,Tech Lead,JavaScript,Medium,11,2,1,22,10,15,True,0,True,3.25,0,2,0,0,4.92679688
Bug Fix,Medium,Tech Lead,Other,Critical,11,3,0,22,10,10,False,0,False,2.91666667,2,0,1,0,3.46152583
Refactoring,High,Junior,Other,Low,12,5,2,24,9,9,True,0,False,3.95,2,1,1,1,5.58135963
Refactoring,Low,Senior,Python,Critical,1,5,1,2,6,18,True,2,False,2.9,1,4,0,0,0.60515963
Design Review,Low,Mid,Go,High,6,3,0,12,1,17,True,2,False,4.16666667,1,1,0,1,1.88916525
Documentation,Low,Senior,C++,Low,10,4,2,20,3,11,True,2,True,1.9375,3,1,0,0,5.22532828
Refactoring,Low,Mid,JavaScript,Critical,6,2,2,12,1,9,False,2,True,2.375,1,1,0,0,2.44046688
Documentation,Low,Mid,Python,Low,8,4,0,16,2,18,True,3,True,3.5,2,1,0,1,3.55031696
Testing,Medium,Junior,JavaScript,Low,6,4,1,12,3,18,True,2,False,2.5625,3,0,1,0,2.99431043
Design Review,Medium,Tech Lead,Python,Medium,5,4,3,10,4,14,False,2,False,2.375,2,2,0,0,2.6003125
Bug Fix,Low,Tech Lead,Java,Critical,3,3,0,6,9,15,False,3,False,2.08333333,2,1,0,0,1.1681125
Client Meeting,High,Junior,Other,Critical,10,2,3,20,6,10,False,0,False,4.5,0,1,1,0,3.64325937
Client Meeting,Low,Junior,Other,High,4,4,1,8,4,16,False,3,False,2.375,2,2,0,0,1.66910625
Refactoring,Medium,Junior,Java,High,5,3,3,10,6,16,False,2,True,4.16666667,1,1,0,1,2.22232312
Documentation,Medium,Junior,Python,Medium,3,2,0,6,6,13,False,1,False,4.5,0,1,1,0,1.103375
Code Review,High,Mid,Python,High,6,4,3,12,3,12,False,3,False,4.5625,1,1,1,1,2.53391288
Testing,Low,Tech Lead,Go,High,9,3,1,18,7,16,False,1,False,4.16666667,1,1,0,1,2.66068875
Documentation,Medium,Senior,C++,Critical,6,4,1,12,3,11,False,1,False,3.875,0,3,1,0,1.98008828
Code Review,Low,Senior,Other,Critical,11,2,1,22,8,16,False,3,False,1.5,2,0,0,0,3.8422125
Design Review,High,Junior,Python,Low,4,5,0,8,6,16,False,1,False,3.05,2,2,1,0,1.96130605
Code Review,Medium,Tech Lead,Go,Critical,11,3,3,22,3,10,False,0,False,3.58333333,2,0,0,1,3.60632865
Documentation,High,Junior,Java,Medium,8,4,2,16,10,12,True,2,False,2.375,2,2,0,0,4.30670625
Refactoring,Medium,Tech Lead,Go,Low,9,2,2,18,3,15,False,2,False,1.5,2,0,0,0,4.62275
Documentation,High,Mid,Go,Low,5,4,2,10,2,13,False,3,False,2.8125,1,3,0,0,3.06040625
Refactoring,High,Mid,C++,High,3,4,1,6,3,18,False,0,False,3.0,2,1,1,0,1.2689055
Feature Dev,High,Mid,Other,Low,2,4,0,4,1,16,True,0,True,4.5625,1,1,1,1,0.93757183
Client Meeting,High,Tech Lead,Python,Low,8,2,3,16,3,17,False,0,False,3.25,0,2,0,0,4.2590625
Code Review,Medium,Tech Lead,Java,Low,3,4,2,6,3,13,True,3,False,3.625,2,0,2,0,1.79547638
Documentation,Low,Tech Lead,C++,High,12,3,3,24,9,9,False,1,True,2.66666667,1,2,0,0,4.66059
Deployment,High,Mid,Other,Low,1,3,2,2,9,17,True,3,True,2.08333333,2,1,0,0,1.34111863
Deployment,Low,Mid,Python,Critical,12,4,3,24,5,11,False,3,False,3.0625,3,0,0,1,3.87652992
Bug Fix,Medium,Tech Lead,C++,Critical,5,4,3,10,8,17,False,0,False,4.5,0,2,2,0,1.71285625
Testing,Medium,Tech Lead,Python,Medium,12,2,1,24,10,10,True,2,True,4.5,0,1,1,0,5.04857719
Testing,Medium,Junior,JavaScript,Medium,1,4,3,2,3,16,False,3,False,1.9375,3,1,0,0,1.15359375
Code Review,Medium,Junior,JavaScript,High,13,2,3,26,7,17,False,3,False,2.375,1,1,0,0,5.25459375
Feature Dev,High,Mid,Go,Low,2,3,2,4,9,10,False,1,False,4.16666667,1,1,0,1,1.229965
Code Review,High,Senior,Python,Low,5,4,0,10,3,14,False,2,False,4.5625,1,1,1,1,2.20584375
Deployment,High,Tech Lead,JavaScript,Medium,11,4,3,22,10,17,True,3,True,5.625,0,1,2,1,5.07653108
Client Meeting,Medium,Junior,Python,High,5,5,0,10,4,14,False,2,False,3.1,3,1,0,1,1.777545
Feature Dev,High,Mid,Other,Low,3,4,0,6,4,10,False,1,False,2.375,2,2,0,0,1.597475
Feature Dev,High,Junior,Go,High,3,5,2,6,10,10,False,0,False,4.25,0,3,2,0,1.261386
Documentation,Low,Mid,Java,High,10,2,0,20,7,12,False,2,True,2.375,1,1,0,0,3.6914625
Deployment,Medium,Junior,Other,High,12,5,1,24,6,16,False,1,False,2.35,4,0,1,0,4.33149863
Code Review,Low,Junior,C++,Medium,5,3,1,10,4,18,True,1,False,3.25,0,3,0,0,2.01796875
Client Meeting,Medium,Senior,JavaScript,Medium,10,2,1,20,3,13,False,3,False,3.625,1,0,1,0,3.96578438
Code Review,Medium,Junior,C++,Critical,12,3,0,24,7,16,True,1,False,4.16666667,1,1,0,1,3.70450719
Feature Dev,High,Mid,C++,Critical,9,4,3,18,10,17,True,0,False,3.9375,1,2,0,1,3.51473333
Deployment,Low,Junior,C++,Low,7,4,2,14,6,12,False,3,True,1.9375,3,1,0,0,3.7869975
Deployment,Medium,Junior,Other,Critical,13,5,2,26,7,18,False,2,False,2.7,3,1,1,0,4.53516225
Design Review,High,Junior,Go,Medium,1,3,2,2,5,17,True,2,False,4.33333333,1,0,2,0,0.836976
Bug Fix,Low,Mid,Go,Critical,2,4,0,4,4,18,True,3,False,1.5,4,0,0,0,0.93310875
Code Review,High,Tech Lead,Go,Medium,2,2,1,4,4,16,False,1,False,3.625,1,0,1,0,1.04268937
Documentation,Medium,Mid,Go,Medium,5,4,0,10,5,17,False,3,False,3.0,2,1,1,0,2.11945
Feature Dev,High,Mid,C++,High,7,5,3,14,7,10,False,0,False,3.4,1,3,1,0,2.9796363
Testing,Medium,Tech Lead,Other,Low,12,2,1,24,10,14,True,0,True,5.75,0,0,2,0,5.02489103
Code Review,High,Tech Lead,Python,High,11,4,3,22,10,11,False,2,False,3.4375,1,2,1,0,4.62654534
Testing,Low,Senior,C++,Low,8,4,1,16,4,10,True,2,False,1.5,4,0,0,0,3.82391625
Bug Fix,High,Tech Lead,Java,Critical,4,5,3,8,7,10,False,1,True,3.4,1,3,1,0,2.01587777
Design Review,Low,Senior,Java,High,11,3,3,22,1,10,True,3,False,3.58333333,2,0,0,1,3.89365397
Design Review,Medium,Tech Lead,JavaScript,Critical,6,2,0,12,3,10,True,1,True,4.5,0,1,1,0,2.08315078
Bug Fix,High,Tech Lead,Other,Low,7,3,0,14,6,9,True,2,False,5.58333333,0,1,1,1,3.0889782
Feature Dev,High,Mid,C++,Critical,12,3,3,24,8,13,False,0,False,3.5,1,1,1,0,4.55309513
Refactoring,Medium,Junior,JavaScript,High,5,3,0,10,8,18,False,2,False,2.66666667,1,2,0,0,1.914
Bug Fix,Medium,Junior,Python,Critical,12,5,2,24,1,15,False,3,True,3.45,2,2,0,1,4.44880013
Client Meeting,Medium,Tech Lead,C++,Critical,11,4,3,22,4,18,True,0,True,1.5,4,0,0,0,4.88052469
Deployment,High,Tech Lead,JavaScript,Low,11,2,2,22,10,13,False,1,True,1.5,2,0,0,0,6.771765
Bug Fix,Medium,Mid,C++,Low,2,3,3,4,10,10,False,2,False,3.58333333,2,0,0,1,1.39529271
Feature Dev,Medium,Tech Lead,Other,Medium,12,4,2,24,8,9,False,2,False,3.0,2,1,1,0,4.88395
Design Review,Medium,Junior,Java,Medium,3,2,0,6,3,16,False,1,False,4.5,0,1,1,0,1.103375
Refactoring,Medium,Senior,JavaScript,High,1,5,1,2,1,15,True,0,False,3.4,1,3,1,0,0.5
Deployment,High,Senior,JavaScript,Critical,3,2,1,6,9,17,False,3,True,3.625,1,0,1,0,1.52486637
Documentation,High,Senior,Java,Medium,2,3,2,4,4,17,True,1,False,2.08333333,2,1,0,0,1.380225
Refactoring,Low,Tech Lead,Java,Medium,2,5,0,4,8,18,False,3,True,2.55,2,3,0,0,1.091145
Feature Dev,Low,Junior,Go,High,12,2,1,24,8,15,False,3,False,3.25,0,2,0,0,4.0246875
Testing,Medium,Junior,Go,Low,12,3,3,24,9,18,False,0,True,2.08333333,2,1,0,0,6.32603125
Testing,High,Mid,Java,Critical,2,4,1,4,4,12,True,3,False,4.0625,1,1,2,0,1.0308336
Bug Fix,Medium,Senior,JavaScript,High,8,3,1,16,5,16,True,1,False,2.66666667,1,2,0,0,3.151575
Deployment,High,Junior,Go,Critical,10,4,3,20,9,15,False,2,False,2.375,2,2,0,0,4.37882812
Feature Dev,Medium,Senior,Other,Medium,6,5,3,12,8,11,True,0,False,2.2,3,2,0,0,2.962575
Testing,High,Mid,JavaScript,Critical,10,3,1,20,4,12,True,2,False,4.08333333,0,2,1,0,3.8389493
Deployment,Medium,Junior,Python,Medium,2,2,3,4,10,16,False,2,False,4.5,0,1,1,0,1.2306875
Client Meeting,Medium,Tech Lead,C++,Low,5,5,1,10,8,18,False,3,False,3.1,3,1,0,1,2.41943625
Documentation,High,Mid,JavaScript,High,13,4,1,26,7,9,False,2,False,3.0,2,1,1,0,5.2497855
Code Review,High,Junior,JavaScript,Critical,4,3,3,8,4,9,True,1,True,3.5,1,1,1,0,2.1052917
Client Meeting,Medium,Senior,Go,Medium,13,4,3,26,8,13,True,1,False,2.375,2,2,0,0,5.92429688
Bug Fix,Medium,Junior,Java,Medium,7,5,2,14,9,18,False,2,False,2.2,3,2,0,0,3.267
Bug Fix,Low,Senior,Other,Low,13,2,3,26,4,15,False,3,False,3.25,0,2,0,0,5.5996875
Refactoring,Low,Mid,Java,Critical,7,5,1,14,1,17,False,2,False,2.75,4,0,0,1,2.23061781
Code Review,Medium,Senior,Java,High,13,4,2,26,1,13,False,1,False,3.0625,3,0,0,1,4.5336375
Feature Dev,Medium,Mid,JavaScript,Low,10,4,3,20,5,14,False,2,False,3.625,2,0,2,0,4.41744188
Documentation,Medium,Tech Lead,Go,Low,10,4,1,20,8,11,True,2,False,3.875,0,3,1,0,4.41662977
Design Review,Medium,Senior,Java,Critical,9,3,2,18,8,14,True,1,False,3.58333333,2,0,0,1,3.12300625
Code Review,High,Senior,Java,Medium,13,2,0,26,6,16,True,0,False,3.25,0,2,0,0,5.8865625
Code Review,High,Senior,JavaScript,Critical,9,4,1,18,10,12,True,3,True,3.625,2,0,2,0,3.89169504
Bug Fix,Medium,Senior,Go,High,6,5,1,12,7,14,True,3,False,3.2,3,0,2,0,2.3797557
Documentation,Medium,Tech Lead,JavaScript,High,9,3,1,18,9,11,False,3,False,4.33333333,1,0,2,0,3.026565
Bug Fix,High,Tech Lead,Other,Low,4,5,1,8,10,13,False,2,False,3.8,1,3,0,1,2.0825805
Testing,High,Junior,Python,Low,7,4,0,14,2,15,True,1,False,4.0625,1,1,2,0,3.23280746
Deployment,Medium,Mid,Java,Critical,5,4,0,10,8,13,True,2,False,3.0,2,1,1,0,1.80936525
Feature Dev,Medium,Senior,Java,High,8,3,2,16,5,15,False,0,False,2.08333333,2,1,0,0,3.136875
Deployment,High,Tech Lead,Java,High,12,2,1,24,3,10,True,2,False,1.5,2,0,0,0,5.68582875
Client Meeting,Medium,Tech Lead,Go,High,4,4,2,8,9,12,True,3,False,3.0,2,1,1,0,1.9157985
Deployment,Medium,Junior,C++,Medium,10,4,0,20,3,9,False,3,True,4.125,2,0,1,1,3.8892425
Design Review,Medium,Mid,C++,Critical,4,3,3,8,6,16,True,0,False,4.16666667,1,1,0,1,1.54984484
Feature Dev,High,Mid,Python,High,13,5,3,26,7,12,False,3,False,3.05,2,2,1,0,5.56683728
Testing,High,Junior,Java,Low,11,2,3,22,4,10,True,2,False,1.5,2,0,0,0,6.75992625
Code Review,High,Senior,JavaScript,Critical,5,5,0,10,10,14,True,2,True,2.55,2,3,0,0,2.38687969
Code Review,High,Junior,C++,Low,8,4,3,16,2,14,False,3,False,3.5,2,1,0,1,4.28214875
Design Review,Medium,Junior,Java,Medium,3,5,3,6,5,10,True,2,False,4.3,1,2,1,1,1.5815835
Testing,High,Junior,Go,High,2,4,2,4,6,15,False,1,False,4.0625,1,1,2,0,1.00155825
Code Review,Medium,Mid,Java,Critical,6,5,0,12,6,14,False,2,False,3.9,1,2,2,0,1.880047
Testing,Medium,Tech Lead,C++,Low,9,2,1,18,4,14,False,3,True,2.375,1,1,0,0,4.80861563
Documentation,High,Senior,Other,Critical,8,5,2,16,2,13,False,3,False,3.25,0,5,0,0,3.410625
Testing,Medium,Senior,Other,Critical,3,3,1,6,7,10,True,0,False,2.91666667,2,0,1,0,1.11516202
Deployment,Low,Mid,Other,Critical,8,2,2,16,2,10,True,2,False,1.5,2,0,0,0,3.09206625
Client Meeting,High,Senior,C++,Medium,2,3,0,4,10,16,True,1,False,2.08333333,2,1,0,0,1.0665375
Code Review,Low,Senior,C++,High,5,2,1,10,9,10,True,3,False,1.5,2,0,0,0,2.17940625
Client Meeting,Low,Mid,Other,Medium,2,4,0,4,2,15,False,2,False,3.25,0,4,0,0,0.8625
Deployment,Medium,Mid,Python,Low,11,4,1,22,2,16,False,0,False,2.375,2,2,0,0,4.91115625
Refactoring,Medium,Tech Lead,JavaScript,Critical,6,5,2,12,9,17,False,2,False,2.7,3,1,1,0,2.30736325
Bug Fix,High,Tech Lead,JavaScript,High,5,2,3,10,8,17,True,2,False,3.25,0,2,0,0,2.61351563
Bug Fix,Medium,Senior,Python,High,2,5,1,4,6,16,True,3,False,3.05,2,2,1,0,1.08565734
Refactoring,High,Tech Lead,Java,Low,3,2,1,6,2,18,False,1,False,1.5,2,0,0,0,1.837825
Deployment,Low,Mid,Java,Low,5,4,1,10,7,18,False,3,True,1.9375,3,1,0,0,2.73100781
Design Review,Medium,Senior,Go,Low,7,4,2,14,8,12,False,0,False,4.0625,1,1,2,0,2.87484313
Refactoring,Medium,Tech Lead,JavaScript,Low,13,4,2,26,1,11,False,2,False,1.9375,3,1,0,0,6.28959375
Deployment,High,Senior,Python,Medium,11,2,3,22,2,17,True,3,False,1.5,2,0,0,0,6.2530125
Feature Dev,High,Tech Lead,Other,Medium,12,4,0,24,5,12,True,2,False,4.125,2,0,1,1,4.9384335
Code Review,Medium,Junior,Python,High,8,5,0,16,9,17,False,1,True,3.9,1,2,2,0,2.7792369
Bug Fix,High,Tech Lead,Other,Critical,13,3,2,26,8,9,True,0,False,4.16666667,1,1,0,1,4.74781737
Documentation,Low,Mid,Java,Medium,4,4,0,8,8,13,True,2,False,3.5,2,1,0,1,1.5132075
Design Review,High,Tech Lead,JavaScript,Medium,1,5,0,2,9,10,False,0,False,2.55,2,3,0,0,0.5
Feature Dev,High,Tech Lead,Python,Medium,3,3,2,6,5,17,False,0,True,2.08333333,2,1,0,0,1.8403
Documentation,Low,Senior,Java,High,4,2,2,8,6,9,True,0,False,2.375,1,1,0,0,1.61346938
Testing,Medium,Mid,Go,Medium,4,5,0,8,2,11,False,3,False,4.45,2,0,2,1,1.4838525
Bug Fix,High,Tech Lead,Other,High,3,4,3,6,9,18,False,0,False,4.5,0,2,2,0,1.3546575
Client Meeting,Medium,Junior,Java,High,2,3,3,4,4,17,False,0,False,4.33333333,1,0,2,0,0.934125
Bug Fix,Medium,Senior,Go,Low,12,5,2,24,9,18,False,0,False,4.3,1,2,1,1,4.567662
Client Meeting,High,Tech Lead,Python,High,9,3,2,18,10,10,False,1,False,2.66666667,1,2,0,0,3.9498
Code Review,Medium,Senior,Go,Low,11,3,1,22,7,16,True,1,False,1.5,3,0,0,0,5.50501875
Bug Fix,Medium,Junior,Java,Critical,11,4,1,22,2,17,True,0,False,3.625,2,0,2,0,3.50707317
Bug Fix,High,Tech Lead,Other,Critical,13,2,3,26,2,13,False,3,False,2.375,1,1,0,0,5.61324062
Refactoring,High,Senior,Other,High,12,3,0,24,8,14,True,3,False,4.33333333,1,0,2,0,4.5667503
Design Review,High,Senior,Other,Critical,8,3,0,16,3,15,True,3,False,3.5,1,1,1,0,3.18716659
Bug Fix,Medium,Senior,JavaScript,Medium,6,4,0,12,10,16,False,3,True,4.5625,1,1,1,1,2.38231125
Bug Fix,Medium,Mid,JavaScript,Critical,4,2,2,8,3,13,True,1,False,4.5,0,1,1,0,1.51501875
Bug Fix,High,Senior,C++,Critical,6,2,0,12,3,16,False,2,False,5.75,0,0,2,0,2.010284
Documentation,High,Junior,JavaScript,Medium,9,5,2,18,9,18,False,0,False,3.9,1,2,2,0,3.777108
Client Meeting,Low,Junior,Java,Critical,11,5,2,22,4,14,False,0,False,3.8,1,3,0,1,3.1303545
Bug Fix,High,Senior,Python,Medium,1,5,2,2,7,11,False,3,False,5.15,0,2,2,1,0.80189
Client Meeting,Medium,Tech Lead,Other,High,9,2,2,18,1,12,True,0,False,3.625,1,0,1,0,3.28447153
Deployment,Medium,Tech Lead,JavaScript,High,4,2,2,8,3,13,False,0,False,5.75,0,0,2,0,1.36629
Refactoring,Medium,Mid,Python,Critical,6,3,2,12,9,14,False,0,False,5.58333333,0,1,1,1,1.79469
Deployment,High,Junior,Python,Medium,8,2,1,16,9,15,False,1,False,2.375,1,1,0,0,3.8563125
Bug Fix,High,Mid,JavaScript,Low,7,4,2,14,1,16,False,1,True,3.4375,1,2,1,0,3.94341193
Testing,Low,Senior,Other,Critical,1,3,3,2,1,13,True,3,True,2.08333333,2,1,0,0,1.08520191
Bug Fix,High,Tech Lead,Go,Critical,2,2,3,4,4,14,False,2,True,3.625,1,0,1,0,1.30821869
Bug Fix,Medium,Senior,Other,High,8,3,0,16,1,18,True,2,False,2.66666667,1,2,0,0,3.1059
Documentation,Low,Senior,Other,Critical,1,2,2,2,6,9,True,3,False,3.25,0,2,0,0,0.80325
Documentation,Medium,Mid,JavaScript,Critical,13,4,2,26,8,12,False,3,False,3.9375,1,2,0,1,4.22978594
Code Review,High,Senior,Java,High,5,5,2,10,5,12,True,0,False,4.25,0,3,2,0,2.04975225
Code Review,Medium,Tech Lead,Go,Medium,3,3,1,6,3,10,True,1,False,2.91666667,2,0,1,0,1.40913719
Bug Fix,Medium,Junior,Other,Medium,12,3,2,24,5,14,False,1,False,4.16666667,1,1,0,1,4.40483333
Client Meeting,High,Junior,Other,Medium,12,5,1,24,4,14,True,3,False,4.3,1,2,1,1,5.1038127
Refactoring,High,Mid,Java,Low,10,2,3,20,3,12,False,1,False,1.5,2,0,0,0,5.806625
Bug Fix,High,Mid,C++,Medium,7,2,1,14,9,15,True,2,False,3.625,1,0,1,0,3.34061634
Client Meeting,Low,Mid,C++,High,9,5,0,18,4,16,True,3,False,1.85,4,1,0,0,3.37038975
Deployment,Medium,Mid,C++,Medium,2,4,3,4,4,15,False,2,False,4.5625,1,1,1,1,1.16308125
Design Review,Medium,Senior,Other,Low,5,5,2,10,8,10,True,3,False,3.6,3,0,1,1,2.5417392
Bug Fix,High,Tech Lead,C++,Low,3,5,1,6,9,10,True,3,False,3.05,2,2,1,0,1.94260287
Refactoring,High,Tech Lead,C++,Critical,3,5,2,6,5,15,True,1,False,4.3,1,2,1,1,1.29347883
Client Meeting,Medium,Senior,C++,Low,5,5,3,10,10,13,False,2,False,4.15,0,4,0,1,2.47155563
Testing,High,Senior,Other,Medium,4,3,0,8,1,13,False,3,False,5.0,1,0,1,1,1.67348
Bug Fix,Medium,Junior,Python,High,1,5,3,2,7,12,True,0,True,3.05,2,2,1,0,0.81207169
Testing,Medium,Junior,Java,Low,12,5,2,24,7,11,True,1,False,3.05,2,2,1,0,5.51996445
Feature Dev,High,Mid,JavaScript,High,13,4,0,26,8,18,False,1,False,2.8125,1,3,0,0,5.2497
Testing,Low,Tech Lead,C++,Low,7,4,2,14,1,13,False,3,False,1.9375,3,1,0,0,3.442725
Design Review,Medium,Mid,JavaScript,High,2,3,0,4,1,12,False,3,False,4.91666667,0,1,2,0,0.7948875
Documentation,High,Senior,Other,Low,11,3,2,22,7,15,True,2,False,2.08333333,2,1,0,0,6.3950425
Feature Dev,High,Tech Lead,Go,High,6,4,0,12,6,13,False,2,True,2.375,2,2,0,0,2.875455
Feature Dev,High,Tech Lead,Java,Critical,10,3,0,20,3,18,True,1,False,3.25,0,3,0,0,3.93257812
Testing,High,Junior,Go,Medium,10,2,1,20,10,14,False,3,False,1.5,2,0,0,0,5.17625
Code Review,Low,Tech Lead,Java,Medium,2,2,0,4,3,10,False,3,True,2.375,1,1,0,0,1.1009625
Refactoring,Medium,Junior,JavaScript,Low,5,5,3,10,4,9,False,2,False,1.5,5,0,0,0,2.987875
Design Review,High,Tech Lead,Other,Medium,12,2,0,24,3,9,True,3,False,2.375,1,1,0,0,5.99641875
Design Review,Medium,Tech Lead,Other,High,2,5,3,4,1,10,False,2,True,3.95,2,1,1,1,1.19189565
Testing,Medium,Junior,C++,Medium,7,5,0,14,10,9,False,1,False,1.85,4,1,0,0,2.92175
Bug Fix,Low,Junior,Go,Low,8,4,3,16,8,9,False,0,False,2.8125,1,3,0,0,3.51419063
Testing,Medium,Tech Lead,Go,Medium,3,2,3,6,3,15,True,2,False,3.625,1,0,1,0,1.73113172
Documentation,Medium,Junior,Other,Critical,10,3,3,20,6,14,True,3,False,1.5,3,0,0,0,4.34535938
Deployment,High,Junior,Go,Medium,4,4,1,8,4,14,False,0,False,4.125,2,0,1,1,1.6362775
Feature Dev,Medium,Junior,C++,High,6,4,1,12,4,15,False,2,True,2.8125,1,3,0,0,2.61189844
Bug Fix,Medium,Junior,Python,Critical,2,4,3,4,6,12,False,0,True,1.9375,3,1,0,0,1.17240234
Code Review,High,Junior,JavaScript,High,1,5,2,2,8,16,True,2,True,3.4,1,3,1,0,0.90022363
Refactoring,High,Mid,Python,Low,10,4,1,20,1,9,False,0,False,4.375,0,3,0,1,4.37430469
Refactoring,Medium,Mid,Java,Critical,1,3,2,2,4,9,False,1,False,4.16666667,1,1,0,1,0.57601667
Bug Fix,High,Junior,Go,Critical,2,2,1,4,10,17,True,2,False,4.5,0,1,1,0,0.96203691
Deployment,Medium,Junior,Java,Critical,7,4,0,14,2,18,True,1,False,5.0,0,2,1,1,2.0240115
Documentation,High,Junior,Go,Critical,10,5,2,20,5,11,False,2,False,2.55,2,3,0,0,4.2157875
Documentation,Low,Junior,Other,Low,6,3,3,12,5,14,False,0,False,3.58333333,2,0,0,1,2.51152688
Feature Dev,Low,Mid,Other,Medium,13,3,3,26,10,11,True,1,False,4.16666667,1,1,0,1,4.65175812
Design Review,Medium,Junior,JavaScript,Critical,3,3,0,6,9,11,True,3,False,2.08333333,2,1,0,0,1.33317188
Feature Dev,High,Senior,Other,Medium,11,5,2,22,9,18,False,1,False,2.55,2,3,0,0,5.30985
Design Review,High,Senior,Other,Low,1,4,3,2,4,9,False,2,False,3.4375,1,2,1,0,1.09924341
Design Review,High,Mid,Other,Medium,1,5,2,2,3,18,True,1,False,4.8,1,1,2,1,0.6911562
Code Review,High,Mid,Python,Critical,3,2,1,6,3,10,True,0,False,2.375,1,1,0,0,1.33992141
Design Review,Low,Tech Lead,C++,High,13,3,2,26,10,9,False,3,True,2.66666667,1,2,0,0,5.05296
Bug Fix,Medium,Mid,Java,Critical,4,3,2,8,2,11,False,3,False,4.16666667,1,1,0,1,1.58404583
Refactoring,Low,Senior,JavaScript,Medium,5,3,1,10,5,18,True,2,False,2.08333333,2,1,0,0,2.24809375
Refactoring,Medium,Senior,Go,High,2,3,2,4,1,12,False,3,True,1.5,3,0,0,0,1.42065
Code Review,Medium,Senior,Go,High,7,2,0,14,10,12,False,3,False,5.75,0,0,2,0,2.22921
Deployment,Low,Senior,C++,High,3,4,2,6,6,18,True,0,True,3.5,2,1,0,1,1.26057566
Testing,Medium,Junior,JavaScript,Medium,6,2,0,12,3,16,False,3,False,1.5,2,0,0,0,2.7675
Feature Dev,Low,Junior,Java,Low,5,2,3,10,3,11,True,3,True,1.5,2,0,0,0,3.32076938
Testing,Low,Senior,Go,Low,7,3,0,14,1,17,False,3,True,4.16666667,1,1,0,1,2.89041775
Bug Fix,Low,Junior,Go,Medium,8,2,2,16,9,17,False,0,False,3.25,0,2,0,0,2.98125
Code Review,Medium,Mid,Java,Critical,1,3,0,2,6,14,True,1,False,4.08333333,0,2,1,0,0.5
Bug Fix,High,Senior,Other,Low,5,5,1,10,10,14,False,2,True,3.05,2,2,1,0,2.94701399
Testing,High,Tech Lead,Java,Medium,13,2,3,26,7,15,False,0,False,3.25,0,2,0,0,6.028125
Code Review,Medium,Tech Lead,Python,High,3,3,0,6,8,17,False,3,False,2.08333333,2,1,0,0,1.344375
Design Review,Medium,Junior,Go,High,7,5,0,14,6,14,False,3,False,3.05,2,2,1,0,2.56421925
Client Meeting,Medium,Mid,Java,High,2,2,3,4,1,13,False,2,False,3.625,1,0,1,0,1.16299969
Design Review,Low,Junior,Java,Medium,8,5,2,16,8,12,True,2,False,2.75,4,0,0,1,3.24511688
Client Meeting,Low,Mid,Other,Low,8,2,3,16,10,15,True,0,True,2.375,1,1,0,0,4.15143816
Design Review,High,Tech Lead,C++,Medium,10,2,1,20,6,17,False,2,False,1.5,2,0,0,0,5.07375
Refactoring,Medium,Tech Lead,Go,Medium,5,4,0,10,6,14,False,3,False,4.0625,1,1,2,0,1.93904375
Testing,High,Junior,Python,High,5,4,3,10,8,13,False,2,False,2.8125,1,3,0,0,2.54714063
Testing,High,Senior,Python,Critical,3,5,3,6,2,14,True,0,False,3.45,2,2,0,1,1.43911943
Client Meeting,Medium,Senior,Python,Low,13,2,0,26,4,10,False,0,True,2.375,1,1,0,0,6.174025
Code Review,Low,Senior,Go,Low,7,3,0,14,8,13,False,2,False,4.75,0,2,0,1,2.45157
Refactoring,High,Mid,Other,Medium,2,2,2,4,8,17,True,3,True,2.375,1,1,0,0,1.7226825
Deployment,Medium,Mid,C++,Low,8,3,1,16,6,12,False,0,False,2.08333333,2,1,0,0,3.66964583
Documentation,Low,Mid,C++,Medium,11,3,2,22,2,10,False,2,True,3.25,0,3,0,0,4.599375
Feature Dev,Medium,Mid,Other,High,4,3,2,8,3,12,True,1,False,2.91666667,2,0,1,0,1.74927375
Deployment,High,Mid,Other,Critical,10,3,1,20,9,15,False,3,False,2.66666667,1,2,0,0,4.14941667
Code Review,Medium,Mid,Go,High,7,2,2,14,5,15,True,0,True,2.375,1,1,0,0,3.16202906
Code Review,Low,Tech Lead,Other,Critical,7,3,1,14,2,10,False,0,False,3.58333333,2,0,0,1,1.98533969
Design Review,Medium,Tech Lead,Other,Medium,13,3,2,26,3,11,True,1,False,2.91666667,2,0,1,0,5.442185
Testing,High,Senior,Other,Medium,6,5,2,12,5,15,False,3,False,4.8,1,1,2,1,2.571744
Deployment,Low,Mid,Go,Low,3,5,1,6,1,9,False,3,False,1.85,4,1,0,0,1.6956225
Bug Fix,Medium,Tech Lead,Go,Medium,5,3,0,10,5,16,False,2,True,3.58333333,2,0,0,1,2.11699583
Design Review,Low,Tech Lead,Java,Low,4,4,3,8,10,15,True,3,False,2.8125,1,3,0,0,2.42669109
Design Review,Medium,Mid,Go,High,12,5,0,24,3,18,False,2,True,3.75,0,4,1,0,4.38136875
Testing,Medium,Senior,Python,Critical,2,4,2,4,2,16,True,3,False,3.25,0,4,0,0,1.17140625
Documentation,High,Junior,Java,Low,6,4,1,12,1,14,True,2,False,4.0625,1,1,2,0,3.02832265
Design Review,Medium,Junior,Java,Low,10,4,3,20,4,12,False,1,False,2.5625,3,0,1,0,4.71830734
Deployment,Medium,Senior,Python,Medium,13,2,1,26,2,14,False,2,False,3.625,1,0,1,0,4.94609063
Bug Fix,Medium,Junior,Go,High,11,2,1,22,9,12,False,2,False,1.5,2,0,0,0,4.381875
Client Meeting,High,Mid,Go,Critical,4,2,2,8,5,16,False,1,False,2.375,1,1,0,0,1.8683
Testing,Medium,Senior,Python,Low,1,2,0,2,3,15,False,3,False,1.5,2,0,0,0,0.78925
Code Review,High,Junior,Go,Low,8,4,2,16,7,16,False,0,True,4.5,0,2,2,0,3.9609955
Bug Fix,Medium,Mid,Python,High,6,5,1,12,9,14,False,1,False,2.55,2,3,0,0,2.3194125
Deployment,Low,Senior,Other,Low,9,5,1,18,3,17,True,3,False,1.5,5,0,0,0,4.36849875
Code Review,High,Mid,Go,Critical,1,2,3,2,2,10,True,1,False,2.375,1,1,0,0,0.88452328
Client Meeting,Medium,Junior,Other,Critical,12,3,3,24,9,9,False,3,False,4.75,0,2,0,1,3.86540156
Design Review,Medium,Mid,Other,Medium,6,4,2,12,6,18,False,2,True,3.4375,1,2,1,0,2.87189719
Code Review,High,Tech Lead,JavaScript,High,3,3,2,6,8,15,False,1,False,4.08333333,0,2,1,0,1.39207125
Feature Dev,Medium,Mid,JavaScript,Low,13,3,3,26,8,14,False,3,False,4.91666667,0,1,2,0,5.25508958
Code Review,High,Senior,Python,High,2,5,2,4,4,12,False,2,False,3.45,2,2,0,1,1.12607775
Code Review,High,Junior,Python,High,4,2,1,8,10,11,True,1,False,1.5,2,0,0,0,2.02442625
Bug Fix,Medium,Junior,Python,High,4,2,2,8,4,18,True,2,False,3.625,1,0,1,0,1.76856159
Deployment,Medium,Senior,Java,High,11,2,1,22,9,9,False,3,False,2.375,1,1,0,0,4.28315625
Refactoring,Medium,Mid,C++,Critical,12,2,2,24,8,12,False,2,False,1.5,2,0,0,0,4.617625
Deployment,High,Junior,Go,Low,10,4,3,20,4,10,False,1,False,4.375,0,3,0,1,4.74266719
Testing,Medium,Tech Lead,JavaScript,High,13,3,3,26,1,13,False,3,True,2.08333333,2,1,0,0,5.86595625
Feature Dev,Medium,Mid,C++,Critical,9,4,3,18,6,15,True,3,False,3.4375,1,2,1,0,3.49522942
Documentation,High,Tech Lead,Java,Low,11,5,2,22,9,13,True,0,False,2.55,2,3,0,0,6.020553
Design Review,High,Tech Lead,Python,High,12,3,3,24,8,15,False,2,False,2.91666667,2,0,1,0,5.13953287
Client Meeting,High,Mid,Python,Medium,7,5,0,14,1,14,True,3,False,3.95,2,1,1,1,3.0687888
Testing,High,Junior,Python,Low,1,2,2,2,1,14,True,3,False,2.375,1,1,0,0,1.20134438
Feature Dev,High,Senior,Go,Medium,12,2,1,24,1,11,True,1,False,2.375,1,1,0,0,5.94490313
Code Review,High,Mid,Python,Low,4,5,1,8,8,11,False,2,True,3.05,2,2,1,0,2.43545684
Code Review,Low,Junior,C++,Critical,13,3,0,26,1,11,False,0,False,2.66666667,1,2,0,0,3.8454
Bug Fix,High,Tech Lead,C++,High,2,2,3,4,10,11,True,3,False,1.5,2,0,0,0,1.61760375
Deployment,High,Mid,Python,Medium,10,4,3,20,6,9,False,1,False,4.5625,1,1,1,1,4.13094375
Bug Fix,High,Mid,Java,Low,4,4,1,8,9,18,False,2,False,3.0,2,1,1,0,2.2198935
Client Meeting,High,Senior,C++,High,9,4,0,18,8,11,False,0,False,4.0625,1,1,2,0,3.14125088
Deployment,High,Senior,JavaScript,High,4,5,2,8,3,12,False,2,False,3.05,2,2,1,0,1.93557195
Refactoring,High,Senior,Java,Critical,1,5,1,2,7,10,False,1,False,3.05,2,2,1,0,0.55466176
Design Review,High,Tech Lead,JavaScript,Medium,5,2,3,10,6,14,False,3,False,4.5,0,1,1,0,2.5886875
Bug Fix,High,Tech Lead,Other,Low,9,4,1,18,2,12,False,3,False,2.375,2,2,0,0,4.95433125
Client Meeting,Medium,Tech Lead,Other,Critical,13,4,0,26,1,13,True,1,True,2.5625,3,0,1,0,4.9052249
Client Meeting,High,Senior,Java,Critical,2,4,1,4,4,11,True,2,False,2.8125,1,3,0,0,1.08742758
Bug Fix,High,Mid,Java,Medium,7,2,2,14,7,18,True,2,False,2.375,1,1,0,0,3.8327625
Client Meeting,Medium,Senior,Java,High,3,4,2,6,10,9,False,1,False,4.5,0,2,2,0,1.1844
Deployment,Medium,Junior,Python,High,10,5,0,20,7,15,True,0,False,3.55,2,1,2,0,3.277827
Refactoring,Medium,Junior,C++,Medium,3,5,0,6,1,18,False,2,False,3.8,1,3,0,1,1.2103
Design Review,High,Junior,Python,Low,2,3,2,4,2,13,False,1,False,5.58333333,0,1,1,1,1.135464
Documentation,Medium,Junior,C++,High,13,2,0,26,2,9,False,2,False,3.25,0,2,0,0,4.55625
Feature Dev,Low,Junior,C++,Low,8,2,2,16,2,10,False,3,False,3.25,0,2,0,0,3.58875
Bug Fix,Medium,Mid,C++,Medium,4,2,2,8,8,11,False,2,False,2.375,1,1,0,0,2.060625
Bug Fix,Low,Mid,JavaScript,High,3,2,3,6,8,9,False,3,True,1.5,2,0,0,0,1.8569925
Documentation,Low,Tech Lead,Other,High,10,2,3,20,5,17,True,3,False,3.25,0,2,0,0,3.85382812
Feature Dev,Medium,Mid,Python,Medium,1,4,2,2,5,14,False,0,False,4.0625,1,1,2,0,0.59014375
Feature Dev,Medium,Tech Lead,C++,Critical,11,2,1,22,6,16,True,3,False,3.625,1,0,1,0,3.85761649
Design Review,High,Senior,Python,Low,8,4,2,16,2,12,True,3,True,3.0,2,1,1,0,5.01087741
Bug Fix,Medium,Junior,Other,Medium,1,5,0,2,6,11,True,3,False,3.95,2,1,1,1,0.6102705
Documentation,High,Mid,Go,Medium,9,2,1,18,2,10,True,2,False,3.625,1,0,1,0,4.20150347
Code Review,High,Senior,Other,High,5,5,2,10,1,11,False,1,False,3.05,2,2,1,0,2.23335225
Documentation,Low,Senior,C++,Critical,2,3,3,4,5,15,False,1,False,3.25,0,3,0,0,1.01203125
Code Review,Medium,Mid,C++,Critical,1,5,0,2,7,15,False,0,False,1.85,4,1,0,0,0.5
Deployment,High,Senior,Other,High,9,4,2,18,9,13,True,2,False,2.375,2,2,0,0,4.302585
Design Review,Medium,Mid,Java,Medium,10,2,3,20,10,11,True,1,False,4.5,0,1,1,0,4.05490313
Deployment,Low,Senior,Other,Low,13,2,3,26,9,9,False,2,False,2.375,1,1,0,0,5.75306875
Testing,High,Tech Lead,Other,Medium,9,3,3,18,4,16,True,0,False,2.08333333,2,1,0,0,4.79941875
Bug Fix,Medium,Tech Lead,Java,Low,9,2,1,18,10,13,False,3,False,3.25,0,2,0,0,4.1765625
Code Review,Medium,Mid,Go,Medium,5,5,0,10,6,10,True,2,False,3.55,2,1,2,0,2.0031165
Refactoring,High,Junior,Java,High,11,4,0,22,6,13,False,0,False,5.0,0,2,1,1,3.561228
Code Review,High,Senior,JavaScript,High,2,5,3,4,7,17,True,0,False,3.95,2,1,1,1,1.0749479
Client Meeting,Low,Senior,Other,Critical,13,2,0,26,1,15,False,1,False,2.375,1,1,0,0,3.98681875
Feature Dev,High,Tech Lead,Python,Medium,2,5,0,4,1,11,False,2,False,3.95,2,1,1,1,0.929936
Code Review,High,Junior,Go,Low,10,5,3,20,3,12,True,3,False,2.55,2,3,0,0,6.00932063
Code Review,High,Senior,C++,High,11,5,3,22,10,13,False,2,False,3.9,1,2,2,0,4.3717473
Client Meeting,High,Senior,Python,High,7,5,0,14,4,17,False,0,False,3.95,2,1,1,1,2.4062094
Feature Dev,Low,Mid,JavaScript,High,3,4,0,6,6,18,False,2,False,2.375,2,2,0,0,1.1304
Deployment,Medium,Mid,Go,High,11,5,1,22,9,12,False,1,False,2.35,4,0,1,0,3.98840963
Design Review,Medium,Junior,Python,Medium,4,4,2,8,8,14,False,2,False,1.9375,3,1,0,0,2.1065625
Deployment,Medium,Junior,JavaScript,Low,2,4,2,4,1,13,True,1,True,1.9375,3,1,0,0,1.52936438
Bug Fix,Medium,Senior,JavaScript,High,3,5,3,6,4,11,False,2,False,3.4,1,3,1,0,1.5019965
Design Review,High,Junior,Go,Low,12,3,2,24,9,16,True,0,False,2.91666667,2,0,1,0,6.22158364
Testing,Medium,Tech Lead,JavaScript,High,4,5,1,8,4,17,True,0,False,2.2,3,2,0,0,1.6372125
Feature Dev,High,Tech Lead,Python,High,11,4,3,22,9,14,False,1,False,3.4375,1,2,1,0,4.54552003
Deployment,Medium,Tech Lead,JavaScript,Low,2,3,1,4,4,17,True,1,True,3.58333333,2,0,0,1,1.16699395
Code Review,Medium,Mid,Python,High,4,2,1,8,2,13,True,1,False,3.625,1,0,1,0,1.55801855
Deployment,Medium,Senior,Java,High,10,2,0,20,4,18,False,3,False,2.375,1,1,0,0,3.7974375
Deployment,Medium,Senior,JavaScript,Low,7,5,1,14,3,18,True,0,False,4.3,1,2,1,1,2.77418295
Documentation,Medium,Tech Lead,Java,Critical,8,3,1,16,6,10,False,1,False,3.5,1,1,1,0,2.63118562
Deployment,Medium,Junior,JavaScript,Medium,6,3,0,12,9,11,False,2,True,6.41666667,0,0,2,1,2.16359
Feature Dev,High,Senior,Java,Medium,5,3,2,10,3,14,False,1,True,3.58333333,2,0,0,1,2.59813125
Documentation,Medium,Junior,JavaScript,Low,1,2,3,2,6,12,False,2,True,2.375,1,1,0,0,1.24667813
Bug Fix,High,Senior,Other,Critical,10,2,3,20,4,12,True,0,False,4.5,0,1,1,0,3.82542234
Refactoring,Medium,Senior,Python,Low,5,5,2,10,4,15,False,3,False,3.4,1,3,1,0,2.580006
Feature Dev,Medium,Junior,Other,Medium,13,3,2,26,4,12,True,2,False,3.5,1,1,1,0,5.37004125
Deployment,Medium,Mid,Python,Medium,3,5,0,6,2,13,False,2,True,3.45,2,2,0,1,1.3569325
Client Meeting,High,Senior,Python,Low,6,2,2,12,6,13,False,2,True,2.375,1,1,0,0,3.87063875
Deployment,High,Tech Lead,C++,Medium,3,3,1,6,9,17,True,3,True,3.5,1,1,1,0,1.89647246
Testing,Medium,Mid,JavaScript,Critical,11,5,3,22,1,15,True,2,False,3.1,3,1,0,1,4.04627147
Code Review,Medium,Tech Lead,Go,Critical,13,3,1,26,7,16,False,3,False,4.08333333,0,2,1,0,4.1731724
Documentation,Medium,Mid,Go,High,12,3,0,24,9,11,False,1,False,3.5,1,1,1,0,3.9568725
Bug Fix,Low,Junior,Go,Medium,7,2,1,14,8,16,True,1,True,2.375,1,1,0,0,3.13936219
Refactoring,High,Junior,JavaScript,High,3,4,0,6,3,15,True,3,False,4.5625,1,1,1,1,1.27345365
Code Review,Medium,Mid,Other,Low,3,5,2,6,9,15,True,1,False,3.45,2,2,0,1,1.628319
Testing,Medium,Senior,Other,Low,7,4,0,14,3,10,False,2,False,3.0,2,1,1,0,3.04095
Deployment,High,Tech Lead,Python,High,10,5,0,20,7,16,False,0,False,2.9,1,4,0,0,3.9537
Code Review,High,Senior,JavaScript,High,4,3,0,8,4,10,True,0,True,4.08333333,0,2,1,0,1.66203923
Feature Dev,High,Senior,Java,Critical,3,2,0,6,6,18,False,0,False,2.375,1,1,0,0,1.15100625
Client Meeting,High,Mid,C++,Low,6,3,0,12,10,11,False,2,False,4.75,0,2,0,1,2.667885
Documentation,Low,Senior,Other,Low,8,2,0,16,4,17,True,1,False,2.375,1,1,0,0,3.37736438
Code Review,High,Mid,Java,Critical,4,3,1,8,3,18,False,0,False,3.5,1,1,1,0,1.51769837
Documentation,High,Tech Lead,Other,Critical,13,5,3,26,2,16,False,3,False,3.95,2,1,1,1,4.74973115
Refactoring,Medium,Junior,C++,High,12,4,3,24,4,16,False,0,False,3.0,2,1,1,0,4.3540875
Bug Fix,Medium,Tech Lead,C++,High,10,3,1,20,1,11,False,2,False,5.0,1,0,1,1,3.06153
Design Review,Medium,Junior,C++,Critical,4,3,3,8,7,13,False,0,True,2.66666667,1,2,0,0,1.85285833
Deployment,High,Junior,Python,High,1,4,2,2,9,9,False,2,False,3.625,2,0,2,0,0.746172
Feature Dev,Low,Tech Lead,Go,Medium,3,3,1,6,1,10,False,0,False,2.66666667,1,2,0,0,1.189
Documentation,High,Mid,Python,Critical,9,3,3,18,10,15,True,3,False,2.66666667,1,2,0,0,4.2188475
Feature Dev,Medium,Senior,Go,Low,6,3,1,12,3,17,False,1,True,2.08333333,2,1,0,0,3.19313958
Design Review,High,Tech Lead,JavaScript,Critical,12,4,3,24,4,11,False,1,False,2.8125,1,3,0,0,4.94989531
Deployment,Medium,Tech Lead,JavaScript,High,4,2,0,8,8,13,False,2,True,3.625,1,0,1,0,1.58809613
Testing,Medium,Tech Lead,Other,Medium,6,3,3,12,9,13,False,2,False,2.08333333,2,1,0,0,3.03729167
Deployment,Medium,Mid,C++,Low,9,4,0,18,8,11,True,0,False,2.5625,3,0,1,0,3.91982456
Bug Fix,Medium,Mid,Go,High,7,4,0,14,2,16,False,3,False,1.5,4,0,0,0,2.85975
Testing,High,Mid,Java,Medium,2,3,3,4,6,13,True,3,True,2.66666667,1,2,0,0,1.864555
Design Review,Low,Junior,Python,Medium,6,4,0,12,5,9,False,3,False,2.375,2,2,0,0,2.413875
Testing,Medium,Senior,Go,High,5,2,3,10,10,12,False,2,False,2.375,1,1,0,0,2.34028125
Design Review,Low,Mid,Java,High,6,3,1,12,9,18,False,1,False,1.5,3,0,0,0,2.223225
Client Meeting,Low,Mid,Other,Medium,6,5,3,12,3,15,True,2,False,3.8,1,3,0,1,2.55070725
Design Review,Medium,Senior,Other,Medium,7,5,0,14,6,15,False,1,False,3.8,1,3,0,1,2.50705
Design Review,Medium,Mid,JavaScript,Critical,6,4,2,12,10,12,False,0,True,3.0,2,1,1,0,2.32632675
Client Meeting,High,Senior,Other,Low,11,2,1,22,9,15,False,3,False,2.375,1,1,0,0,5.94735625
Bug Fix,High,Tech Lead,Go,Low,11,3,2,22,6,15,False,3,False,2.66666667,1,2,0,0,6.01846667
Bug Fix,Medium,Junior,Go,Critical,2,2,3,4,5,9,False,2,False,4.5,0,1,1,0,1.04608438
Refactoring,Medium,Tech Lead,Python,Medium,5,5,1,10,7,12,False,3,False,3.6,3,0,1,1,2.07368
Documentation,High,Mid,Java,Low,10,2,0,20,6,17,False,0,True,1.5,2,0,0,0,5.70515
Testing,High,Junior,JavaScript,High,8,5,2,16,6,15,False,2,False,3.05,2,2,1,0,3.45756015
Design Review,Medium,Tech Lead,Go,Critical,8,3,0,16,7,16,True,1,True,2.08333333,2,1,0,0,3.22627594
Deployment,Medium,Tech Lead,Python,Critical,6,4,1,12,4,14,False,0,False,3.4375,1,2,1,0,1.95135961
Deployment,High,Senior,Python,Medium,13,5,0,26,4,9,False,1,False,4.45,2,0,2,1,4.748328
Code Review,Medium,Mid,Python,Medium,3,5,2,6,1,11,True,2,False,3.6,3,0,1,1,1.510824
Feature Dev,Medium,Mid,Other,Medium,9,5,2,18,1,14,True,2,True,3.2,3,0,2,0,4.1842878
Code Review,Medium,Mid,Go,Low,6,3,3,12,4,10,False,1,False,2.91666667,2,0,1,0,3.00338271
Client Meeting,High,Junior,Go,Low,4,4,0,8,7,17,False,2,True,5.1875,1,0,2,1,1.8673446
Deployment,High,Senior,Python,Medium,11,5,3,22,3,12,True,0,True,3.05,2,2,1,0,5.84903925
Testing,High,Junior,Python,Low,3,2,3,6,7,14,False,0,False,3.625,1,0,1,0,1.79396044
Feature Dev,Low,Senior,C++,Critical,6,2,0,12,10,17,True,3,False,3.25,0,2,0,0,2.05832813
Refactoring,Medium,Junior,C++,Low,9,4,3,18,10,13,True,0,False,3.0,2,1,1,0,4.31054663
Deployment,High,Junior,JavaScript,Critical,10,4,3,20,9,13,False,3,False,4.125,2,0,1,1,3.73918188
Deployment,High,Junior,C++,Critical,12,2,2,24,3,17,True,0,False,4.5,0,1,1,0,4.40870456
Deployment,Medium,Tech Lead,Go,High,7,5,3,14,8,17,True,3,True,2.75,4,0,0,1,3.37424948
Feature Dev,Low,Mid,Java,Low,4,4,0,8,8,9,True,3,True,1.9375,3,1,0,0,2.21757834
Feature Dev,Medium,Senior,JavaScript,Medium,7,2,1,14,4,18,False,1,True,1.5,2,0,0,0,3.438875
Feature Dev,High,Senior,Other,High,13,2,1,26,5,16,False,3,False,3.625,1,0,1,0,5.15730206
Deployment,Low,Senior,Other,High,4,4,0,8,2,14,True,2,True,2.8125,1,3,0,0,1.63552331
Documentation,High,Junior,Other,High,13,3,2,26,8,14,False,3,True,3.25,0,3,0,0,6.1070625
Bug Fix,Medium,Senior,Python,Critical,11,4,0,22,2,10,False,1,False,4.0625,1,1,2,0,3.22471406
Testing,Medium,Junior,Other,Medium,9,4,0,18,2,13,False,1,False,1.9375,3,1,0,0,3.7115625
Refactoring,High,Senior,Other,Low,3,2,2,6,2,15,True,2,True,3.25,0,2,0,0,2.23925625
Feature Dev,Low,Junior,JavaScript,Low,10,2,3,20,2,10,False,2,False,2.375,1,1,0,0,4.58734375
Code Review,Medium,Senior,Other,Medium,4,3,0,8,1,15,False,1,False,2.08333333,2,1,0,0,1.69291667
Feature Dev,Low,Senior,Other,Medium,2,4,0,4,3,16,False,0,True,2.375,2,2,0,0,0.77715
Documentation,Medium,Tech Lead,Other,High,10,3,2,20,9,15,False,2,True,2.08333333,2,1,0,0,4.4364375
Documentation,Medium,Junior,Go,High,9,4,3,18,9,10,True,0,False,2.8125,1,3,0,0,3.67176797
Feature Dev,High,Mid,Go,High,11,2,2,22,6,17,True,3,False,2.375,1,1,0,0,5.24841187
Feature Dev,High,Tech Lead,JavaScript,Critical,11,3,1,22,1,14,True,0,True,4.33333333,1,0,2,0,4.2470865
Refactoring,Medium,Mid,Go,Critical,4,2,2,8,3,16,True,1,False,2.375,1,1,0,0,1.75153125
Code Review,Medium,Tech Lead,JavaScript,Critical,3,3,1,6,9,14,False,3,False,4.16666667,1,1,0,1,1.18803437
Design Review,High,Junior,Other,High,1,4,3,2,3,18,False,3,False,3.4375,1,2,1,0,0.98040628
Code Review,Medium,Junior,Go,High,11,4,3,22,4,11,True,3,False,3.4375,1,2,1,0,4.38144377
Code Review,Medium,Junior,JavaScript,Low,5,5,0,10,6,16,False,3,False,2.2,3,2,0,0,2.5047
Refactoring,Low,Senior,C++,Medium,1,4,2,2,3,13,True,1,False,1.5,4,0,0,0,0.81795
Deployment,Medium,Tech Lead,Other,Medium,3,2,0,6,4,16,True,3,False,3.25,0,2,0,0,1.4765625
Bug Fix,Medium,Tech Lead,Python,High,2,4,0,4,2,11,False,1,True,3.5,2,1,0,1,0.78296625
Design Review,Low,Junior,C++,High,7,3,3,14,10,16,False,1,False,2.08333333,2,1,0,0,2.7514875
Design Review,Medium,Tech Lead,Java,Critical,7,5,3,14,3,18,False,2,False,3.05,2,2,1,0,2.69518744
Code Review,High,Senior,C++,Low,1,3,1,2,1,13,False,3,True,2.91666667,2,0,1,0,1.01911393
Testing,Medium,Mid,Python,Critical,13,4,2,26,4,12,False,1,False,2.8125,1,3,0,0,4.566625
Bug Fix,High,Senior,Java,Low,12,2,0,24,6,11,True,1,True,1.5,2,0,0,0,7.31871525
Refactoring,Low,Tech Lead,Other,Critical,1,3,0,2,3,14,True,1,True,1.5,3,0,0,0,0.5
Feature Dev,Medium,Mid,Other,High,4,3,3,8,6,17,False,1,False,3.5,1,1,1,0,1.73617875
Code Review,High,Tech Lead,JavaScript,Medium,12,3,1,24,5,15,False,0,True,4.33333333,1,0,2,0,5.178789
Code Review,High,Senior,C++,Medium,1,3,3,2,3,15,False,3,True,4.16666667,1,1,0,1,1.12746792
Deployment,Low,Senior,Go,Critical,1,3,2,2,4,15,False,3,False,2.08333333,2,1,0,0,0.8126
Code Review,Medium,Senior,Java,Low,6,3,1,12,8,15,False,3,False,2.91666667,2,0,1,0,2.90157312
Bug Fix,High,Tech Lead,Go,Critical,2,2,3,4,3,17,True,0,False,3.25,0,2,0,0,1.14630469
Code Review,Low,Tech Lead,JavaScript,High,2,3,0,4,6,15,True,2,False,3.25,0,3,0,0,0.8150625
Feature Dev,Medium,Tech Lead,Python,Low,9,3,0,18,6,13,False,1,False,4.33333333,1,0,2,0,3.37945667
Feature Dev,High,Junior,Go,High,2,3,1,4,6,18,False,2,True,5.0,1,0,1,1,0.9832086
Bug Fix,Low,Mid,Go,Low,4,3,3,8,7,12,False,3,False,1.5,3,0,0,0,2.469225
Feature Dev,Medium,Junior,Go,Low,9,5,2,18,2,15,False,0,True,3.1,3,1,0,1,4.23648225
Deployment,Medium,Senior,Python,Critical,1,3,0,2,9,11,False,0,False,5.0,1,0,1,1,0.5
Testing,Medium,Tech Lead,Python,Critical,12,4,2,24,10,10,False,0,False,4.5625,1,1,1,1,3.47721188
Client Meeting,Low,Senior,Java,High,8,4,0,16,5,10,False,3,True,3.9375,1,2,0,1,2.70105722
Design Review,Medium,Mid,Go,High,11,2,2,22,1,15,False,1,False,2.375,1,1,0,0,4.239
Deployment,Medium,Junior,C++,High,10,3,2,20,4,13,True,0,False,5.0,1,0,1,1,3.177657
Design Review,Low,Senior,Go,High,7,5,0,14,7,12,True,0,True,2.55,2,3,0,0,2.54750265
Documentation,Low,Junior,JavaScript,Medium,10,3,3,20,8,12,False,1,False,2.66666667,1,2,0,0,4.01166667
Deployment,Medium,Junior,Go,High,13,3,2,26,10,18,True,2,False,5.0,1,0,1,1,4.212243
Code Review,High,Mid,Other,Medium,9,2,3,18,2,10,True,3,False,4.5,0,1,1,0,4.35790688
Bug Fix,Medium,Senior,Python,Low,1,3,2,2,4,11,True,2,False,3.5,1,1,1,0,0.93269138
Code Review,Medium,Mid,JavaScript,Medium,11,3,2,22,8,18,False,3,False,5.58333333,0,1,1,1,3.91
Design Review,High,Senior,Other,Medium,1,3,3,2,1,10,False,1,False,5.0,1,0,1,1,0.78982
Design Review,Low,Junior,JavaScript,High,12,2,1,24,8,13,False,3,False,1.5,2,0,0,0,4.400325
Bug Fix,Low,Tech Lead,Java,Critical,7,2,0,14,3,14,True,1,False,3.25,0,2,0,0,2.19220313
Deployment,High,Mid,Java,Critical,13,4,2,26,3,18,False,3,False,3.25,0,4,0,0,5.2434375
Documentation,High,Mid,C++,High,11,3,0,22,3,13,False,0,True,3.58333333,2,0,0,1,4.38218138
Feature Dev,Medium,Junior,C++,Low,3,3,1,6,5,10,False,2,False,3.5,1,1,1,0,1.52981125
Refactoring,Medium,Tech Lead,Java,Low,13,2,3,26,7,12,True,0,False,3.625,1,0,1,0,5.81566683
Code Review,High,Tech Lead,JavaScript,Medium,2,4,0,4,9,15,False,2,False,2.8125,1,3,0,0,1.0745
Client Meeting,Low,Junior,C++,Critical,7,5,3,14,3,14,False,2,False,2.55,2,3,0,0,2.62040125
Code Review,High,Tech Lead,C++,High,12,5,3,24,3,13,False,3,False,3.55,2,1,2,0,4.89332745
Bug Fix,Medium,Mid,Java,Medium,8,2,1,16,3,13,True,1,False,5.75,0,0,2,0,2.8943775
Testing,Medium,Junior,Java,High,10,4,1,20,2,12,False,0,False,3.0625,3,0,0,1,3.35974922
Deployment,Medium,Tech Lead,Java,High,9,3,3,18,6,11,True,1,True,3.5,1,1,1,0,3.87066921
Design Review,Medium,Tech Lead,JavaScript,Critical,4,3,3,8,2,15,False,1,False,4.08333333,0,2,1,0,1.58802135
Client Meeting,Low,Senior,Java,Critical,13,3,3,26,5,11,True,1,False,1.5,3,0,0,0,4.78446938
Code Review,High,Tech Lead,Python,Medium,6,3,1,12,8,15,False,1,True,4.75,0,2,0,1,2.71295063
Client Meeting,Medium,Mid,Python,Medium,3,3,3,6,5,16,True,1,False,2.91666667,2,0,1,0,1.70068281
Design Review,Low,Junior,Java,High,12,3,3,24,4,13,False,2,True,4.75,0,2,0,1,4.03157081
Feature Dev,Low,Senior,Python,High,9,4,1,18,6,9,False,2,True,2.375,2,2,0,0,3.48746063
Code Review,High,Junior,Python,High,4,5,0,8,8,16,True,0,False,3.45,2,2,0,1,1.53210015
Deployment,Medium,Tech Lead,JavaScript,Medium,12,5,3,24,8,18,False,0,False,5.15,0,2,2,1,3.971625
Client Meeting,Medium,Mid,Java,Critical,8,3,2,16,2,15,False,0,True,3.5,1,1,1,0,2.93625063
Testing,High,Senior,JavaScript,High,2,5,0,4,7,18,True,3,True,3.75,0,4,1,0,1.12250667
Testing,Low,Tech Lead,Java,High,12,3,3,24,1,15,True,3,False,2.08333333,2,1,0,0,4.77118688
Design Review,Medium,Mid,Python,High,6,2,1,12,3,12,False,2,False,1.5,2,0,0,0,2.536875
Testing,Medium,Junior,C++,Medium,8,2,3,16,3,9,False,1,False,2.375,1,1,0,0,3.6796875
Testing,Medium,Senior,JavaScript,High,11,3,1,22,5,15,False,1,False,4.33333333,1,0,2,0,3.474945
Design Review,High,Senior,Go,High,5,3,0,10,6,12,False,2,True,2.91666667,2,0,1,0,2.29071562
Code Review,Medium,Mid,C++,Critical,11,4,3,22,6,12,False,2,False,3.5,2,1,0,1,3.77203438
Deployment,Medium,Senior,C++,High,9,2,1,18,4,16,False,2,False,3.625,1,0,1,0,3.16817156
Deployment,Medium,Junior,Java,Critical,9,3,2,18,3,15,False,3,False,2.08333333,2,1,0,0,3.555125
Bug Fix,Medium,Tech Lead,Go,Critical,4,5,2,8,4,17,False,3,True,4.3,1,2,1,1,1.6748094
Feature Dev,Medium,Senior,JavaScript,Medium,3,2,0,6,2,14,True,3,False,1.5,2,0,0,0,1.614375
Deployment,High,Senior,Other,High,9,2,0,18,10,12,True,2,False,2.375,1,1,0,0,4.02440063
Feature Dev,Medium,Senior,Java,Low,5,5,1,10,4,9,False,1,False,3.95,2,1,1,1,2.0549925
Client Meeting,High,Senior,Java,Medium,8,4,1,16,2,13,True,3,False,4.375,0,3,0,1,3.63046359
Bug Fix,Medium,Junior,Python,Low,3,4,3,6,1,16,False,3,False,4.0625,1,1,2,0,1.80836906
Feature Dev,High,Junior,Python,Low,4,2,0,8,3,14,True,3,False,2.375,1,1,0,0,2.42535563
Code Review,High,Junior,Java,High,3,3,0,6,10,15,False,2,False,4.91666667,0,1,2,0,1.1417475
Testing,Medium,Mid,Go,Medium,3,4,0,6,5,11,False,0,True,3.625,2,0,2,0,1.139985
Client Meeting,Medium,Mid,Other,Medium,8,3,3,16,10,18,False,2,True,2.08333333,2,1,0,0,4.21735417
Deployment,High,Tech Lead,Other,Low,12,3,1,24,3,14,True,1,True,2.66666667,1,2,0,0,7.0864255
Refactoring,Medium,Tech Lead,Go,Medium,10,4,2,20,9,17,True,3,False,3.0,2,1,1,0,4.450845
Testing,Medium,Tech Lead,Other,High,8,5,0,16,8,11,False,1,False,2.9,1,4,0,0,2.83635
Testing,Medium,Junior,C++,Medium,6,2,2,12,4,11,True,2,False,2.375,1,1,0,0,2.98790625
Code Review,High,Tech Lead,Other,Low,9,2,1,18,4,17,False,2,False,4.5,0,1,1,0,4.19197625
Feature Dev,High,Mid,Other,High,8,2,1,16,5,17,True,1,False,3.625,1,0,1,0,3.3097367
Deployment,High,Senior,Other,Low,9,2,0,18,2,14,False,2,True,2.375,1,1,0,0,5.15293625
Documentation,Low,Senior,Python,Low,8,2,1,16,2,9,False,3,False,1.5,2,0,0,0,3.754575
Refactoring,Low,Tech Lead,JavaScript,Low,8,4,0,16,5,13,True,1,True,2.375,2,2,0,0,3.71510081
Refactoring,Medium,Junior,Python,Critical,2,2,2,4,4,17,True,0,False,2.375,1,1,0,0,0.96334219
Refactoring,High,Junior,Java,Medium,12,5,1,24,6,13,False,1,True,2.55,2,3,0,0,6.1724575
Refactoring,Medium,Junior,C++,Low,6,3,1,12,1,15,False,2,True,3.5,1,1,1,0,2.98559938
Client Meeting,Medium,Tech Lead,JavaScript,High,1,5,2,2,8,15,True,1,False,2.7,3,1,1,0,0.7076538
Design Review,High,Tech Lead,JavaScript,Low,9,3,3,18,6,12,True,3,True,4.91666667,0,1,2,0,4.98831651
Code Review,Medium,Mid,Python,Critical,5,2,3,10,2,13,False,3,False,2.375,1,1,0,0,2.29367188
Documentation,Medium,Tech Lead,C++,Critical,3,2,2,6,4,10,False,3,False,4.5,0,1,1,0,1.2985875
Design Review,High,Junior,Other,Low,7,5,1,14,1,10,False,2,False,5.15,0,2,2,1,2.9707755
Refactoring,Medium,Tech Lead,Go,Low,4,2,1,8,2,12,False,1,False,2.375,1,1,0,0,1.99684375
Code Review,Medium,Tech Lead,C++,Low,1,4,3,2,8,18,True,2,False,3.0625,3,0,0,1,1.09090652
Client Meeting,Medium,Junior,JavaScript,Critical,8,2,3,16,8,12,False,0,False,4.5,0,1,1,0,2.63324688
Code Review,Medium,Mid,Go,Critical,12,4,2,24,6,18,True,3,True,3.9375,1,2,0,1,4.54847843
Bug Fix,High,Tech Lead,JavaScript,Low,10,3,2,20,8,9,False,2,False,2.66666667,1,2,0,0,5.423
Testing,High,Mid,Python,Critical,2,2,0,4,8,17,False,1,False,4.5,0,1,1,0,0.73586625
Refactoring,Medium,Tech Lead,Go,Low,8,2,0,16,7,11,True,1,False,4.5,0,1,1,0,3.23501063
Documentation,Medium,Mid,Go,High,13,5,0,26,3,14,False,1,False,3.45,2,2,0,1,4.20296625
Design Review,High,Mid,Java,Critical,6,4,2,12,6,9,False,0,False,5.1875,1,0,2,1,1.9676565
Client Meeting,High,Tech Lead,Java,Low,8,3,2,16,7,15,False,2,False,3.5,1,1,1,0,4.1255555
Refactoring,Low,Junior,Other,Medium,2,5,2,4,8,18,True,0,False,3.1,3,1,0,1,0.96149025
Bug Fix,High,Tech Lead,Go,Medium,11,4,0,22,5,14,False,3,True,4.125,2,0,1,1,4.847986
Deployment,Medium,Senior,Other,Low,1,4,3,2,4,9,False,3,False,4.5625,1,1,1,1,1.01468813
Testing,High,Senior,Other,Medium,1,4,3,2,8,9,False,1,True,5.0,0,2,1,1,0.868802
Documentation,Low,Junior,Go,High,6,5,0,12,10,12,False,2,False,2.55,2,3,0,0,2.06559
Documentation,Low,Mid,Go,High,13,2,3,26,8,17,False,0,False,3.25,0,2,0,0,4.3284375
Refactoring,High,Junior,Java,Medium,9,5,2,18,3,13,False,3,True,3.55,2,1,2,0,4.5213201
Design Review,Low,Tech Lead,JavaScript,High,1,2,1,2,6,11,True,2,False,1.5,2,0,0,0,0.68772375
Testing,Medium,Tech Lead,JavaScript,High,7,3,3,14,4,14,False,0,False,2.66666667,1,2,0,0,2.8275
Bug Fix,High,Tech Lead,Python,Medium,4,2,3,8,9,13,False,2,False,2.375,1,1,0,0,2.4433125
Testing,Medium,Senior,Python,Low,13,2,2,26,10,9,False,2,False,2.375,1,1,0,0,6.1524375
Deployment,High,Senior,Java,High,8,3,3,16,5,15,False,2,False,3.5,1,1,1,0,3.49658325
Deployment,Low,Junior,Go,Medium,9,3,3,18,4,15,False,1,True,2.66666667,1,2,0,0,4.03003333
Bug Fix,Medium,Junior,Python,Medium,9,2,1,18,7,16,False,0,False,3.625,1,0,1,0,3.34195312
Client Meeting,Medium,Tech Lead,Python,Low,7,3,2,14,1,9,True,0,False,4.75,0,2,0,1,2.93377219
Deployment,Low,Senior,Java,Medium,5,3,1,10,10,10,True,3,False,1.5,3,0,0,0,2.4215625
Feature Dev,Medium,Tech Lead,C++,High,8,5,2,16,1,10,False,1,False,3.05,2,2,1,0,2.977803
Testing,Medium,Tech Lead,JavaScript,High,3,3,3,6,6,14,False,2,False,3.5,1,1,1,0,1.49392125
Design Review,Medium,Tech Lead,Go,Medium,11,5,1,22,1,18,True,3,False,3.1,3,1,0,1,4.57179188
Code Review,High,Mid,JavaScript,High,8,2,3,16,2,16,True,2,True,2.375,1,1,0,0,4.41664059
Refactoring,Medium,Junior,JavaScript,Critical,11,2,2,22,9,14,False,1,True,5.75,0,0,2,0,3.585912
Documentation,High,Tech Lead,Java,Low,4,4,2,8,7,14,True,3,False,3.9375,1,2,0,1,2.41792753
Bug Fix,High,Junior,JavaScript,Medium,4,3,1,8,3,10,False,1,False,2.66666667,1,2,0,0,2.02033333
Documentation,Low,Mid,C++,Critical,11,5,2,22,3,12,False,2,False,2.9,1,4,0,0,3.620405
Code Review,Medium,Mid,Python,High,4,2,1,8,2,12,False,2,False,3.25,0,2,0,0,1.6453125
Feature Dev,Medium,Junior,JavaScript,Medium,6,2,2,12,1,18,False,0,False,3.625,1,0,1,0,2.40620625
Documentation,Medium,Senior,Go,Medium,13,5,1,26,1,17,False,1,True,3.1,3,1,0,1,5.38201125
Documentation,Low,Tech Lead,C++,High,13,5,1,26,7,13,False,0,True,2.9,1,4,0,0,4.5665235
Design Review,Low,Senior,Other,High,10,2,3,20,6,9,True,2,False,1.5,2,0,0,0,4.11665625
Feature Dev,Medium,Junior,C++,Medium,10,4,1,20,3,12,True,3,False,5.625,0,1,2,1,3.53474625
Deployment,Low,Senior,C++,Low,8,3,2,16,5,18,False,0,False,1.5,3,0,0,0,3.58545
Feature Dev,High,Junior,Go,Medium,13,5,1,26,2,16,False,3,False,4.3,1,2,1,1,5.235306
Testing,High,Junior,C++,High,6,3,3,12,10,18,True,3,False,4.08333333,0,2,1,0,2.88229134
Code Review,High,Junior,Other,Critical,10,5,0,20,5,14,True,2,False,3.45,2,2,0,1,3.7747395
Feature Dev,High,Senior,Java,Medium,4,2,3,8,10,10,True,1,False,3.625,1,0,1,0,2.23643503
Deployment,Medium,Mid,Java,Low,9,5,0,18,6,14,False,0,False,2.35,4,0,1,0,3.773979
Bug Fix,Low,Tech Lead,Java,Medium,7,4,2,14,9,11,False,3,False,1.9375,3,1,0,0,3.12975
Feature Dev,Low,Tech Lead,Other,Medium,3,2,1,6,7,18,False,3,False,2.375,1,1,0,0,1.5013125
Testing,Medium,Senior,Java,Medium,3,4,2,6,3,9,True,1,False,4.0625,1,1,2,0,1.416345
Design Review,Medium,Senior,Other,Medium,13,3,0,26,7,18,False,3,False,4.91666667,0,1,2,0,4.41604167
Refactoring,High,Tech Lead,Other,Low,13,5,3,26,6,16,True,1,False,3.05,2,2,1,0,6.93180151
Deployment,High,Senior,JavaScript,Medium,9,4,2,18,9,16,True,2,True,3.5,2,1,0,1,4.709397
Refactoring,Medium,Tech Lead,Java,Critical,12,3,3,24,10,14,True,1,False,4.08333333,0,2,1,0,4.14916742
Bug Fix,Medium,Senior,Java,Critical,9,2,3,18,4,11,True,2,False,4.5,0,1,1,0,3.21941484
Testing,Medium,Junior,Python,Medium,3,3,1,6,9,9,False,3,True,4.16666667,1,1,0,1,1.53745625
Client Meeting,Low,Junior,Go,High,5,2,0,10,9,17,True,2,True,3.25,0,2,0,0,1.9490625
Bug Fix,High,Junior,Java,Medium,2,5,2,4,7,18,True,2,False,3.95,2,1,1,1,1.2379773
Bug Fix,Medium,Junior,Other,Low,11,3,1,22,1,15,True,0,False,4.33333333,1,0,2,0,4.36360925
Bug Fix,High,Mid,Python,High,7,2,2,14,10,14,True,3,False,2.375,1,1,0,0,3.54221438
Client Meeting,High,Senior,Python,High,6,2,2,12,8,18,True,2,False,2.375,1,1,0,0,3.02293688
Documentation,Low,Mid,C++,Medium,10,5,0,20,5,15,False,2,False,1.85,4,1,0,0,3.8285
Feature Dev,Low,Tech Lead,JavaScript,Medium,7,4,1,14,6,12,False,3,False,3.5,2,1,0,1,2.6098875
Refactoring,Low,Junior,C++,Critical,13,2,3,26,7,11,True,0,True,2.375,1,1,0,0,4.94194542
Documentation,High,Junior,JavaScript,High,10,3,2,20,7,16,False,0,True,3.25,0,3,0,0,4.5478125
Deployment,Low,Senior,Other,High,2,4,0,4,10,17,False,3,False,1.9375,3,1,0,0,0.92086875
Client Meeting,Medium,Tech Lead,Java,Critical,7,4,2,14,5,9,True,3,False,3.625,2,0,2,0,2.62067006
Design Review,High,Junior,Other,Medium,2,5,0,4,4,12,True,3,True,2.55,2,3,0,0,1.37034975
Client Meeting,High,Senior,Java,Low,13,2,1,26,2,12,False,0,False,3.625,1,0,1,0,6.00927731
Feature Dev,Medium,Junior,Java,High,6,5,2,12,6,9,True,3,False,3.45,2,2,0,1,2.49798938
Client Meeting,High,Mid,Java,High,8,3,0,16,3,13,True,0,False,2.08333333,2,1,0,0,3.46311
Client Meeting,Low,Junior,Go,High,4,5,1,8,4,13,True,0,False,3.1,3,1,0,1,1.34891426
Feature Dev,High,Senior,C++,High,12,3,0,24,7,11,False,3,False,2.08333333,2,1,0,0,5.216175
Client Meeting,Low,Senior,Go,High,2,2,3,4,7,11,False,0,False,2.375,1,1,0,0,1.03325625
Bug Fix,Medium,Tech Lead,Go,Critical,13,4,1,26,1,15,False,3,False,2.375,2,2,0,0,4.71245313
Testing,Low,Tech Lead,JavaScript,Medium,2,3,0,4,9,11,False,1,False,2.66666667,1,2,0,0,0.79266667
Code Review,High,Tech Lead,JavaScript,Critical,3,2,0,6,8,14,False,1,True,1.5,2,0,0,0,1.418395
Documentation,Medium,Mid,Java,High,1,3,0,2,2,9,True,3,False,3.5,1,1,1,0,0.59353088
Code Review,High,Mid,C++,Medium,4,2,2,8,10,18,True,3,False,3.25,0,2,0,0,2.401875
Bug Fix,Medium,Mid,JavaScript,Low,7,2,0,14,4,15,False,3,False,2.375,1,1,0,0,3.3460625
Bug Fix,High,Senior,Java,Low,8,3,3,16,1,10,False,3,False,4.33333333,1,0,2,0,4.04621433
Refactoring,Medium,Tech Lead,Go,High,13,4,2,26,10,10,False,0,False,2.375,2,2,0,0,4.8571875
Feature Dev,High,Tech Lead,Other,Critical,9,4,0,18,10,18,True,1,False,4.5625,1,1,1,1,3.03540142
Client Meeting,Medium,Mid,JavaScript,Critical,6,2,0,12,3,17,False,3,False,2.375,1,1,0,0,2.25196875
Design Review,High,Mid,C++,Low,5,4,0,10,2,18,False,0,True,3.0,2,1,1,0,2.5645345
Testing,High,Senior,Python,Medium,8,4,0,16,6,17,False,2,False,3.9375,1,2,0,1,3.32891875
Code Review,Medium,Junior,Go,Low,1,4,0,2,6,11,True,3,True,2.5625,3,0,1,0,0.83840692
Code Review,High,Mid,Java,Critical,9,3,2,18,8,15,True,3,False,3.5,1,1,1,0,3.79577126
Design Review,Low,Mid,Go,Low,4,2,0,8,10,14,True,1,False,2.375,1,1,0,0,1.74534938
Refactoring,High,Junior,Go,High,9,2,2,18,5,18,False,3,False,3.625,1,0,1,0,3.80180588
Code Review,Medium,Mid,C++,Critical,9,4,2,18,1,14,True,3,False,4.0625,1,1,2,0,3.16021978
Design Review,High,Senior,Python,High,7,4,0,14,9,14,False,1,False,4.5625,1,1,1,1,2.3967495
Testing,Medium,Junior,C++,Low,7,3,0,14,9,13,False,2,True,3.5,1,1,1,0,3.2570175
Deployment,Low,Tech Lead,JavaScript,Medium,8,3,2,16,10,9,True,0,True,2.66666667,1,2,0,0,3.55047
Documentation,Medium,Mid,Go,High,6,2,3,12,5,16,False,0,False,2.375,1,1,0,0,2.51690625
Refactoring,Medium,Junior,Go,High,8,3,3,16,3,12,True,2,False,4.16666667,1,1,0,1,3.08190094
Testing,Medium,Senior,JavaScript,Low,11,5,1,22,8,12,True,0,False,3.05,2,2,1,0,4.82996889
Client Meeting,High,Senior,Other,High,2,4,2,4,3,15,False,0,False,4.5625,1,1,1,1,0.88073325
Deployment,Medium,Tech Lead,Other,Low,12,3,2,24,5,10,False,1,False,3.5,1,1,1,0,5.13227
Client Meeting,Medium,Mid,Python,Critical,4,2,1,8,7,12,True,3,False,3.25,0,2,0,0,1.71527344
Testing,High,Senior,C++,Low,5,4,1,10,2,13,False,0,True,3.9375,1,2,0,1,2.54344836
Client Meeting,High,Tech Lead,Other,Critical,8,2,2,16,3,15,False,3,False,3.625,1,0,1,0,3.24214012
Testing,High,Mid,Java,Low,7,2,1,14,4,17,False,2,False,4.5,0,1,1,0,3.33304125
Design Review,High,Senior,Other,Medium,10,3,3,20,1,17,False,2,False,2.66666667,1,2,0,0,5.075
Documentation,High,Tech Lead,Python,Medium,11,3,2,22,5,18,False,3,True,3.5,1,1,1,0,5.5862785
Design Review,Medium,Tech Lead,Java,Critical,10,4,1,20,7,18,False,0,True,3.9375,1,2,0,1,3.32913324
Refactoring,Low,Junior,JavaScript,Critical,8,5,3,16,1,14,False,0,False,2.2,3,2,0,0,2.802195
Testing,Medium,Mid,JavaScript,Critical,5,5,2,10,8,12,False,1,False,3.75,0,4,1,0,1.805655
Refactoring,High,Junior,Go,High,2,5,1,4,3,18,False,0,True,4.65,0,3,1,1,0.84542733
Testing,High,Senior,C++,Medium,10,4,3,20,4,17,False,1,False,5.0,0,2,1,1,4.0273
Refactoring,High,Mid,Python,High,10,4,0,20,8,15,True,0,False,3.4375,1,2,1,0,3.91352259
Design Review,High,Junior,C++,Critical,7,4,0,14,9,12,True,2,False,2.375,2,2,0,0,2.99511844
Client Meeting,Medium,Senior,Python,Critical,7,3,0,14,6,15,True,2,True,5.0,1,0,1,1,2.3031855
Documentation,Low,Junior,Python,Low,11,3,1,22,9,16,False,2,True,2.08333333,2,1,0,0,5.19337042
Documentation,High,Mid,C++,Critical,8,5,0,16,10,9,False,3,True,2.55,2,3,0,0,3.61896425
Feature Dev,Medium,Tech Lead,Java,Low,8,5,2,16,6,15,True,2,False,2.55,2,3,0,0,4.15597875
Design Review,Medium,Tech Lead,Python,High,3,5,1,6,1,10,False,1,False,1.85,4,1,0,0,1.3147875
Client Meeting,Low,Tech Lead,Python,Low,2,3,3,4,8,16,True,3,False,2.66666667,1,2,0,0,1.641255
Feature Dev,Medium,Junior,Go,High,10,4,1,20,9,15,True,0,False,1.9375,3,1,0,0,3.93400547
Bug Fix,Medium,Junior,Go,Low,11,2,1,22,3,15,True,3,False,3.25,0,2,0,0,5.25164063
Feature Dev,Medium,Tech Lead,Python,Medium,8,3,1,16,4,15,False,3,False,5.0,1,0,1,1,2.8543
Code Review,High,Senior,Java,Low,5,4,1,10,9,10,True,1,False,5.1875,1,0,2,1,2.22808163
Bug Fix,Medium,Senior,C++,High,13,3,3,26,9,15,False,0,False,4.16666667,1,1,0,1,4.30741875
Refactoring,High,Tech Lead,Other,High,3,4,2,6,8,14,False,2,False,4.0625,1,1,2,0,1.42646175
Design Review,Medium,Tech Lead,Go,High,1,4,3,2,4,12,True,1,True,2.5625,3,0,1,0,0.93095833
Design Review,Medium,Tech Lead,C++,Critical,4,4,2,8,2,14,True,3,True,5.0,0,2,1,1,1.6890027
Testing,Medium,Senior,Go,High,1,2,1,2,8,17,True,0,False,3.25,0,2,0,0,0.5
Feature Dev,Medium,Mid,Python,Critical,6,3,3,12,4,16,False,3,True,1.5,3,0,0,0,3.01888125
Testing,High,Junior,JavaScript,Critical,4,2,1,8,10,12,False,2,False,3.625,1,0,1,0,1.65894553
Refactoring,Medium,Tech Lead,Go,Critical,6,4,0,12,9,18,False,3,False,3.9375,1,2,0,1,1.96903828
Client Meeting,Medium,Senior,JavaScript,Critical,4,3,2,8,5,11,True,2,False,2.66666667,1,2,0,0,1.811775
Code Review,Medium,Mid,C++,Critical,9,5,3,18,10,17,True,0,True,2.9,1,4,0,0,3.79716356
Refactoring,Medium,Senior,Java,Medium,9,2,0,18,1,16,False,2,False,2.375,1,1,0,0,3.72875
Testing,Medium,Senior,Python,Medium,12,2,3,24,10,14,False,3,False,1.5,2,0,0,0,5.68875
Design Review,Medium,Junior,JavaScript,Medium,6,4,1,12,9,12,False,3,False,1.5,4,0,0,0,2.92125
Bug Fix,High,Senior,Go,Low,9,4,0,18,7,13,True,0,False,4.125,2,0,1,1,3.93175282
Refactoring,High,Mid,Java,High,13,5,2,26,6,13,False,3,False,4.25,0,3,2,0,4.9404285
Code Review,Low,Senior,C++,Medium,1,3,0,2,10,12,False,1,False,3.58333333,2,0,0,1,0.5
Documentation,Low,Tech Lead,C++,Critical,8,3,0,16,9,18,False,1,False,2.08333333,2,1,0,0,2.52244583
Testing,Medium,Mid,C++,Low,13,4,0,26,7,18,True,0,False,3.0,2,1,1,0,5.534529
Testing,High,Junior,Python,High,7,3,3,14,1,14,False,3,False,4.16666667,1,1,0,1,3.02662875
Code Review,High,Senior,Other,Low,10,2,0,20,10,17,False,3,False,3.625,1,0,1,0,4.80350062
Documentation,Medium,Junior,Java,High,9,2,0,18,1,12,False,0,False,2.375,1,1,0,0,3.17925
Bug Fix,Medium,Tech Lead,C++,Critical,9,3,2,18,1,12,True,1,True,3.58333333,2,0,0,1,3.43530688
Testing,High,Junior,C++,Low,7,4,1,14,3,14,True,1,True,4.375,0,3,0,1,3.69085411
Deployment,Low,Mid,Go,High,13,3,2,26,9,15,False,2,True,2.08333333,2,1,0,0,5.1068325
Client Meeting,High,Tech Lead,Python,High,5,5,1,10,6,16,True,3,False,4.3,1,2,1,1,2.11590225
Refactoring,Medium,Mid,Python,High,10,5,1,20,2,12,False,3,False,4.65,0,3,1,1,3.1963905
Client Meeting,High,Senior,Java,Low,1,2,2,2,9,17,False,2,False,2.375,1,1,0,0,1.0362
Testing,Medium,Mid,Python,High,5,4,3,10,7,11,True,1,True,3.4375,1,2,1,0,2.38639802
Testing,Medium,Mid,Python,Medium,2,3,2,4,10,14,False,3,False,3.5,1,1,1,0,1.25615
Testing,Low,Tech Lead,JavaScript,Critical,4,2,0,8,4,18,True,2,False,2.375,1,1,0,0,1.43625563
Documentation,High,Tech Lead,C++,Critical,9,3,1,18,6,15,False,1,False,4.08333333,0,2,1,0,3.24251802
Feature Dev,Low,Senior,Go,Medium,9,4,1,18,5,17,True,1,False,2.375,2,2,0,0,3.59579063
Documentation,Medium,Senior,Python,High,1,4,3,2,2,15,False,2,False,5.0,0,2,1,1,0.73899
Client Meeting,Low,Mid,Java,High,9,4,0,18,8,15,False,3,False,1.9375,3,1,0,0,3.19595625
Client Meeting,Medium,Tech Lead,Go,Medium,8,3,3,16,10,16,False,0,False,2.66666667,1,2,0,0,3.52833333
Refactoring,Medium,Tech Lead,Go,High,8,2,2,16,5,10,False,0,False,1.5,2,0,0,0,3.22875
Feature Dev,Medium,Mid,Other,Low,8,3,2,16,8,13,True,2,True,4.16666667,1,1,0,1,3.98201169
Testing,Medium,Senior,Python,High,2,2,1,4,1,10,False,1,True,3.625,1,0,1,0,0.92638941
Code Review,Low,Senior,Python,High,8,2,0,16,7,9,False,3,False,1.5,2,0,0,0,2.93355
Design Review,Medium,Junior,C++,High,2,2,3,4,1,14,False,1,False,3.25,0,2,0,0,1.1390625
Testing,Medium,Senior,Other,Medium,3,3,1,6,9,12,False,0,False,2.66666667,1,2,0,0,1.305
Client Meeting,Medium,Senior,Go,Low,7,3,1,14,7,13,False,0,False,2.08333333,2,1,0,0,3.23147917
Documentation,Medium,Mid,Python,Critical,7,5,0,14,4,16,True,1,True,3.45,2,2,0,1,2.50862896
Client Meeting,Medium,Senior,Other,Critical,11,5,1,22,9,14,True,3,False,2.35,4,0,1,0,4.12528784
Deployment,Medium,Tech Lead,Python,Critical,13,3,2,26,5,11,True,1,False,2.08333333,2,1,0,0,4.977175
Testing,Medium,Junior,Java,Low,11,4,1,22,1,10,True,2,False,2.8125,1,3,0,0,5.26337109
Testing,High,Mid,Other,High,2,4,3,4,1,18,False,2,False,3.9375,1,2,0,1,1.21230984
Feature Dev,Low,Tech Lead,Go,Low,10,3,1,20,3,13,False,3,False,3.58333333,2,0,0,1,3.89719688
Code Review,High,Senior,Java,Medium,4,4,0,8,5,13,False,1,False,5.625,0,1,2,1,1.46761
Client Meeting,Medium,Tech Lead,C++,Medium,5,5,1,10,10,11,False,1,True,2.75,4,0,0,1,2.26307813
Client Meeting,High,Senior,Python,High,13,4,2,26,2,18,False,3,False,3.5,2,1,0,1,5.2039575
Client Meeting,Medium,Junior,Python,Low,11,5,1,22,1,13,True,3,False,3.75,0,4,1,0,4.95824897
Testing,Low,Mid,C++,Low,4,5,2,8,8,14,False,0,False,2.9,1,4,0,0,1.82787
Client Meeting,Low,Tech Lead,Other,High,1,5,3,2,7,10,True,2,False,2.2,3,2,0,0,0.9449055
Bug Fix,Low,Mid,Go,Medium,4,2,0,8,9,12,False,0,False,1.5,2,0,0,0,1.476
Code Review,Medium,Mid,Go,Critical,1,4,3,2,2,9,True,1,True,3.0,2,1,1,0,0.85944849
Bug Fix,Medium,Mid,Java,Critical,2,5,2,4,8,12,True,1,True,3.1,3,1,0,1,1.05763928
Refactoring,Medium,Mid,C++,Low,6,3,1,12,10,9,True,2,False,2.08333333,2,1,0,0,3.16301563
Testing,Medium,Mid,Python,Low,8,3,2,16,9,12,False,0,True,4.08333333,0,2,1,0,3.68003854
Client Meeting,High,Senior,Go,Low,2,5,1,4,3,16,True,3,True,2.55,2,3,0,0,1.69271891
Bug Fix,Low,Mid,C++,Low,1,3,2,2,5,17,False,2,True,3.58333333,2,0,0,1,0.91030821
Testing,High,Senior,C++,High,12,2,3,24,8,12,False,1,False,1.5,2,0,0,0,5.599575
Deployment,Low,Senior,JavaScript,High,6,5,0,12,5,18,False,2,True,3.1,3,1,0,1,2.0975031
Client Meeting,Medium,Mid,C++,High,10,5,3,20,1,12,True,0,False,4.45,2,0,2,1,3.28419512
Code Review,Low,Mid,Java,Medium,4,3,2,8,1,13,False,2,False,2.66666667,1,2,0,0,1.87533333
Documentation,Medium,Senior,JavaScript,High,3,3,2,6,4,11,False,2,False,3.25,0,3,0,0,1.434375
Feature Dev,Medium,Junior,Go,High,12,2,0,24,7,18,False,3,False,4.5,0,1,1,0,3.8957625
Testing,Medium,Senior,Java,Medium,11,5,1,22,8,13,True,1,False,2.2,3,2,0,0,4.833675
Testing,Low,Junior,JavaScript,Medium,8,3,2,16,2,13,False,2,False,2.66666667,1,2,0,0,3.26733333
Client Meeting,High,Tech Lead,Go,Critical,1,3,3,2,7,17,False,3,True,2.08333333,2,1,0,0,1.12663604
Design Review,Low,Mid,JavaScript,High,12,5,3,24,2,17,True,3,True,4.15,0,4,0,1,4.46852594
Feature Dev,Medium,Mid,Other,Low,13,4,1,26,5,9,True,0,False,3.875,0,3,1,0,5.43194695
Documentation,Medium,Senior,Other,High,12,2,2,24,4,10,False,1,False,2.375,1,1,0,0,4.59225
Documentation,Medium,Senior,Other,Low,9,4,1,18,5,10,False,2,False,3.9375,1,2,0,1,3.72787422
Deployment,High,Tech Lead,Python,Critical,9,3,3,18,9,18,False,3,False,4.33333333,1,0,2,0,3.4512805
Client Meeting,High,Senior,Java,High,3,2,0,6,3,11,True,2,False,4.5,0,1,1,0,1.26726863
Documentation,Medium,Senior,Java,High,11,4,0,22,8,15,False,1,False,3.4375,1,2,1,0,3.64613906
Feature Dev,High,Senior,C++,Low,10,5,0,20,2,16,False,2,False,3.4,1,3,1,0,4.763088
Documentation,Medium,Mid,C++,Medium,5,5,2,10,8,14,True,1,False,3.9,1,2,2,0,2.143764
Feature Dev,Medium,Tech Lead,JavaScript,High,12,4,2,24,10,9,True,1,False,3.0,2,1,1,0,4.528251
Deployment,Medium,Senior,Go,Medium,12,4,1,24,8,13,False,1,False,3.5,2,1,0,1,4.4376875
Bug Fix,Medium,Senior,Python,High,6,3,1,12,8,13,False,2,False,1.5,3,0,0,0,2.536875
Design Review,Medium,Mid,Other,Low,2,5,3,4,9,12,False,1,True,3.9,1,2,2,0,1.38961845
Client Meeting,High,Senior,C++,High,13,4,2,26,10,13,False,2,False,2.375,2,2,0,0,5.72265
Client Meeting,Medium,Junior,JavaScript,Critical,8,4,0,16,5,9,False,0,True,3.4375,1,2,1,0,2.6936415
Refactoring,Low,Mid,Python,Medium,1,5,0,2,5,15,True,3,False,3.1,3,1,0,1,0.62214075
Client Meeting,High,Tech Lead,C++,Critical,6,2,0,12,10,16,True,1,False,3.625,1,0,1,0,2.27480065
Design Review,Low,Junior,Python,Low,4,4,3,8,2,14,True,3,True,3.25,0,4,0,0,2.60849531
Client Meeting,Medium,Mid,C++,High,8,5,3,16,9,12,False,0,True,3.05,2,2,1,0,3.32107751
Client Meeting,Low,Senior,Java,High,6,4,2,12,8,11,False,3,False,3.9375,1,2,0,1,2.13119438
Code Review,Low,Junior,Python,Medium,13,3,0,26,1,10,True,3,True,1.5,3,0,0,0,5.8956975
Deployment,Medium,Junior,Python,Low,10,5,1,20,1,16,False,2,False,3.95,2,1,1,1,3.9729855
Feature Dev,High,Mid,JavaScript,Critical,2,5,2,4,10,18,False,0,False,4.3,1,2,1,1,0.8443254
Deployment,Medium,Mid,Java,Critical,4,5,3,8,4,14,False,3,False,3.45,2,2,0,1,1.76004719
Design Review,Low,Senior,Java,Low,9,4,0,18,8,14,True,0,False,3.25,0,4,0,0,3.5083125
Client Meeting,Medium,Junior,Other,Medium,4,5,2,8,5,15,False,0,False,3.4,1,3,1,0,1.71399
Design Review,High,Tech Lead,Go,Low,11,3,0,22,3,15,False,3,False,5.0,1,0,1,1,4.610672
Documentation,Medium,Junior,C++,Low,12,5,3,24,10,15,False,0,False,2.2,3,2,0,0,5.71725
Code Review,Low,Tech Lead,C++,Low,5,3,1,10,3,14,False,1,False,2.66666667,1,2,0,0,2.17983333
Refactoring,High,Senior,Java,Low,8,2,1,16,8,11,True,0,False,4.5,0,1,1,0,3.75457294
Code Review,Low,Senior,Other,Critical,13,3,3,26,2,9,False,0,False,4.16666667,1,1,0,1,3.69370687
Testing,Medium,Junior,Other,Critical,7,5,1,14,1,11,True,2,False,1.85,4,1,0,0,2.83246031
Documentation,High,Junior,Go,Critical,2,4,3,4,3,17,True,0,False,3.9375,1,2,0,1,1.04905984
Refactoring,Medium,Junior,Other,Critical,7,5,0,14,2,11,False,2,False,3.05,2,2,1,0,2.34364125
Bug Fix,High,Senior,Other,High,3,4,2,6,9,15,False,1,False,2.375,2,2,0,0,1.5719625
Documentation,High,Mid,Java,Medium,2,4,2,4,1,10,True,3,False,3.0,2,1,1,0,1.470714
Feature Dev,High,Tech Lead,Other,Medium,9,3,3,18,3,12,False,1,False,4.08333333,0,2,1,0,4.07541458
Testing,Medium,Senior,Go,High,5,3,0,10,9,15,True,3,False,3.5,1,1,1,0,1.95017287
Design Review,Medium,Mid,JavaScript,High,10,2,0,20,6,11,False,0,False,3.625,1,0,1,0,3.208275
Documentation,Low,Junior,Java,Critical,7,5,0,14,1,11,False,2,False,2.9,1,4,0,0,2.20796
Deployment,Medium,Senior,C++,Critical,4,3,2,8,6,9,True,3,True,3.5,1,1,1,0,1.93792541
Refactoring,High,Senior,Python,High,7,4,3,14,3,10,True,2,True,5.0,0,2,1,1,3.14588043
Documentation,High,Mid,Python,High,9,2,0,18,4,16,True,0,False,5.75,0,0,2,0,3.1259277
Testing,High,Senior,C++,Low,13,4,3,26,6,14,False,1,False,2.375,2,2,0,0,7.04831875
Documentation,Medium,Junior,Other,Critical,1,2,2,2,3,16,False,1,False,2.375,1,1,0,0,0.66725
Feature Dev,High,Junior,Java,Low,9,4,0,18,3,9,False,0,False,2.375,2,2,0,0,4.4686125
Code Review,High,Tech Lead,Python,High,5,3,0,10,1,14,True,2,False,2.08333333,2,1,0,0,2.35265625
Testing,Medium,Junior,Other,High,11,5,1,22,4,18,False,2,False,3.05,2,2,1,0,3.92904563
Bug Fix,High,Tech Lead,Python,Critical,13,5,2,26,1,16,False,3,True,3.05,2,2,1,0,5.65442512
Client Meeting,Medium,Tech Lead,Other,High,2,4,3,4,8,13,False,2,True,3.0,2,1,1,0,1.32281325
Deployment,Low,Mid,C++,Medium,3,4,2,6,2,18,False,2,False,3.5,2,1,0,1,1.388425
Design Review,Medium,Mid,Java,Medium,8,2,0,16,5,18,True,3,False,1.5,2,0,0,0,3.766875
Testing,Medium,Junior,C++,Low,3,3,3,6,3,14,True,2,False,4.33333333,1,0,2,0,1.77421475
Client Meeting,Low,Mid,C++,Critical,6,5,2,12,9,18,True,0,True,3.1,3,1,0,1,2.16816051
Documentation,High,Mid,Other,Medium,10,4,1,20,7,15,True,0,False,3.5,2,1,0,1,4.38276563
Code Review,Medium,Tech Lead,JavaScript,Medium,9,3,3,18,6,15,True,2,False,3.5,1,1,1,0,4.00397812
Bug Fix,High,Junior,C++,Low,11,5,1,22,1,10,False,2,False,3.05,2,2,1,0,5.46941533
Testing,Medium,Tech Lead,Other,Critical,6,5,3,12,5,10,False,3,False,3.4,1,3,1,0,2.41537275
Deployment,Medium,Senior,Go,Low,5,5,1,10,7,11,False,0,False,2.7,3,1,1,0,2.21375825
Feature Dev,High,Junior,Java,High,11,3,0,22,2,13,True,0,False,3.58333333,2,0,0,1,4.18299131
Testing,Medium,Junior,Other,Medium,5,5,3,10,10,16,True,1,False,1.85,4,1,0,0,2.69758125
Design Review,High,Senior,JavaScript,High,12,4,0,24,9,12,False,1,True,4.0625,1,1,2,0,4.69063114
Client Meeting,Low,Senior,Python,High,9,3,1,18,1,9,False,3,True,3.25,0,3,0,0,3.42478125
Code Review,Low,Senior,Java,Critical,11,4,0,22,7,14,False,0,True,2.8125,1,3,0,0,3.55218188
Deployment,High,Mid,Java,Medium,7,2,0,14,3,12,True,3,False,2.375,1,1,0,0,3.6267
Refactoring,Medium,Senior,Python,High,7,5,2,14,10,14,True,0,False,2.9,1,4,0,0,2.7976725
Testing,High,Senior,Go,High,12,4,2,24,1,12,True,2,False,2.8125,1,3,0,0,5.45778844
Testing,Medium,Senior,Other,Medium,13,2,2,26,5,9,False,3,False,3.625,1,0,1,0,5.1688875
Documentation,High,Mid,Java,Critical,10,4,2,20,9,9,False,2,False,3.4375,1,2,1,0,3.90271922
Client Meeting,High,Junior,Go,High,4,3,2,8,6,11,True,1,False,2.91666667,2,0,1,0,1.9591866
Bug Fix,High,Junior,C++,High,8,4,0,16,1,15,False,3,False,3.9375,1,2,0,1,3.07324406
Design Review,Medium,Tech Lead,Java,Low,10,5,2,20,4,15,True,1,False,3.05,2,2,1,0,4.67073915
Bug Fix,Low,Tech Lead,Other,Critical,2,3,2,4,7,14,False,0,False,2.66666667,1,2,0,0,0.8381
Design Review,High,Mid,Go,Critical,10,2,2,20,6,16,True,2,False,3.625,1,0,1,0,4.0564627
Deployment,High,Mid,Go,Low,5,2,2,10,2,10,True,1,False,4.5,0,1,1,0,2.64682688
Feature Dev,Medium,Senior,Other,High,3,4,3,6,10,17,True,3,False,3.625,2,0,2,0,1.59144497
Deployment,Medium,Senior,JavaScript,Low,6,3,3,12,2,9,True,0,False,3.58333333,2,0,0,1,2.87959547
Deployment,Medium,Mid,Go,Medium,7,3,0,14,3,17,False,2,False,2.91666667,2,0,1,0,2.776625
Client Meeting,Medium,Junior,JavaScript,Critical,7,2,1,14,7,12,True,3,False,2.375,1,1,0,0,2.84623828
Testing,High,Mid,Python,High,9,3,2,18,5,12,True,1,False,4.16666667,1,1,0,1,3.63424162
Design Review,Medium,Senior,Other,Medium,12,5,3,24,4,14,True,3,True,2.9,1,4,0,0,6.12178875
Design Review,High,Mid,Go,Critical,12,2,2,24,10,11,False,2,True,3.625,1,0,1,0,5.01622708
Deployment,Medium,Mid,Go,Low,7,2,2,14,4,16,False,0,False,1.5,2,0,0,0,3.49525
Bug Fix,Medium,Junior,Other,Low,8,4,1,16,9,13,False,3,True,4.125,2,0,1,1,3.63146713
Documentation,Medium,Tech Lead,Go,Critical,11,3,2,22,5,12,False,1,False,4.91666667,0,1,2,0,3.2759
Refactoring,High,Senior,Other,High,3,2,0,6,4,13,True,1,False,4.5,0,1,1,0,1.18706175
Testing,High,Junior,JavaScript,Medium,13,4,2,26,3,9,True,3,False,3.875,0,3,1,0,6.07344281
Documentation,Low,Mid,JavaScript,Low,9,4,3,18,4,14,False,3,True,3.5,2,1,0,1,4.24251713
Bug Fix,Medium,Junior,Other,Critical,6,4,2,12,8,10,True,1,False,2.375,2,2,0,0,2.45214375
Client Meeting,Low,Tech Lead,JavaScript,High,8,4,2,16,9,13,False,2,False,3.0625,3,0,0,1,2.73637406
Testing,High,Mid,C++,High,6,3,0,12,9,9,True,2,True,4.08333333,0,2,1,0,2.67371528
Feature Dev,Low,Senior,Java,Critical,6,5,0,12,10,13,True,2,False,1.85,4,1,0,0,2.12209725
Testing,Medium,Tech Lead,JavaScript,Critical,5,4,0,10,7,16,False,0,True,5.0,0,2,1,1,1.46234
Bug Fix,Medium,Mid,Python,Medium,10,3,2,20,7,15,False,2,False,2.08333333,2,1,0,0,4.48125
Code Review,Low,Senior,JavaScript,High,13,2,0,26,2,10,False,2,False,1.5,2,0,0,0,4.5018
Documentation,Medium,Tech Lead,Python,Medium,7,4,0,14,2,18,False,1,False,3.4375,1,2,1,0,2.61081563
Refactoring,High,Mid,Other,Low,12,5,2,24,7,11,True,1,False,3.75,0,4,1,0,6.0521307
Deployment,Low,Mid,Other,Critical,13,3,1,26,8,16,False,3,False,2.08333333,2,1,0,0,4.34233125
Feature Dev,Medium,Junior,Java,High,7,4,2,14,7,12,False,1,False,2.375,2,2,0,0,2.826
Testing,Medium,Junior,Python,Medium,1,4,2,2,2,18,True,2,False,3.5,2,1,0,1,0.83041875
Code Review,High,Mid,Other,Medium,11,3,2,22,2,17,False,0,True,3.5,1,1,1,0,5.290186
Testing,Medium,Junior,Python,Critical,13,5,1,26,1,11,False,3,False,3.95,2,1,1,1,3.98751575
Bug Fix,Low,Tech Lead,JavaScript,Low,2,3,0,4,7,15,True,3,False,4.75,0,2,0,1,0.96530569
Bug Fix,Medium,Tech Lead,C++,High,7,5,1,14,1,11,False,1,True,2.7,3,1,1,0,2.82640298
Testing,High,Mid,Python,Medium,9,3,1,18,5,11,False,1,True,3.5,1,1,1,0,4.33282025
Feature Dev,Medium,Tech Lead,JavaScript,Critical,13,3,1,26,3,14,True,3,True,4.16666667,1,1,0,1,4.69867595
Code Review,Medium,Mid,C++,High,8,4,0,16,10,18,False,2,False,1.9375,3,1,0,0,3.0695625
Design Review,Medium,Mid,Other,Low,6,4,0,12,10,15,False,2,False,5.625,0,1,2,1,2.16359
Feature Dev,Medium,Junior,C++,Low,12,2,0,24,8,17,False,3,False,1.5,2,0,0,0,5.75025
Bug Fix,Low,Senior,Go,Critical,1,4,0,2,1,10,False,1,False,2.375,2,2,0,0,0.5
Deployment,Low,Senior,C++,High,13,2,3,26,1,16,False,3,False,3.25,0,2,0,0,4.5815625
Design Review,Medium,Senior,Go,Low,11,2,3,22,2,15,False,2,False,2.375,1,1,0,0,5.45084375
Design Review,Medium,Junior,Other,Medium,8,5,1,16,7,17,True,0,True,3.1,3,1,0,1,3.47361919
Client Meeting,Medium,Junior,Other,High,4,2,3,8,10,9,True,1,False,2.375,1,1,0,0,1.99365469
Client Meeting,Low,Mid,Java,Medium,1,5,2,2,1,11,False,3,False,2.55,2,3,0,0,0.9336
Bug Fix,Medium,Mid,C++,High,7,3,3,14,2,10,True,3,False,4.16666667,1,1,0,1,2.84175281
Feature Dev,High,Mid,Go,Low,9,5,1,18,6,16,False,3,False,3.95,2,1,1,1,4.1921847
Feature Dev,Medium,Senior,Go,Low,1,4,3,2,3,14,False,3,False,4.0625,1,1,2,0,1.06647406
Feature Dev,High,Junior,Python,Critical,3,3,0,6,2,13,False,1,False,4.16666667,1,1,0,1,1.06563083
Feature Dev,Medium,Mid,Other,High,5,3,0,10,1,18,False,3,True,2.66666667,1,2,0,0,2.2011
Client Meeting,Low,Senior,Java,High,4,5,2,8,3,13,True,3,False,1.85,4,1,0,0,1.9422585
Refactoring,High,Mid,Python,Low,3,2,1,6,4,12,False,0,False,1.5,2,0,0,0,1.725075
Testing,Low,Mid,JavaScript,Critical,4,5,3,8,6,12,False,1,False,2.55,2,3,0,0,1.64498375
Feature Dev,Medium,Tech Lead,Python,Medium,11,4,1,22,5,14,False,2,False,3.4375,1,2,1,0,4.27633594
Code Review,Low,Tech Lead,JavaScript,High,1,3,2,2,2,15,True,0,True,3.25,0,3,0,0,0.64319063
Documentation,Low,Tech Lead,C++,Critical,3,2,0,6,4,16,False,0,False,1.5,2,0,0,0,0.94095
Code Review,Low,Mid,Python,Critical,7,2,2,14,10,16,True,1,False,2.375,1,1,0,0,2.55723563
Design Review,Medium,Tech Lead,Other,Low,11,3,1,22,5,9,False,2,False,1.5,3,0,0,0,5.355625
Design Review,Low,Mid,Java,High,1,4,3,2,2,17,False,2,False,2.375,2,2,0,0,0.89195625
Documentation,High,Senior,Java,Medium,12,4,0,24,5,10,False,3,False,3.0,2,1,1,0,5.36313
Testing,Low,Mid,Java,Low,1,5,3,2,1,14,False,1,False,2.55,2,3,0,0,0.9734725
Bug Fix,Medium,Tech Lead,Other,High,1,3,2,2,4,18,False,0,False,2.66666667,1,2,0,0,0.609
Design Review,Medium,Tech Lead,Java,Critical,10,4,1,20,5,18,False,3,False,4.125,2,0,1,1,3.11016063
Testing,Medium,Mid,JavaScript,Low,13,3,1,26,3,11,True,0,False,5.58333333,0,1,1,1,4.8321735
Bug Fix,High,Junior,Java,Low,8,4,0,16,3,10,False,1,False,2.8125,1,3,0,0,3.98908125
Feature Dev,Medium,Tech Lead,Java,Critical,4,2,3,8,7,13,True,3,False,3.625,1,0,1,0,1.86915438
Client Meeting,Low,Junior,C++,Medium,3,2,0,6,3,9,False,2,False,2.375,1,1,0,0,1.256
Code Review,Medium,Junior,Other,Low,11,2,3,22,6,15,False,2,False,2.375,1,1,0,0,5.45084375
Documentation,High,Tech Lead,JavaScript,Low,10,3,2,20,1,15,False,1,True,4.08333333,0,2,1,0,5.25719792
Feature Dev,High,Mid,Other,Medium,10,2,3,20,9,14,False,3,False,4.5,0,1,1,0,4.5408125
Code Review,High,Junior,Other,Critical,7,3,1,14,5,14,False,1,False,2.08333333,2,1,0,0,2.93721042
Testing,Medium,Senior,Java,Low,11,4,0,22,7,17,False,0,False,4.0625,1,1,2,0,4.0804225
Feature Dev,Medium,Tech Lead,Go,Medium,10,3,2,20,9,12,False,3,False,4.16666667,1,1,0,1,3.89658333
Code Review,Low,Mid,Python,High,8,2,3,16,10,12,True,3,False,1.5,2,0,0,0,3.51610875
Client Meeting,High,Mid,Python,Critical,8,2,2,16,1,9,True,0,False,1.5,2,0,0,0,3.64095375
Testing,Low,Junior,C++,Critical,13,3,1,26,2,17,True,2,False,2.66666667,1,2,0,0,4.3396325
Design Review,Medium,Tech Lead,JavaScript,Critical,2,3,2,4,10,11,True,1,True,4.91666667,0,1,2,0,0.94591612
Refactoring,Medium,Tech Lead,Other,Medium,13,3,2,26,2,13,False,3,False,2.91666667,2,0,1,0,5.36814167
Documentation,Medium,Junior,Java,Low,11,5,3,22,10,11,False,0,True,2.7,3,1,1,0,5.49320943
Refactoring,Medium,Senior,Other,Medium,6,2,0,12,4,16,False,2,False,4.5,0,1,1,0,2.20675
Deployment,High,Senior,Other,Critical,11,3,2,22,6,14,True,0,False,3.5,1,1,1,0,4.29226455
Feature Dev,Low,Mid,Python,Medium,2,4,3,4,2,10,False,3,True,2.375,2,2,0,0,1.58668125
Feature Dev,Low,Mid,Java,High,12,4,3,24,2,13,False,2,False,2.8125,1,3,0,0,4.29128438
Design Review,Medium,Mid,Java,High,12,3,2,24,4,18,False,2,False,3.5,1,1,1,0,4.2798825
Code Review,High,Junior,C++,Critical,5,5,2,10,8,17,False,1,False,3.05,2,2,1,0,2.10927712
Testing,Medium,Senior,C++,High,9,4,2,18,8,12,False,2,False,3.625,2,0,2,0,3.18677625
Refactoring,Low,Tech Lead,JavaScript,High,7,5,0,14,2,10,True,1,False,3.45,2,2,0,1,2.18157739
Design Review,High,Tech Lead,JavaScript,Low,8,4,0,16,7,11,False,1,False,2.375,2,2,0,0,4.0800375
Testing,Medium,Senior,Java,Low,10,5,2,20,9,9,True,0,False,3.8,1,3,0,1,4.29353925
Deployment,High,Junior,C++,Critical,2,4,0,4,5,17,False,3,False,5.625,0,1,2,1,0.7844905
Feature Dev,Low,Senior,Go,Critical,9,4,2,18,1,13,False,2,False,1.9375,3,1,0,0,3.18893438
Deployment,High,Junior,Python,High,4,3,2,8,5,17,True,1,False,3.5,1,1,1,0,1.8992988
Testing,High,Junior,JavaScript,High,2,2,1,4,6,11,True,3,False,4.5,0,1,1,0,1.09883419
Deployment,Medium,Junior,Other,Medium,9,3,1,18,4,12,False,1,False,2.08333333,2,1,0,0,3.83395833
Testing,High,Junior,Other,High,3,2,1,6,8,14,True,1,True,2.375,1,1,0,0,1.66261528
Deployment,Medium,Tech Lead,Go,Low,8,3,0,16,9,15,False,3,False,5.0,1,0,1,1,3.0107
Bug Fix,High,Mid,Java,Critical,10,3,3,20,1,16,False,2,False,3.25,0,3,0,0,4.18359375
Code Review,Low,Mid,Other,Low,7,3,2,14,9,11,False,1,False,4.16666667,1,1,0,1,2.72083167
Deployment,High,Tech Lead,Java,Low,7,3,2,14,3,14,False,2,True,2.66666667,1,2,0,0,4.35116
Design Review,High,Tech Lead,Java,Medium,2,5,3,4,10,15,True,2,False,3.4,1,3,1,0,1.48711185
Client Meeting,Medium,Senior,JavaScript,Critical,11,5,0,22,3,9,False,1,False,4.8,1,1,2,1,2.927655
Bug Fix,Medium,Tech Lead,Python,Low,4,5,3,8,5,14,False,2,False,3.9,1,2,2,0,2.1054825
Feature Dev,Medium,Tech Lead,Python,Medium,13,3,2,26,5,13,False,1,False,3.58333333,2,0,0,1,4.89883333
Documentation,High,Mid,JavaScript,Critical,11,3,2,22,5,16,True,0,False,4.16666667,1,1,0,1,4.05227725
Deployment,High,Tech Lead,JavaScript,Low,12,2,0,24,7,11,True,3,False,3.625,1,0,1,0,5.99065149
Code Review,Medium,Junior,Java,Critical,3,2,2,6,5,11,True,2,True,3.625,1,0,1,0,1.48736966
Code Review,Medium,Tech Lead,Python,Critical,7,2,3,14,10,14,True,3,False,2.375,1,1,0,0,3.10896797
Testing,High,Junior,Go,Low,6,3,2,12,5,12,False,2,False,5.0,1,0,1,1,2.804252
Bug Fix,Medium,Senior,Other,High,8,5,0,16,4,15,True,0,True,3.55,2,1,2,0,2.88448776
Feature Dev,High,Mid,Python,Critical,9,3,1,18,4,18,False,0,False,2.91666667,2,0,1,0,3.37498769
Deployment,Medium,Junior,JavaScript,High,11,4,2,22,9,11,True,1,False,4.375,0,3,0,1,3.7974825
Refactoring,Low,Junior,Python,Critical,1,3,2,2,9,10,True,1,False,3.58333333,2,0,0,1,0.59337119
Bug Fix,High,Mid,Java,Medium,4,5,2,8,1,12,False,2,False,3.05,2,2,1,0,2.1506355
Refactoring,Medium,Tech Lead,Python,Low,1,4,2,2,4,10,False,1,False,5.1875,1,0,2,1,0.66572
Testing,High,Tech Lead,JavaScript,High,10,5,1,20,7,17,True,3,False,3.95,2,1,1,1,3.96239918
Code Review,High,Mid,JavaScript,Low,10,3,2,20,5,15,False,3,False,2.66666667,1,2,0,0,5.52933333
Refactoring,Medium,Junior,C++,Critical,1,2,2,2,3,9,False,3,True,2.375,1,1,0,0,0.91746875
Client Meeting,High,Senior,Python,High,3,2,0,6,3,10,False,2,False,4.5,0,1,1,0,1.2069225
Documentation,Medium,Senior,JavaScript,Low,2,5,2,4,8,9,True,0,False,3.45,2,2,0,1,1.11946931
Deployment,High,Senior,C++,Critical,3,4,2,6,8,17,False,3,True,3.4375,1,2,1,0,1.66669068
Deployment,Medium,Tech Lead,JavaScript,Critical,7,5,0,14,8,10,True,1,False,3.05,2,2,1,0,2.37879587
Testing,Medium,Senior,JavaScript,Low,5,3,1,10,3,11,False,3,False,2.08333333,2,1,0,0,2.68377083
Feature Dev,High,Mid,Other,Critical,5,2,3,10,8,12,False,1,False,5.75,0,0,2,0,1.9355775
Client Meeting,Low,Junior,Go,Medium,2,2,0,4,5,14,True,2,False,1.5,2,0,0,0,0.99015
Feature Dev,Medium,Senior,C++,Low,3,3,0,6,6,17,False,3,False,2.66666667,1,2,0,0,1.595
Deployment,Medium,Mid,Go,Low,3,5,0,6,4,17,True,3,False,2.7,3,1,1,0,1.62170663
Feature Dev,Low,Senior,Java,Critical,6,2,3,12,1,18,False,1,False,1.5,2,0,0,0,2.3610875
Bug Fix,Medium,Senior,C++,High,2,2,1,4,8,16,False,2,False,4.5,0,1,1,0,0.87845625
Bug Fix,Low,Junior,Java,Critical,12,3,2,24,7,13,False,1,False,2.08333333,2,1,0,0,3.99528333
Bug Fix,High,Tech Lead,Python,Medium,9,4,2,18,5,10,False,2,False,5.1875,1,0,2,1,3.51016
Refactoring,Medium,Senior,JavaScript,Medium,2,3,3,4,5,17,False,2,False,4.08333333,0,2,1,0,1.25998958
Code Review,Low,Mid,C++,High,6,3,0,12,1,13,True,2,False,3.58333333,2,0,0,1,1.95096038
Design Review,Low,Tech Lead,C++,Low,7,3,2,14,9,12,True,3,True,2.08333333,2,1,0,0,3.9474435
Documentation,Medium,Mid,Java,Critical,4,5,1,8,2,9,True,3,False,3.95,2,1,1,1,1.51913764
Feature Dev,Medium,Tech Lead,Go,Critical,1,5,0,2,6,14,True,0,False,3.2,3,0,2,0,0.5
Testing,Low,Senior,Other,Critical,2,2,3,4,6,14,False,2,False,1.5,2,0,0,0,1.1936125
Design Review,High,Tech Lead,Java,Critical,8,5,0,16,10,12,True,2,False,3.95,2,1,1,1,2.87524587
Bug Fix,High,Senior,Go,Critical,13,4,0,26,10,17,False,0,False,3.0,2,1,1,0,4.6839845
Refactoring,Low,Mid,Go,High,11,2,0,22,8,12,False,3,False,2.375,1,1,0,0,3.7621125
Design Review,Medium,Junior,Java,Critical,6,3,0,12,7,10,False,2,False,2.66666667,1,2,0,0,2.13633333
Design Review,Medium,Tech Lead,Python,Critical,12,5,3,24,8,14,False,0,True,1.85,4,1,0,0,4.94556563
Refactoring,High,Junior,Python,Critical,7,4,0,14,7,15,False,1,False,2.375,2,2,0,0,2.7690875
Client Meeting,High,Junior,Other,High,6,4,1,12,1,11,False,2,True,3.625,2,0,2,0,2.65901501
Feature Dev,Medium,Mid,Java,Medium,12,3,0,24,1,9,True,2,True,2.66666667,1,2,0,0,5.5825
Refactoring,Medium,Senior,Go,Critical,12,2,2,24,9,18,False,0,False,1.5,2,0,0,0,4.443375
Design Review,Medium,Tech Lead,Python,Medium,5,3,3,10,10,14,True,1,False,3.58333333,2,0,0,1,2.34225469
Design Review,Medium,Junior,Python,Critical,12,3,0,24,4,18,True,2,False,1.5,3,0,0,0,4.5740625
Feature Dev,High,Mid,Java,Low,5,4,3,10,4,10,False,2,True,4.5625,1,1,1,1,2.86318519
Documentation,Low,Junior,Go,High,3,5,2,6,8,12,True,0,False,2.9,1,4,0,0,1.2454155
Refactoring,Low,Junior,Other,Medium,13,5,2,26,3,14,False,2,False,2.2,3,2,0,0,5.1282
Documentation,Medium,Tech Lead,Python,Critical,12,4,3,24,1,12,True,0,False,1.9375,3,1,0,0,4.70026758
Client Meeting,Medium,Senior,Go,Medium,1,3,3,2,7,13,False,1,False,2.66666667,1,2,0,0,0.91833333
Documentation,High,Junior,Go,Low,5,4,0,10,5,12,True,0,False,3.4375,1,2,1,0,2.39159714
Testing,High,Tech Lead,C++,Critical,2,3,0,4,1,16,True,0,True,2.66666667,1,2,0,0,0.873103
Deployment,High,Mid,Java,High,13,5,0,26,10,14,False,2,False,4.8,1,1,2,1,4.2571548
Deployment,High,Junior,Go,High,1,2,1,2,3,12,True,0,False,4.5,0,1,1,0,0.5
Client Meeting,High,Mid,Other,Low,6,2,2,12,2,17,False,3,True,1.5,2,0,0,0,4.16724
Feature Dev,Medium,Junior,Java,Medium,12,4,3,24,2,11,False,0,False,3.5,2,1,0,1,4.6134375
Design Review,High,Mid,Python,Low,3,4,2,6,9,18,False,3,False,4.5625,1,1,1,1,1.74702825
Client Meeting,Medium,Tech Lead,Go,High,12,2,2,24,6,9,True,1,True,3.625,1,0,1,0,4.81722491
Deployment,Medium,Mid,C++,Medium,12,4,3,24,3,12,True,1,False,3.0625,3,0,0,1,5.0531168
Testing,Medium,Junior,JavaScript,Low,8,3,1,16,3,11,False,1,False,2.08333333,2,1,0,0,3.7791875
Deployment,Medium,Junior,Go,Critical,11,3,1,22,9,16,False,1,False,2.91666667,2,0,1,0,3.65820344
Refactoring,Medium,Junior,Other,Low,7,4,2,14,9,16,False,0,False,3.0,2,1,1,0,3.142315
Documentation,High,Junior,JavaScript,Medium,12,3,1,24,3,12,True,3,False,3.5,1,1,1,0,5.62441163
Deployment,Medium,Tech Lead,Java,Critical,6,2,0,12,7,15,True,2,False,4.5,0,1,1,0,1.96952438
Documentation,Medium,Mid,Go,Low,11,3,2,22,8,16,True,2,False,4.16666667,1,1,0,1,4.79406812
Testing,High,Senior,Python,Medium,2,2,3,4,7,13,True,3,True,2.375,1,1,0,0,1.89268406
Design Review,High,Mid,Java,Medium,10,2,3,20,10,13,True,1,False,4.5,0,1,1,0,4.58961563
Client Meeting,High,Junior,Python,Low,9,3,1,18,1,14,True,3,False,5.0,1,0,1,1,4.1457339
Client Meeting,High,Mid,Python,High,11,5,2,22,1,17,False,0,False,3.05,2,2,1,0,4.4336178
Refactoring,Medium,Senior,Java,Critical,5,4,2,10,4,11,False,1,True,2.5625,3,0,1,0,2.11546088
Feature Dev,High,Tech Lead,Java,High,4,4,0,8,3,11,False,1,False,2.375,2,2,0,0,1.7132625
Deployment,Low,Junior,JavaScript,Critical,2,4,1,4,7,16,True,1,False,3.5,2,1,0,1,0.76075584
Code Review,High,Junior,Go,Low,1,2,2,2,5,18,True,1,False,3.25,0,2,0,0,0.93121875
Design Review,High,Mid,Other,Low,3,5,0,6,4,18,False,3,True,4.3,1,2,1,1,1.65510576
Documentation,High,Tech Lead,C++,Critical,13,3,1,26,6,14,False,3,False,3.5,1,1,1,0,4.90391988
Deployment,High,Junior,JavaScript,Medium,9,3,1,18,4,15,False,1,True,2.91666667,2,0,1,0,4.46944071
Testing,High,Tech Lead,Go,Medium,2,3,3,4,6,14,True,3,False,3.5,1,1,1,0,1.57332788
Code Review,High,Senior,Other,Critical,3,2,0,6,7,10,False,0,False,5.75,0,0,2,0,0.937227
Testing,Medium,Tech Lead,Java,Critical,5,3,1,10,1,17,True,2,False,5.0,1,0,1,1,1.64014725
Testing,Medium,Junior,C++,High,4,4,2,8,1,16,False,1,False,2.375,2,2,0,0,1.76625
Code Review,Medium,Mid,JavaScript,Medium,4,3,1,8,4,15,False,0,False,5.58333333,0,1,1,1,1.3685
Client Meeting,High,Senior,Java,Medium,1,2,1,2,8,11,False,3,False,3.625,1,0,1,0,0.81098063
Deployment,Medium,Tech Lead,Other,Medium,4,3,1,8,5,18,False,1,True,2.91666667,2,0,1,0,1.88347729
Testing,High,Senior,C++,Low,1,4,0,2,3,10,True,0,False,2.375,2,2,0,0,0.52133812
Documentation,Medium,Senior,Other,Medium,12,4,0,24,8,12,True,0,False,4.125,2,0,1,1,4.14414
Code Review,High,Tech Lead,C++,Low,10,4,2,20,6,15,True,0,False,3.0,2,1,1,0,5.21522925
Testing,High,Senior,Other,Critical,7,2,3,14,5,11,False,3,True,2.375,1,1,0,0,3.64235094
Documentation,Medium,Senior,C++,High,2,5,1,4,9,17,True,3,False,2.55,2,3,0,0,1.14876563
Design Review,Low,Tech Lead,Java,Low,11,3,0,22,8,12,False,3,False,1.5,3,0,0,0,4.80315
Deployment,Low,Senior,Other,Low,12,5,2,24,1,18,True,1,True,1.85,4,1,0,0,6.0417357
Deployment,Medium,Mid,Python,Critical,8,4,2,16,3,15,False,2,False,1.9375,3,1,0,0,3.15482813
Bug Fix,Medium,Junior,Python,Low,1,3,2,2,9,17,False,2,False,2.66666667,1,2,0,0,0.957
Bug Fix,Low,Tech Lead,Java,Medium,7,2,1,14,10,15,False,3,False,2.375,1,1,0,0,2.9143125
Testing,Low,Junior,Go,Critical,13,4,3,26,2,15,True,0,True,1.9375,3,1,0,0,5.05211618
Design Review,High,Senior,Java,Medium,2,3,1,4,9,11,False,3,False,3.5,1,1,1,0,1.2292325
Documentation,High,Junior,Python,Medium,10,5,1,20,9,14,False,0,True,4.65,0,3,1,1,4.1700725
Testing,Low,Senior,Other,Critical,2,3,3,4,10,16,False,1,False,2.08333333,2,1,0,0,1.07500208
Feature Dev,Medium,Junior,C++,Medium,8,5,2,16,10,18,False,1,False,3.55,2,1,2,0,3.12174
Refactoring,Medium,Junior,JavaScript,Medium,1,4,2,2,4,18,False,3,False,1.5,4,0,0,0,1.025
Bug Fix,High,Mid,C++,Low,5,2,3,10,9,14,True,3,False,2.375,1,1,0,0,3.45669844
Bug Fix,Low,Mid,C++,Medium,10,3,2,20,4,12,False,3,True,3.58333333,2,0,0,1,4.0415375
Code Review,Medium,Tech Lead,Go,Medium,12,4,0,24,1,12,False,3,True,3.625,2,0,2,0,4.84493625
Refactoring,Medium,Senior,Other,High,11,3,3,22,3,12,False,3,False,1.5,3,0,0,0,4.750875
Refactoring,Medium,Mid,JavaScript,High,7,4,0,14,9,9,True,2,False,4.125,2,0,1,1,2.33107875
Testing,Medium,Senior,Python,Low,9,5,3,18,1,10,True,2,False,1.85,4,1,0,0,4.94556563
Bug Fix,Medium,Tech Lead,C++,High,4,5,3,8,2,17,True,2,False,3.55,2,1,2,0,1.84377769
Code Review,High,Senior,Other,Critical,13,4,3,26,8,10,False,0,True,4.5625,1,1,1,1,4.82241561
Feature Dev,Medium,Senior,Java,Low,3,5,2,6,1,13,True,2,True,3.45,2,2,0,1,1.90309783
Documentation,High,Senior,Other,Critical,12,5,0,24,2,11,False,0,False,3.95,2,1,1,1,3.8957676
Testing,High,Tech Lead,C++,High,11,3,0,22,1,14,False,3,True,3.5,1,1,1,0,4.7611674
Code Review,High,Junior,Go,Low,8,4,1,16,4,9,False,1,False,2.375,2,2,0,0,4.24194375
Refactoring,Medium,Senior,Java,Critical,6,3,2,12,9,18,False,2,False,4.08333333,0,2,1,0,2.14198229
Client Meeting,Low,Senior,Other,Low,11,2,3,22,9,9,False,3,False,1.5,2,0,0,0,5.310525
Testing,Medium,Senior,Go,Critical,13,3,1,26,2,14,False,2,False,2.66666667,1,2,0,0,4.56025
Client Meeting,High,Junior,Other,Critical,10,5,0,20,10,12,True,1,False,3.95,2,1,1,1,3.48290092
Bug Fix,Medium,Mid,JavaScript,Low,8,5,0,16,7,17,False,0,True,4.3,1,2,1,1,3.1525824
Testing,Low,Senior,Java,Medium,3,3,1,6,6,11,False,1,False,2.08333333,2,1,0,0,1.32445833
Documentation,High,Senior,Go,Critical,7,3,2,14,10,10,False,1,False,4.91666667,0,1,2,0,2.47057458
Feature Dev,Medium,Mid,Go,High,2,3,3,4,2,10,True,0,False,2.66666667,1,2,0,0,1.141875
Documentation,Low,Junior,JavaScript,Critical,13,2,2,26,4,12,False,3,False,1.5,2,0,0,0,4.6002
Code Review,High,Junior,Other,Low,2,3,0,4,6,17,True,3,False,3.5,1,1,1,0,1.26431498
Deployment,High,Senior,Java,Critical,11,3,3,22,8,18,False,2,False,4.16666667,1,1,0,1,4.11131896
Client Meeting,Medium,Junior,C++,Low,9,2,1,18,8,17,True,0,False,4.5,0,1,1,0,3.67614844
Deployment,Medium,Junior,Java,High,10,2,1,20,9,17,True,0,True,1.5,2,0,0,0,4.42177313
Testing,Low,Senior,Python,High,7,2,3,14,9,14,False,3,False,2.375,1,1,0,0,2.88781875
Refactoring,High,Tech Lead,Python,Low,6,3,0,12,2,17,False,3,False,5.0,1,0,1,1,2.632212
Client Meeting,Medium,Senior,C++,Low,13,2,1,26,1,9,True,0,False,2.375,1,1,0,0,6.06338906
Deployment,High,Senior,Java,High,6,4,2,12,1,16,False,0,False,3.9375,1,2,0,1,2.36284594
Refactoring,High,Tech Lead,Python,High,5,3,0,10,1,18,True,3,True,2.91666667,2,0,1,0,2.50146146
Design Review,Low,Junior,Java,Medium,11,3,1,22,7,18,True,1,False,2.08333333,2,1,0,0,4.40208125
Refactoring,Medium,Senior,Python,High,5,4,3,10,10,17,True,1,False,3.9375,1,2,0,1,2.0674902
Testing,High,Senior,C++,Critical,1,4,2,2,9,18,True,2,False,3.5,2,1,0,1,0.752913
Feature Dev,High,Senior,JavaScript,High,11,3,0,22,6,18,False,2,False,4.91666667,0,1,2,0,3.8010075
Documentation,Medium,Tech Lead,Go,Critical,13,4,3,26,2,16,True,2,False,4.5625,1,1,1,1,4.18799489
Design Review,Low,Senior,JavaScript,Low,11,2,3,22,9,11,False,1,False,2.375,1,1,0,0,4.86798125
Documentation,High,Tech Lead,Other,High,10,3,0,20,5,15,False,0,False,2.08333333,2,1,0,0,4.12275
Client Meeting,High,Senior,Java,Medium,11,2,2,22,10,12,False,1,False,3.625,1,0,1,0,4.86588375
Testing,Medium,Senior,JavaScript,Critical,9,3,1,18,5,14,False,2,True,6.41666667,0,0,2,1,2.79394362
Code Review,Low,Junior,Other,Medium,3,4,0,6,2,9,True,3,False,2.8125,1,3,0,0,1.39013438
Bug Fix,Medium,Senior,Java,Critical,10,5,2,20,8,11,False,0,False,4.15,0,4,0,1,3.09898312
Deployment,Medium,Mid,Java,High,6,2,2,12,5,12,True,1,False,3.25,0,2,0,0,2.480625
Code Review,Medium,Senior,Python,Critical,8,2,3,16,10,14,True,0,False,1.5,2,0,0,0,3.33906563
Refactoring,High,Senior,C++,Critical,1,5,2,2,5,10,True,2,False,2.55,2,3,0,0,0.833238
Refactoring,Medium,Tech Lead,Java,Low,7,4,0,14,6,13,True,2,True,4.0625,1,1,2,0,3.21333272
Design Review,High,Senior,Java,High,10,3,3,20,10,17,False,1,False,2.08333333,2,1,0,0,4.6156875
Code Review,Medium,Junior,Other,Medium,10,4,0,20,3,14,False,3,False,4.5625,1,1,1,1,3.4491375
Feature Dev,High,Mid,JavaScript,Medium,12,3,2,24,5,16,False,0,False,2.66666667,1,2,0,0,5.626
Feature Dev,Medium,Junior,C++,Critical,12,2,0,24,7,14,False,1,False,3.625,1,0,1,0,3.71179594
Documentation,Low,Junior,Python,High,5,4,1,10,3,18,False,2,True,3.25,0,4,0,0,1.99546875
Deployment,High,Mid,Python,Medium,10,4,1,20,6,9,False,2,False,2.375,2,2,0,0,4.8571875
Deployment,Medium,Senior,Python,Medium,1,2,0,2,8,15,False,2,False,1.5,2,0,0,0,0.615
Refactoring,Low,Mid,Other,High,9,5,2,18,5,15,True,1,True,2.75,4,0,0,1,3.45979384
Code Review,Medium,Mid,C++,Low,4,5,0,8,2,13,False,3,True,3.1,3,1,0,1,2.06392725
Feature Dev,Low,Tech Lead,Java,Critical,3,2,2,6,9,12,True,0,False,2.375,1,1,0,0,1.20855656
Code Review,High,Junior,C++,Medium,6,5,1,12,3,13,True,3,False,3.9,1,2,2,0,2.86728435
Deployment,High,Tech Lead,Other,Medium,2,2,0,4,5,16,False,3,False,1.5,2,0,0,0,1.2505
Code Review,Medium,Mid,Go,Low,2,3,0,4,8,12,False,0,False,5.0,1,0,1,1,0.68816
Refactoring,Low,Senior,JavaScript,Medium,8,2,1,16,2,9,False,0,False,1.5,2,0,0,0,3.10575
Refactoring,High,Tech Lead,JavaScript,High,4,3,2,8,7,10,False,1,True,2.91666667,2,0,1,0,2.0524812
Refactoring,High,Junior,Other,Low,8,3,0,16,1,10,True,2,False,2.08333333,2,1,0,0,4.4627275
Deployment,Medium,Tech Lead,Java,Low,8,3,0,16,8,16,False,3,True,3.5,1,1,1,0,3.79985375
Testing,High,Junior,Java,Low,11,3,0,22,3,15,True,3,False,2.08333333,2,1,0,0,6.165005
Documentation,Medium,Tech Lead,Other,High,8,2,3,16,1,12,True,3,False,4.5,0,1,1,0,3.16817156
Bug Fix,High,Tech Lead,JavaScript,High,9,4,3,18,1,13,False,2,False,3.9375,1,2,0,1,3.69870328
Refactoring,High,Mid,JavaScript,Medium,8,2,3,16,10,14,False,2,False,3.625,1,0,1,0,3.85884188
Design Review,High,Mid,Java,Medium,13,2,0,26,3,13,False,3,False,1.5,2,0,0,0,6.437
Deployment,High,Tech Lead,Go,Medium,12,3,1,24,9,18,True,0,True,4.16666667,1,1,0,1,5.54742169
Feature Dev,Low,Junior,Go,Low,10,2,3,20,6,12,False,3,False,1.5,2,0,0,0,4.904625
Code Review,Low,Mid,Python,Medium,5,4,1,10,7,13,True,2,True,3.0625,3,0,0,1,2.23376098
Code Review,Medium,Junior,Go,Critical,7,4,3,14,8,18,False,1,False,2.8125,1,3,0,0,2.73182031
Client Meeting,High,Mid,JavaScript,Medium,10,4,0,20,5,10,False,2,False,3.0,2,1,1,0,4.4232
Feature Dev,Medium,Junior,JavaScript,Critical,3,2,2,6,2,9,False,0,False,2.375,1,1,0,0,1.25109375
Client Meeting,High,Senior,Go,Low,5,4,2,10,9,17,False,3,True,3.4375,1,2,1,0,3.15908691
Client Meeting,Medium,Tech Lead,C++,Critical,1,4,1,2,8,13,True,0,True,3.5,2,1,0,1,0.5
Deployment,High,Tech Lead,JavaScript,Low,2,4,2,4,5,11,False,2,True,3.875,0,3,1,0,1.51040519
Testing,Low,Junior,JavaScript,High,7,3,1,14,5,14,False,3,False,1.5,3,0,0,0,2.739825
Client Meeting,High,Mid,Go,Medium,12,3,2,24,10,9,False,0,False,3.5,1,1,1,0,5.221995
Feature Dev,Medium,Junior,Python,Medium,6,3,0,12,10,12,False,0,False,5.58333333,0,1,1,1,1.8768
Testing,Medium,Tech Lead,C++,Medium,12,4,0,24,5,10,False,2,False,1.9375,3,1,0,0,5.015625
Design Review,Medium,Mid,Python,Medium,4,4,3,8,5,12,False,2,False,2.8125,1,3,0,0,2.15859375
Documentation,High,Tech Lead,Go,Critical,7,5,0,14,10,15,False,1,False,3.9,1,2,2,0,2.4006754
Testing,Low,Senior,C++,Low,7,3,1,14,2,15,True,2,True,2.08333333,2,1,0,0,3.63114194
Feature Dev,Medium,Tech Lead,Java,Critical,2,2,1,4,9,18,False,3,True,3.625,1,0,1,0,1.04157539
Refactoring,High,Mid,JavaScript,High,3,5,2,6,9,12,False,0,False,3.05,2,2,1,0,1.3896414
Deployment,Medium,Tech Lead,JavaScript,Low,11,4,3,22,6,12,True,3,False,2.5625,3,0,1,0,5.6075268
Client Meeting,Low,Senior,Go,Low,5,4,3,10,3,13,False,3,False,1.9375,3,1,0,0,2.81376562
Deployment,Medium,Junior,C++,Low,10,4,2,20,5,9,False,1,False,4.0625,1,1,2,0,4.0804225
Design Review,Medium,Senior,C++,Low,9,3,2,18,6,11,True,0,True,5.0,1,0,1,1,3.8747709
Bug Fix,Low,Tech Lead,C++,Critical,10,3,1,20,8,11,True,2,True,1.5,3,0,0,0,3.97486031
Documentation,High,Senior,Java,Medium,9,2,3,18,6,15,True,0,False,1.5,2,0,0,0,4.9399875
Code Review,High,Senior,Python,Medium,6,4,2,12,8,12,False,0,False,4.5625,1,1,1,1,2.4545025
Bug Fix,High,Senior,Python,Medium,12,3,1,24,9,17,False,2,False,4.08333333,0,2,1,0,5.10078542
Feature Dev,Medium,Mid,Go,Medium,1,5,2,2,9,10,False,1,False,3.05,2,2,1,0,0.73526
Code Review,High,Mid,Go,Medium,12,3,1,24,3,15,False,1,False,2.08333333,2,1,0,0,5.74595833
Design Review,Low,Junior,Python,Medium,3,3,0,6,3,16,False,3,True,2.66666667,1,2,0,0,1.4674
Code Review,Medium,Junior,JavaScript,Low,4,5,0,8,3,16,False,1,False,3.4,1,3,1,0,1.686927
Deployment,High,Junior,C++,Low,8,2,0,16,8,14,False,2,False,3.25,0,2,0,0,4.00125
Testing,Medium,Tech Lead,Go,Medium,2,3,1,4,10,16,False,3,False,2.66666667,1,2,0,0,1.20833333
Refactoring,Medium,Tech Lead,JavaScript,Low,1,4,2,2,8,10,True,1,False,2.375,2,2,0,0,0.906675
Refactoring,Medium,Tech Lead,Other,High,5,2,1,10,6,13,False,2,False,2.375,1,1,0,0,2.07534375
Code Review,Medium,Mid,Other,Critical,4,4,3,8,3,16,True,3,True,2.375,2,2,0,0,2.26385414
Deployment,Low,Mid,C++,Low,5,5,0,10,3,11,True,3,True,2.55,2,3,0,0,2.59467863
Client Meeting,Medium,Senior,Python,Low,12,5,0,24,6,15,False,0,False,2.7,3,1,1,0,4.942344
Bug Fix,Medium,Tech Lead,JavaScript,High,11,2,2,22,10,10,False,0,False,3.625,1,0,1,0,3.76972313
Testing,High,Tech Lead,Java,Critical,7,3,0,14,2,11,False,3,False,5.0,1,0,1,1,2.339744
Feature Dev,Low,Junior,Python,Critical,4,4,1,8,2,9,True,2,False,3.5,2,1,0,1,1.40386903
Testing,Low,Tech Lead,Python,Medium,12,4,0,24,2,11,True,2,False,2.375,2,2,0,0,4.6570125
Bug Fix,Medium,Mid,Go,Low,6,4,1,12,8,18,False,1,False,2.5625,3,0,1,0,2.74802516
Feature Dev,High,Tech Lead,Other,Medium,11,4,0,22,1,9,False,1,False,2.375,2,2,0,0,5.06325
Bug Fix,Medium,Senior,Go,Medium,13,4,3,26,2,14,True,0,False,5.1875,1,0,2,1,4.48793625
Bug Fix,Low,Junior,Java,Medium,10,4,1,20,3,15,False,1,False,1.9375,3,1,0,0,3.86203125
Testing,Medium,Tech Lead,JavaScript,Critical,5,3,3,10,7,15,False,1,False,1.5,3,0,0,0,2.2216875
Client Meeting,Medium,Senior,Go,Low,4,5,1,8,4,10,False,0,False,3.05,2,2,1,0,1.76921938
Client Meeting,Low,Mid,JavaScript,Critical,1,2,1,2,6,13,False,2,True,2.375,1,1,0,0,0.65140281
Bug Fix,Medium,Senior,Python,Critical,12,5,1,24,4,15,False,2,True,2.55,2,3,0,0,4.68283063
Documentation,High,Senior,Python,Medium,6,3,0,12,1,13,False,2,True,3.5,1,1,1,0,2.921446
Code Review,Medium,Tech Lead,Go,Critical,2,4,2,4,6,13,False,3,False,3.5,2,1,0,1,1.0457125
Design Review,High,Senior,Other,Low,12,3,3,24,3,18,False,1,False,2.66666667,1,2,0,0,6.45443333
Feature Dev,Medium,Tech Lead,Java,Critical,5,2,2,10,9,15,False,2,False,4.5,0,1,1,0,1.80359375
Testing,High,Mid,Python,Medium,5,3,3,10,2,18,True,3,False,4.75,0,2,0,1,2.62404844
Refactoring,Medium,Junior,JavaScript,Medium,4,4,0,8,1,12,True,3,False,3.4375,1,2,1,0,1.79606109
Refactoring,Medium,Senior,Java,Medium,11,5,2,22,5,17,False,3,True,3.9,1,2,2,0,4.67885
Feature Dev,Low,Senior,Other,Low,11,4,1,22,6,12,False,3,False,2.375,2,2,0,0,4.76004375
Documentation,Medium,Mid,C++,High,12,5,3,24,3,12,True,0,False,2.2,3,2,0,0,4.9116375
Client Meeting,High,Senior,Java,Medium,7,3,2,14,3,11,True,2,True,3.5,1,1,1,0,3.85512435
Bug Fix,Medium,Tech Lead,JavaScript,High,10,3,2,20,8,10,False,2,False,3.5,1,1,1,0,3.6338625
Client Meeting,Medium,Tech Lead,C++,Medium,3,2,1,6,8,15,True,3,False,4.5,0,1,1,0,1.47045938
Design Review,Medium,Junior,Python,Critical,8,4,2,16,3,14,False,1,False,1.9375,3,1,0,0,3.0695625
Refactoring,Medium,Mid,C++,High,1,2,1,2,1,9,False,2,False,1.5,2,0,0,0,0.691875
Refactoring,High,Tech Lead,C++,Low,9,2,2,18,4,9,True,2,True,3.625,1,0,1,0,5.25365726
Bug Fix,High,Tech Lead,JavaScript,Medium,1,4,2,2,2,14,False,1,False,3.0,2,1,1,0,0.79249
Client Meeting,High,Mid,JavaScript,Low,5,2,0,10,3,16,False,3,False,2.375,1,1,0,0,2.806375
Design Review,High,Senior,JavaScript,Critical,3,3,1,6,2,9,False,3,False,4.33333333,1,0,2,0,1.2915835
Bug Fix,Medium,Tech Lead,JavaScript,Medium,11,4,2,22,4,15,True,2,False,1.9375,3,1,0,0,5.16107813
Refactoring,Medium,Mid,Python,Medium,11,4,0,22,3,14,False,1,False,2.8125,1,3,0,0,4.3171875
Design Review,Medium,Junior,JavaScript,Critical,5,5,3,10,6,12,False,1,False,3.05,2,2,1,0,1.99209506
Documentation,Medium,Junior,C++,Low,10,4,3,20,3,11,False,0,False,3.4375,1,2,1,0,4.40687672
Client Meeting,Medium,Junior,C++,Low,5,3,3,10,3,17,True,2,False,3.5,1,1,1,0,2.74625794
Documentation,Medium,Mid,Java,Low,5,5,1,10,6,11,False,2,False,2.55,2,3,0,0,2.5139125
Bug Fix,High,Tech Lead,Java,Low,9,4,2,18,4,15,False,2,False,4.0625,1,1,2,0,4.302991
Feature Dev,High,Junior,Go,Critical,3,4,1,6,8,14,True,2,False,3.4375,1,2,1,0,1.39005676
Testing,Low,Tech Lead,C++,Medium,12,2,2,24,3,15,True,0,True,2.375,1,1,0,0,5.23604813
Documentation,Low,Tech Lead,JavaScript,Critical,3,2,2,6,9,9,False,3,False,2.375,1,1,0,0,1.401225
Deployment,High,Mid,JavaScript,Medium,12,3,1,24,7,17,False,3,False,3.5,1,1,1,0,5.3565825
Testing,High,Senior,Other,Critical,3,3,3,6,6,14,False,0,False,4.16666667,1,1,0,1,1.31763812
Refactoring,Low,Junior,JavaScript,High,10,2,3,20,7,10,False,2,False,1.5,2,0,0,0,3.920625
Code Review,Medium,Junior,C++,Critical,3,5,1,6,6,12,False,3,False,4.8,1,1,2,1,1.0734735
Refactoring,Medium,Mid,Python,Low,5,3,3,10,4,16,False,0,True,5.58333333,0,1,1,1,2.318239
Bug Fix,Medium,Tech Lead,JavaScript,Low,1,3,2,2,8,11,True,2,False,2.66666667,1,2,0,0,1.00485
Testing,High,Junior,C++,Medium,1,5,2,2,4,13,True,0,True,3.4,1,3,1,0,0.79186338
Feature Dev,High,Junior,Go,Low,13,2,2,26,3,11,True,1,False,1.5,2,0,0,0,7.5531225
Feature Dev,Medium,Senior,C++,High,9,2,3,18,3,16,True,1,True,3.25,0,2,0,0,4.04430469
Design Review,High,Senior,JavaScript,High,3,3,2,6,8,14,False,2,False,2.66666667,1,2,0,0,1.6356
Deployment,Low,Tech Lead,Java,Critical,10,2,2,20,8,16,True,3,False,2.375,1,1,0,0,3.67821563
Bug Fix,Low,Tech Lead,Python,High,6,4,1,12,3,18,False,0,True,1.9375,3,1,0,0,2.29404656
Refactoring,High,Junior,Python,Critical,6,3,0,12,4,10,False,1,True,2.66666667,1,2,0,0,2.58496333
Refactoring,Low,Junior,Python,Low,1,3,1,2,6,18,True,1,False,4.16666667,1,1,0,1,0.59681256
Testing,Medium,Tech Lead,Go,Critical,1,4,1,2,3,17,False,1,False,3.875,0,3,1,0,0.5
Documentation,High,Mid,Go,Low,13,5,2,26,8,10,True,3,False,3.05,2,2,1,0,6.98487809
Testing,Low,Senior,Python,Low,11,3,3,22,1,18,True,1,True,3.25,0,3,0,0,5.37183281
Feature Dev,High,Tech Lead,C++,High,2,3,2,4,3,16,True,1,False,5.58333333,0,1,1,1,0.9754668
Design Review,Low,Mid,Java,Low,3,2,2,6,8,16,True,0,False,1.5,2,0,0,0,1.6337475
Deployment,High,Tech Lead,Java,Low,10,4,0,20,6,15,False,3,False,4.375,0,3,0,1,4.51244062
Bug Fix,High,Senior,Python,High,1,3,1,2,8,10,True,3,False,2.08333333,2,1,0,0,0.85636688
Deployment,Medium,Senior,Go,High,5,2,1,10,4,13,False,1,True,3.625,1,0,1,0,1.98512016
Deployment,Medium,Junior,Go,Medium,7,3,3,14,9,17,True,2,True,2.08333333,2,1,0,0,3.96814688
Deployment,Medium,Mid,Java,Medium,6,5,0,12,8,10,True,1,False,3.1,3,1,0,1,2.35659375
Bug Fix,Medium,Junior,JavaScript,Medium,3,4,2,6,1,17,False,3,False,3.4375,1,2,1,0,1.62050625
Code Review,Low,Senior,JavaScript,Critical,13,3,0,26,3,13,False,0,True,2.08333333,2,1,0,0,4.3575675
Documentation,Medium,Senior,JavaScript,Medium,9,3,0,18,1,11,False,1,False,2.66666667,1,2,0,0,3.57666667
Deployment,Low,Junior,Other,Critical,2,5,3,4,9,17,False,2,False,1.85,4,1,0,0,1.17323375
Refactoring,Medium,Senior,JavaScript,High,5,5,2,10,3,12,True,2,True,3.95,2,1,1,1,2.15774213
Design Review,High,Tech Lead,C++,Low,5,5,1,10,3,12,False,1,False,3.55,2,1,2,0,2.43235575
Testing,High,Junior,Go,High,12,2,2,24,1,13,False,3,False,2.375,1,1,0,0,5.404725
Client Meeting,Medium,Tech Lead,Java,Medium,7,4,3,14,8,17,True,1,False,3.0625,3,0,0,1,3.16410117
Refactoring,Medium,Junior,JavaScript,Low,11,5,1,22,9,15,True,0,False,3.45,2,2,0,1,4.63053216
Deployment,Medium,Tech Lead,Python,Critical,9,3,3,18,2,16,True,3,False,3.25,0,3,0,0,3.63972656
Deployment,High,Junior,Java,Medium,9,3,3,18,9,9,False,0,True,2.08333333,2,1,0,0,5.0279625
Code Review,High,Junior,Other,Medium,9,4,0,18,5,14,True,2,True,2.375,2,2,0,0,4.91871188
Testing,Medium,Tech Lead,Java,High,9,5,1,18,9,9,False,3,False,3.45,2,2,0,1,3.21170062
Code Review,High,Tech Lead,Python,Critical,12,2,1,24,1,13,False,0,False,2.375,1,1,0,0,4.72913438
Code Review,Medium,Tech Lead,Java,Low,7,2,3,14,5,16,True,1,False,4.5,0,1,1,0,3.28402594
Bug Fix,Medium,Mid,Python,High,6,5,1,12,4,13,False,1,True,4.3,1,2,1,1,2.1360537
Testing,Medium,Senior,C++,Critical,7,4,2,14,8,12,True,0,False,3.4375,1,2,1,0,2.49085315
Code Review,Medium,Senior,C++,High,11,2,0,22,6,9,False,1,False,2.375,1,1,0,0,3.9740625
Refactoring,Medium,Junior,Go,High,6,3,2,12,9,16,True,0,True,5.58333333,0,1,1,1,2.1948003
Testing,Low,Tech Lead,JavaScript,Medium,7,3,0,14,9,12,True,3,False,2.66666667,1,2,0,0,2.8623
Design Review,Medium,Senior,Go,Critical,9,3,0,18,3,15,False,3,False,4.16666667,1,1,0,1,2.80808125
Documentation,High,Junior,Go,Low,8,4,3,16,6,11,False,0,False,3.0,2,1,1,0,4.1863745
Refactoring,Low,Mid,C++,Low,11,3,3,22,7,9,True,3,False,1.5,3,0,0,0,5.57605125
Bug Fix,Medium,Junior,Other,High,2,5,2,4,4,11,False,1,False,4.65,0,3,1,1,0.861948
Feature Dev,Medium,Senior,C++,High,7,3,1,14,6,18,False,3,True,2.91666667,2,0,1,0,2.97793031
Client Meeting,Low,Mid,Go,Medium,7,2,0,14,9,14,True,0,True,1.5,2,0,0,0,2.983365
Testing,Medium,Mid,C++,High,12,2,2,24,7,14,True,0,False,3.625,1,0,1,0,4.29507816
Code Review,Medium,Senior,Python,Critical,8,5,1,16,7,18,True,0,False,4.65,0,3,1,1,2.38621924
Client Meeting,Low,Tech Lead,JavaScript,Medium,1,5,3,2,8,15,True,3,False,3.1,3,1,0,1,1.04632763
Bug Fix,Low,Senior,C++,Low,11,3,1,22,4,15,False,2,False,3.58333333,2,0,0,1,4.14738729
Bug Fix,Low,Junior,Python,High,5,4,1,10,5,13,False,3,False,3.0625,3,0,0,1,1.82155078
Documentation,Low,Mid,JavaScript,Low,7,3,3,14,4,11,False,1,True,2.08333333,2,1,0,0,3.69922208
Refactoring,Low,Senior,Java,Low,5,5,2,10,9,17,False,3,False,3.1,3,1,0,1,2.37006
Bug Fix,Low,Senior,Other,Low,10,4,0,20,5,11,True,0,False,3.9375,1,2,0,1,3.56743406
Bug Fix,Low,Tech Lead,Java,Medium,1,2,3,2,3,11,True,1,False,1.5,2,0,0,0,0.9793875
Refactoring,Medium,Tech Lead,Other,High,6,5,3,12,8,11,False,3,False,3.4,1,3,1,0,2.5574535
Refactoring,Low,Mid,JavaScript,Medium,5,2,3,10,4,13,False,1,False,1.5,2,0,0,0,2.40875
Documentation,High,Senior,C++,Medium,6,4,2,12,4,9,False,1,False,2.375,2,2,0,0,3.10075
Feature Dev,High,Mid,Python,Critical,2,5,1,4,1,12,False,2,True,4.3,1,2,1,1,0.96682179
Bug Fix,High,Senior,C++,Critical,7,5,0,14,9,11,True,1,True,3.55,2,1,2,0,2.82639738
Client Meeting,High,Senior,C++,Critical,3,2,1,6,3,14,True,1,False,1.5,2,0,0,0,1.49114438
Bug Fix,Medium,Junior,Java,Low,5,4,1,10,4,13,False,3,False,3.25,0,4,0,0,2.5265625
Client Meeting,High,Mid,JavaScript,Critical,2,3,2,4,5,10,True,3,False,2.66666667,1,2,0,0,1.31138
Deployment,High,Junior,Other,Critical,5,3,1,10,10,15,True,1,False,3.5,1,1,1,0,2.04202884
Bug Fix,High,Mid,Java,Low,11,2,3,22,8,9,False,2,False,4.5,0,1,1,0,5.33099875
Testing,Medium,Tech Lead,Java,Medium,5,2,2,10,1,12,False,3,False,2.375,1,1,0,0,2.55125
Feature Dev,Medium,Senior,Java,High,1,4,2,2,10,18,True,3,True,2.8125,1,3,0,0,0.99727031
Feature Dev,Medium,Tech Lead,Java,High,13,5,3,26,9,17,True,1,False,3.9,1,2,2,0,4.62249113
Design Review,Low,Mid,Other,Low,3,5,1,6,6,17,False,3,False,3.45,2,2,0,1,1.48293338
Documentation,Medium,Mid,Java,Medium,11,5,3,22,2,16,False,1,False,4.8,1,1,2,1,3.78873
Feature Dev,High,Junior,C++,Critical,1,3,1,2,5,16,True,0,True,2.08333333,2,1,0,0,0.59637222
Bug Fix,Low,Tech Lead,Go,Critical,10,5,3,20,2,9,False,1,False,1.85,4,1,0,0,3.55395625
Code Review,High,Senior,JavaScript,Medium,7,3,1,14,9,11,False,1,False,4.33333333,1,0,2,0,2.88125667
Deployment,Low,Senior,JavaScript,Critical,7,2,3,14,1,17,True,1,False,2.375,1,1,0,0,2.68860047
Documentation,High,Senior,Other,Medium,4,3,1,8,7,11,True,2,False,6.41666667,0,0,2,1,1.73957175
Deployment,High,Senior,C++,Critical,12,3,2,24,1,16,False,1,False,4.16666667,1,1,0,1,4.26252333
Deployment,High,Junior,Other,Critical,3,5,1,6,5,18,False,3,False,3.05,2,2,1,0,1.42962116
Client Meeting,Low,Mid,Python,Low,2,5,1,4,9,18,True,0,True,2.55,2,3,0,0,1.07493829
Refactoring,High,Tech Lead,Go,Critical,10,2,3,20,9,11,False,3,True,1.5,2,0,0,0,5.12730625
Code Review,Medium,Tech Lead,Go,Medium,11,4,2,22,1,17,True,0,True,3.625,2,0,2,0,4.68818831
Code Review,High,Mid,Java,Critical,2,2,1,4,2,17,True,3,True,2.375,1,1,0,0,1.3197788
Client Meeting,High,Mid,Other,Critical,2,4,0,4,7,13,True,2,False,3.5,2,1,0,1,0.8783985
Deployment,High,Junior,Python,Medium,8,5,1,16,1,17,False,2,False,3.55,2,1,2,0,3.4946145
Client Meeting,Medium,Senior,Go,High,8,5,1,16,10,17,False,1,False,4.3,1,2,1,1,2.528091
Client Meeting,Medium,Tech Lead,Go,Medium,10,2,3,20,10,14,True,1,False,3.25,0,2,0,0,4.47890625
Testing,Medium,Mid,Python,High,6,5,2,12,9,10,False,1,False,3.8,1,3,0,1,2.17854
Refactoring,Low,Tech Lead,C++,Low,2,4,0,4,9,17,False,1,False,3.5,2,1,0,1,0.7926325
Feature Dev,High,Junior,Java,Low,2,5,0,4,5,18,False,3,False,2.55,2,3,0,0,1.305095
Bug Fix,High,Senior,JavaScript,Low,5,4,1,10,9,14,False,3,False,3.875,0,3,1,0,2.65916406
Deployment,High,Senior,Java,Medium,2,5,1,4,7,11,False,1,False,3.05,2,2,1,0,1.07531775
Client Meeting,Medium,Tech Lead,Go,Medium,12,3,2,24,3,17,False,1,False,4.16666667,1,1,0,1,4.40483333
Design Review,Medium,Mid,Other,Critical,9,2,2,18,8,16,False,2,False,3.625,1,0,1,0,3.10578844
Feature Dev,Low,Tech Lead,Python,Medium,7,4,1,14,3,11,True,0,False,1.9375,3,1,0,0,2.81226094
Deployment,Medium,Senior,Java,High,8,5,0,16,3,15,False,1,False,3.4,1,3,1,0,2.679237
Testing,Medium,Tech Lead,C++,Critical,13,3,0,26,7,9,False,3,False,3.5,1,1,1,0,4.19464375
Feature Dev,Medium,Junior,Go,Critical,11,2,3,22,5,13,False,1,False,2.375,1,1,0,0,4.12860938
Documentation,High,Tech Lead,JavaScript,Medium,8,3,0,16,10,11,False,3,False,3.5,1,1,1,0,3.571055
Bug Fix,Low,Tech Lead,Java,Low,12,4,2,24,3,9,False,3,False,2.375,2,2,0,0,5.310525
Documentation,Medium,Junior,C++,High,13,4,0,26,7,18,False,0,False,1.5,4,0,0,0,4.797
Design Review,Medium,Senior,Python,Critical,13,5,2,26,9,10,False,1,False,3.45,2,2,0,1,4.194155
Bug Fix,Low,Tech Lead,Python,Low,10,3,3,20,2,12,True,0,True,2.08333333,2,1,0,0,5.12408531
Refactoring,Low,Senior,Other,Critical,9,4,2,18,3,9,True,3,False,3.0625,3,0,0,1,3.0828735
Feature Dev,High,Tech Lead,Python,Medium,6,4,1,12,4,10,True,1,False,5.1875,1,0,2,1,2.39091825
Client Meeting,Low,Senior,Python,Critical,9,5,3,18,5,9,True,2,False,3.1,3,1,0,1,3.11683089
Testing,High,Mid,Other,Medium,4,4,2,8,6,12,True,3,False,3.5,2,1,0,1,2.2513575
Testing,Medium,Tech Lead,Go,Critical,4,4,1,8,6,9,False,1,False,2.375,2,2,0,0,1.54301562
Bug Fix,High,Junior,Other,Low,1,2,1,2,5,17,False,1,False,2.375,1,1,0,0,0.76635625
Deployment,High,Mid,Python,Medium,1,3,2,2,4,13,False,2,False,4.33333333,1,0,2,0,0.79712
Refactoring,Medium,Mid,JavaScript,High,11,3,2,22,10,11,False,1,False,4.75,0,2,0,1,3.5397
Bug Fix,Medium,Mid,C++,High,10,3,1,20,1,11,True,3,False,2.08333333,2,1,0,0,4.18772813
Bug Fix,High,Junior,Python,High,9,3,3,18,8,11,False,3,True,2.91666667,2,0,1,0,4.48063976
Documentation,Medium,Junior,Go,Low,5,5,1,10,6,9,False,1,False,3.9,1,2,2,0,2.1054825
Feature Dev,Medium,Senior,Other,Medium,9,3,1,18,5,9,False,0,True,1.5,3,0,0,0,4.228125
Testing,Medium,Junior,Other,Medium,7,3,2,14,4,12,True,0,False,2.66666667,1,2,0,0,3.1465
Documentation,Medium,Junior,Other,Medium,1,2,3,2,1,12,True,2,False,3.25,0,2,0,0,1.03359375
Testing,Medium,Junior,Python,Medium,12,4,0,24,10,14,False,3,False,1.9375,3,1,0,0,5.1159375
Bug Fix,Medium,Mid,Go,High,9,3,1,18,2,14,False,1,True,3.5,1,1,1,0,3.41986838
Testing,Low,Senior,JavaScript,Low,1,4,2,2,6,9,False,0,True,1.9375,3,1,0,0,0.80109563
Deployment,High,Tech Lead,Go,High,12,2,2,24,9,18,True,2,False,2.375,1,1,0,0,5.58223313
Feature Dev,High,Mid,C++,Medium,8,4,2,16,7,10,True,1,False,3.4375,1,2,1,0,3.85680487
Client Meeting,High,Junior,C++,High,5,3,3,10,7,11,False,0,False,3.5,1,1,1,0,2.22069375
Bug Fix,High,Senior,C++,Medium,11,3,3,22,4,13,False,2,True,3.58333333,2,0,0,1,5.49456646
Bug Fix,Medium,Tech Lead,C++,Low,7,5,3,14,2,10,True,3,False,3.45,2,2,0,1,3.61283278
Client Meeting,Medium,Senior,C++,Medium,2,2,0,4,5,12,False,3,False,1.5,2,0,0,0,1.1275
Bug Fix,High,Junior,C++,Critical,11,5,2,22,6,12,False,3,False,3.55,2,1,2,0,4.17185865
Bug Fix,Medium,Tech Lead,Python,Critical,8,5,1,16,4,11,False,2,False,2.7,3,1,1,0,2.82453088
Deployment,Medium,Mid,Other,High,4,5,0,8,3,16,False,3,False,2.7,3,1,1,0,1.6006455
Bug Fix,High,Junior,Python,Critical,2,3,3,4,3,9,True,1,True,3.58333333,2,0,0,1,1.26247528
Client Meeting,High,Mid,Go,High,10,2,1,20,10,14,False,2,False,5.75,0,0,2,0,3.559545
Code Review,Medium,Junior,C++,High,12,4,0,24,8,15,False,0,True,4.5625,1,1,1,1,3.811698
Feature Dev,High,Junior,Python,Medium,1,4,0,2,2,10,False,0,False,4.0625,1,1,2,0,0.5
Client Meeting,High,Tech Lead,Python,Critical,3,2,3,6,2,12,False,1,False,4.5,0,1,1,0,1.39237438
Design Review,Medium,Junior,Other,Low,11,2,2,22,10,13,False,3,False,2.375,1,1,0,0,5.396875
Code Review,Low,Senior,C++,Medium,11,2,2,22,10,9,True,0,False,2.375,1,1,0,0,4.38913125
Feature Dev,Medium,Junior,C++,Low,7,4,2,14,10,14,False,1,True,2.5625,3,0,1,0,3.650207
Testing,Low,Senior,Python,Low,3,2,3,6,3,16,True,2,False,2.375,1,1,0,0,1.96068469
Feature Dev,High,Mid,Python,High,10,2,1,20,2,10,False,0,False,2.375,1,1,0,0,4.19484375
Design Review,High,Junior,Other,Critical,12,4,0,24,8,17,True,2,False,3.5,2,1,0,1,4.48610663
Deployment,Medium,Mid,JavaScript,Critical,6,5,3,12,6,11,True,2,True,3.4,1,3,1,0,2.70119186
Feature Dev,Medium,Senior,JavaScript,Low,3,2,0,6,7,16,False,3,False,3.25,0,2,0,0,1.546875
Feature Dev,High,Mid,JavaScript,Medium,10,3,1,20,9,9,False,1,False,3.5,1,1,1,0,4.3516625
Documentation,Low,Mid,Python,Medium,9,3,3,18,7,14,True,0,True,2.08333333,2,1,0,0,4.24419188
Deployment,Medium,Junior,Other,Medium,12,2,2,24,10,17,True,0,False,2.375,1,1,0,0,5.25459375
Design Review,High,Senior,Python,High,12,4,3,24,10,15,True,2,False,4.125,2,0,1,1,4.79425196
Documentation,High,Junior,Go,Medium,4,2,1,8,1,11,False,0,True,2.375,1,1,0,0,2.14795625
Client Meeting,Low,Tech Lead,Python,Critical,1,3,3,2,4,9,False,2,False,2.08333333,2,1,0,0,0.85492292
Code Review,Medium,Tech Lead,JavaScript,Low,9,3,3,18,1,11,False,3,False,1.5,3,0,0,0,4.904625
Testing,Medium,Senior,JavaScript,Low,7,2,3,14,8,17,False,0,False,3.625,1,0,1,0,3.18599531
Client Meeting,High,Senior,C++,High,5,2,2,10,9,11,True,3,False,3.25,0,2,0,0,2.56921875
Testing,Low,Junior,C++,Low,13,4,3,26,2,17,False,0,True,3.9375,1,2,0,1,5.32566942
Feature Dev,Medium,Senior,Other,Critical,12,4,0,24,1,13,False,3,True,5.1875,1,0,2,1,3.60737025
Design Review,High,Tech Lead,C++,High,10,3,0,20,1,16,False,0,True,2.66666667,1,2,0,0,4.4022
Code Review,High,Senior,Python,Medium,10,2,1,20,5,16,True,1,True,3.625,1,0,1,0,4.99220958
Feature Dev,Medium,Mid,C++,Medium,12,3,0,24,5,10,True,3,True,4.91666667,0,1,2,0,4.72958062
Code Review,High,Senior,Java,Medium,4,2,3,8,5,13,True,2,False,2.375,1,1,0,0,2.56547813
Feature Dev,Low,Tech Lead,Other,Medium,9,4,0,18,5,13,True,3,False,1.9375,3,1,0,0,3.72861562
Deployment,High,Mid,Python,High,1,4,2,2,1,11,False,1,True,3.0,2,1,1,0,0.7845651
Code Review,Medium,Junior,Go,Medium,11,5,2,22,3,11,False,1,False,2.2,3,2,0,0,4.752
Documentation,Low,Mid,C++,High,7,3,2,14,2,16,True,2,False,1.5,3,0,0,0,2.9252475
Documentation,Medium,Mid,Java,Critical,3,3,0,6,2,9,True,3,False,2.91666667,2,0,1,0,1.23906891
Code Review,High,Senior,JavaScript,Medium,12,2,2,24,4,17,False,3,False,1.5,2,0,0,0,6.273
Deployment,Medium,Mid,Other,Critical,1,3,1,2,8,10,False,3,False,4.75,0,2,0,1,0.59199844
Code Review,High,Mid,Java,Critical,3,2,2,6,6,11,True,2,False,3.25,0,2,0,0,1.57303125
Client Meeting,Medium,Tech Lead,Go,Low,10,4,0,20,10,9,True,2,False,4.0625,1,1,2,0,4.08969619
Client Meeting,High,Tech Lead,Go,Medium,1,3,2,2,2,13,True,0,False,4.91666667,0,1,2,0,0.6407275
Documentation,Medium,Tech Lead,Other,Medium,13,4,0,26,2,10,False,3,True,3.4375,1,2,1,0,5.44670156
Refactoring,Medium,Tech Lead,JavaScript,High,12,2,1,24,1,14,False,2,False,1.5,2,0,0,0,4.750875
Documentation,Medium,Mid,Go,Low,3,4,1,6,5,11,False,2,True,3.4375,1,2,1,0,1.68847748
Refactoring,Medium,Mid,Other,High,8,5,3,16,8,15,False,1,False,2.2,3,2,0,0,3.34125
Documentation,Medium,Mid,Java,Low,8,2,2,16,5,12,True,0,False,2.375,1,1,0,0,3.96670313
Refactoring,Low,Mid,Python,Medium,3,4,1,6,9,14,False,3,False,3.5,2,1,0,1,1.3444875
Documentation,High,Mid,C++,High,7,4,2,14,7,11,False,3,False,4.125,2,0,1,1,2.8268955
Refactoring,Medium,Mid,Python,High,10,4,3,20,6,17,False,0,False,2.5625,3,0,1,0,3.77558859
Refactoring,High,Junior,JavaScript,High,5,4,2,10,6,12,False,0,True,5.0,0,2,1,1,2.012868
Refactoring,Medium,Senior,JavaScript,Medium,11,4,0,22,1,15,False,3,False,2.375,2,2,0,0,4.611875
Code Review,Medium,Tech Lead,Java,Critical,3,5,0,6,4,17,True,2,False,2.2,3,2,0,0,1.237005
Design Review,High,Mid,C++,Medium,1,4,1,2,8,12,True,1,False,5.0,0,2,1,1,0.582981
Refactoring,High,Mid,Java,High,8,2,2,16,2,9,True,0,False,3.625,1,0,1,0,3.35184531
Feature Dev,High,Tech Lead,JavaScript,Medium,8,5,0,16,4,12,False,1,False,3.95,2,1,1,1,3.138534
Design Review,Medium,Mid,Python,Medium,11,5,1,22,10,12,False,0,False,4.3,1,2,1,1,3.70461
Deployment,Medium,Tech Lead,Java,Low,1,4,3,2,1,18,True,0,False,2.375,2,2,0,0,0.96334219
Client Meeting,Medium,Mid,Go,Critical,5,3,0,10,3,10,True,2,False,4.91666667,0,1,2,0,1.57652687
Documentation,High,Senior,Other,High,2,4,2,4,1,17,False,1,False,5.625,0,1,2,1,0.898722
Testing,Medium,Tech Lead,C++,Critical,3,3,1,6,7,18,False,1,False,1.5,3,0,0,0,1.2633125
Feature Dev,Medium,Mid,Go,Medium,1,3,2,2,5,10,False,2,False,4.08333333,0,2,1,0,0.7820625
Feature Dev,Low,Senior,JavaScript,Critical,2,2,0,4,5,16,True,3,False,2.375,1,1,0,0,0.89328094
Feature Dev,Medium,Mid,JavaScript,High,5,5,2,10,3,11,True,0,True,4.3,1,2,1,1,1.94663007
Refactoring,Medium,Senior,Go,High,5,3,0,10,6,12,False,3,False,1.5,3,0,0,0,2.12175
Bug Fix,Medium,Mid,Other,High,4,4,1,8,9,15,False,0,False,3.4375,1,2,1,0,1.41794297
Refactoring,Low,Tech Lead,Python,Medium,13,4,1,26,8,10,False,3,False,1.5,4,0,0,0,5.25825
Deployment,Medium,Tech Lead,Go,Medium,10,3,0,20,4,17,False,1,False,2.08333333,2,1,0,0,4.08291667
Deployment,Low,Senior,Python,High,11,2,2,22,10,15,True,2,False,2.375,1,1,0,0,4.13567438
Deployment,Medium,Junior,Go,High,6,3,1,12,7,10,False,0,False,3.5,1,1,1,0,2.05918875
Testing,High,Senior,JavaScript,Critical,1,2,2,2,9,11,False,0,False,2.375,1,1,0,0,0.6338875
Code Review,High,Senior,Go,Medium,8,3,2,16,8,17,True,3,False,3.5,1,1,1,0,4.0322415
Deployment,Low,Tech Lead,JavaScript,High,3,3,1,6,10,9,False,2,False,4.75,0,2,0,1,1.05453563
Code Review,Low,Senior,Go,High,9,3,2,18,7,16,False,0,False,3.58333333,2,0,0,1,2.78708625
Design Review,Medium,Senior,Java,Medium,10,2,0,20,2,18,False,3,False,3.625,1,0,1,0,3.83210625
Bug Fix,High,Junior,JavaScript,Critical,2,2,0,4,9,16,False,3,False,3.625,1,0,1,0,0.92416144
Deployment,Medium,Mid,Java,Critical,4,3,1,8,3,12,False,2,False,2.08333333,2,1,0,0,1.65059375
Deployment,Medium,Senior,Python,Low,10,5,0,20,4,14,False,0,False,2.7,3,1,1,0,4.11862
Refactoring,High,Junior,Go,Critical,7,3,0,14,7,11,False,1,False,2.91666667,2,0,1,0,2.61187858
Refactoring,High,Tech Lead,Python,Low,12,5,1,24,10,10,True,1,True,3.05,2,2,1,0,6.73754122
Feature Dev,Low,Senior,Go,Low,13,3,3,26,10,15,False,2,True,2.66666667,1,2,0,0,6.23432333
Testing,Low,Junior,Python,Critical,9,2,3,18,8,15,True,0,False,2.375,1,1,0,0,3.23157516
Design Review,Low,Mid,Python,Critical,4,2,2,8,5,15,True,2,True,2.375,1,1,0,0,1.86888384
Code Review,Medium,Mid,Go,Critical,2,5,1,4,10,11,False,1,False,3.45,2,2,0,1,0.78640406
Design Review,Low,Mid,Go,Critical,4,3,2,8,2,16,True,1,True,3.58333333,2,0,0,1,1.58024116
Documentation,Medium,Mid,JavaScript,Medium,4,5,2,8,8,15,False,1,True,2.35,4,0,1,0,2.096655
Testing,Low,Junior,Go,Low,2,4,3,4,8,10,True,2,True,3.0625,3,0,0,1,1.5657106
Testing,Medium,Senior,Python,Low,2,4,1,4,5,17,True,0,False,3.4375,1,2,1,0,0.9878336
Bug Fix,High,Mid,JavaScript,Critical,5,2,2,10,9,15,False,2,False,3.25,0,2,0,0,2.23125
Deployment,High,Mid,Go,High,9,3,0,18,2,18,True,3,True,3.25,0,3,0,0,4.32691875
Client Meeting,Medium,Mid,Other,Medium,10,5,2,20,3,18,False,3,True,3.05,2,2,1,0,4.6505195
Testing,Medium,Junior,Python,High,8,2,3,16,7,14,False,2,True,3.625,1,0,1,0,3.39676116
Documentation,High,Mid,JavaScript,Medium,12,5,3,24,3,9,True,1,True,3.4,1,3,1,0,6.32448778
Documentation,Medium,Tech Lead,Other,Low,12,4,3,24,4,16,True,3,False,3.0,2,1,1,0,5.90704538
Bug Fix,High,Junior,C++,Low,1,2,2,2,7,17,True,3,False,4.5,0,1,1,0,1.03912463
Code Review,Medium,Junior,C++,Medium,13,3,1,26,1,17,True,3,False,2.66666667,1,2,0,0,5.73475
Deployment,Medium,Junior,Java,Low,13,4,3,26,4,15,False,1,False,4.125,2,0,1,1,5.20073125
Code Review,High,Junior,Python,Medium,10,3,0,20,8,15,True,2,False,2.66666667,1,2,0,0,4.872
Documentation,High,Mid,Other,Medium,10,2,2,20,9,14,True,0,False,2.375,1,1,0,0,5.04853125
Code Review,Medium,Mid,Go,Medium,1,2,0,2,7,17,True,2,False,3.25,0,2,0,0,0.590625
Deployment,Low,Junior,Java,Critical,13,5,0,26,1,10,False,2,False,2.2,3,2,0,0,4.10652
Deployment,Medium,Senior,Python,Low,5,2,0,10,7,12,False,0,False,4.5,0,1,1,0,1.86725
Documentation,High,Senior,Java,Low,7,4,0,14,10,14,True,1,False,2.375,2,2,0,0,3.76270125
Documentation,Medium,Senior,C++,High,12,3,0,24,2,12,False,2,False,5.0,1,0,1,1,3.519
Code Review,High,Tech Lead,Other,Critical,12,2,2,24,5,10,False,0,False,3.625,1,0,1,0,4.40870456
Refactoring,High,Mid,Other,Medium,13,2,0,26,8,12,False,0,True,2.375,1,1,0,0,6.4546625
Code Review,Medium,Mid,Other,Critical,10,3,0,20,8,18,True,0,False,4.16666667,1,1,0,1,3.0240875
Feature Dev,Medium,Mid,Other,High,10,5,1,20,9,13,False,1,True,4.45,2,0,2,1,3.28595231
Testing,Medium,Senior,Java,Medium,2,2,3,4,2,17,False,3,False,4.5,0,1,1,0,1.3155625
Feature Dev,High,Senior,Python,Low,5,3,0,10,6,12,True,2,False,2.66666667,1,2,0,0,2.79125
Testing,Medium,Tech Lead,JavaScript,Low,5,2,3,10,7,13,True,1,False,4.5,0,1,1,0,2.49978094
Feature Dev,High,Junior,Python,High,11,2,2,22,3,17,True,2,False,5.75,0,0,2,0,4.1981058
Testing,Medium,Senior,Other,High,2,2,2,4,6,10,True,1,False,4.5,0,1,1,0,0.9624825
Refactoring,Medium,Junior,C++,Low,9,4,0,18,1,14,False,1,False,2.375,2,2,0,0,3.9936875
Documentation,Medium,Mid,C++,Critical,12,2,0,24,1,14,True,1,True,4.5,0,1,1,0,4.08297553
Bug Fix,High,Tech Lead,Go,Medium,10,2,2,20,5,13,False,1,False,5.75,0,0,2,0,3.995
Refactoring,Medium,Tech Lead,C++,Critical,5,2,2,10,5,11,False,3,False,3.625,1,0,1,0,1.96952438
Client Meeting,High,Junior,JavaScript,Critical,4,3,1,8,10,9,True,1,False,4.91666667,0,1,2,0,1.49770053
Code Review,High,Mid,Python,Low,9,4,0,18,8,18,False,3,False,5.625,0,1,2,1,3.694746
Client Meeting,Low,Senior,Python,Medium,12,3,3,24,5,11,True,3,False,1.5,3,0,0,0,5.4565875
Refactoring,Medium,Junior,Java,High,3,3,3,6,4,11,False,0,False,5.0,1,0,1,1,1.16127
Code Review,High,Tech Lead,Go,Low,10,4,0,20,10,18,True,2,False,5.625,0,1,2,1,4.194036
Bug Fix,Low,Mid,Python,High,5,4,0,10,10,18,True,2,False,1.9375,3,1,0,0,1.89590625
Design Review,Low,Mid,JavaScript,High,4,3,2,8,10,14,False,3,False,1.5,3,0,0,0,1.8819
Bug Fix,Medium,Senior,C++,Critical,3,2,2,6,5,12,False,1,False,4.5,0,1,1,0,1.1543
Deployment,Low,Junior,JavaScript,Critical,11,3,3,22,10,14,False,3,False,1.5,3,0,0,0,4.1035875
Testing,High,Tech Lead,Go,Medium,12,3,3,24,2,16,False,1,False,2.08333333,2,1,0,0,6.04470833
Feature Dev,High,Junior,Go,High,2,2,3,4,7,10,False,2,False,4.5,0,1,1,0,1.19928375
Deployment,Low,Mid,Other,Medium,2,3,2,4,3,13,False,3,False,4.16666667,1,1,0,1,1.11815
Deployment,Medium,Tech Lead,Other,Low,11,4,0,22,3,18,False,2,True,1.9375,3,1,0,0,5.58339375
Code Review,Low,Senior,Other,High,10,3,3,20,10,15,True,3,False,2.08333333,2,1,0,0,4.09362188
Documentation,High,Senior,Python,Medium,11,3,0,22,5,16,False,2,False,4.08333333,0,2,1,0,4.57072083
Client Meeting,Medium,Mid,JavaScript,Medium,2,5,1,4,6,10,True,2,False,3.95,2,1,1,1,1.00258725
Testing,Medium,Mid,Go,Critical,1,5,0,2,1,9,True,2,True,3.8,1,3,0,1,0.50923373
Refactoring,Low,Tech Lead,Python,Low,12,5,1,24,10,14,True,0,True,1.85,4,1,0,0,5.72172851
Bug Fix,Medium,Mid,Go,Low,13,4,2,26,5,12,False,2,False,4.125,2,0,1,1,5.1555075
Testing,Medium,Tech Lead,JavaScript,Critical,1,3,1,2,5,18,True,1,False,4.91666667,0,1,2,0,0.5
Documentation,High,Mid,Go,High,10,3,0,20,3,17,True,1,False,5.58333333,0,1,1,1,3.473253
Client Meeting,Low,Junior,Python,Low,9,2,1,18,7,13,False,3,False,2.375,1,1,0,0,3.98289375
Deployment,Low,Tech Lead,JavaScript,Low,8,3,3,16,6,14,True,3,False,2.66666667,1,2,0,0,4.052895
Client Meeting,High,Junior,Other,Critical,6,5,3,12,1,10,True,0,True,4.15,0,4,0,1,2.67200811
Bug Fix,High,Senior,Go,Critical,6,5,1,12,10,18,False,2,False,3.05,2,2,1,0,2.42957476
Testing,High,Tech Lead,Python,Critical,13,2,3,26,1,15,False,2,False,3.25,0,2,0,0,5.28328125
Documentation,High,Mid,Go,Critical,7,4,1,14,9,11,False,3,False,3.9375,1,2,0,1,2.67643352
Documentation,High,Mid,Java,Medium,1,2,3,2,1,11,True,1,True,1.5,2,0,0,0,1.19571375
Design Review,High,Tech Lead,Other,Critical,13,3,3,26,6,17,True,2,True,2.08333333,2,1,0,0,6.48188166
Feature Dev,Medium,Tech Lead,Go,Critical,6,5,0,12,8,10,False,0,False,2.2,3,2,0,0,2.0196
Feature Dev,Medium,Tech Lead,JavaScript,High,11,5,0,22,9,18,False,0,False,3.55,2,1,2,0,3.433914
Bug Fix,Medium,Senior,Python,Critical,5,3,1,10,5,13,False,2,False,4.16666667,1,1,0,1,1.69204896
Refactoring,Medium,Junior,Python,Critical,11,5,0,22,10,16,False,2,False,2.7,3,1,1,0,3.6599555
Client Meeting,Low,Junior,JavaScript,Medium,1,3,1,2,6,18,True,3,False,4.75,0,2,0,1,0.69687844
Testing,Low,Mid,Other,Medium,11,4,0,22,5,16,False,0,True,2.8125,1,3,0,0,4.1790375
Deployment,High,Tech Lead,C++,High,8,2,0,16,8,17,True,1,False,4.5,0,1,1,0,3.03181988
Feature Dev,Low,Junior,C++,High,13,2,3,26,9,10,False,1,False,1.5,2,0,0,0,4.824675
Feature Dev,Medium,Tech Lead,Java,High,11,3,2,22,6,13,False,0,False,3.5,1,1,1,0,3.7953675
Bug Fix,Low,Mid,Java,High,7,5,0,14,1,16,False,2,True,3.45,2,2,0,1,2.3726934
Bug Fix,Low,Senior,C++,Low,11,4,1,22,10,9,True,2,False,3.5,2,1,0,1,4.37446144
Code Review,Medium,Senior,Python,Low,2,3,3,4,6,13,True,0,False,3.25,0,3,0,0,1.35351563
Bug Fix,High,Tech Lead,Go,Critical,1,5,3,2,2,14,False,2,False,3.9,1,2,2,0,0.80263545
Testing,High,Mid,Java,High,12,5,3,24,3,12,False,0,False,3.4,1,3,1,0,4.8469833
Refactoring,High,Mid,JavaScript,Critical,9,5,1,18,4,15,False,1,False,3.55,2,1,2,0,3.23577022
Code Review,High,Mid,C++,Medium,2,4,2,4,5,12,False,0,False,3.4375,1,2,1,0,1.09834313
Code Review,Medium,Tech Lead,JavaScript,Critical,10,5,2,20,9,17,True,2,False,3.2,3,0,2,0,3.5487585
Feature Dev,High,Senior,Go,Low,1,4,0,2,5,13,False,3,False,3.625,2,0,2,0,0.7219905
Refactoring,Medium,Junior,Python,High,1,3,3,2,9,17,False,0,True,2.08333333,2,1,0,0,0.83799375
Client Meeting,High,Junior,JavaScript,High,6,4,2,12,7,17,False,2,True,3.4375,1,2,1,0,2.90556771
Code Review,Low,Tech Lead,C++,Low,5,4,0,10,7,10,True,3,False,2.8125,1,3,0,0,2.32696406
Refactoring,Low,Mid,JavaScript,Medium,8,3,0,16,10,13,True,0,False,2.08333333,2,1,0,0,3.0114
Refactoring,Medium,Senior,Java,Critical,13,5,0,26,5,13,False,1,False,3.95,2,1,1,1,3.7405015
Testing,Low,Tech Lead,C++,Low,13,2,1,26,5,14,False,2,False,1.5,2,0,0,0,5.671325
Client Meeting,Medium,Tech Lead,Go,Critical,6,4,0,12,3,10,False,2,False,4.5,0,2,2,0,1.817725
Feature Dev,High,Junior,Python,Medium,13,3,1,26,1,18,False,3,False,3.5,1,1,1,0,5.7693175
Deployment,Medium,Senior,Other,Critical,6,5,3,12,1,11,False,3,False,3.55,2,1,2,0,2.32179413
Code Review,Medium,Senior,C++,High,2,4,2,4,8,14,True,1,False,3.0,2,1,1,0,1.044981
Client Meeting,Medium,Senior,Go,Critical,1,3,2,2,4,9,False,2,False,2.91666667,2,0,1,0,0.70803937
Bug Fix,High,Mid,Java,Medium,10,5,2,20,8,11,False,1,True,3.9,1,2,2,0,4.67885
Feature Dev,High,Tech Lead,Other,Critical,10,2,3,20,10,14,False,0,False,3.625,1,0,1,0,3.82542234
Client Meeting,Medium,Junior,Go,Low,7,2,2,14,1,10,False,2,False,1.5,2,0,0,0,3.72075
Client Meeting,High,Mid,Java,Low,1,4,1,2,5,13,True,0,False,3.0,2,1,1,0,0.64924283
Testing,Low,Tech Lead,Go,Medium,5,5,3,10,10,16,False,0,False,3.1,3,1,0,1,2.0199375
Bug Fix,Medium,Senior,Go,Low,13,2,2,26,9,12,False,0,False,1.5,2,0,0,0,6.20125
Deployment,Medium,Mid,Java,Critical,13,3,3,26,10,16,True,0,False,1.5,3,0,0,0,5.16869063
Bug Fix,Medium,Junior,Go,Low,11,5,1,22,10,12,True,1,False,3.9,1,2,2,0,4.56889703
Refactoring,High,Mid,Other,Medium,4,3,0,8,2,10,False,1,True,4.08333333,0,2,1,0,1.85435708
Code Review,Medium,Mid,Python,High,7,4,2,14,7,14,True,0,True,3.4375,1,2,1,0,2.90111131
Deployment,Medium,Tech Lead,C++,Critical,7,4,2,14,9,9,False,1,False,3.0,2,1,1,0,2.50648
Code Review,High,Senior,C++,Medium,9,5,0,18,8,14,True,0,True,3.4,1,3,1,0,4.31357157
Feature Dev,High,Senior,Python,Low,8,5,0,16,6,12,True,2,True,3.4,1,3,1,0,4.44693803
Deployment,Medium,Junior,Go,High,8,2,1,16,4,12,False,1,False,2.375,1,1,0,0,3.04678125
Testing,Medium,Senior,Java,Critical,8,5,3,16,2,14,False,0,False,3.4,1,3,1,0,2.79876525
Code Review,High,Tech Lead,JavaScript,High,5,2,1,10,7,10,False,0,False,1.5,2,0,0,0,2.260125
Code Review,High,Junior,Go,Medium,9,3,1,18,5,11,True,0,True,4.08333333,0,2,1,0,4.30564509
Code Review,Medium,Tech Lead,C++,Medium,11,2,3,22,5,15,True,1,False,1.5,2,0,0,0,5.3274375
Testing,Low,Junior,Go,Critical,8,2,3,16,9,10,False,0,False,2.375,1,1,0,0,2.77742812
Feature Dev,Medium,Senior,Other,Medium,6,4,1,12,3,17,True,3,False,3.9375,1,2,0,1,2.56747148
Documentation,Low,Mid,Go,Low,2,4,2,4,6,15,False,2,True,1.5,4,0,0,0,1.513105
Feature Dev,Medium,Tech Lead,Other,Medium,11,2,3,22,1,16,False,3,False,3.625,1,0,1,0,4.58961563
Testing,Medium,Mid,JavaScript,Medium,10,4,2,20,2,18,False,3,False,3.625,2,0,2,0,3.972675
Deployment,Medium,Tech Lead,C++,Critical,6,5,1,12,8,16,False,1,True,4.45,2,0,2,1,1.93506081
Testing,Medium,Mid,C++,Low,3,2,3,6,8,13,False,0,True,2.375,1,1,0,0,1.95906563
Code Review,Medium,Senior,Other,Medium,2,5,0,4,2,13,False,3,False,4.3,1,2,1,1,0.89562
Client Meeting,Medium,Tech Lead,Python,Critical,3,3,2,6,5,12,False,3,False,4.75,0,2,0,1,1.25364375
Bug Fix,Medium,Mid,JavaScript,Critical,7,3,0,14,7,9,False,3,False,3.25,0,3,0,0,2.4703125
Deployment,High,Junior,C++,Low,11,3,1,22,8,13,False,0,True,4.16666667,1,1,0,1,5.34009804
Deployment,High,Mid,Go,Low,8,3,1,16,4,9,True,3,True,4.16666667,1,1,0,1,4.44478602
Deployment,Low,Senior,C++,High,5,4,0,10,3,15,False,2,True,1.5,4,0,0,0,2.0295
Feature Dev,Low,Mid,Java,Critical,12,5,2,24,6,10,True,3,False,2.9,1,4,0,0,4.1935005
Deployment,Medium,Mid,JavaScript,High,7,2,3,14,5,11,False,1,False,2.375,1,1,0,0,2.95846875
Code Review,High,Senior,Go,Critical,4,4,1,8,1,17,False,2,False,4.375,0,3,0,1,1.55842453
Refactoring,Low,Mid,C++,Medium,12,2,1,24,4,9,True,0,True,3.25,0,2,0,0,4.84017188
Testing,Medium,Junior,C++,High,1,2,2,2,5,18,False,1,False,4.5,0,1,1,0,0.6111
Bug Fix,Low,Junior,C++,Critical,10,4,0,20,8,10,True,2,False,2.375,2,2,0,0,3.32790938
Deployment,Medium,Senior,Other,Low,10,5,2,20,9,9,False,2,False,3.6,3,0,1,1,4.18968
Documentation,Medium,Tech Lead,Other,Critical,5,3,0,10,7,9,True,1,False,3.5,1,1,1,0,1.68167081
Bug Fix,Low,Junior,JavaScript,Critical,8,2,3,16,1,12,False,2,False,3.25,0,2,0,0,2.81296875
Deployment,High,Mid,JavaScript,Critical,11,5,0,22,10,11,True,0,False,3.95,2,1,1,1,3.74967632
Feature Dev,Medium,Senior,Java,Low,5,5,0,10,6,9,False,2,False,2.35,4,0,1,0,2.3063205
Client Meeting,High,Mid,Python,Medium,6,2,2,12,6,11,False,2,False,1.5,2,0,0,0,3.3415
Refactoring,High,Junior,JavaScript,Critical,4,4,3,8,5,15,True,0,True,3.625,2,0,2,0,1.9416082
Bug Fix,Low,Junior,C++,High,7,2,0,14,3,14,False,0,True,2.375,1,1,0,0,2.4480225
Feature Dev,Low,Tech Lead,Python,High,1,2,3,2,4,13,True,1,True,3.25,0,2,0,0,0.88682344
Design Review,Low,Senior,Other,Low,9,5,2,18,5,13,False,2,True,3.1,3,1,0,1,4.06267785
Testing,Low,Junior,Other,High,11,3,2,22,6,18,False,2,True,2.66666667,1,2,0,0,4.26822
Design Review,Medium,Junior,Go,Medium,7,4,1,14,7,16,True,2,False,2.375,2,2,0,0,3.24548438
Code Review,High,Mid,C++,Low,12,5,2,24,8,9,True,1,False,3.05,2,2,1,0,6.28426722
Refactoring,High,Junior,Go,Low,9,3,1,18,5,12,True,3,True,2.66666667,1,2,0,0,5.6372085
Feature Dev,High,Junior,Python,Low,11,3,3,22,6,12,False,1,False,3.5,1,1,1,0,5.53692975
Deployment,Medium,Mid,Go,Low,11,4,1,22,6,18,True,0,True,3.9375,1,2,0,1,4.9597243
Bug Fix,Low,Junior,JavaScript,High,8,5,0,16,7,18,True,2,False,2.9,1,4,0,0,2.779623
Refactoring,High,Tech Lead,Other,Low,4,2,0,8,3,12,True,0,False,4.5,0,1,1,0,1.8037635
Client Meeting,Medium,Mid,Go,Medium,9,4,3,18,8,17,False,1,False,3.5,2,1,0,1,3.6468125
Feature Dev,Medium,Tech Lead,Python,High,6,5,1,12,3,14,True,1,False,3.4,1,3,1,0,2.25908393
Deployment,Medium,Junior,Java,Critical,10,4,3,20,3,11,True,1,False,3.4375,1,2,1,0,3.65592962
Feature Dev,Low,Mid,C++,High,4,2,0,8,4,9,False,3,False,2.375,1,1,0,0,1.5366375
Testing,Low,Junior,JavaScript,Medium,4,2,1,8,1,18,False,2,False,3.25,0,2,0,0,1.678125
Bug Fix,High,Junior,JavaScript,Critical,3,4,2,6,4,12,True,3,False,4.0625,1,1,2,0,1.4898179
Feature Dev,High,Mid,C++,Critical,5,3,1,10,1,16,True,0,False,2.66666667,1,2,0,0,2.1137375
Documentation,Medium,Senior,C++,Critical,3,2,2,6,2,15,False,0,True,3.625,1,0,1,0,1.24989047
Refactoring,High,Junior,Go,Critical,13,5,0,26,1,12,False,2,True,3.05,2,2,1,0,5.31069107
Documentation,High,Tech Lead,Python,High,1,3,3,2,1,18,True,0,False,5.58333333,0,1,1,1,0.6724809
Design Review,Medium,Junior,Python,Medium,10,5,1,20,5,12,True,1,True,3.1,3,1,0,1,4.40683031
Testing,Medium,Junior,Python,Critical,1,5,3,2,8,11,False,2,True,4.3,1,2,1,1,0.79934085
Client Meeting,High,Junior,Other,High,10,5,1,20,7,10,False,3,True,3.95,2,1,1,1,4.15108485
Feature Dev,Low,Senior,JavaScript,High,11,2,0,22,9,16,False,1,False,1.5,2,0,0,0,3.74535
Testing,High,Junior,C++,Critical,2,4,0,4,2,14,False,3,False,3.4375,1,2,1,0,0.93359166
Code Review,Medium,Tech Lead,Java,Low,10,2,1,20,10,14,False,0,False,3.625,1,0,1,0,4.06827094
Refactoring,Medium,Tech Lead,Java,Medium,4,4,2,8,3,9,False,1,True,3.5,2,1,0,1,1.93325
Deployment,High,Tech Lead,Other,Medium,2,3,0,4,4,12,False,3,False,2.91666667,2,0,1,0,1.12916083
Design Review,Medium,Senior,Go,High,11,4,0,22,8,12,False,1,True,4.5,0,2,2,0,3.6642375
Bug Fix,High,Tech Lead,JavaScript,Medium,1,5,0,2,10,14,True,1,False,3.95,2,1,1,1,0.5
Code Review,High,Junior,C++,Medium,3,3,2,6,2,15,False,1,False,4.08333333,0,2,1,0,1.54674583
Design Review,Medium,Mid,JavaScript,Medium,4,4,1,8,6,10,True,0,True,5.0,0,2,1,1,1.5806175
Design Review,Medium,Junior,Java,Critical,13,3,1,26,3,11,False,0,True,3.5,1,1,1,0,4.48826881
Client Meeting,Medium,Tech Lead,Python,Medium,8,2,0,16,2,12,True,3,False,3.625,1,0,1,0,3.27511406
Refactoring,High,Mid,Go,High,12,3,2,24,8,14,True,0,True,5.58333333,0,1,1,1,4.73101398
Deployment,High,Tech Lead,Python,Critical,10,3,1,20,8,17,False,3,False,4.75,0,2,0,1,3.51716719
Design Review,Medium,Tech Lead,C++,Medium,13,4,2,26,8,13,False,1,False,3.875,0,3,1,0,4.92275
Design Review,Low,Junior,C++,Medium,4,4,2,8,7,9,True,1,True,2.8125,1,3,0,0,2.03886375
Design Review,High,Junior,Python,Critical,7,3,3,14,9,9,True,1,False,3.5,1,1,1,0,3.01899951
Code Review,High,Tech Lead,JavaScript,Low,13,5,2,26,3,18,False,3,False,3.9,1,2,2,0,6.1573666
Deployment,Low,Senior,Go,Medium,9,4,3,18,8,15,False,0,False,3.5,2,1,0,1,3.2425875
Feature Dev,Low,Senior,Java,High,11,4,3,22,9,18,True,0,True,3.5,2,1,0,1,4.02836136
Feature Dev,Medium,Junior,Java,High,12,5,3,24,7,15,True,0,False,3.55,2,1,2,0,4.30214794
Code Review,Medium,Mid,C++,Critical,6,3,2,12,8,16,False,2,False,2.66666667,1,2,0,0,2.38283333
Client Meeting,Low,Mid,Java,Critical,1,4,3,2,5,17,False,2,False,2.375,2,2,0,0,0.84240312
Bug Fix,Medium,Mid,Python,Low,7,3,2,14,9,11,True,2,False,3.58333333,2,0,0,1,3.33426844
Refactoring,Low,Mid,Java,Low,10,3,3,20,4,13,False,1,False,4.16666667,1,1,0,1,3.86693542
Code Review,Low,Tech Lead,Java,High,6,5,3,12,6,17,True,1,False,1.85,4,1,0,0,2.58015713
Testing,Low,Mid,C++,High,1,2,3,2,8,9,False,0,False,3.25,0,2,0,0,0.6834375
Client Meeting,Low,Mid,Go,Critical,4,5,2,8,2,9,False,1,False,3.1,3,1,0,1,1.404081
Deployment,Low,Tech Lead,Go,Critical,12,3,2,24,1,11,False,3,False,3.58333333,2,0,0,1,3.65837875
Feature Dev,High,Mid,Other,High,1,3,1,2,8,14,True,0,False,5.58333333,0,1,1,1,0.5
Client Meeting,Low,Mid,Java,Low,3,4,1,6,2,14,False,1,True,1.9375,3,1,0,0,1.61432906
Documentation,Low,Junior,JavaScript,High,12,5,0,24,3,11,False,2,False,1.85,4,1,0,0,4.09851
Code Review,Low,Senior,Java,Critical,1,3,0,2,5,11,False,3,False,2.08333333,2,1,0,0,0.5586625
Bug Fix,Low,Mid,Java,Medium,4,4,0,8,8,17,True,0,True,1.9375,3,1,0,0,1.6683975
Bug Fix,Medium,Tech Lead,Go,Medium,10,3,3,20,1,11,False,3,True,2.91666667,2,0,1,0,4.83595521
Bug Fix,Medium,Senior,Python,Medium,4,3,3,8,4,10,False,0,False,2.08333333,2,1,0,0,2.04145833
Feature Dev,High,Junior,Other,Critical,4,2,3,8,1,17,False,0,True,3.25,0,2,0,0,2.00732813
Refactoring,Medium,Junior,Other,Critical,3,2,1,6,9,12,True,1,False,3.25,0,2,0,0,1.21324219
Bug Fix,High,Mid,Python,Low,10,5,1,20,10,9,True,0,True,4.25,0,3,2,0,5.03459447
Client Meeting,Medium,Tech Lead,C++,Critical,6,4,0,12,2,11,True,2,False,4.125,2,0,1,1,1.90803113
Code Review,Medium,Senior,C++,Medium,6,5,1,12,10,10,False,2,False,2.2,3,2,0,0,2.7225
Testing,Medium,Tech Lead,Other,Critical,1,4,1,2,9,9,False,0,False,3.5,2,1,0,1,0.5
Refactoring,Medium,Mid,Go,Medium,1,4,3,2,2,13,True,1,True,3.5,2,1,0,1,0.96420844
Client Meeting,Low,Mid,Python,Medium,10,4,1,20,3,17,False,0,False,2.375,2,2,0,0,3.6796875
Design Review,High,Mid,Other,Critical,11,3,3,22,7,13,False,2,False,4.91666667,0,1,2,0,3.89695604
Client Meeting,Medium,Tech Lead,Java,High,6,4,3,12,3,11,False,2,False,2.375,2,2,0,0,2.69353125
Testing,High,Mid,Go,Low,11,3,0,22,5,17,True,2,False,5.58333333,0,1,1,1,4.7508846
Testing,Medium,Junior,C++,Low,4,2,2,8,10,15,False,2,True,2.375,1,1,0,0,2.49335625
Design Review,Low,Junior,Python,Critical,6,2,1,12,8,13,True,0,False,2.375,1,1,0,0,2.02301859
Refactoring,Medium,Tech Lead,JavaScript,Critical,4,2,0,8,3,10,True,3,False,2.375,1,1,0,0,1.66395469
Feature Dev,High,Mid,C++,High,6,5,3,12,2,10,False,0,False,3.45,2,2,0,1,2.54557012
Code Review,Medium,Mid,Go,Medium,9,4,2,18,3,15,False,0,False,3.0625,3,0,0,1,3.50817188
Client Meeting,Medium,Tech Lead,C++,Low,10,5,2,20,10,15,False,3,False,2.35,4,0,1,0,4.8223065
Documentation,Medium,Junior,Go,Medium,9,5,0,18,4,10,False,1,True,3.05,2,2,1,0,3.74063525
Bug Fix,Low,Senior,Go,High,12,5,1,24,7,16,True,2,False,2.55,2,3,0,0,4.29178838
Code Review,Medium,Junior,C++,High,12,3,1,24,4,17,True,3,False,4.75,0,2,0,1,4.06512422
Design Review,High,Mid,Python,High,10,2,0,20,4,14,True,3,False,2.375,1,1,0,0,4.54367813
Client Meeting,High,Tech Lead,JavaScript,Medium,7,2,1,14,10,10,False,2,False,3.25,0,2,0,0,3.346875
Design Review,High,Junior,JavaScript,High,8,5,0,16,5,17,False,3,False,3.8,1,3,0,1,3.096639
Bug Fix,High,Mid,JavaScript,Medium,2,2,3,4,7,16,True,0,False,2.375,1,1,0,0,1.41152812
Documentation,High,Senior,Go,High,2,2,3,4,10,16,False,0,False,2.375,1,1,0,0,1.20988125
Refactoring,Medium,Tech Lead,Other,Low,7,2,3,14,4,11,False,1,False,4.5,0,1,1,0,3.12764375
Deployment,Medium,Junior,Other,Low,7,4,0,14,8,13,False,1,False,3.5,2,1,0,1,2.8032125
Code Review,High,Tech Lead,Java,Medium,1,4,0,2,7,11,True,3,False,3.9375,1,2,0,1,0.68465906
Refactoring,Low,Senior,Other,Medium,10,3,0,20,8,11,True,1,False,2.08333333,2,1,0,0,3.8688125
Code Review,Low,Senior,Java,High,11,3,1,22,9,14,True,1,False,2.66666667,1,2,0,0,3.845835
Design Review,Medium,Tech Lead,Other,Low,8,4,1,16,1,15,True,2,True,4.5625,1,1,1,1,3.61780433
Feature Dev,Low,Mid,Go,High,2,2,2,4,4,18,False,0,True,1.5,2,0,0,0,1.035045
Testing,Medium,Mid,JavaScript,Critical,13,5,0,26,1,14,True,0,True,3.55,2,1,2,0,4.42688747
Design Review,High,Senior,Go,Low,8,3,2,16,3,17,False,3,True,3.5,1,1,1,0,4.6466783
Client Meeting,High,Junior,Java,Medium,3,2,3,6,2,10,False,1,True,3.25,0,2,0,0,1.9903125
Documentation,Medium,Junior,Java,High,7,2,1,14,8,15,True,3,False,1.5,2,0,0,0,3.14803125
Code Review,High,Junior,Python,Low,6,4,3,12,2,18,True,1,False,3.0,2,1,1,0,3.52294058
Documentation,High,Tech Lead,Python,High,9,3,0,18,1,12,False,1,False,4.16666667,1,1,0,1,3.23247
Feature Dev,Low,Junior,Other,Low,11,3,1,22,8,11,True,3,False,3.58333333,2,0,0,1,4.45579509
Design Review,Medium,Senior,Python,High,3,4,0,6,2,14,False,2,False,4.5625,1,1,1,1,1.0106775
Deployment,High,Junior,Python,Medium,10,3,1,20,10,13,True,1,True,2.08333333,2,1,0,0,5.57840938
Client Meeting,High,Senior,Go,Critical,4,4,1,8,3,9,True,3,True,4.0625,1,1,2,0,1.89537944
Refactoring,High,Junior,Go,High,8,5,1,16,2,10,False,2,False,2.55,2,3,0,0,3.5272575
Testing,Low,Tech Lead,Go,Low,12,5,0,24,1,18,True,1,False,3.1,3,1,0,1,4.58310353
Feature Dev,High,Junior,Java,High,3,3,3,6,3,17,False,1,True,2.08333333,2,1,0,0,1.90273875
Deployment,Medium,Senior,JavaScript,Medium,3,4,3,6,5,17,False,2,True,4.125,2,0,1,1,1.67327875
Testing,Low,Senior,Java,Critical,12,3,2,24,7,15,True,3,False,4.16666667,1,1,0,1,3.71962762
Design Review,High,Mid,Java,Medium,8,4,1,16,8,13,False,1,False,4.5,0,2,2,0,3.232425
Testing,Medium,Tech Lead,JavaScript,High,5,3,0,10,6,13,True,2,False,5.0,1,0,1,1,1.625778
Testing,High,Mid,JavaScript,Medium,7,3,0,14,2,10,False,3,False,2.08333333,2,1,0,0,3.50533333
Code Review,High,Tech Lead,Python,Low,6,3,3,12,7,9,False,3,False,2.66666667,1,2,0,0,3.7323
Client Meeting,High,Senior,Other,Low,12,3,2,24,7,14,True,3,False,3.5,1,1,1,0,6.34230135
Testing,Medium,Mid,C++,Critical,13,5,1,26,6,12,False,1,False,4.3,1,2,1,1,3.7717815
Feature Dev,High,Mid,C++,High,3,3,0,6,7,10,False,1,True,3.5,1,1,1,0,1.3146507
Deployment,Medium,Senior,Go,Low,3,2,2,6,3,17,False,2,False,3.25,0,2,0,0,1.753125
Client Meeting,High,Senior,C++,Low,1,3,0,2,6,11,False,3,False,4.16666667,1,1,0,1,0.70816167
Code Review,Medium,Junior,C++,High,10,3,1,20,10,18,False,1,True,2.08333333,2,1,0,0,4.18996875
Deployment,Medium,Junior,Other,High,1,4,0,2,9,11,False,0,False,3.4375,1,2,1,0,0.5
Deployment,Medium,Senior,C++,Critical,11,5,2,22,9,18,False,1,True,3.05,2,2,1,0,4.1248086
Bug Fix,Medium,Mid,Go,High,10,4,3,20,6,12,False,1,True,3.0625,3,0,0,1,4.05193852
Bug Fix,Low,Tech Lead,Other,High,6,2,0,12,10,14,True,2,False,1.5,2,0,0,0,2.285955
Design Review,Medium,Mid,Other,Critical,10,4,0,20,4,18,False,0,False,4.5,0,2,2,0,2.7965
Feature Dev,High,Mid,JavaScript,High,6,4,2,12,9,9,False,1,False,4.5,0,2,2,0,2.33919
Documentation,High,Senior,C++,Critical,13,4,2,26,1,10,True,0,False,4.0625,1,1,2,0,4.72528101
Code Review,High,Tech Lead,Go,High,5,3,1,10,2,14,False,1,True,4.33333333,1,0,2,0,2.0961765
Documentation,Medium,Junior,Java,Low,3,2,3,6,4,11,True,1,True,1.5,2,0,0,0,2.27895938
Testing,Low,Mid,Python,Medium,6,3,2,12,8,15,False,0,False,3.25,0,3,0,0,2.30625
Deployment,Low,Senior,Java,Medium,10,5,3,20,2,17,False,2,False,2.9,1,4,0,0,4.05875
Design Review,Medium,Mid,JavaScript,Low,13,4,3,26,9,17,False,0,False,3.0625,3,0,0,1,5.59058672
Feature Dev,High,Tech Lead,Go,Medium,10,4,2,20,3,14,True,2,False,3.5,2,1,0,1,4.70570625
Refactoring,Medium,Junior,Java,Critical,4,3,0,8,6,16,False,2,False,3.5,1,1,1,0,1.3727925
Deployment,Low,Senior,Java,High,7,5,2,14,8,11,False,1,False,2.2,3,2,0,0,2.60172
Design Review,High,Junior,Python,High,11,3,3,22,1,18,True,2,True,4.91666667,0,1,2,0,4.76574801
Code Review,Low,Mid,Python,Low,2,5,1,4,7,14,False,1,False,3.1,3,1,0,1,0.95789925
Design Review,Low,Senior,Other,Low,8,3,2,16,8,15,True,1,False,2.08333333,2,1,0,0,3.772615
Testing,Low,Senior,Java,Medium,9,5,3,18,6,14,False,0,False,1.85,4,1,0,0,3.717675
Documentation,Medium,Tech Lead,Java,High,4,2,0,8,6,10,False,3,False,2.375,1,1,0,0,1.6779375
Feature Dev,Low,Junior,JavaScript,Medium,8,2,1,16,1,13,False,1,False,2.375,1,1,0,0,3.0713125
Documentation,Medium,Senior,Go,Low,13,5,0,26,4,15,True,2,False,3.8,1,3,0,1,5.3918865
Refactoring,Medium,Senior,Python,Critical,5,5,0,10,6,9,False,1,False,3.6,3,0,1,1,1.510824
Bug Fix,Medium,Mid,Go,Critical,1,3,0,2,9,10,True,3,False,2.91666667,2,0,1,0,0.57823216
Bug Fix,Medium,Tech Lead,JavaScript,Medium,1,3,1,2,5,11,False,2,False,2.66666667,1,2,0,0,0.725
Code Review,Low,Mid,JavaScript,High,12,3,1,24,7,11,True,0,False,4.16666667,1,1,0,1,3.57820706
Feature Dev,High,Tech Lead,C++,Low,1,3,3,2,10,16,False,3,False,4.16666667,1,1,0,1,1.12746792
Code Review,Medium,Senior,Java,Medium,7,3,2,14,6,10,False,2,False,5.0,1,0,1,1,2.5806
Documentation,Medium,Mid,Go,Critical,8,4,0,16,7,12,True,3,False,4.5,0,2,2,0,2.56928438
Code Review,Medium,Junior,JavaScript,Medium,4,2,0,8,7,10,False,1,False,1.5,2,0,0,0,1.7425
Code Review,Medium,Tech Lead,C++,Low,10,5,2,20,2,17,True,2,True,3.05,2,2,1,0,5.25458154
Deployment,Medium,Junior,Go,High,4,3,3,8,5,13,True,1,False,3.5,1,1,1,0,1.82298769
Bug Fix,High,Junior,Java,Low,1,4,0,2,1,11,False,1,False,2.8125,1,3,0,0,0.590975
Refactoring,High,Senior,Go,Low,3,2,2,6,7,13,False,0,False,3.625,1,0,1,0,1.6469145
Code Review,Low,Senior,Java,Low,9,2,1,18,9,10,False,0,False,1.5,2,0,0,0,3.822225
Bug Fix,High,Mid,Go,Medium,3,2,0,6,6,14,True,2,True,1.5,2,0,0,0,1.8705225
Testing,High,Mid,Java,Medium,12,4,3,24,5,16,False,1,False,3.0,2,1,1,0,5.593505
Design Review,High,Junior,Java,Medium,11,2,2,22,3,10,False,0,False,3.625,1,0,1,0,4.776765
Documentation,Medium,Tech Lead,Other,Critical,5,4,3,10,9,15,False,2,True,4.5,0,2,2,0,2.03794938
Deployment,High,Mid,JavaScript,Low,3,5,2,6,5,10,False,2,False,2.55,2,3,0,0,2.01113
Feature Dev,Low,Junior,Go,High,7,4,1,14,10,13,True,0,False,1.5,4,0,0,0,2.58622875
Refactoring,High,Junior,JavaScript,Medium,7,3,3,14,10,10,False,2,False,4.33333333,1,0,2,0,3.21339
Feature Dev,Medium,Senior,Java,Low,2,2,1,4,4,14,False,2,False,5.75,0,0,2,0,1.010735
Deployment,High,Mid,JavaScript,Low,8,4,0,16,2,15,False,0,False,3.0,2,1,1,0,3.730232
Client Meeting,Medium,Senior,Other,Medium,13,3,0,26,4,18,False,1,False,1.5,3,0,0,0,5.4325
Code Review,Low,Senior,JavaScript,Low,8,3,1,16,7,9,False,2,False,4.75,0,2,0,1,2.91123938
Refactoring,Medium,Junior,Other,Low,8,4,1,16,9,17,True,1,False,3.5,2,1,0,1,3.50159906
Design Review,Low,Mid,Other,Medium,11,3,1,22,5,15,False,0,False,2.08333333,2,1,0,0,4.092875
Deployment,Low,Tech Lead,JavaScript,Low,13,5,1,26,2,14,False,3,False,2.2,3,2,0,0,5.58657
Deployment,Medium,Junior,Go,Medium,8,2,2,16,10,13,True,2,True,2.375,1,1,0,0,4.19337188
Documentation,Low,Junior,Java,Low,7,4,2,14,9,18,True,3,False,3.0625,3,0,0,1,3.24155081
Deployment,Medium,Junior,Java,Critical,13,4,3,26,6,17,True,1,False,2.8125,1,3,0,0,4.92339258
Refactoring,Medium,Senior,Other,Low,10,5,2,20,5,10,True,1,False,3.1,3,1,0,1,4.5623655
Documentation,Low,Junior,C++,High,8,2,3,16,5,17,False,0,True,2.375,1,1,0,0,3.23488688
Deployment,High,Senior,Go,Medium,3,2,1,6,8,16,True,0,False,1.5,2,0,0,0,1.6466625
Client Meeting,Low,Junior,Go,Medium,8,4,2,16,7,14,False,2,False,1.9375,3,1,0,0,3.3905625
Design Review,High,Senior,Java,High,3,3,0,6,9,14,False,2,False,2.66666667,1,2,0,0,1.3746
Bug Fix,Medium,Junior,Python,Critical,11,4,2,22,9,17,True,3,False,3.5,2,1,0,1,3.92142187
Refactoring,High,Junior,Python,Medium,5,5,3,10,1,18,True,0,True,3.05,2,2,1,0,2.91921197
Feature Dev,Medium,Tech Lead,Other,Low,9,5,0,18,2,9,False,0,False,2.55,2,3,0,0,3.8511
Bug Fix,High,Junior,Other,Critical,10,5,3,20,8,17,False,3,False,4.3,1,2,1,1,3.7025745
Documentation,Medium,Tech Lead,C++,Medium,9,5,0,18,7,9,False,1,False,3.95,2,1,1,1,3.07211
Refactoring,High,Senior,Other,Medium,12,3,1,24,5,17,False,1,False,5.0,1,0,1,1,4.51214
Bug Fix,High,Mid,Go,Low,2,5,0,4,10,9,True,1,False,3.05,2,2,1,0,1.08276226
Documentation,Low,Senior,Python,Low,2,2,1,4,10,16,False,3,False,2.375,1,1,0,0,1.26286875
Deployment,High,Junior,JavaScript,Low,4,4,1,8,7,9,True,1,True,4.375,0,3,0,1,2.22302164
Testing,Low,Junior,Go,Low,2,3,1,4,10,11,True,1,False,2.08333333,2,1,0,0,1.11568188
Documentation,Low,Junior,Java,High,9,3,0,18,7,17,False,1,False,2.08333333,2,1,0,0,2.993475
Deployment,High,Junior,JavaScript,Medium,2,2,3,4,3,17,True,0,True,5.75,0,0,2,0,1.26429765
Client Meeting,Low,Senior,Python,Critical,7,4,3,14,10,11,False,0,False,2.8125,1,3,0,0,2.42194219
Deployment,Medium,Tech Lead,Other,Low,9,4,1,18,1,12,False,1,False,4.5625,1,1,1,1,3.39699938
Design Review,Medium,Tech Lead,Python,High,2,4,2,4,4,18,True,0,False,2.5625,3,0,1,0,0.97995614
Code Review,High,Junior,JavaScript,Critical,12,3,1,24,4,11,True,2,True,4.75,0,2,0,1,4.72195365
Code Review,Medium,Senior,Python,Medium,12,4,3,24,1,18,True,1,True,3.4375,1,2,1,0,5.56306291
Deployment,High,Senior,C++,High,3,3,2,6,1,10,False,0,False,3.5,1,1,1,0,1.356642
Documentation,Medium,Senior,Other,Medium,2,5,0,4,4,9,False,1,False,4.45,2,0,2,1,0.7028775
Bug Fix,Medium,Junior,Java,Medium,12,5,0,24,9,11,True,0,False,3.95,2,1,1,1,4.184712
Feature Dev,High,Senior,Python,Critical,5,3,1,10,10,18,True,0,True,3.5,1,1,1,0,2.15814421
Testing,Low,Tech Lead,Python,High,11,4,2,22,8,17,True,1,False,3.0625,3,0,0,1,3.70624866
Documentation,High,Mid,JavaScript,Medium,13,3,3,26,1,9,True,0,False,5.0,1,0,1,1,5.279673
Refactoring,High,Tech Lead,JavaScript,Low,4,2,2,8,3,16,False,3,False,1.5,2,0,0,0,2.7511
Code Review,Medium,Senior,JavaScript,Critical,7,3,1,14,5,15,True,0,False,2.91666667,2,0,1,0,2.43683552
Design Review,High,Mid,C++,High,7,2,2,14,4,18,False,3,False,1.5,2,0,0,0,3.52395
Bug Fix,Medium,Senior,JavaScript,Low,2,3,2,4,10,12,True,3,True,2.08333333,2,1,0,0,1.77128875
Refactoring,Low,Senior,JavaScript,Low,8,4,0,16,3,10,False,3,False,1.9375,3,1,0,0,3.50893125
Refactoring,Medium,Junior,JavaScript,Medium,13,5,2,26,9,15,False,2,False,3.8,1,3,0,1,4.92765
Code Review,Medium,Mid,Go,Medium,6,3,2,12,6,9,False,1,False,2.66666667,1,2,0,0,2.70666667
Deployment,Low,Senior,C++,Critical,2,4,0,4,4,17,False,3,False,2.375,2,2,0,0,0.85074375
Client Meeting,High,Tech Lead,JavaScript,Medium,8,5,3,16,6,13,False,2,False,3.55,2,1,2,0,3.7547595
Testing,Medium,Tech Lead,JavaScript,Low,9,2,0,18,10,14,True,2,True,3.625,1,0,1,0,4.30256413
Deployment,Low,Tech Lead,JavaScript,High,6,3,1,12,6,12,False,3,False,4.75,0,2,0,1,1.92471188
Feature Dev,Low,Tech Lead,Other,High,7,4,2,14,6,16,True,3,False,2.8125,1,3,0,0,2.82862125
Feature Dev,High,Tech Lead,C++,High,13,2,3,26,8,14,True,0,False,1.5,2,0,0,0,6.22825875
Refactoring,Medium,Tech Lead,JavaScript,High,1,5,3,2,10,15,True,2,False,3.1,3,1,0,1,0.89079244
Documentation,Low,Senior,Python,Medium,13,2,1,26,5,11,True,1,False,2.375,1,1,0,0,5.07944063
Client Meeting,Medium,Mid,Go,High,3,3,3,6,5,16,False,2,False,1.5,3,0,0,0,1.706625
Testing,Low,Senior,JavaScript,High,1,5,1,2,4,18,False,0,False,3.8,1,3,0,1,0.5
Code Review,High,Mid,Java,High,4,3,1,8,9,12,False,2,True,4.16666667,1,1,0,1,1.83656137
Bug Fix,High,Mid,Other,Medium,1,3,3,2,7,17,True,3,False,2.91666667,2,0,1,0,1.17590069
Design Review,Medium,Tech Lead,JavaScript,Critical,12,2,0,24,5,15,True,0,True,3.625,1,0,1,0,4.19963198
Feature Dev,Medium,Senior,Go,Low,5,3,2,10,6,18,False,0,True,3.58333333,2,0,0,1,2.43454521
Bug Fix,Low,Tech Lead,Python,Medium,8,2,2,16,4,16,True,1,False,3.25,0,2,0,0,3.22875
Testing,High,Tech Lead,JavaScript,Medium,7,4,0,14,6,16,False,2,False,2.375,2,2,0,0,3.355875
Refactoring,Medium,Senior,Other,High,5,4,3,10,1,15,False,1,False,4.0625,1,1,2,0,1.93482844
Code Review,High,Mid,Other,Medium,10,4,3,20,10,12,False,3,False,3.9375,1,2,0,1,4.59013281
Bug Fix,Medium,Junior,Go,Medium,2,3,3,4,9,16,False,2,False,4.16666667,1,1,0,1,1.22827083
Documentation,High,Senior,C++,Medium,4,3,0,8,9,13,False,1,False,2.08333333,2,1,0,0,1.93191667
Documentation,Medium,Mid,Python,High,7,4,1,14,2,13,False,0,False,3.0,2,1,1,0,2.4465825
Testing,Low,Tech Lead,Python,High,1,3,3,2,7,10,False,3,True,2.08333333,2,1,0,0,1.09432125
Bug Fix,Low,Mid,Python,Medium,12,3,3,24,7,14,True,3,False,4.16666667,1,1,0,1,4.50944812
Design Review,High,Mid,Java,High,10,2,3,20,7,16,False,2,False,2.375,1,1,0,0,4.63640625
Design Review,High,Tech Lead,Other,High,7,2,2,14,6,10,False,1,True,2.375,1,1,0,0,3.51660375
Code Review,High,Mid,Python,Critical,10,5,0,20,9,14,False,3,False,2.55,2,3,0,0,4.0504625
Feature Dev,High,Tech Lead,JavaScript,Critical,12,4,0,24,6,10,True,0,False,3.875,0,3,1,0,4.33078931
Deployment,Low,Tech Lead,Other,Medium,4,5,0,8,5,15,True,3,False,2.2,3,2,0,0,1.80873
Documentation,High,Tech Lead,Other,Low,11,3,3,22,4,16,False,1,False,2.91666667,2,0,1,0,5.71151762
Deployment,Low,Senior,Java,High,1,2,2,2,5,9,False,0,False,2.375,1,1,0,0,0.5828625
Deployment,High,Tech Lead,C++,Critical,5,4,2,10,5,14,False,3,False,3.4375,1,2,1,0,2.21919328
Feature Dev,High,Junior,Go,High,8,5,0,16,8,14,False,0,False,3.05,2,2,1,0,3.0439764
Client Meeting,High,Junior,Python,Low,2,2,2,4,8,12,True,0,False,1.5,2,0,0,0,1.4443275
Bug Fix,Medium,Tech Lead,C++,Medium,6,2,0,12,9,16,False,2,False,2.375,1,1,0,0,2.55125
Code Review,High,Junior,Java,High,10,4,3,20,2,14,True,3,True,3.0,2,1,1,0,5.12476099
Deployment,High,Senior,JavaScript,Low,10,3,3,20,6,13,False,0,True,3.25,0,3,0,0,5.72859375
Feature Dev,Medium,Senior,Other,Low,13,3,0,26,2,17,False,0,True,3.58333333,2,0,0,1,5.50418917
Code Review,Low,Tech Lead,Go,High,10,3,1,20,2,16,False,1,False,1.5,3,0,0,0,3.551625
Deployment,Low,Tech Lead,JavaScript,Critical,11,3,0,22,5,14,False,0,True,4.16666667,1,1,0,1,3.13641075
Deployment,Low,Junior,Other,Medium,8,5,1,16,7,18,True,0,False,2.2,3,2,0,0,3.149685
Documentation,High,Mid,Java,Medium,11,4,0,22,5,9,False,0,False,3.0,2,1,1,0,4.66279
Documentation,High,Junior,Java,Low,4,3,2,8,1,15,True,2,False,4.33333333,1,0,2,0,2.2441419
Bug Fix,High,Mid,C++,Low,5,5,2,10,3,18,True,3,False,2.55,2,3,0,0,3.25738875
Bug Fix,Low,Senior,Other,Critical,9,5,2,18,1,13,True,2,True,2.2,3,2,0,0,3.63502755
Code Review,Low,Tech Lead,C++,High,6,3,3,12,8,17,False,1,False,2.08333333,2,1,0,0,2.4288375
Testing,Medium,Mid,Python,High,6,4,2,12,8,14,True,1,False,4.5625,1,1,1,1,2.12242275
Testing,Medium,Mid,Java,Medium,1,3,2,2,9,16,False,0,False,1.5,3,0,0,0,0.7175
Bug Fix,High,Tech Lead,C++,Critical,2,3,3,4,10,13,False,3,False,2.66666667,1,2,0,0,1.37218333
Code Review,Low,Junior,JavaScript,High,13,3,2,26,9,15,False,3,True,3.58333333,2,0,0,1,4.572711
Deployment,High,Mid,JavaScript,High,3,4,3,6,3,9,True,2,False,3.9375,1,2,0,1,1.64588435
Design Review,High,Junior,Go,High,4,5,0,8,1,15,True,0,True,3.95,2,1,1,1,1.5880982
Design Review,Medium,Tech Lead,JavaScript,Critical,7,2,2,14,9,10,True,2,True,2.375,1,1,0,0,3.17902922
Code Review,High,Tech Lead,Other,Low,5,4,2,10,5,9,True,1,False,3.4375,1,2,1,0,2.80752708
Code Review,High,Junior,Java,Medium,2,4,0,4,8,15,False,0,True,3.0,2,1,1,0,0.932558
Deployment,Medium,Junior,C++,Critical,4,5,1,8,5,12,False,1,False,3.1,3,1,0,1,1.41171188
Testing,High,Mid,Go,Critical,10,5,2,20,6,11,True,1,False,2.55,2,3,0,0,4.33978125
Refactoring,Low,Mid,Java,Critical,11,2,0,22,5,17,False,1,False,2.375,1,1,0,0,3.38629375
Design Review,High,Mid,JavaScript,Medium,2,2,3,4,5,18,False,3,False,2.375,1,1,0,0,1.6386875
Refactoring,Medium,Junior,Other,Low,9,3,1,18,5,18,True,3,False,4.91666667,0,1,2,0,3.75584344
Refactoring,Low,Senior,Python,High,4,4,3,8,8,11,False,0,False,3.9375,1,2,0,1,1.45940484
Feature Dev,Low,Senior,JavaScript,Medium,3,5,0,6,5,12,False,1,False,1.5,5,0,0,0,1.2095
Documentation,High,Mid,Go,High,2,2,0,4,6,14,False,3,False,3.25,0,2,0,0,1.029375
Refactoring,Medium,Junior,Go,High,10,5,0,20,9,11,True,3,True,3.95,2,1,1,1,3.71131646
Deployment,Medium,Tech Lead,C++,Critical,7,5,0,14,4,9,False,2,False,3.6,3,0,1,1,2.15832
Client Meeting,High,Senior,C++,Low,11,2,3,22,5,9,False,0,False,1.5,2,0,0,0,6.212525
Bug Fix,High,Tech Lead,C++,Critical,1,2,3,2,4,15,False,3,False,5.75,0,0,2,0,0.8217715
Bug Fix,Medium,Mid,Python,Low,4,2,1,8,1,10,True,0,False,2.375,1,1,0,0,1.98335156
Feature Dev,Low,Junior,C++,Critical,4,4,0,8,10,17,False,3,False,2.8125,1,3,0,0,1.41891563
Bug Fix,Low,Tech Lead,Other,High,5,3,3,10,2,17,True,1,True,2.66666667,1,2,0,0,2.3613975
Client Meeting,Medium,Junior,Other,Low,6,3,0,12,7,11,True,1,True,3.25,0,3,0,0,2.97773438
Documentation,Medium,Junior,Java,High,12,5,2,24,7,12,False,3,False,3.95,2,1,1,1,4.035258
Design Review,Medium,Junior,Python,Critical,1,5,1,2,9,10,True,1,False,3.95,2,1,1,1,0.5
Refactoring,High,Mid,Other,Critical,4,4,2,8,8,12,False,3,True,5.0,0,2,1,1,1.7840548
Client Meeting,Medium,Senior,C++,Critical,13,2,1,26,4,15,False,0,False,3.25,0,2,0,0,4.26328125
Refactoring,High,Tech Lead,Java,Critical,11,3,1,22,2,18,False,0,False,2.66666667,1,2,0,0,4.28088333
Design Review,High,Tech Lead,Other,Medium,11,5,2,22,8,16,True,2,False,3.55,2,1,2,0,5.0624217
Feature Dev,Medium,Tech Lead,Other,Medium,7,5,0,14,1,12,True,3,False,2.2,3,2,0,0,3.22245
Bug Fix,Low,Junior,C++,Critical,7,3,3,14,3,9,False,0,False,3.58333333,2,0,0,1,2.20841156
Deployment,Medium,Tech Lead,C++,High,11,4,1,22,9,15,False,0,False,3.0,2,1,1,0,3.7735425
Design Review,Medium,Tech Lead,JavaScript,Low,6,4,3,12,10,13,False,0,True,3.0,2,1,1,0,3.17779275
Bug Fix,Low,Junior,Python,Low,5,4,1,10,7,18,False,3,False,2.8125,1,3,0,0,2.37445313
Bug Fix,Medium,Junior,Go,High,10,2,2,20,6,13,False,3,False,3.625,1,0,1,0,3.68951625
Testing,Medium,Junior,Java,Medium,10,2,0,20,6,18,False,0,False,1.5,2,0,0,0,4.1
Client Meeting,Low,Senior,C++,Low,7,2,0,14,5,15,True,3,False,1.5,2,0,0,0,3.3385275
Bug Fix,Medium,Junior,Other,High,6,2,1,12,5,14,False,1,False,3.625,1,0,1,0,2.12548219
Code Review,High,Senior,JavaScript,Low,3,2,1,6,9,17,False,1,False,2.375,1,1,0,0,1.75938125
Feature Dev,Medium,Junior,Other,Critical,7,3,0,14,7,10,True,3,False,2.66666667,1,2,0,0,2.674525
Code Review,High,Senior,JavaScript,Medium,11,5,1,22,8,18,False,0,True,3.45,2,2,0,1,5.04972738
Code Review,Medium,Mid,JavaScript,High,1,5,2,2,6,11,False,3,True,4.8,1,1,2,1,0.757746
Documentation,Medium,Senior,JavaScript,High,7,5,0,14,4,9,False,1,True,3.8,1,3,0,1,2.4819795
Refactoring,Low,Junior,JavaScript,Medium,6,2,1,12,1,18,True,3,True,2.375,1,1,0,0,2.95802719
Bug Fix,Medium,Mid,C++,Critical,4,2,2,8,5,14,False,0,True,3.625,1,0,1,0,1.58319459
Documentation,High,Mid,Go,Medium,11,4,1,22,9,12,True,1,True,2.375,2,2,0,0,6.01805531
Feature Dev,High,Tech Lead,JavaScript,High,10,5,3,20,8,17,False,0,False,4.25,0,3,2,0,3.79166625
Refactoring,High,Junior,C++,High,11,3,0,22,4,14,False,1,True,2.91666667,2,0,1,0,4.72803705
Deployment,High,Mid,JavaScript,Critical,4,3,3,8,10,12,False,1,False,3.58333333,2,0,0,1,1.77713927
Code Review,Medium,Tech Lead,JavaScript,Critical,1,2,0,2,8,17,False,1,True,1.5,2,0,0,0,0.5
Design Review,High,Tech Lead,Java,High,8,5,0,16,4,11,True,3,False,3.95,2,1,1,1,3.12284133
Deployment,High,Junior,JavaScript,Medium,8,2,0,16,6,13,False,1,False,2.375,1,1,0,0,3.709125
Client Meeting,Medium,Junior,Other,Critical,11,4,2,22,9,12,True,3,True,3.25,0,4,0,0,4.60195313
Documentation,High,Mid,Other,Low,4,2,2,8,7,17,True,3,False,4.5,0,1,1,0,2.39194725
Design Review,High,Mid,Java,Low,13,2,0,26,7,11,False,1,False,1.5,2,0,0,0,6.8552
Refactoring,Low,Junior,Go,Critical,1,3,1,2,3,15,False,0,False,4.75,0,2,0,1,0.5
Bug Fix,High,Tech Lead,Java,Critical,2,5,3,4,8,16,True,3,False,4.8,1,1,2,1,1.14080957
Design Review,Medium,Tech Lead,C++,Low,12,2,0,24,6,9,False,3,True,2.375,1,1,0,0,6.05529375
Documentation,Low,Tech Lead,Python,Critical,6,3,3,12,1,15,False,3,True,4.75,0,2,0,1,2.22939647
Code Review,Low,Mid,Other,Low,2,4,2,4,7,14,False,2,False,1.9375,3,1,0,0,1.34619375
Testing,High,Senior,JavaScript,Low,3,2,1,6,7,11,True,2,False,1.5,2,0,0,0,2.04810375
Code Review,Medium,Tech Lead,Python,High,9,4,2,18,10,14,False,3,False,3.5,2,1,0,1,3.321675
Refactoring,Low,Junior,C++,Low,6,3,1,12,5,9,False,2,False,2.08333333,2,1,0,0,2.74949583
Feature Dev,Medium,Tech Lead,Other,Medium,1,2,3,2,1,18,False,2,False,2.375,1,1,0,0,1.0303125
Refactoring,Medium,Senior,C++,Medium,4,4,3,8,5,9,True,3,False,3.0,2,1,1,0,2.27380125
Refactoring,Medium,Senior,Python,Low,1,3,3,2,4,10,False,3,False,4.75,0,2,0,1,1.03650937
Bug Fix,High,Mid,C++,Medium,1,3,2,2,4,9,False,2,False,6.41666667,0,0,2,1,0.72624
Testing,Medium,Tech Lead,Go,Medium,2,3,0,4,7,17,True,0,False,3.58333333,2,0,0,1,0.734825
Testing,Medium,Mid,C++,High,4,3,1,8,2,17,True,3,False,3.5,1,1,1,0,1.73819756
Client Meeting,High,Junior,C++,Critical,9,3,0,18,4,14,False,1,False,3.5,1,1,1,0,3.233689
Testing,Low,Junior,C++,Critical,7,2,0,14,8,12,True,0,True,2.375,1,1,0,0,2.42762231
Feature Dev,High,Senior,C++,Critical,6,4,2,12,4,12,True,1,False,3.0,2,1,1,0,2.59890645
Documentation,High,Senior,C++,High,4,3,2,8,4,14,False,0,False,2.08333333,2,1,0,0,1.917975
Client Meeting,Low,Senior,Other,Low,10,5,2,20,2,14,False,3,True,2.55,2,3,0,0,4.942245
Refactoring,High,Junior,Java,Low,5,3,1,10,4,13,False,3,False,3.5,1,1,1,0,2.71418125
Client Meeting,Medium,Senior,Go,High,10,3,2,20,2,14,False,2,False,2.08333333,2,1,0,0,4.033125
Feature Dev,Medium,Senior,Other,High,5,3,2,10,8,11,False,3,False,4.33333333,1,0,2,0,1.94298
Feature Dev,High,Junior,Go,Low,7,5,0,14,2,10,True,3,False,3.8,1,3,0,1,3.5147112
Bug Fix,Medium,Tech Lead,C++,Critical,1,4,3,2,9,18,True,3,False,3.9375,1,2,0,1,0.88059768
Bug Fix,High,Tech Lead,Go,Low,8,5,3,16,8,10,False,1,True,3.9,1,2,2,0,4.35413781
Refactoring,Medium,Mid,Python,Low,7,5,2,14,3,16,False,2,True,4.45,2,0,2,1,3.11843318
Code Review,Low,Tech Lead,Python,Low,12,2,2,24,8,14,False,3,False,2.375,1,1,0,0,5.310525
Documentation,High,Junior,Java,Critical,7,4,1,14,2,12,True,1,False,3.0,2,1,1,0,2.85386246
Testing,Medium,Tech Lead,Python,Low,5,5,2,10,4,9,False,3,False,4.8,1,1,2,1,2.189044
Documentation,High,Junior,Python,Critical,7,3,1,14,4,15,False,0,False,2.08333333,2,1,0,0,2.85256458
Design Review,High,Junior,Java,Medium,11,4,2,22,8,13,True,1,False,3.875,0,3,1,0,5.03966531
Code Review,Medium,Mid,C++,High,3,2,1,6,6,13,True,0,False,3.625,1,0,1,0,1.13693245
Client Meeting,Low,Senior,Java,Medium,11,2,2,22,5,18,False,1,False,2.375,1,1,0,0,4.27825
Feature Dev,Low,Tech Lead,Python,Medium,6,5,3,12,5,10,False,0,False,3.45,2,2,0,1,2.29973625
Refactoring,Medium,Junior,Python,Critical,3,2,1,6,2,13,False,3,False,3.625,1,0,1,0,1.24989047
Code Review,High,Junior,JavaScript,Low,12,2,2,24,10,18,True,0,False,3.625,1,0,1,0,5.99065149
Documentation,High,Junior,Go,Low,5,3,0,10,1,11,False,0,False,4.33333333,1,0,2,0,2.10074333
Code Review,Low,Junior,Go,Medium,8,2,0,16,10,18,False,3,False,1.5,2,0,0,0,3.2595
Client Meeting,High,Senior,Java,High,6,5,0,12,6,18,True,0,False,3.05,2,2,1,0,2.39713142
Refactoring,Medium,Mid,Other,Low,3,4,2,6,9,13,True,2,False,2.5625,3,0,1,0,1.85102827
Documentation,Medium,Senior,Java,Medium,3,4,1,6,4,12,True,0,False,3.625,2,0,2,0,1.22418844
Bug Fix,High,Senior,Java,Low,1,4,0,2,8,18,False,3,False,3.5,2,1,0,1,0.734635
Code Review,Medium,Junior,Java,Critical,3,4,0,6,2,17,True,1,False,3.875,0,3,1,0,1.01993227
Refactoring,Medium,Tech Lead,C++,Critical,9,3,3,18,9,18,False,1,True,2.08333333,2,1,0,0,3.86408229
Code Review,Low,Mid,Other,Medium,11,3,1,22,9,9,True,0,False,4.16666667,1,1,0,1,3.65558812
Testing,High,Senior,Python,Low,3,4,2,6,7,15,False,2,False,2.375,2,2,0,0,2.029225
Feature Dev,Low,Junior,Other,Medium,7,3,2,14,9,9,False,3,False,1.5,3,0,0,0,3.198
Documentation,High,Tech Lead,Java,Low,8,2,0,16,1,13,False,3,False,2.375,1,1,0,0,4.2959125
Client Meeting,Medium,Junior,Other,High,6,3,0,12,8,12,True,2,False,4.91666667,0,1,2,0,1.97276625
Client Meeting,High,Mid,Go,High,7,5,3,14,10,14,True,3,True,3.95,2,1,1,1,3.42649449
Testing,Medium,Tech Lead,Python,High,12,4,1,24,4,10,False,1,False,3.0,2,1,1,0,4.1882175
Design Review,Low,Mid,Python,Critical,9,5,1,18,9,9,False,2,False,2.2,3,2,0,0,3.020985
Code Review,High,Mid,Java,Critical,12,2,1,24,3,13,False,2,False,2.375,1,1,0,0,4.89594688
Feature Dev,High,Tech Lead,C++,Low,6,4,2,12,4,17,False,3,False,3.5,2,1,0,1,3.24786
Bug Fix,Medium,Junior,Java,Low,7,4,2,14,5,10,False,1,True,3.0,2,1,1,0,3.568048
Refactoring,High,Senior,Java,Low,13,2,1,26,4,15,False,1,False,1.5,2,0,0,0,7.024325
Bug Fix,Low,Mid,JavaScript,High,10,4,3,20,5,18,False,1,True,3.25,0,4,0,0,3.85171875
Deployment,Low,Tech Lead,Go,Low,10,4,0,20,7,9,True,1,False,3.25,0,4,0,0,4.00640625
Refactoring,Medium,Junior,JavaScript,Medium,4,4,3,8,1,13,True,0,False,3.625,2,0,2,0,1.85895281
Bug Fix,Medium,Junior,JavaScript,Medium,5,4,3,10,8,16,False,2,False,3.0,2,1,1,0,2.441975
Bug Fix,Medium,Senior,Other,High,2,3,3,4,8,11,True,3,False,2.66666667,1,2,0,0,1.415925
Code Review,High,Junior,Java,Medium,9,2,2,18,5,9,True,1,False,2.375,1,1,0,0,4.67761875
Bug Fix,Medium,Tech Lead,Java,High,2,3,3,4,10,13,False,3,True,3.5,1,1,1,0,1.37683013
Bug Fix,Medium,Junior,JavaScript,Low,10,4,1,20,7,16,False,1,False,2.375,2,2,0,0,4.58734375
Deployment,Low,Tech Lead,Other,Critical,2,4,3,4,10,13,True,3,False,3.9375,1,2,0,1,1.12563355
Bug Fix,Medium,Senior,Python,Medium,3,5,0,6,2,12,False,1,True,3.05,2,2,1,0,1.31427725
Client Meeting,Medium,Tech Lead,Python,Critical,2,3,1,4,7,16,True,2,False,4.16666667,1,1,0,1,0.86942516
Client Meeting,High,Junior,JavaScript,Low,4,4,1,8,7,10,True,2,False,4.125,2,0,1,1,2.07984026
Client Meeting,Medium,Tech Lead,Other,High,6,3,0,12,2,9,True,1,False,4.16666667,1,1,0,1,2.00123437
Feature Dev,Medium,Mid,Python,Low,4,4,1,8,8,15,False,3,True,3.4375,1,2,1,0,2.23314764
Design Review,High,Mid,Go,Critical,13,3,1,26,4,18,True,3,False,2.08333333,2,1,0,0,5.71486344
Client Meeting,Medium,Mid,C++,Medium,10,4,1,20,10,11,False,0,False,5.0,0,2,1,1,3.2453
Documentation,Medium,Junior,C++,Critical,1,4,3,2,1,12,False,0,False,2.375,2,2,0,0,0.70895312
Documentation,High,Senior,C++,Medium,11,2,0,22,6,13,False,2,True,2.375,1,1,0,0,5.6775125
Design Review,Medium,Senior,C++,Low,13,5,0,26,9,11,True,1,False,3.45,2,2,0,1,5.39380669
Client Meeting,Medium,Tech Lead,Python,Critical,11,4,0,22,8,16,False,1,False,4.0625,1,1,2,0,3.22471406
Bug Fix,High,Senior,Python,Critical,13,3,0,26,8,18,True,3,False,3.5,1,1,1,0,5.02899652
Bug Fix,High,Junior,C++,Medium,10,4,3,20,7,11,False,3,True,4.5,0,2,2,0,4.8404125
Deployment,Low,Mid,JavaScript,Medium,6,2,0,12,5,15,False,2,False,1.5,2,0,0,0,2.419
Feature Dev,Medium,Mid,JavaScript,Low,3,2,2,6,6,10,False,3,False,3.625,1,0,1,0,1.76455125
Client Meeting,High,Mid,C++,High,5,2,1,10,1,11,True,3,False,4.5,0,1,1,0,2.20568906
Deployment,Low,Senior,Python,Medium,9,5,3,18,3,16,False,1,False,3.1,3,1,0,1,3.4024725
Documentation,Medium,Junior,Python,High,12,4,3,24,8,18,False,1,False,5.0,0,2,1,1,3.76533
Testing,Medium,Mid,Other,Medium,4,3,3,8,6,16,True,1,False,3.5,1,1,1,0,2.02554188
Testing,High,Junior,JavaScript,High,11,4,0,22,1,14,True,2,False,5.625,0,1,2,1,3.76033455
Documentation,High,Tech Lead,JavaScript,Medium,1,3,2,2,10,17,False,1,True,3.58333333,2,0,0,1,0.82755292
Feature Dev,High,Junior,JavaScript,Low,8,4,2,16,9,10,True,1,False,3.0,2,1,1,0,4.3424766
Feature Dev,Medium,Tech Lead,JavaScript,Medium,10,3,1,20,9,13,False,2,True,3.25,0,3,0,0,4.4859375
Documentation,High,Junior,C++,Low,9,2,0,18,6,10,False,0,False,5.75,0,0,2,0,3.638646
Client Meeting,Low,Senior,Java,High,4,5,1,8,8,12,False,0,False,3.45,2,2,0,1,1.26088988
Bug Fix,Medium,Tech Lead,Go,Low,1,3,3,2,6,11,True,1,False,1.5,3,0,0,0,1.12468125
Client Meeting,High,Mid,Java,Low,2,4,3,4,1,10,False,3,True,4.5625,1,1,1,1,1.62085399
Deployment,Medium,Senior,Other,Medium,11,5,2,22,7,15,False,1,False,4.3,1,2,1,1,3.90816
Documentation,High,Junior,Other,Critical,2,3,0,4,6,16,True,2,False,2.91666667,2,0,1,0,0.92517145
Client Meeting,High,Tech Lead,JavaScript,Critical,11,5,3,22,7,17,False,2,False,4.3,1,2,1,1,3.9517197
Client Meeting,High,Junior,Other,Medium,8,3,3,16,7,16,True,0,True,2.08333333,2,1,0,0,4.75027438
Refactoring,High,Tech Lead,Java,Critical,3,3,3,6,4,14,False,0,True,2.66666667,1,2,0,0,1.654015
Code Review,High,Tech Lead,Java,Critical,7,2,1,14,5,17,True,2,False,4.5,0,1,1,0,2.70430847
Feature Dev,Medium,Junior,Other,Low,7,2,2,14,10,9,False,3,False,2.375,1,1,0,0,3.669875
Deployment,Medium,Tech Lead,C++,High,8,5,2,16,7,12,False,1,False,3.75,0,4,1,0,2.867805
Feature Dev,Medium,Senior,Other,Critical,10,2,3,20,5,9,False,0,False,4.5,0,1,1,0,3.21039688
Deployment,High,Junior,Python,Critical,3,2,1,6,3,14,False,1,True,3.625,1,0,1,0,1.35821431
Client Meeting,High,Tech Lead,Java,Critical,2,3,1,4,2,10,True,3,False,4.16666667,1,1,0,1,1.03574997
Design Review,Low,Tech Lead,Python,Low,13,5,3,26,1,12,False,0,False,1.85,4,1,0,0,5.6853225
Refactoring,High,Senior,Python,Medium,3,4,1,6,6,9,False,2,False,2.375,2,2,0,0,1.6975625
Refactoring,High,Senior,Python,Medium,10,4,1,20,5,15,True,3,False,4.0625,1,1,2,0,4.47033891
Documentation,Low,Tech Lead,Java,Low,8,3,0,16,1,11,False,3,False,2.08333333,2,1,0,0,3.483425
Deployment,High,Tech Lead,JavaScript,Low,11,2,0,22,6,18,False,3,False,2.375,1,1,0,0,5.78545
Design Review,Medium,Mid,C++,Low,7,3,1,14,9,17,True,3,False,2.08333333,2,1,0,0,3.73810938
Deployment,High,Tech Lead,Python,Low,13,4,3,26,6,14,False,2,False,4.0625,1,1,2,0,6.14845481
Design Review,Low,Junior,Java,High,2,5,0,4,4,13,True,0,False,1.5,5,0,0,0,0.69741
Bug Fix,High,Senior,Other,Medium,1,3,3,2,4,15,True,0,False,3.58333333,2,0,0,1,0.83586344
Client Meeting,High,Junior,Other,Critical,3,3,1,6,7,18,True,3,False,4.33333333,1,0,2,0,1.35616268
Feature Dev,Medium,Tech Lead,Python,Critical,6,4,1,12,9,16,False,1,False,3.0,2,1,1,0,2.07567875
Bug Fix,High,Junior,Python,Low,13,3,0,26,7,15,False,2,False,4.08333333,0,2,1,0,5.90717875
Design Review,High,Senior,JavaScript,Medium,4,3,1,8,6,9,False,0,False,4.91666667,0,1,2,0,1.59780417
Testing,High,Tech Lead,Other,Critical,9,4,3,18,8,17,True,1,True,3.625,2,0,2,0,3.97648143
Documentation,High,Junior,C++,Medium,9,3,3,18,6,15,False,2,False,4.08333333,0,2,1,0,4.16231042
Design Review,Low,Senior,Java,Medium,4,4,1,8,7,9,True,1,False,2.375,2,2,0,0,1.74122813
Refactoring,Medium,Mid,Other,High,4,4,3,8,4,18,True,0,False,4.125,2,0,1,1,1.59290381
Feature Dev,Medium,Mid,C++,Critical,8,2,2,16,10,13,False,0,True,3.625,1,0,1,0,2.91641109
Refactoring,High,Junior,Go,Critical,8,2,1,16,7,18,False,3,False,2.375,1,1,0,0,3.44467812
Feature Dev,High,Senior,C++,Medium,5,5,1,10,3,14,False,2,True,3.95,2,1,1,1,2.4203245
Design Review,Medium,Junior,JavaScript,Low,8,4,3,16,10,17,False,0,True,3.625,2,0,2,0,3.81419981
Documentation,Low,Mid,Other,High,12,2,2,24,9,10,False,1,False,1.5,2,0,0,0,4.3542
Testing,Low,Senior,C++,Critical,13,4,1,26,8,16,False,0,False,3.5,2,1,0,1,3.60770813
Refactoring,Medium,Junior,Go,Critical,5,2,3,10,6,15,False,1,False,5.75,0,0,2,0,1.7318325
Code Review,Medium,Senior,Go,Low,10,5,1,20,2,10,False,0,False,1.85,4,1,0,0,4.5992375
Deployment,High,Junior,Go,Low,10,3,3,20,8,10,True,3,True,4.16666667,1,1,0,1,5.75777366
Feature Dev,High,Senior,JavaScript,Critical,12,4,2,24,5,12,False,2,False,5.1875,1,0,2,1,3.8710105
Bug Fix,Low,Senior,JavaScript,High,9,5,1,18,7,11,True,0,False,3.1,3,1,0,1,2.87598701
Client Meeting,High,Senior,Go,Low,3,3,3,6,3,16,False,0,False,4.08333333,0,2,1,0,1.74921313
Documentation,High,Senior,Python,Critical,8,3,0,16,10,16,False,1,False,2.66666667,1,2,0,0,3.1059
Documentation,High,Mid,Other,Low,8,2,1,16,8,12,True,1,True,2.375,1,1,0,0,4.89944503
Documentation,High,Mid,Other,High,7,2,1,14,5,17,True,2,False,1.5,2,0,0,0,3.45799125
Client Meeting,Medium,Tech Lead,Java,Low,6,2,3,12,3,9,False,1,False,2.375,1,1,0,0,3.18415625
Deployment,Medium,Tech Lead,Go,High,7,2,1,14,1,10,True,1,False,3.625,1,0,1,0,2.56862517
Testing,High,Tech Lead,Other,High,13,3,0,26,9,16,False,3,False,5.0,1,0,1,1,4.419864
Design Review,Medium,Tech Lead,Python,Low,13,5,1,26,2,14,True,1,False,3.05,2,2,1,0,5.78534736
Testing,High,Senior,Other,Critical,2,3,2,4,2,18,True,1,False,4.75,0,2,0,1,0.96530569
Client Meeting,High,Senior,Go,Critical,8,3,1,16,6,15,True,0,False,2.91666667,2,0,1,0,3.16375594
Design Review,High,Senior,C++,Medium,3,3,3,6,1,17,False,2,False,2.91666667,2,0,1,0,1.87884958
Deployment,Low,Junior,C++,Low,3,2,2,6,4,16,True,2,True,3.25,0,2,0,0,1.88192813
Feature Dev,Low,Mid,Java,Medium,7,5,2,14,10,9,True,2,False,3.8,1,3,0,1,2.7413295
Refactoring,Medium,Mid,C++,Critical,5,3,3,10,10,14,True,3,False,2.08333333,2,1,0,0,2.44414844
Refactoring,Medium,Mid,JavaScript,Low,10,3,2,20,5,10,True,2,False,3.5,1,1,1,0,4.66345688
Design Review,Medium,Mid,Python,High,8,5,3,16,10,13,True,2,False,2.2,3,2,0,0,3.6018675
Code Review,Medium,Mid,C++,Medium,3,3,3,6,4,18,False,0,False,2.66666667,1,2,0,0,1.595
Design Review,Low,Junior,C++,High,9,3,2,18,10,17,False,3,False,2.66666667,1,2,0,0,3.3408
Deployment,Medium,Tech Lead,Go,Critical,11,4,1,22,4,14,True,0,False,3.0625,3,0,0,1,3.65288396
Bug Fix,Medium,Mid,JavaScript,Critical,13,2,1,26,8,9,False,1,False,2.375,1,1,0,0,4.54564063
Deployment,Low,Mid,C++,Medium,3,2,0,6,10,17,False,3,False,1.5,2,0,0,0,1.4145
Feature Dev,Medium,Junior,Java,Low,6,3,2,12,5,10,False,2,False,2.66666667,1,2,0,0,3.08366667
Refactoring,Low,Junior,JavaScript,Medium,5,3,1,10,10,14,False,2,False,3.58333333,2,0,0,1,1.88080208
Bug Fix,Medium,Mid,Go,Low,2,4,2,4,1,16,False,2,True,4.0625,1,1,2,0,1.32613731
Design Review,Medium,Mid,Other,High,3,2,1,6,4,9,False,0,False,2.375,1,1,0,0,1.19221875
Feature Dev,Medium,Junior,JavaScript,Low,13,3,2,26,10,9,False,2,False,2.66666667,1,2,0,0,6.061
Feature Dev,High,Mid,Java,High,7,2,3,14,6,12,True,2,False,4.5,0,1,1,0,3.10400606
Deployment,Medium,Senior,C++,Medium,5,4,0,10,7,9,False,0,True,4.5625,1,1,1,1,1.764675
Testing,Medium,Mid,JavaScript,Medium,9,4,2,18,4,9,False,2,True,2.5625,3,0,1,0,4.25166156
Design Review,Medium,Junior,JavaScript,Critical,11,3,1,22,8,11,False,0,False,5.0,1,0,1,1,3.024385
Client Meeting,Medium,Junior,Go,Medium,10,3,0,20,2,17,True,1,False,4.16666667,1,1,0,1,3.64669375
Code Review,Medium,Senior,Java,Critical,8,3,0,16,8,18,False,0,True,1.5,3,0,0,0,3.0668
Design Review,High,Senior,Java,Low,8,3,3,16,7,12,False,3,False,2.08333333,2,1,0,0,4.85269583
Client Meeting,Medium,Junior,Python,High,6,4,0,12,3,10,False,1,False,3.4375,1,2,1,0,2.02563281
Bug Fix,Medium,Tech Lead,C++,Low,10,3,2,20,5,15,True,3,True,2.91666667,2,0,1,0,5.40914316
Code Review,Medium,Mid,Java,Low,11,3,1,22,9,15,False,1,False,6.41666667,0,0,2,1,3.8694975
Feature Dev,High,Mid,Java,High,12,3,3,24,9,18,True,3,False,2.91666667,2,0,1,0,5.48397321
Documentation,Medium,Junior,Go,Critical,12,3,3,24,5,10,False,0,False,4.08333333,0,2,1,0,3.87772656
Refactoring,Low,Senior,JavaScript,Critical,11,2,0,22,5,17,True,1,False,2.375,1,1,0,0,3.55560844
Testing,Medium,Tech Lead,Other,Medium,4,3,3,8,8,15,False,1,True,3.5,1,1,1,0,2.12199625
Client Meeting,Medium,Junior,Python,Medium,9,2,1,18,4,14,True,0,False,2.375,1,1,0,0,3.86367188
Documentation,High,Mid,Python,Low,7,3,3,14,9,13,False,2,True,4.08333333,0,2,1,0,4.06907119
Documentation,Medium,Senior,JavaScript,Medium,10,2,3,20,3,18,False,3,True,2.375,1,1,0,0,5.12703125
Code Review,High,Junior,Go,Low,12,3,1,24,5,16,False,2,False,2.66666667,1,2,0,0,6.24176667
Refactoring,Medium,Tech Lead,Go,Low,1,4,3,2,1,11,False,1,False,3.0,2,1,1,0,0.9629675
Code Review,Medium,Tech Lead,JavaScript,Medium,10,5,3,20,4,9,False,3,True,2.55,2,3,0,0,5.0813125
Bug Fix,Medium,Senior,Java,High,13,2,0,26,6,17,False,1,False,2.375,1,1,0,0,4.6805625
Deployment,Low,Senior,Java,Low,8,4,0,16,2,18,False,1,False,1.9375,3,1,0,0,3.28824375
Documentation,Medium,Senior,Go,Medium,6,3,2,12,5,17,False,1,False,2.66666667,1,2,0,0,2.70666667
Bug Fix,Medium,Mid,JavaScript,High,11,5,0,22,6,17,True,2,False,3.9,1,2,2,0,3.6979929
Bug Fix,Medium,Mid,Go,Critical,3,3,2,6,7,12,False,0,True,1.5,3,0,0,0,1.4375625
Deployment,Medium,Tech Lead,Other,Critical,8,2,1,16,9,13,False,1,False,3.625,1,0,1,0,2.61340734
Documentation,High,Mid,Go,Low,4,5,3,8,6,12,False,2,False,3.55,2,1,2,0,2.37512385
Client Meeting,High,Senior,Python,Critical,1,3,1,2,7,15,True,1,False,3.25,0,3,0,0,0.59407031
Client Meeting,Medium,Tech Lead,Other,Low,12,4,2,24,8,15,False,1,False,4.5,0,2,2,0,4.7047
Design Review,High,Junior,JavaScript,Medium,3,3,3,6,4,10,False,1,False,2.91666667,2,0,1,0,1.78629542
Feature Dev,Medium,Tech Lead,C++,High,8,4,3,16,9,15,False,0,False,3.5,2,1,0,1,2.88669375
Feature Dev,Low,Senior,JavaScript,Critical,12,4,1,24,3,10,True,2,False,1.9375,3,1,0,0,4.18099992
Client Meeting,High,Mid,Other,Critical,1,3,3,2,9,15,False,3,True,2.08333333,2,1,0,0,1.12663604
Deployment,High,Mid,Java,High,12,2,3,24,5,10,True,3,False,5.75,0,0,2,0,4.73419485
Client Meeting,Medium,Tech Lead,Java,Low,2,4,2,4,5,13,True,2,True,3.4375,1,2,1,0,1.48694953
Testing,High,Mid,JavaScript,Low,6,2,0,12,7,11,True,0,True,2.375,1,1,0,0,3.44083163
Deployment,Medium,Senior,Other,Medium,9,5,3,18,5,12,False,1,False,3.4,1,3,1,0,3.743715
Refactoring,High,Mid,Java,Low,13,4,3,26,7,15,False,0,False,3.625,2,0,2,0,6.10841963
Client Meeting,Medium,Junior,C++,Critical,2,2,0,4,2,16,True,1,False,2.375,1,1,0,0,0.78818906
Testing,Medium,Tech Lead,Java,Critical,2,5,1,4,1,12,False,3,False,3.45,2,2,0,1,0.93619531
Deployment,High,Senior,C++,Medium,1,2,3,2,8,18,False,0,False,1.5,2,0,0,0,0.93275
Refactoring,High,Tech Lead,Other,Medium,11,3,3,22,10,18,False,3,False,2.91666667,2,0,1,0,5.37739708
Client Meeting,Medium,Tech Lead,Python,High,1,5,1,2,8,18,True,1,True,2.7,3,1,1,0,0.63246558
Documentation,Low,Senior,C++,Critical,9,2,3,18,2,14,True,1,False,1.5,2,0,0,0,3.46713938
Documentation,Medium,Tech Lead,C++,Medium,8,3,0,16,4,10,False,3,False,5.0,1,0,1,1,2.737
Deployment,High,Mid,Java,Medium,7,2,2,14,2,16,False,1,True,3.625,1,0,1,0,3.54870863
Bug Fix,Low,Senior,Python,Critical,6,2,3,12,1,15,False,3,False,3.25,0,2,0,0,2.31890625
Feature Dev,Medium,Mid,Java,Critical,1,4,0,2,1,18,True,0,False,3.4375,1,2,1,0,0.5
Feature Dev,High,Tech Lead,JavaScript,Critical,11,3,3,22,4,18,True,2,True,2.66666667,1,2,0,0,5.41893275
Code Review,High,Mid,JavaScript,Medium,1,5,0,2,1,16,False,2,False,3.05,2,2,1,0,0.6065895
Design Review,Low,Mid,JavaScript,Critical,11,3,0,22,5,14,False,0,False,2.66666667,1,2,0,0,3.2538
Bug Fix,High,Tech Lead,Java,High,7,2,0,14,8,16,True,1,False,3.25,0,2,0,0,2.9413125
Refactoring,High,Senior,Go,Medium,1,5,1,2,9,13,True,0,False,3.55,2,1,2,0,0.55540958
Bug Fix,Medium,Tech Lead,Python,Critical,4,4,2,8,2,14,False,3,True,2.375,2,2,0,0,2.01843125
Client Meeting,High,Junior,JavaScript,Medium,12,5,2,24,10,17,True,1,False,2.9,1,4,0,0,5.93628
Code Review,High,Tech Lead,Java,Medium,10,4,0,20,8,10,False,0,False,3.875,0,3,1,0,4.0436875
Client Meeting,Medium,Mid,JavaScript,Medium,8,4,1,16,4,14,False,2,False,4.0625,1,1,2,0,2.99287188
Bug Fix,Low,Senior,Java,High,11,4,2,22,3,13,True,2,False,3.9375,1,2,0,1,3.61608089
Client Meeting,High,Junior,C++,Critical,5,4,1,10,1,15,False,2,True,3.9375,1,2,0,1,2.12583207
Bug Fix,Low,Tech Lead,Java,High,8,5,0,16,10,12,True,2,True,2.55,2,3,0,0,3.11361435
Deployment,Medium,Mid,Java,Critical,11,4,2,22,10,16,True,2,False,3.0,2,1,1,0,4.02994988
Deployment,High,Senior,JavaScript,Low,5,2,0,10,3,16,True,3,True,2.375,1,1,0,0,3.24136313
Code Review,Medium,Junior,Other,Critical,9,3,1,18,6,9,False,2,True,5.0,1,0,1,1,2.8881215
Deployment,High,Senior,JavaScript,High,2,5,1,4,7,13,True,0,False,3.95,2,1,1,1,0.83955785
Feature Dev,Medium,Senior,C++,Medium,3,5,0,6,7,18,False,2,False,2.2,3,2,0,0,1.386
Feature Dev,High,Mid,Other,Critical,12,3,1,24,10,11,False,1,False,2.08333333,2,1,0,0,4.88406458
Refactoring,Medium,Tech Lead,Other,High,11,4,3,22,8,14,False,1,False,2.375,2,2,0,0,4.37146875
Documentation,Medium,Junior,Python,Low,3,5,2,6,9,13,True,2,False,3.55,2,1,2,0,1.70264903
Bug Fix,High,Junior,C++,Critical,3,2,2,6,7,9,False,2,False,5.75,0,0,2,0,1.276802
Testing,Low,Junior,Python,Critical,3,5,0,6,10,12,True,0,True,2.75,4,0,0,1,0.96950267
Testing,Medium,Mid,Python,Low,7,4,3,14,9,12,True,1,False,2.375,2,2,0,0,3.79670156
Client Meeting,Medium,Tech Lead,Go,Low,12,2,3,24,2,13,True,3,False,5.75,0,0,2,0,5.12178975
Bug Fix,Medium,Tech Lead,Python,High,13,4,2,26,8,10,True,2,True,5.0,0,2,1,1,4.6334673
Bug Fix,Low,Senior,Python,Low,11,2,1,22,6,13,True,2,False,1.5,2,0,0,0,5.10250125
Code Review,Medium,Senior,Java,High,3,3,0,6,4,13,False,1,False,4.08333333,0,2,1,0,1.01668125
Feature Dev,High,Senior,Other,Medium,2,3,2,4,7,11,True,0,True,4.91666667,0,1,2,0,1.13138987
Code Review,High,Junior,Other,Low,5,5,0,10,7,11,False,2,True,3.45,2,2,0,1,2.66540313
Design Review,Low,Senior,Python,Critical,6,4,2,12,2,14,True,2,False,3.9375,1,2,0,1,2.03686071
Refactoring,Medium,Mid,JavaScript,Critical,13,4,1,26,7,12,True,1,True,3.0,2,1,1,0,4.93052031
Design Review,High,Tech Lead,Other,High,4,4,1,8,2,10,False,3,False,3.9375,1,2,0,1,1.76827359
Documentation,Medium,Tech Lead,Python,Medium,3,3,3,6,7,12,True,2,False,2.91666667,2,0,1,0,1.79786469
Refactoring,Medium,Senior,JavaScript,Low,13,2,2,26,9,13,False,2,True,1.5,2,0,0,0,7.069425
Deployment,Medium,Senior,JavaScript,Medium,5,5,3,10,7,14,True,2,True,3.8,1,3,0,1,2.64601838
Bug Fix,High,Tech Lead,JavaScript,Critical,1,4,1,2,6,13,False,2,False,5.625,0,1,2,1,0.52085025
Refactoring,High,Mid,Go,Critical,5,2,1,10,4,17,False,3,False,3.25,0,2,0,0,2.19140625
Client Meeting,Medium,Senior,JavaScript,Low,4,3,2,8,6,9,True,0,True,4.33333333,1,0,2,0,2.00438315
Client Meeting,Low,Senior,Python,Critical,8,2,3,16,1,17,False,3,False,1.5,2,0,0,0,3.1626375
Refactoring,High,Junior,Go,Critical,8,2,1,16,1,15,True,2,True,2.375,1,1,0,0,3.88226902
Testing,Low,Junior,Other,Critical,6,3,1,12,3,11,True,0,False,3.58333333,2,0,0,1,1.80353611
Testing,Medium,Senior,JavaScript,Low,10,4,1,20,1,14,True,1,False,1.9375,3,1,0,0,4.92408984
Feature Dev,High,Mid,C++,Critical,11,5,0,22,8,12,True,2,False,3.4,1,3,1,0,4.23495356
Design Review,Low,Mid,JavaScript,High,5,4,3,10,9,17,False,1,False,3.9375,1,2,0,1,1.81460391
Testing,High,Mid,C++,Critical,8,3,1,16,10,12,False,2,True,2.66666667,1,2,0,0,3.64244833
Documentation,Low,Mid,Other,Critical,13,3,3,26,1,14,False,1,False,2.66666667,1,2,0,0,4.29731667
Testing,Medium,Tech Lead,Go,High,12,3,3,24,6,11,True,0,False,2.08333333,2,1,0,0,4.94057813
Feature Dev,Medium,Tech Lead,Other,Medium,7,3,1,14,9,9,False,2,False,5.58333333,0,1,1,1,2.4633
Client Meeting,Medium,Tech Lead,Python,Medium,12,4,3,24,7,9,True,2,False,2.5625,3,0,1,0,5.39470805
Documentation,Medium,Junior,JavaScript,Medium,1,3,2,2,8,17,True,3,True,3.5,1,1,1,0,1.03632375
Testing,Medium,Senior,C++,High,6,2,2,12,5,15,True,2,False,4.5,0,1,1,0,2.32599938
Refactoring,High,Mid,Java,Medium,6,2,1,12,7,18,False,1,True,1.5,2,0,0,0,3.393775
Code Review,Low,Senior,Other,Low,6,2,0,12,3,9,False,2,True,3.25,0,2,0,0,2.677125
Bug Fix,High,Tech Lead,Other,Low,2,2,2,4,1,16,True,3,False,2.375,1,1,0,0,1.7226825
Design Review,Medium,Mid,JavaScript,Low,8,5,0,16,2,16,True,1,False,2.55,2,3,0,0,3.70668375
Feature Dev,High,Tech Lead,Go,Low,9,4,2,18,5,14,False,1,False,4.5,0,2,2,0,4.107565
Deployment,Medium,Mid,Other,High,3,3,1,6,6,9,True,1,False,3.25,0,3,0,0,1.28460938
Feature Dev,High,Tech Lead,JavaScript,Critical,12,4,0,24,6,10,False,1,False,3.0,2,1,1,0,4.4020055
Bug Fix,Medium,Senior,JavaScript,High,12,2,1,24,3,18,False,1,False,3.25,0,2,0,0,4.2609375
Client Meeting,Medium,Mid,JavaScript,Medium,1,2,0,2,5,17,True,3,False,1.5,2,0,0,0,0.753375
Bug Fix,Medium,Junior,C++,Medium,12,5,3,24,9,9,False,3,False,2.7,3,1,1,0,5.1950775
Design Review,Medium,Mid,Other,Low,11,2,1,22,5,16,False,3,False,3.25,0,2,0,0,5.0015625
Documentation,High,Mid,Java,Low,13,3,1,26,4,18,True,2,False,2.66666667,1,2,0,0,7.067445
Design Review,Medium,Junior,Other,Critical,5,2,2,10,3,14,True,1,True,1.5,2,0,0,0,2.415105
Deployment,Medium,Mid,JavaScript,Critical,1,2,3,2,10,12,True,2,False,1.5,2,0,0,0,0.96055313
Code Review,High,Senior,JavaScript,High,13,5,0,26,7,17,False,2,True,3.4,1,3,1,0,5.51922822
Refactoring,Low,Tech Lead,Other,Medium,11,2,0,22,4,17,False,1,False,2.375,1,1,0,0,3.983875
Bug Fix,Medium,Mid,C++,Critical,4,5,3,8,9,13,False,0,False,2.7,3,1,1,0,1.63106712
Refactoring,Low,Junior,JavaScript,Medium,9,3,3,18,1,17,True,1,True,3.58333333,2,0,0,1,3.82935678
Deployment,Medium,Senior,Java,Critical,13,2,1,26,1,16,False,0,True,5.75,0,0,2,0,3.99679775
Design Review,Medium,Tech Lead,Go,Medium,2,2,0,4,9,11,False,0,True,3.625,1,0,1,0,0.784245
Feature Dev,Medium,Mid,Go,Critical,8,2,0,16,5,11,False,3,True,1.5,2,0,0,0,3.3543125
Deployment,Low,Senior,C++,Low,9,4,1,18,1,12,False,0,False,1.9375,3,1,0,0,3.74065313
Documentation,High,Senior,Other,Critical,5,3,1,10,2,16,True,3,False,3.5,1,1,1,0,2.20218797
Refactoring,Medium,Senior,Other,Low,11,5,1,22,9,9,False,2,False,3.95,2,1,1,1,4.3383175
Feature Dev,High,Junior,JavaScript,Low,11,2,0,22,8,14,False,1,False,5.75,0,0,2,0,4.535124
Bug Fix,Medium,Junior,Other,High,11,4,2,22,9,10,True,1,False,2.375,2,2,0,0,4.45095
Design Review,Medium,Tech Lead,Go,Critical,1,2,3,2,9,18,False,2,False,3.625,1,0,1,0,0.79538484
Code Review,High,Junior,Python,High,1,2,1,2,9,10,True,2,False,2.375,1,1,0,0,0.75109781
Design Review,Medium,Tech Lead,Go,Medium,2,4,0,4,5,17,False,2,True,2.5625,3,0,1,0,1.03699062
Feature Dev,High,Tech Lead,Java,High,1,4,1,2,5,17,False,0,False,3.0,2,1,1,0,0.5059035
Documentation,High,Junior,Other,Medium,4,4,2,8,8,13,False,1,False,3.4375,1,2,1,0,2.01663
Deployment,High,Senior,Other,High,13,5,0,26,2,18,True,0,False,3.55,2,1,2,0,4.90035136
Bug Fix,High,Senior,JavaScript,Low,1,2,1,2,3,18,True,1,False,3.25,0,2,0,0,0.76879688
Design Review,Medium,Junior,Go,Medium,12,3,3,24,7,10,False,3,False,3.5,1,1,1,0,4.9797375
Deployment,Medium,Junior,Java,High,2,5,3,4,9,12,True,0,True,4.8,1,1,2,1,0.99454163
Testing,Medium,Mid,Go,High,13,3,2,26,9,16,False,2,False,5.0,1,0,1,1,4.01166
Code Review,High,Mid,Python,Medium,1,2,0,2,2,14,False,1,False,5.75,0,0,2,0,0.5
Feature Dev,Medium,Tech Lead,JavaScript,Medium,10,5,0,20,10,10,True,2,False,3.45,2,2,0,1,3.88576125
Deployment,Medium,Mid,C++,Critical,12,4,0,24,9,11,False,0,False,3.0,2,1,1,0,3.75972
Client Meeting,High,Mid,C++,High,7,4,3,14,6,16,True,1,False,3.5,2,1,0,1,3.13067869
Feature Dev,Medium,Senior,JavaScript,High,9,2,0,18,8,14,True,1,True,1.5,2,0,0,0,3.94230375
Testing,High,Mid,Python,Medium,13,3,3,26,4,15,False,0,False,5.58333333,0,1,1,1,5.02826
Deployment,Medium,Junior,Java,Low,11,3,3,22,10,12,False,3,False,4.33333333,1,0,2,0,4.70383833
Client Meeting,Medium,Junior,C++,High,3,3,0,6,8,10,True,2,False,2.08333333,2,1,0,0,1.3174875
Testing,Medium,Tech Lead,C++,Critical,5,2,2,10,8,10,False,1,False,3.625,1,0,1,0,1.8180225
Refactoring,Medium,Tech Lead,C++,Critical,5,5,0,10,3,12,True,3,False,2.7,3,1,1,0,1.92147664
Design Review,Medium,Mid,Java,Low,3,2,3,6,1,10,False,3,False,4.5,0,1,1,0,1.82056875
Client Meeting,Medium,Mid,JavaScript,Medium,10,3,3,20,9,11,True,0,False,1.5,3,0,0,0,4.7893125
Code Review,Low,Junior,Other,High,8,5,2,16,5,10,False,2,True,3.45,2,2,0,1,2.94842048
Bug Fix,Low,Tech Lead,Python,Low,3,2,2,6,10,17,True,0,True,2.375,1,1,0,0,1.72041581
Client Meeting,High,Junior,Java,Critical,12,3,2,24,10,10,False,1,False,4.08333333,0,2,1,0,4.37259833
Deployment,Low,Mid,Java,High,13,4,1,26,5,12,True,2,False,2.8125,1,3,0,0,4.56024516
Client Meeting,Low,Mid,Python,High,3,2,2,6,2,18,True,2,True,2.375,1,1,0,0,1.61161481
Code Review,Low,Senior,Python,Medium,5,3,3,10,9,16,False,2,True,2.66666667,1,2,0,0,2.60516667
Client Meeting,Medium,Tech Lead,JavaScript,Low,12,2,3,24,5,14,True,1,True,5.75,0,0,2,0,5.43094282
Design Review,Medium,Senior,Other,Low,1,4,1,2,2,10,False,2,True,3.4375,1,2,1,0,0.81700523
Deployment,Medium,Senior,Go,Low,2,3,3,4,1,9,False,3,False,2.66666667,1,2,0,0,1.64816667
Documentation,Medium,Tech Lead,C++,Critical,11,3,3,22,4,16,True,3,False,2.08333333,2,1,0,0,4.57722344
Refactoring,Medium,Junior,Other,Low,4,5,3,8,10,18,False,3,False,5.15,0,2,2,1,1.9555525
Client Meeting,Medium,Tech Lead,Java,Low,3,3,3,6,6,11,False,1,False,3.5,1,1,1,0,1.72720625
Testing,High,Tech Lead,C++,Medium,2,4,3,4,7,17,False,0,False,3.0,2,1,1,0,1.262455
Testing,Low,Junior,Java,Low,13,2,2,26,4,11,True,3,True,3.25,0,2,0,0,6.288975
Bug Fix,Medium,Senior,Python,High,6,2,3,12,3,12,False,1,True,4.5,0,1,1,0,2.47877438
Client Meeting,Low,Junior,Other,Medium,2,2,0,4,10,12,False,2,True,3.25,0,2,0,0,0.94875
Feature Dev,Low,Senior,Go,Low,6,2,1,12,3,13,False,1,False,2.375,1,1,0,0,2.60129375
Code Review,Low,Mid,Java,Medium,13,4,3,26,5,17,False,3,False,3.5,2,1,0,1,4.7716125
Design Review,High,Tech Lead,Java,Low,1,3,2,2,9,16,True,1,False,3.58333333,2,0,0,1,0.86893056
Code Review,High,Tech Lead,Other,High,3,2,1,6,8,15,False,2,False,2.375,1,1,0,0,1.52780625
Feature Dev,Medium,Tech Lead,Java,Low,11,4,2,22,1,18,True,2,False,4.125,2,0,1,1,4.65352388
Testing,Low,Tech Lead,Java,Low,12,2,1,24,7,17,False,1,False,1.5,2,0,0,0,5.152675
Design Review,Low,Tech Lead,JavaScript,High,7,3,3,14,1,9,False,1,False,4.75,0,2,0,1,2.26393313
Feature Dev,High,Mid,Java,Critical,3,2,1,6,6,13,False,1,False,1.5,2,0,0,0,1.4201375
Deployment,High,Junior,C++,Critical,6,4,3,12,1,15,False,3,False,2.8125,1,3,0,0,2.86229531
Code Review,Medium,Mid,C++,Medium,4,2,3,8,6,10,False,1,True,3.25,0,2,0,0,2.2171875
Client Meeting,Medium,Senior,Other,High,4,3,2,8,9,13,False,1,False,2.91666667,2,0,1,0,1.665975
Testing,Low,Tech Lead,C++,Low,6,4,1,12,6,16,False,1,True,1.9375,3,1,0,0,2.92521281
Deployment,High,Senior,Go,High,7,3,3,14,10,15,False,1,False,2.08333333,2,1,0,0,3.3788625
Feature Dev,High,Mid,Python,Critical,12,4,1,24,4,12,False,0,True,3.625,2,0,2,0,4.57846476
Refactoring,Medium,Mid,C++,Critical,5,2,1,10,6,10,True,1,True,2.375,1,1,0,0,2.16751992
Feature Dev,Medium,Senior,Go,Low,6,2,1,12,3,18,True,1,False,2.375,1,1,0,0,3.00336094
Client Meeting,Medium,Junior,Go,High,2,5,1,4,1,10,False,3,False,2.55,2,3,0,0,1.0940625
Testing,High,Junior,Other,Critical,1,5,1,2,2,13,False,2,False,4.8,1,1,2,1,0.5269779
Bug Fix,Medium,Senior,Other,Critical,3,4,3,6,5,9,True,3,False,3.0,2,1,1,0,1.60375556
Client Meeting,High,Mid,Other,Medium,10,5,2,20,9,15,False,1,False,3.95,2,1,1,1,4.1515
Design Review,High,Tech Lead,JavaScript,Medium,13,3,1,26,10,13,False,0,False,4.91666667,0,1,2,0,4.92187917
Refactoring,High,Tech Lead,Go,High,1,4,3,2,2,17,True,3,False,3.0,2,1,1,0,1.05368918
Bug Fix,Medium,Tech Lead,JavaScript,Critical,2,3,3,4,1,15,True,2,True,1.5,3,0,0,0,1.45912594
Client Meeting,Medium,Junior,Go,Low,4,4,3,8,6,14,True,0,False,3.4375,1,2,1,0,2.13164093
Client Meeting,Low,Mid,Other,Critical,2,3,2,4,7,18,True,3,False,1.5,3,0,0,0,1.2075525
Testing,Medium,Junior,Java,Medium,8,4,1,16,8,10,False,0,False,3.0,2,1,1,0,3.087025
Feature Dev,Low,Mid,Go,Medium,5,3,2,10,4,16,False,2,False,2.66666667,1,2,0,0,2.22333333
Testing,Low,Mid,Java,Low,10,3,0,20,10,12,False,2,True,2.66666667,1,2,0,0,4.44473333
Design Review,Low,Junior,Other,Medium,3,3,2,6,1,12,True,0,False,1.5,3,0,0,0,1.485225
Client Meeting,Medium,Tech Lead,JavaScript,Low,4,5,1,8,8,13,False,1,False,3.2,3,0,2,0,1.798126
Client Meeting,High,Tech Lead,Go,Low,5,5,0,10,7,9,True,2,False,4.3,1,2,1,1,2.3510025
Deployment,Medium,Junior,Java,Critical,4,5,3,8,5,18,False,3,False,2.7,3,1,1,0,1.86975987
Code Review,High,Senior,JavaScript,High,11,2,1,22,10,18,True,2,False,1.5,2,0,0,0,5.24026125
Deployment,High,Junior,Go,High,11,2,0,22,4,13,False,2,False,3.625,1,0,1,0,4.21888163
Documentation,High,Mid,Other,Medium,5,2,2,10,8,18,True,1,True,1.5,2,0,0,0,3.1964625
Code Review,High,Junior,C++,Critical,2,3,2,4,8,9,True,0,True,4.75,0,2,0,1,0.98139412
Client Meeting,High,Senior,C++,Medium,7,4,3,14,6,12,False,3,False,2.375,2,2,0,0,3.8955625
Documentation,Medium,Tech Lead,Python,Low,13,3,1,26,9,15,True,2,False,4.16666667,1,1,0,1,5.43001594
Feature Dev,Medium,Mid,Go,Critical,12,3,1,24,6,13,True,0,False,3.5,1,1,1,0,3.96393834
Client Meeting,Low,Junior,Python,Critical,7,5,2,14,2,12,False,0,False,3.1,3,1,0,1,2.15190675
Deployment,High,Senior,Go,High,7,2,0,14,9,14,False,3,False,3.25,0,2,0,0,2.97
Client Meeting,High,Tech Lead,Other,Critical,10,5,3,20,4,16,False,3,False,2.55,2,3,0,0,4.42244375
Deployment,Medium,Tech Lead,Go,Medium,13,4,1,26,10,11,True,2,True,3.0,2,1,1,0,5.90704538
Feature Dev,Medium,Mid,Go,Critical,6,4,0,12,5,17,True,1,True,4.5,0,2,2,0,2.01872344
Testing,High,Junior,Other,Critical,10,4,3,20,9,11,False,0,False,3.875,0,3,1,0,3.77337578
Documentation,High,Mid,Python,Low,3,2,3,6,8,12,True,1,False,2.375,1,1,0,0,2.18735344
Client Meeting,Low,Mid,Other,Low,4,3,2,8,4,13,False,3,False,4.16666667,1,1,0,1,1.900855
Documentation,Medium,Tech Lead,Java,Medium,3,4,2,6,7,14,False,1,False,3.0,2,1,1,0,1.4744
Design Review,Low,Senior,Java,Medium,10,4,2,20,5,9,True,0,True,3.0625,3,0,0,1,4.05193852
Deployment,Low,Mid,Other,High,5,5,2,10,5,9,False,3,False,1.85,4,1,0,0,2.1762
Documentation,Medium,Mid,JavaScript,High,1,5,1,2,7,15,True,0,True,3.75,0,4,1,0,0.50604809
Testing,Medium,Mid,JavaScript,Medium,9,4,0,18,10,17,False,0,False,3.9375,1,2,0,1,3.0886875
Design Review,High,Mid,Go,Critical,4,3,2,8,1,9,False,0,False,2.66666667,1,2,0,0,1.75836667
Testing,High,Senior,Other,High,1,3,2,2,7,18,True,0,False,4.16666667,1,1,0,1,0.60837525
Design Review,Medium,Junior,Python,Low,7,4,0,14,6,15,True,1,False,3.0,2,1,1,0,3.08656425
Bug Fix,High,Senior,Python,Low,12,2,0,24,2,15,True,2,False,2.375,1,1,0,0,6.48272625
Documentation,High,Tech Lead,Go,High,9,4,2,18,10,13,True,1,False,5.0,0,2,1,1,3.3550146
Testing,High,Junior,Other,Medium,7,5,1,14,8,18,True,0,False,2.55,2,3,0,0,3.44119125
Refactoring,Low,Mid,Go,Medium,12,2,3,24,1,10,False,1,False,2.375,1,1,0,0,4.7786875
Documentation,High,Junior,JavaScript,Medium,12,2,1,24,6,9,False,3,False,1.5,2,0,0,0,6.11925
Client Meeting,Low,Tech Lead,Java,Low,3,2,1,6,3,15,True,0,False,2.375,1,1,0,0,1.39401281
Bug Fix,Medium,Mid,Other,High,10,5,2,20,4,15,False,3,True,2.2,3,2,0,0,4.50846
Testing,High,Tech Lead,JavaScript,High,8,2,0,16,7,12,False,2,True,3.625,1,0,1,0,3.42322942
Design Review,High,Junior,JavaScript,Critical,13,4,1,26,5,11,True,1,True,3.5,2,1,0,1,5.37470082
Feature Dev,Low,Senior,Python,Low,9,3,1,18,3,16,True,2,False,2.08333333,2,1,0,0,4.12917313
Testing,Medium,Mid,Python,Medium,2,3,3,4,10,17,True,3,False,3.5,1,1,1,0,1.46027438
Testing,Medium,Mid,Other,Low,7,4,2,14,7,17,True,2,False,3.5,2,1,0,1,3.34935563
Refactoring,High,Mid,JavaScript,Low,2,2,2,4,6,15,True,1,False,4.5,0,1,1,0,1.29400425
Client Meeting,Medium,Mid,Java,Critical,1,2,2,2,9,13,True,3,False,2.375,1,1,0,0,0.87576563
Bug Fix,High,Tech Lead,JavaScript,Low,13,2,3,26,5,11,False,2,False,4.5,0,1,1,0,6.18993375
Bug Fix,Medium,Tech Lead,C++,Critical,12,4,0,24,2,10,True,1,False,3.9375,1,2,0,1,3.75211184
Bug Fix,Medium,Tech Lead,Java,Medium,2,3,3,4,9,12,False,3,False,2.66666667,1,2,0,0,1.49833333
Testing,High,Tech Lead,Java,Low,10,4,1,20,1,9,False,3,False,4.5625,1,1,1,1,4.45580438
Bug Fix,Medium,Junior,Other,High,4,5,3,8,2,16,True,0,False,4.3,1,2,1,1,1.57730895
Deployment,Medium,Junior,Go,High,12,3,1,24,6,9,False,0,True,2.66666667,1,2,0,0,4.73715
Testing,High,Senior,JavaScript,Low,3,3,3,6,7,14,False,0,True,2.91666667,2,0,1,0,2.04942691
Documentation,Medium,Senior,C++,Critical,1,5,1,2,4,18,False,3,False,1.5,5,0,0,0,0.7405625
Refactoring,High,Junior,C++,Low,5,4,1,10,3,12,False,3,False,4.0625,1,1,2,0,2.55026406
Deployment,High,Senior,JavaScript,High,6,4,1,12,7,16,False,0,False,3.625,2,0,2,0,2.26183388
Refactoring,High,Mid,Java,High,7,2,2,14,9,17,False,0,False,3.625,1,0,1,0,2.823282
Code Review,High,Senior,Python,Medium,2,2,2,4,9,12,False,2,False,2.375,1,1,0,0,1.393375
Feature Dev,Medium,Junior,C++,Low,2,2,1,4,3,12,True,0,True,1.5,2,0,0,0,1.23714938
Client Meeting,High,Tech Lead,Other,Critical,12,4,2,24,8,12,False,3,False,2.375,2,2,0,0,5.1044625
Deployment,High,Junior,Go,High,4,4,3,8,4,16,True,1,False,2.8125,1,3,0,0,2.16679641
Design Review,Medium,Tech Lead,C++,Critical,11,3,1,22,8,11,False,3,True,1.5,3,0,0,0,4.64811875
Client Meeting,Low,Mid,Java,Critical,12,2,0,24,3,12,False,0,False,1.5,2,0,0,0,3.7638
Code Review,Low,Mid,Go,Low,1,4,0,2,10,17,False,3,False,3.5,2,1,0,1,0.6379725
Client Meeting,High,Senior,C++,Low,12,3,2,24,7,9,False,0,False,4.33333333,1,0,2,0,5.315794
Documentation,High,Senior,JavaScript,Low,13,5,0,26,4,14,True,1,False,4.8,1,1,2,1,5.37494496
Code Review,Medium,Tech Lead,Java,Low,7,2,3,14,4,9,False,2,False,2.375,1,1,0,0,3.72384375
Deployment,Low,Senior,Go,Low,1,2,0,2,5,16,False,3,False,1.5,2,0,0,0,0.74415
Refactoring,Medium,Junior,Go,Medium,8,5,0,16,9,18,True,2,False,3.95,2,1,1,1,2.964171
Design Review,High,Mid,Java,High,12,2,0,24,6,17,True,0,False,2.375,1,1,0,0,5.1185925
Code Review,Medium,Tech Lead,C++,High,12,2,0,24,2,13,False,0,True,2.375,1,1,0,0,4.6629
Refactoring,High,Tech Lead,C++,Medium,1,2,0,2,4,14,False,1,True,5.75,0,0,2,0,0.5
Documentation,Medium,Senior,Java,Critical,11,5,3,22,1,12,False,1,False,4.8,1,1,2,1,3.2204205
Refactoring,Medium,Senior,Python,Medium,7,4,0,14,2,17,False,2,False,1.9375,3,1,0,0,3.009375
Testing,Medium,Mid,Go,Medium,4,5,3,8,1,16,False,1,True,3.9,1,2,2,0,2.0119055
Deployment,Low,Mid,Java,High,13,5,2,26,3,16,True,0,True,1.85,4,1,0,0,5.21553533
Client Meeting,Medium,Tech Lead,JavaScript,Low,1,3,3,2,5,17,False,1,False,2.66666667,1,2,0,0,1.01016667
Feature Dev,High,Tech Lead,Python,Low,4,2,3,8,2,18,True,2,False,1.5,2,0,0,0,2.94784875
Code Review,Medium,Senior,Java,Low,6,4,0,12,8,18,True,0,False,3.4375,1,2,1,0,2.49557963
Testing,Low,Mid,Python,High,1,4,2,2,9,18,False,2,True,2.375,2,2,0,0,0.83543625
Design Review,Medium,Junior,C++,Low,7,4,3,14,5,11,True,1,False,3.0,2,1,1,0,3.56551388
Documentation,High,Senior,Other,Low,4,3,1,8,2,17,False,2,False,2.08333333,2,1,0,0,2.3989625
Bug Fix,Medium,Junior,C++,Low,10,4,2,20,10,9,False,0,True,4.5625,1,1,1,1,4.17345638
Documentation,High,Mid,Java,Critical,3,5,1,6,9,16,True,3,False,3.95,2,1,1,1,1.35610823
Design Review,Low,Mid,JavaScript,Low,6,5,3,12,7,17,True,0,True,3.45,2,2,0,1,2.92181491
Testing,Medium,Tech Lead,Go,Critical,4,2,3,8,5,16,False,1,False,5.75,0,0,2,0,1.4601725
Client Meeting,Medium,Mid,C++,Medium,1,4,0,2,1,14,False,0,False,1.9375,3,1,0,0,0.5
Design Review,Low,Mid,Python,Critical,9,4,3,18,8,13,False,0,False,2.375,2,2,0,0,3.07769062
Bug Fix,Medium,Mid,JavaScript,Low,12,5,3,24,7,16,False,3,False,1.85,4,1,0,0,6.1507875
Design Review,Low,Tech Lead,C++,Critical,5,5,1,10,8,11,False,1,False,3.1,3,1,0,1,1.56432937
Refactoring,High,Mid,Go,Critical,3,2,0,6,2,15,False,2,True,1.5,2,0,0,0,1.5142325
Testing,High,Mid,Go,Medium,8,4,2,16,4,18,True,1,False,4.0625,1,1,2,0,3.61167975
Client Meeting,Medium,Mid,Other,Low,7,2,3,14,6,10,False,3,False,1.5,2,0,0,0,4.002625
Documentation,Medium,Senior,Other,Critical,4,2,1,8,8,14,False,1,False,1.5,2,0,0,0,1.6118125
Refactoring,Medium,Tech Lead,Python,Critical,6,3,2,12,10,13,True,1,False,2.66666667,1,2,0,0,2.4157
Design Review,High,Mid,C++,High,11,4,3,22,3,14,True,3,False,3.625,2,0,2,0,4.74168988
Refactoring,Medium,Junior,Go,High,6,3,3,12,9,17,False,0,True,2.91666667,2,0,1,0,2.61141581
Testing,Medium,Tech Lead,C++,Critical,7,3,2,14,6,17,True,3,True,4.91666667,0,1,2,0,2.68009569
Documentation,Medium,Senior,Other,Critical,3,3,3,6,5,16,True,3,False,5.0,1,0,1,1,1.36097325
Refactoring,High,Junior,JavaScript,Medium,10,2,0,20,3,16,True,2,False,3.625,1,0,1,0,4.491585
Client Meeting,High,Tech Lead,JavaScript,Medium,1,3,0,2,2,12,False,3,False,4.91666667,0,1,2,0,0.61021667
Client Meeting,Medium,Tech Lead,Python,Low,7,5,0,14,6,15,False,2,False,3.05,2,2,1,0,3.0329475
Deployment,Low,Tech Lead,Other,High,13,4,1,26,5,17,False,3,False,3.25,0,4,0,0,4.3284375
Refactoring,Medium,Senior,Other,Low,1,2,3,2,1,18,True,3,False,2.375,1,1,0,0,1.30334531
Testing,High,Junior,JavaScript,Low,4,2,3,8,5,18,False,2,True,3.25,0,2,0,0,2.82459375
Deployment,Medium,Junior,Python,Critical,7,4,2,14,2,17,False,1,True,2.375,2,2,0,0,2.9359
Testing,Medium,Junior,Other,Medium,13,2,0,26,9,11,True,1,False,3.25,0,2,0,0,5.2171875
Code Review,Medium,Senior,Other,High,2,5,1,4,7,17,True,2,False,1.85,4,1,0,0,1.09490063
Deployment,Medium,Senior,JavaScript,Low,2,2,2,4,2,10,False,0,False,3.625,1,0,1,0,1.07833688
Deployment,Medium,Tech Lead,C++,Medium,5,2,0,10,10,14,False,3,False,2.375,1,1,0,0,2.256875
Refactoring,Low,Junior,Go,Low,12,2,2,24,3,13,True,0,False,1.5,2,0,0,0,5.4695025
Design Review,Low,Mid,JavaScript,Critical,7,3,1,14,1,16,False,2,False,2.08333333,2,1,0,0,2.42933542
Design Review,High,Mid,Other,High,4,5,2,8,10,11,True,2,True,3.9,1,2,2,0,2.0692682
Refactoring,Low,Tech Lead,Other,Low,5,2,2,10,6,11,True,1,False,1.5,2,0,0,0,2.604525
Client Meeting,High,Tech Lead,Go,Medium,4,3,0,8,2,16,True,0,False,2.66666667,1,2,0,0,1.8676
Deployment,Low,Senior,Python,Medium,5,3,0,10,4,14,False,3,False,2.66666667,1,2,0,0,2.03
Refactoring,Medium,Tech Lead,C++,Low,1,4,0,2,2,11,True,1,False,3.625,2,0,2,0,0.5
Feature Dev,Medium,Tech Lead,Other,High,10,2,2,20,2,14,False,1,True,1.5,2,0,0,0,4.4649
Documentation,Medium,Mid,JavaScript,Medium,4,2,2,8,7,13,True,3,False,4.5,0,1,1,0,1.9606125
Design Review,High,Mid,Other,Medium,12,5,1,24,2,9,False,3,True,3.95,2,1,1,1,5.4525801
Testing,Medium,Tech Lead,Python,High,9,4,2,18,7,17,True,0,False,1.9375,3,1,0,0,3.69701719
Testing,Medium,Senior,JavaScript,High,11,4,2,22,5,10,True,0,True,3.5,2,1,0,1,4.29326494
Refactoring,Medium,Tech Lead,Python,Medium,4,2,0,8,1,17,False,3,False,3.25,0,2,0,0,1.78125
Design Review,Medium,Mid,Java,Low,2,3,1,4,6,16,False,2,False,5.58333333,0,1,1,1,0.98923
Bug Fix,Medium,Mid,Java,Critical,9,4,1,18,5,13,False,3,False,2.375,2,2,0,0,3.37795312
Code Review,High,Senior,Java,High,11,3,3,22,2,16,True,3,False,3.5,1,1,1,0,4.92630626
Feature Dev,High,Tech Lead,Go,Critical,10,3,0,20,3,10,True,3,True,2.08333333,2,1,0,0,4.79053094
Code Review,High,Tech Lead,Java,Critical,11,5,0,22,10,12,False,3,False,3.55,2,1,2,0,3.9507354
Refactoring,High,Junior,Other,Critical,9,5,3,18,10,9,True,2,False,2.55,2,3,0,0,4.15751044
Design Review,High,Senior,JavaScript,Critical,8,4,1,16,9,11,False,1,True,2.375,2,2,0,0,3.60565219
Client Meeting,High,Senior,Python,Low,5,2,1,10,6,11,False,0,False,3.25,0,2,0,0,2.5265625
Code Review,Medium,Mid,C++,High,6,3,3,12,4,12,False,0,False,1.5,3,0,0,0,2.629125
Client Meeting,Medium,Junior,Go,Medium,11,3,1,22,4,16,False,2,False,3.5,1,1,1,0,4.2619375
Deployment,Medium,Senior,Other,Medium,12,3,3,24,4,18,False,2,False,3.5,1,1,1,0,4.8900125
Code Review,Medium,Tech Lead,C++,Low,2,2,3,4,5,13,False,1,False,2.375,1,1,0,0,1.45715625
Testing,High,Junior,Python,Critical,5,4,0,10,3,15,True,2,False,4.5,0,2,2,0,1.83520312
Documentation,Medium,Mid,JavaScript,High,2,2,0,4,10,12,True,3,False,3.625,1,0,1,0,0.92638941
Refactoring,High,Mid,Go,High,9,2,2,18,4,13,False,1,False,3.625,1,0,1,0,3.64139213
Testing,Medium,Mid,C++,Low,2,2,0,4,10,16,False,2,True,2.375,1,1,0,0,1.1873125
Feature Dev,Medium,Junior,JavaScript,Medium,11,5,2,22,2,10,False,0,True,2.7,3,1,1,0,4.8393785
Feature Dev,Medium,Junior,Other,Critical,5,2,2,10,3,16,False,3,False,2.375,1,1,0,0,2.1685625
Feature Dev,Low,Mid,Other,Low,5,2,0,10,7,15,True,3,False,3.25,0,2,0,0,2.27390625
Code Review,High,Senior,Go,High,2,3,3,4,2,9,True,1,False,3.5,1,1,1,0,1.24641484
Code Review,Medium,Mid,Go,Critical,11,2,0,22,10,14,False,2,False,1.5,2,0,0,0,4.00775
Client Meeting,High,Junior,C++,Medium,3,2,1,6,7,11,False,0,False,2.375,1,1,0,0,1.5013125
Refactoring,Medium,Junior,Other,Medium,4,5,1,8,10,18,False,0,True,3.05,2,2,1,0,1.76921938
Design Review,Low,Tech Lead,Other,Critical,5,3,3,10,10,18,False,0,False,2.08333333,2,1,0,0,1.90453125
Client Meeting,Low,Senior,Java,Critical,5,4,1,10,2,12,False,1,False,3.5,2,1,0,1,1.53122187
Code Review,High,Senior,C++,Medium,10,3,3,20,2,14,False,0,False,3.5,1,1,1,0,4.5311125
Bug Fix,Low,Mid,Go,Low,12,3,1,24,7,18,False,1,False,3.58333333,2,0,0,1,4.39757771
Code Review,Medium,Junior,Python,Medium,3,4,3,6,2,9,False,1,False,2.5625,3,0,1,0,1.64975781
Feature Dev,Medium,Mid,Java,Critical,7,2,1,14,3,18,False,3,False,2.375,1,1,0,0,2.71070312
Code Review,Low,Junior,Go,Low,6,2,1,12,1,15,False,3,False,3.25,0,2,0,0,2.6915625
Bug Fix,High,Junior,Other,Medium,4,2,1,8,1,18,False,3,False,2.375,1,1,0,0,2.2470625
Deployment,High,Senior,JavaScript,Low,2,2,0,4,3,18,True,3,False,4.5,0,1,1,0,1.19597363
Feature Dev,Medium,Junior,Java,Critical,13,3,0,26,7,10,True,2,False,4.33333333,1,0,2,0,4.0017915
Client Meeting,High,Junior,JavaScript,Medium,9,4,1,18,9,9,False,3,False,3.5,2,1,0,1,4.0334625
Documentation,High,Mid,Python,High,13,4,3,26,4,10,True,2,False,2.8125,1,3,0,0,6.01082016
Refactoring,Medium,Tech Lead,Python,Low,6,5,0,12,8,16,False,3,False,3.4,1,3,1,0,2.679237
Feature Dev,Medium,Mid,JavaScript,High,5,4,2,10,1,11,False,3,True,2.375,2,2,0,0,2.5257375
Deployment,Low,Tech Lead,Python,Medium,1,2,3,2,8,17,True,3,True,3.25,0,2,0,0,1.20192188
Documentation,Low,Junior,Python,Low,8,5,2,16,2,11,False,1,True,3.45,2,2,0,1,3.4970089
Feature Dev,Low,Junior,C++,Medium,2,5,0,4,7,16,False,2,False,2.2,3,2,0,0,0.9108
Deployment,Low,Mid,C++,Medium,5,3,2,10,5,17,True,3,False,2.08333333,2,1,0,0,2.5095
Documentation,Medium,Mid,Python,Critical,2,3,3,4,8,15,False,0,False,2.08333333,2,1,0,0,1.05807292
Design Review,Low,Mid,Java,Low,2,2,0,4,6,14,False,1,False,2.375,1,1,0,0,0.8850875
Refactoring,Medium,Tech Lead,Other,Critical,9,2,0,18,2,9,False,1,True,3.625,1,0,1,0,3.08306316
Deployment,Low,Tech Lead,Go,Low,11,5,1,22,3,11,False,1,False,1.85,4,1,0,0,4.6657325
Client Meeting,High,Senior,C++,Critical,2,2,3,4,1,13,True,1,False,2.375,1,1,0,0,1.28737547
Refactoring,Medium,Mid,JavaScript,Critical,4,2,2,8,4,15,False,3,False,3.25,0,2,0,0,1.753125
Client Meeting,High,Junior,JavaScript,Low,10,4,3,20,3,10,False,3,True,4.0625,1,1,2,0,5.45756509
Documentation,Low,Senior,JavaScript,Medium,3,2,0,6,8,15,False,3,True,1.5,2,0,0,0,1.55595
Design Review,Medium,Mid,Python,Low,9,4,3,18,7,9,True,0,False,4.125,2,0,1,1,3.84627994
Code Review,Medium,Junior,Other,Medium,4,5,3,8,8,9,False,1,False,3.45,2,2,0,1,1.89441875
Code Review,Low,Mid,JavaScript,Low,9,5,2,18,2,16,False,0,False,2.55,2,3,0,0,3.786915
Bug Fix,Medium,Senior,Python,Low,6,5,2,12,7,15,True,3,True,4.3,1,2,1,1,3.1033233
Code Review,High,Junior,Python,Critical,6,3,2,12,10,13,True,1,True,2.08333333,2,1,0,0,3.08940363
Deployment,Medium,Junior,Java,Critical,7,3,0,14,9,18,False,3,False,2.91666667,2,0,1,0,2.43880229
Design Review,Medium,Mid,Java,Medium,3,5,1,6,2,10,False,0,False,3.2,3,0,2,0,1.19286
Feature Dev,Low,Mid,Go,High,9,5,2,18,1,14,False,3,False,3.1,3,1,0,1,3.102624
Code Review,Low,Senior,Go,High,2,2,0,4,6,18,True,2,False,3.25,0,2,0,0,0.8150625
Testing,High,Senior,Java,Medium,8,4,2,16,3,17,False,1,False,3.4375,1,2,1,0,3.6731475
Client Meeting,Medium,Senior,Go,Medium,7,2,0,14,1,9,False,1,False,3.625,1,0,1,0,2.58444375
Feature Dev,High,Senior,Python,Medium,3,4,2,6,7,9,True,1,False,3.9375,1,2,0,1,1.60354359
Feature Dev,Low,Tech Lead,Java,High,4,4,2,8,8,18,True,2,True,3.5,2,1,0,1,1.77211361
Refactoring,High,Tech Lead,Other,Medium,8,3,0,16,3,14,False,3,False,2.91666667,2,0,1,0,3.68365583
Code Review,Low,Junior,C++,Critical,5,3,1,10,7,14,True,3,False,2.66666667,1,2,0,0,1.9411875
Testing,High,Mid,Other,Critical,1,2,3,2,3,12,True,1,False,3.625,1,0,1,0,0.80333869
Bug Fix,Medium,Junior,Java,Low,2,4,0,4,9,16,False,1,False,3.0,2,1,1,0,0.912285
Deployment,High,Senior,Other,Critical,7,2,0,14,7,10,False,0,False,1.5,2,0,0,0,2.805425
Feature Dev,Low,Senior,Go,Low,3,2,0,6,8,12,False,3,True,2.375,1,1,0,0,1.63849125
Client Meeting,Medium,Senior,Go,High,3,3,1,6,9,9,True,3,False,3.25,0,3,0,0,1.46179688
Refactoring,Medium,Senior,JavaScript,High,1,2,0,2,3,9,False,3,False,3.625,1,0,1,0,0.56144813
Refactoring,High,Senior,Java,Critical,7,3,1,14,5,11,False,3,False,2.66666667,1,2,0,0,3.01551667
Client Meeting,High,Senior,C++,Low,4,2,2,8,5,17,True,0,False,5.75,0,0,2,0,1.9748883
Bug Fix,High,Tech Lead,Python,Critical,3,3,0,6,8,18,True,0,False,2.66666667,1,2,0,0,1.190595
Code Review,Medium,Senior,Other,Medium,8,2,2,16,6,18,False,2,False,3.625,1,0,1,0,3.29739375
Deployment,High,Mid,Other,Critical,2,3,1,4,6,9,False,2,False,4.33333333,1,0,2,0,0.89634483
Bug Fix,High,Junior,C++,Low,9,2,1,18,4,10,False,0,False,3.625,1,0,1,0,4.20551381
Refactoring,Low,Senior,JavaScript,Medium,1,2,1,2,7,14,True,1,True,2.375,1,1,0,0,0.69133969
Client Meeting,High,Junior,JavaScript,Critical,10,4,1,20,7,18,False,2,False,3.0,2,1,1,0,3.87721125
Design Review,Low,Senior,JavaScript,Medium,10,2,0,20,8,16,False,3,False,2.375,1,1,0,0,3.826875
Design Review,Medium,Mid,Go,Low,9,5,2,18,2,15,False,2,False,2.7,3,1,1,0,4.2215855
Deployment,Medium,Tech Lead,Other,High,4,2,1,8,7,15,False,3,True,3.625,1,0,1,0,1.80866503
Bug Fix,Medium,Junior,Python,Low,6,3,3,12,9,14,True,0,False,4.16666667,1,1,0,1,2.78838656
Refactoring,Medium,Junior,C++,Critical,4,3,3,8,6,9,True,3,True,4.33333333,1,0,2,0,1.91567241
Code Review,Medium,Junior,Go,Critical,5,3,1,10,1,11,True,2,False,5.0,1,0,1,1,1.64014725
Documentation,High,Junior,Java,Medium,12,2,2,24,6,17,True,3,False,4.5,0,1,1,0,5.4540675
Feature Dev,Medium,Mid,Other,High,10,3,1,20,3,10,True,0,False,2.66666667,1,2,0,0,3.791025
Deployment,High,Senior,C++,Low,9,2,1,18,9,9,False,2,False,5.75,0,0,2,0,3.946261
Design Review,High,Junior,JavaScript,Medium,9,2,1,18,7,15,False,0,False,4.5,0,1,1,0,3.6411375
Bug Fix,High,Mid,JavaScript,High,9,5,0,18,3,9,False,2,True,3.45,2,2,0,1,3.78584168
Feature Dev,Medium,Junior,Python,Medium,12,4,0,24,2,11,False,0,True,3.875,0,3,1,0,4.64145
Design Review,Medium,Tech Lead,Java,Critical,5,2,0,10,5,13,False,1,False,2.375,1,1,0,0,1.75153125
Refactoring,Medium,Junior,Java,Medium,5,2,3,10,7,18,False,1,True,2.375,1,1,0,0,2.75240625
Testing,High,Junior,Other,Medium,4,2,0,8,10,16,False,2,True,2.375,1,1,0,0,2.201925
Code Review,Medium,Mid,JavaScript,Low,8,5,3,16,9,12,True,0,False,2.2,3,2,0,0,4.1735925
Deployment,High,Junior,Java,Critical,5,2,3,10,4,18,False,1,False,2.375,1,1,0,0,2.37707813
Testing,Medium,Mid,JavaScript,High,7,3,1,14,1,15,False,2,True,2.08333333,2,1,0,0,3.10550625
Deployment,Medium,Mid,JavaScript,Critical,2,2,3,4,5,9,False,0,True,1.5,2,0,0,0,1.19796875
Testing,High,Junior,JavaScript,Medium,9,3,2,18,8,10,False,3,True,2.66666667,1,2,0,0,5.0402
Feature Dev,Medium,Senior,Other,High,5,3,3,10,8,10,False,0,True,5.0,1,0,1,1,1.896741
Code Review,Medium,Junior,Java,Low,13,4,0,26,7,14,False,3,False,3.4375,1,2,1,0,5.44670156
Documentation,Medium,Senior,C++,High,7,3,2,14,10,12,False,1,False,4.08333333,0,2,1,0,2.5026
Feature Dev,Low,Tech Lead,Go,Medium,6,3,0,12,1,14,True,1,True,4.16666667,1,1,0,1,2.21114162
Deployment,Low,Junior,Java,Low,8,4,2,16,7,10,True,3,False,1.9375,3,1,0,0,4.03196063
Client Meeting,Medium,Tech Lead,JavaScript,Low,9,4,2,18,10,18,False,3,True,3.0,2,1,1,0,4.683063
Bug Fix,Medium,Junior,JavaScript,Critical,13,4,2,26,2,10,True,2,False,1.9375,3,1,0,0,5.10314766
Design Review,Low,Senior,Go,High,7,4,3,14,6,17,False,0,True,3.5,2,1,0,1,2.58378863
Deployment,Medium,Tech Lead,Go,Medium,1,3,2,2,5,11,False,2,False,4.33333333,1,0,2,0,0.7473
Deployment,High,Tech Lead,C++,Low,6,4,0,12,6,18,False,1,False,3.0,2,1,1,0,2.899039
Bug Fix,Medium,Tech Lead,C++,Medium,5,5,3,10,2,13,True,1,False,3.8,1,3,0,1,2.31469875
Refactoring,Low,Tech Lead,C++,Low,8,3,1,16,9,9,True,2,False,2.08333333,2,1,0,0,3.71510563
Design Review,High,Senior,Other,High,8,2,3,16,9,17,False,3,True,2.375,1,1,0,0,4.30346812
Feature Dev,High,Tech Lead,Java,Medium,2,3,3,4,9,16,False,1,False,2.66666667,1,2,0,0,1.421
Deployment,High,Senior,JavaScript,Low,11,4,2,22,9,10,True,0,False,3.625,2,0,2,0,5.34652965
Deployment,Low,Junior,Go,Medium,5,2,2,10,5,18,False,3,True,2.375,1,1,0,0,2.5905
Deployment,High,Senior,Java,High,12,2,3,24,10,18,True,3,True,1.5,2,0,0,0,6.68060663
Feature Dev,Low,Mid,Java,Critical,10,2,3,20,1,14,True,2,True,2.375,1,1,0,0,4.0942043
Code Review,Medium,Tech Lead,JavaScript,Medium,6,4,2,12,5,16,True,0,False,2.5625,3,0,1,0,2.67260766
Feature Dev,High,Junior,Java,Critical,10,5,2,20,3,12,False,3,False,4.65,0,3,1,1,3.527602
Design Review,Medium,Senior,JavaScript,Medium,9,2,2,18,2,13,False,1,True,3.25,0,2,0,0,4.125
Refactoring,High,Junior,Python,Critical,4,2,3,8,8,13,False,3,False,3.625,1,0,1,0,1.96194928
Deployment,Medium,Mid,JavaScript,Medium,13,3,0,26,6,15,False,1,False,2.08333333,2,1,0,0,5.27791667
Refactoring,Medium,Tech Lead,Java,Low,4,2,0,8,6,11,False,0,False,3.625,1,0,1,0,1.56849
Feature Dev,High,Tech Lead,JavaScript,Critical,12,2,1,24,10,15,True,0,False,3.625,1,0,1,0,4.50983206
Design Review,High,Tech Lead,Other,High,12,5,1,24,5,13,False,0,False,3.45,2,2,0,1,4.49638088
Feature Dev,High,Senior,JavaScript,Medium,13,3,3,26,9,17,True,1,True,3.5,1,1,1,0,6.76719409
Bug Fix,Medium,Senior,Go,Medium,4,4,1,8,9,12,False,3,False,4.5,0,2,2,0,1.686125
Code Review,Medium,Junior,C++,High,3,2,3,6,5,12,False,3,False,3.25,0,2,0,0,1.6453125
Feature Dev,Medium,Tech Lead,C++,Medium,2,4,2,4,1,13,True,2,False,3.5,2,1,0,1,1.19949375
Client Meeting,High,Mid,Go,Critical,10,5,0,20,4,15,True,3,True,4.15,0,4,0,1,4.07876628
Design Review,High,Mid,Other,High,4,3,2,8,10,11,False,2,False,4.08333333,0,2,1,0,1.83002625
Design Review,High,Tech Lead,Other,Medium,8,2,3,16,8,11,False,3,False,1.5,2,0,0,0,4.54075
Client Meeting,High,Tech Lead,C++,Low,5,3,2,10,6,10,False,0,False,3.5,1,1,1,0,2.566135
Deployment,Medium,Mid,Python,High,13,3,1,26,9,10,True,1,False,4.16666667,1,1,0,1,4.36269094
Testing,Medium,Senior,Other,Critical,1,4,3,2,6,9,True,0,False,3.9375,1,2,0,1,0.65087654
Deployment,High,Mid,Java,Medium,8,3,2,16,6,11,False,0,True,3.5,1,1,1,0,3.9281605
Client Meeting,Medium,Senior,Other,Low,12,5,0,24,5,16,False,2,False,3.05,2,2,1,0,5.0549125
Bug Fix,High,Junior,C++,High,2,3,0,4,9,11,False,0,True,5.0,1,0,1,1,0.7122456
Bug Fix,High,Senior,Other,Low,3,3,2,6,8,12,False,1,False,4.33333333,1,0,2,0,1.62579267
Feature Dev,Medium,Mid,C++,Low,3,5,2,6,8,18,False,0,True,4.3,1,2,1,1,1.477773
Design Review,High,Tech Lead,Python,Low,7,2,0,14,9,14,True,2,False,2.375,1,1,0,0,3.87603563
Code Review,Medium,Mid,Java,High,4,3,0,8,2,10,True,2,True,5.58333333,0,1,1,1,1.4632002
Bug Fix,High,Tech Lead,JavaScript,Critical,8,4,1,16,2,18,False,3,True,3.625,2,0,2,0,3.33493112
Deployment,High,Tech Lead,Python,Critical,1,3,2,2,6,9,False,0,True,2.91666667,2,0,1,0,0.65768991
Design Review,Medium,Senior,Other,High,13,4,1,26,9,10,False,3,False,4.125,2,0,1,1,4.18114125
Testing,Medium,Tech Lead,Python,Critical,2,5,0,4,2,16,True,3,True,3.2,3,0,2,0,0.95422173
Testing,Medium,Mid,Other,Medium,9,4,1,18,7,11,False,0,False,4.5625,1,1,1,1,3.00796875
Documentation,High,Tech Lead,Other,Low,7,3,3,14,5,14,False,0,False,5.58333333,0,1,1,1,3.156934
Client Meeting,High,Junior,Python,Low,3,3,0,6,2,15,False,0,False,2.91666667,2,0,1,0,1.40497225
Documentation,Medium,Mid,Python,Low,6,3,3,12,1,14,False,3,False,4.91666667,0,1,2,0,2.78210625
Bug Fix,Low,Junior,Python,Low,7,3,1,14,1,15,False,3,False,2.08333333,2,1,0,0,3.2533875
Design Review,Medium,Tech Lead,Java,Critical,13,5,0,26,9,9,True,2,False,2.35,4,0,1,0,4.59310399
Deployment,Low,Senior,Other,Medium,2,2,3,4,8,9,True,1,False,2.375,1,1,0,0,1.30849688
Code Review,Medium,Mid,Other,Critical,3,4,2,6,10,15,False,0,False,3.0625,3,0,0,1,1.14690234
Code Review,High,Mid,C++,Critical,11,2,0,22,10,17,False,0,False,2.375,1,1,0,0,4.22035625
Documentation,Low,Senior,JavaScript,Low,6,2,1,12,7,17,False,3,False,2.375,1,1,0,0,2.81716875
Client Meeting,Medium,Junior,Java,Critical,12,4,1,24,7,14,False,2,True,4.5625,1,1,1,1,3.86243241
Deployment,Medium,Tech Lead,JavaScript,Critical,9,2,2,18,6,17,False,1,True,3.625,1,0,1,0,3.33304125
Feature Dev,Medium,Tech Lead,Other,Low,13,4,3,26,3,13,True,0,False,2.375,2,2,0,0,6.40339219
Documentation,High,Senior,JavaScript,Low,2,5,2,4,2,13,True,2,False,4.8,1,1,2,1,1.25533254
Client Meeting,High,Tech Lead,C++,Low,10,5,3,20,2,11,False,3,True,4.45,2,0,2,1,5.05564166
Bug Fix,Low,Senior,Other,Low,12,2,0,24,5,12,False,2,True,1.5,2,0,0,0,5.60593
Documentation,Medium,Junior,Go,Critical,2,4,0,4,6,15,True,3,True,3.0,2,1,1,0,0.99515089
Feature Dev,Medium,Senior,JavaScript,Low,5,2,2,10,3,17,False,1,True,2.375,1,1,0,0,2.84955
Documentation,Medium,Senior,Java,Critical,12,3,3,24,8,13,True,1,False,4.08333333,0,2,1,0,4.14916742
Design Review,Medium,Senior,Other,Low,13,3,2,26,4,12,True,2,True,2.08333333,2,1,0,0,7.21167563
Bug Fix,High,Mid,C++,Critical,10,2,3,20,5,17,False,1,False,2.375,1,1,0,0,4.29542188
Testing,Low,Junior,JavaScript,Critical,10,3,1,20,9,14,False,2,False,2.66666667,1,2,0,0,3.24558333
Code Review,Medium,Senior,Java,Low,12,5,2,24,8,15,True,2,True,3.95,2,1,1,1,5.5909496
Testing,Medium,Junior,Python,High,10,2,3,20,7,13,True,2,False,2.375,1,1,0,0,4.31185781
Design Review,Medium,Tech Lead,Python,Low,9,5,1,18,9,15,False,2,False,3.45,2,2,0,1,3.82848813
Refactoring,Medium,Junior,C++,Low,11,3,0,22,10,15,True,1,True,3.25,0,3,0,0,5.35992188
Documentation,High,Senior,Other,High,11,3,1,22,6,10,False,2,False,5.0,1,0,1,1,3.807558
Documentation,High,Tech Lead,Java,Critical,4,2,1,8,5,18,True,3,True,2.375,1,1,0,0,2.20605361
Documentation,Low,Senior,C++,High,10,2,0,20,7,16,False,2,True,1.5,2,0,0,0,3.85605
Design Review,Medium,Mid,JavaScript,High,4,2,3,8,5,10,False,0,False,1.5,2,0,0,0,1.891125
Testing,Low,Mid,Go,Medium,5,5,3,10,4,18,True,0,False,3.45,2,2,0,1,2.08165781
Deployment,Medium,Mid,C++,High,6,3,0,12,10,9,False,2,True,2.91666667,2,0,1,0,2.38234425
Refactoring,Medium,Mid,Python,Medium,8,3,2,16,6,14,False,0,False,3.5,1,1,1,0,3.140375
Testing,High,Mid,Other,High,2,3,2,4,5,10,False,1,False,2.66666667,1,2,0,0,1.1484
Deployment,Medium,Mid,Other,High,13,2,3,26,4,16,True,1,False,3.25,0,2,0,0,5.09414063
Code Review,Low,Senior,Java,Critical,10,2,1,20,10,18,False,3,False,1.5,2,0,0,0,3.5285625
Bug Fix,Medium,Mid,Python,Critical,2,5,0,4,2,12,True,1,False,2.35,4,0,1,0,0.76551733
Design Review,High,Junior,Go,Low,12,4,0,24,10,11,True,1,False,3.0,2,1,1,0,5.98154865
Feature Dev,Medium,Mid,Python,Low,8,5,1,16,8,11,True,2,False,2.55,2,3,0,0,3.98749313
Documentation,Medium,Senior,Python,Low,2,5,0,4,4,9,False,2,False,2.75,4,0,0,1,1.0058125
Bug Fix,Low,Tech Lead,C++,Medium,11,2,2,22,6,15,True,0,True,2.375,1,1,0,0,4.82804438
Bug Fix,Low,Mid,Java,Low,8,3,1,16,3,10,True,1,False,4.75,0,2,0,1,2.96216353
Testing,High,Junior,Python,Critical,6,4,1,12,3,15,False,2,False,2.375,2,2,0,0,2.59393438
Documentation,High,Tech Lead,Go,Low,8,2,3,16,3,15,False,2,False,4.5,0,1,1,0,4.04259625
Refactoring,Low,Junior,Python,Critical,2,5,1,4,4,15,False,3,False,3.8,1,3,0,1,0.85974525
Code Review,Low,Tech Lead,C++,Critical,2,2,0,4,1,18,False,3,False,1.5,2,0,0,0,0.888675
Refactoring,Medium,Junior,Python,High,11,3,1,22,1,14,False,3,False,4.33333333,1,0,2,0,3.624405
Refactoring,Medium,Tech Lead,C++,High,7,2,1,14,1,14,False,0,False,2.375,1,1,0,0,2.60521875
Client Meeting,High,Tech Lead,JavaScript,High,8,3,2,16,10,12,True,1,False,3.5,1,1,1,0,3.4594371
Testing,High,Senior,Java,High,3,2,1,6,2,16,False,0,False,2.375,1,1,0,0,1.35118125
Code Review,Low,Tech Lead,Other,Medium,3,3,0,6,7,15,False,2,False,2.66666667,1,2,0,0,1.23733333
Client Meeting,Medium,Tech Lead,Go,Medium,4,2,3,8,4,13,False,1,True,2.375,1,1,0,0,2.32065625
Documentation,High,Senior,Python,Medium,6,2,0,12,6,17,False,1,False,1.5,2,0,0,0,2.9315
Testing,High,Mid,Other,High,4,2,0,8,2,10,False,2,False,3.625,1,0,1,0,1.63622025
Client Meeting,Medium,Senior,Java,Critical,13,5,1,26,5,9,True,2,False,3.1,3,1,0,1,4.44689241
Deployment,High,Mid,Python,Low,13,4,0,26,7,15,False,1,False,2.375,2,2,0,0,6.5626
Feature Dev,Medium,Senior,C++,High,8,3,3,16,9,15,True,3,False,2.08333333,2,1,0,0,3.71719688
Design Review,High,Tech Lead,Python,Medium,4,2,1,8,8,18,False,2,False,3.625,1,0,1,0,1.95170062
Documentation,High,Mid,JavaScript,Medium,13,4,0,26,3,12,False,2,False,5.0,0,2,1,1,4.83276
Documentation,Low,Junior,Java,Low,4,4,1,8,2,18,False,2,False,3.5,2,1,0,1,1.73025875
Bug Fix,High,Tech Lead,C++,Low,13,2,0,26,5,11,False,2,False,4.5,0,1,1,0,5.7698025
Code Review,High,Mid,Go,Low,9,3,0,18,7,9,True,3,False,3.5,1,1,1,0,4.60127745
Documentation,Medium,Tech Lead,Java,Critical,12,2,1,24,1,15,False,3,True,1.5,2,0,0,0,5.03146875
Deployment,Medium,Senior,Go,High,6,4,0,12,6,10,False,0,False,3.5,2,1,0,1,1.8981
Refactoring,High,Senior,Java,Low,10,5,3,20,5,13,True,0,True,4.45,2,0,2,1,5.01075512
Design Review,High,Mid,Python,High,3,2,3,6,7,16,True,1,False,2.375,1,1,0,0,1.78965281
Documentation,High,Junior,JavaScript,High,6,5,2,12,1,13,False,3,False,3.45,2,2,0,1,2.664522
Design Review,Medium,Tech Lead,C++,Critical,2,3,2,4,7,10,True,3,True,3.5,1,1,1,0,1.23322526
Documentation,Low,Mid,Python,Low,11,3,2,22,7,18,True,1,False,1.5,3,0,0,0,5.161695
Documentation,Low,Junior,Other,Medium,1,4,2,2,10,15,False,3,True,1.9375,3,1,0,0,1.0593
Documentation,High,Mid,Other,Critical,13,4,0,26,8,17,False,0,False,2.8125,1,3,0,0,4.87650312
Client Meeting,High,Tech Lead,Java,High,12,3,0,24,4,10,True,0,False,4.08333333,0,2,1,0,4.53283425
Bug Fix,Medium,Mid,Other,Medium,4,5,3,8,5,11,True,2,True,3.05,2,2,1,0,2.38844616
Bug Fix,High,Tech Lead,Go,Critical,13,3,3,26,9,18,True,0,False,4.33333333,1,0,2,0,4.76509618
Feature Dev,Medium,Senior,Other,Critical,2,2,1,4,2,15,False,1,False,3.625,1,0,1,0,0.79538484
Refactoring,Low,Junior,Go,Medium,12,3,1,24,8,18,True,2,False,2.08333333,2,1,0,0,4.88306875
Deployment,Medium,Junior,Go,Low,7,2,3,14,10,16,True,1,False,3.625,1,0,1,0,3.44822723
Testing,Medium,Junior,Go,Critical,10,5,2,20,2,12,False,0,False,3.05,2,2,1,0,3.35921912
Feature Dev,High,Mid,Go,Medium,13,4,1,26,2,14,True,1,True,3.4375,1,2,1,0,6.47810878
Feature Dev,Medium,Mid,Python,High,13,4,2,26,2,13,True,3,True,4.125,2,0,1,1,4.95742748
Client Meeting,Medium,Tech Lead,Other,Critical,12,3,2,24,5,9,False,2,False,2.08333333,2,1,0,0,4.48622917
Client Meeting,High,Junior,JavaScript,Low,5,2,3,10,3,18,False,0,False,4.5,0,1,1,0,2.56746875
Bug Fix,Medium,Tech Lead,Java,Critical,3,5,0,6,3,17,False,0,False,2.35,4,0,1,0,0.9720855
Client Meeting,Medium,Junior,Other,Medium,12,3,0,24,5,17,False,0,False,3.5,1,1,1,0,4.3068
Client Meeting,Medium,Junior,Java,Medium,7,2,1,14,6,15,True,0,False,5.75,0,0,2,0,2.4749025
Deployment,Medium,Junior,C++,Medium,1,3,2,2,2,15,True,0,True,2.66666667,1,2,0,0,0.78155
Design Review,Low,Mid,Java,Low,8,2,2,16,7,18,True,0,False,2.375,1,1,0,0,3.60403313
Bug Fix,Medium,Junior,JavaScript,High,2,2,2,4,7,11,True,1,True,2.375,1,1,0,0,1.22401125
Refactoring,Medium,Junior,Go,Critical,9,3,1,18,9,12,True,3,False,2.08333333,2,1,0,0,3.59956406
Client Meeting,Medium,Junior,JavaScript,Low,5,3,1,10,2,16,False,0,True,2.91666667,2,0,1,0,2.40779665
Documentation,High,Mid,Python,High,7,5,3,14,8,11,False,2,False,3.45,2,2,0,1,3.06895838
Documentation,Low,Senior,Python,Low,6,3,0,12,3,11,False,1,False,2.66666667,1,2,0,0,2.40313333
Refactoring,Low,Mid,Go,High,2,4,1,4,9,18,True,2,False,2.8125,1,3,0,0,0.97007203
Code Review,High,Mid,C++,Low,13,3,3,26,2,17,True,3,False,2.08333333,2,1,0,0,7.74076188
Bug Fix,Medium,Tech Lead,Other,High,9,2,0,18,3,10,True,2,False,3.25,0,2,0,0,3.3665625
Client Meeting,Low,Mid,Python,Critical,6,4,1,12,1,13,True,0,False,1.9375,3,1,0,0,2.06811773
Documentation,Medium,Junior,Other,Low,1,4,3,2,8,14,False,3,False,4.125,2,0,1,1,1.04014625
Testing,High,Junior,Go,High,11,3,2,22,8,10,False,0,False,2.66666667,1,2,0,0,4.6632
Code Review,High,Tech Lead,JavaScript,Critical,3,5,3,6,6,18,True,1,False,3.4,1,3,1,0,1.5538898
Feature Dev,Low,Tech Lead,Go,Low,2,3,3,4,3,14,True,3,False,2.08333333,2,1,0,0,1.69077563
Bug Fix,Medium,Senior,JavaScript,Low,11,4,1,22,2,10,False,1,True,3.0,2,1,1,0,5.18481975
Client Meeting,Low,Senior,Python,Low,9,2,2,18,4,11,False,1,True,1.5,2,0,0,0,4.51451
Design Review,Medium,Tech Lead,Other,High,5,2,3,10,10,16,True,3,False,1.5,2,0,0,0,2.66371875
Refactoring,Medium,Mid,JavaScript,Critical,4,4,1,8,7,10,False,3,True,2.8125,1,3,0,0,1.83888203
Bug Fix,Medium,Junior,JavaScript,Low,13,3,3,26,4,15,True,2,False,1.5,3,0,0,0,6.92566875
Code Review,High,Mid,JavaScript,Critical,4,4,2,8,7,11,False,2,False,4.375,0,3,0,1,1.66516594
Feature Dev,High,Tech Lead,Go,Critical,1,2,1,2,9,16,False,0,False,3.25,0,2,0,0,0.5
Feature Dev,Medium,Mid,Go,Low,12,4,2,24,10,17,True,0,False,3.625,2,0,2,0,5.08718306
Code Review,Low,Tech Lead,Java,Critical,10,3,1,20,7,16,True,2,False,1.5,3,0,0,0,3.61350938
Client Meeting,Medium,Mid,Java,Medium,6,2,2,12,1,9,False,0,False,1.5,2,0,0,0,2.7675
Code Review,Low,Mid,C++,High,8,3,0,16,8,18,False,1,True,2.08333333,2,1,0,0,2.9379075
Documentation,Medium,Senior,Java,High,6,4,0,12,1,18,False,2,False,3.9375,1,2,0,1,2.00764688
Testing,Medium,Tech Lead,Python,Critical,2,3,3,4,4,11,True,0,False,2.08333333,2,1,0,0,1.11097656
Documentation,High,Junior,C++,Critical,2,2,3,4,2,11,False,0,False,2.375,1,1,0,0,1.14266562
Feature Dev,High,Senior,Python,High,3,2,2,6,2,17,False,0,False,1.5,2,0,0,0,1.5498
Refactoring,High,Senior,C++,Critical,11,3,3,22,8,10,False,2,False,2.08333333,2,1,0,0,4.83327708
Feature Dev,High,Junior,C++,Medium,6,4,0,12,6,17,True,3,False,4.5,0,2,2,0,2.6426925
Feature Dev,Medium,Tech Lead,Java,Medium,8,5,1,16,5,16,False,2,False,3.05,2,2,1,0,3.26271625
Documentation,High,Mid,Other,Medium,11,3,2,22,7,16,False,0,False,2.91666667,2,0,1,0,4.96090333
Testing,High,Tech Lead,Other,High,5,3,2,10,1,14,True,3,False,3.5,1,1,1,0,2.45891362
Feature Dev,Medium,Mid,C++,Low,9,3,1,18,2,10,True,3,False,3.5,1,1,1,0,4.19711119
Client Meeting,Medium,Tech Lead,Other,Medium,12,4,0,24,4,14,True,0,True,5.625,0,1,2,1,4.194036
Deployment,Medium,Tech Lead,C++,High,2,2,3,4,1,16,False,0,False,2.375,1,1,0,0,1.10390625
Code Review,Medium,Tech Lead,Java,Low,5,5,2,10,5,18,True,0,False,3.05,2,2,1,0,2.44152274
Documentation,Medium,Junior,Go,Critical,8,4,1,16,8,13,False,3,False,3.4375,1,2,1,0,2.79312258
Design Review,Medium,Tech Lead,Python,Low,11,3,0,22,3,15,True,2,False,4.16666667,1,1,0,1,4.50055375
Bug Fix,Medium,Mid,Java,Low,12,4,3,24,4,9,True,1,False,1.5,4,0,0,0,6.33373125
Feature Dev,High,Junior,JavaScript,Critical,13,3,1,26,4,9,True,3,True,2.91666667,2,0,1,0,5.84262291
Refactoring,Medium,Tech Lead,Java,High,3,4,3,6,8,9,False,3,False,1.9375,3,1,0,0,1.76048438
Code Review,Medium,Mid,Java,Low,8,3,0,16,3,16,True,1,True,3.5,1,1,1,0,3.76185521
Feature Dev,Medium,Mid,C++,Medium,6,5,3,12,7,12,False,1,False,3.9,1,2,2,0,2.509565
Bug Fix,High,Tech Lead,Go,Critical,13,5,0,26,4,17,True,0,False,3.95,2,1,1,1,4.43143565
Documentation,High,Mid,Other,Low,1,3,0,2,10,18,False,1,True,2.91666667,2,0,1,0,0.62714703
Refactoring,High,Junior,Java,High,1,5,1,2,9,14,False,2,False,3.95,2,1,1,1,0.6052887
Documentation,High,Junior,Java,High,1,4,1,2,6,10,True,1,False,2.375,2,2,0,0,0.65836969
Deployment,High,Senior,Go,Critical,10,2,2,20,8,12,False,3,False,2.375,1,1,0,0,4.337125
Code Review,High,Junior,Go,Medium,11,2,1,22,2,12,False,1,False,3.625,1,0,1,0,4.73220562
Bug Fix,High,Mid,Other,Low,5,2,2,10,10,10,True,2,False,1.5,2,0,0,0,3.31485
Deployment,Medium,Tech Lead,JavaScript,Critical,5,3,0,10,1,11,False,2,True,4.16666667,1,1,0,1,1.74245042
Code Review,Low,Mid,Java,Low,4,5,3,8,4,11,False,2,True,2.75,4,0,0,1,2.31236294
Code Review,High,Junior,Python,Medium,5,2,2,10,6,11,True,2,True,2.375,1,1,0,0,3.1733625
Design Review,Medium,Senior,JavaScript,Low,6,5,1,12,2,18,True,0,True,4.45,2,0,2,1,2.53018328
Design Review,High,Senior,Java,Low,11,5,1,22,7,11,True,1,False,3.05,2,2,1,0,5.63673293
Code Review,Medium,Junior,Go,Medium,11,5,3,22,6,10,True,2,False,3.05,2,2,1,0,4.87339519
Refactoring,Medium,Senior,C++,High,6,2,0,12,10,12,False,3,True,3.625,1,0,1,0,2.38214419
Refactoring,High,Junior,Other,Low,4,5,3,8,1,17,False,3,False,4.8,1,1,2,1,2.1806246
Design Review,High,Junior,Other,High,8,4,3,16,10,12,True,3,False,3.0,2,1,1,0,3.85772152
Client Meeting,Medium,Tech Lead,Python,Medium,6,2,2,12,1,14,False,3,True,3.25,0,2,0,0,3.09375
Feature Dev,High,Senior,Java,Low,5,2,0,10,10,17,True,3,False,3.625,1,0,1,0,2.67623606
Documentation,High,Senior,Go,Low,12,2,0,24,2,11,True,1,False,2.375,1,1,0,0,6.36939188
Design Review,Medium,Senior,Go,High,1,2,2,2,10,13,False,2,False,1.5,2,0,0,0,0.83025
Design Review,Medium,Tech Lead,Other,Critical,4,2,2,8,10,16,True,3,False,3.625,1,0,1,0,1.74984666
Feature Dev,Low,Junior,JavaScript,High,3,4,3,6,3,11,False,2,False,3.5,2,1,0,1,1.36821375
Testing,Low,Senior,Go,Low,7,3,2,14,9,11,True,3,True,2.08333333,2,1,0,0,3.9474435
Client Meeting,High,Senior,Go,High,12,5,1,24,3,10,True,2,False,3.9,1,2,2,0,4.71896051
Feature Dev,High,Mid,C++,High,3,2,3,6,1,15,True,2,False,2.375,1,1,0,0,1.88238094
Refactoring,High,Junior,C++,High,1,3,0,2,6,14,True,3,False,2.91666667,2,0,1,0,0.66472402
Deployment,Medium,Tech Lead,C++,Low,5,4,1,10,3,12,False,2,False,1.9375,3,1,0,0,2.59307813
Refactoring,High,Senior,JavaScript,Medium,8,2,1,16,7,10,False,0,False,2.375,1,1,0,0,3.7581875
Refactoring,Medium,Junior,JavaScript,Low,11,5,3,22,7,18,False,0,True,3.2,3,0,2,0,5.1854066
Code Review,Medium,Junior,Go,Low,12,4,1,24,3,16,True,2,False,3.4375,1,2,1,0,5.35509795
Documentation,Medium,Tech Lead,C++,Medium,10,2,0,20,8,10,True,1,False,2.375,1,1,0,0,4.22428125
Client Meeting,Medium,Tech Lead,Go,Medium,12,4,0,24,9,15,False,2,False,1.9375,3,1,0,0,5.015625
Client Meeting,High,Junior,Python,Low,5,5,0,10,9,16,False,3,False,2.55,2,3,0,0,2.78135
Design Review,High,Senior,Other,Critical,2,3,1,4,9,18,True,2,False,4.91666667,0,1,2,0,0.91008597
Design Review,Low,Senior,Other,High,10,5,2,20,10,17,True,2,False,1.85,4,1,0,0,3.90355875
Design Review,High,Tech Lead,Java,Critical,3,2,2,6,3,13,True,0,False,2.375,1,1,0,0,1.47128625
Bug Fix,Low,Senior,Other,Medium,3,5,0,6,7,18,True,1,False,2.2,3,2,0,0,1.22661
Code Review,High,Tech Lead,Java,High,11,2,3,22,4,10,False,2,False,1.5,2,0,0,0,5.267475
Documentation,Medium,Mid,JavaScript,High,12,5,1,24,4,17,True,2,False,3.95,2,1,1,1,4.04086253
Documentation,Medium,Tech Lead,Python,High,13,3,1,26,6,13,False,0,True,2.08333333,2,1,0,0,5.27443125
Client Meeting,High,Tech Lead,Java,Medium,11,4,1,22,5,9,True,0,False,3.0,2,1,1,0,5.04106575
Code Review,Medium,Junior,C++,Medium,10,3,2,20,9,16,False,3,False,1.5,3,0,0,0,4.715
Testing,Medium,Junior,Other,Low,1,5,0,2,8,18,False,3,True,3.55,2,1,2,0,0.73447605
Testing,High,Mid,Other,Medium,11,5,3,22,9,18,False,0,False,3.05,2,2,1,0,5.06410325
Testing,High,Senior,Java,Low,10,5,2,20,2,11,False,2,False,3.4,1,3,1,0,5.060781
Bug Fix,Medium,Mid,Java,High,2,4,2,4,5,11,False,1,True,2.375,2,2,0,0,1.165725
Code Review,Medium,Junior,Other,Medium,10,4,0,20,7,14,False,3,False,3.0625,3,0,0,1,3.86798438
Bug Fix,High,Tech Lead,C++,Medium,9,5,3,18,1,16,False,0,False,3.55,2,1,2,0,3.9802185
Refactoring,Medium,Mid,C++,Low,10,5,2,20,4,10,False,3,False,3.05,2,2,1,0,4.6505195
Deployment,High,Mid,C++,Critical,9,3,3,18,10,17,False,1,True,3.58333333,2,0,0,1,3.83609268
Refactoring,Low,Senior,Java,Low,1,4,2,2,9,12,True,2,False,3.5,2,1,0,1,0.87286238
Code Review,Low,Junior,C++,Critical,11,5,0,22,2,14,False,0,False,1.85,4,1,0,0,3.391245
Design Review,Low,Senior,Python,Low,4,2,1,8,2,10,False,0,False,2.375,1,1,0,0,1.71620625
Design Review,High,Tech Lead,JavaScript,Medium,13,2,2,26,7,12,False,3,False,3.625,1,0,1,0,5.86401375
Testing,Medium,Mid,Java,Medium,9,5,3,18,6,9,False,0,False,2.7,3,1,1,0,3.7910025
Deployment,Medium,Senior,Other,Medium,12,5,2,24,7,10,False,0,False,3.4,1,3,1,0,4.60071
Deployment,Medium,Junior,JavaScript,Low,6,3,1,12,1,16,False,0,False,3.5,1,1,1,0,2.51678625
Refactoring,Medium,Mid,Other,Low,2,4,1,4,4,11,True,1,True,3.0,2,1,1,0,1.22930404
Feature Dev,Low,Mid,C++,Low,12,3,1,24,6,15,False,3,False,2.08333333,2,1,0,0,5.2251375
Refactoring,Medium,Junior,C++,Low,13,4,2,26,2,15,False,0,False,4.5625,1,1,1,1,4.85285625
Testing,Medium,Mid,Python,Critical,13,5,1,26,1,18,True,2,True,2.75,4,0,0,1,4.98216649
Documentation,Low,Senior,C++,Critical,6,5,2,12,1,16,False,3,False,1.5,5,0,0,0,2.40465
Code Review,Medium,Junior,Python,Medium,5,4,0,10,10,9,False,3,False,3.5,2,1,0,1,2.021125
Documentation,High,Mid,Other,Low,3,2,3,6,6,18,False,2,False,3.625,1,0,1,0,1.99002169
Refactoring,High,Tech Lead,C++,High,1,2,2,2,3,9,False,2,False,4.5,0,1,1,0,0.73332
Feature Dev,Low,Junior,JavaScript,Low,5,2,1,10,1,18,False,0,False,1.5,2,0,0,0,2.198625
Client Meeting,High,Senior,C++,High,5,2,2,10,4,12,True,0,False,3.625,1,0,1,0,2.18964769
Refactoring,Medium,Mid,C++,Medium,6,5,1,12,4,9,True,1,False,3.9,1,2,2,0,2.36707275
Deployment,Low,Tech Lead,Python,Low,12,5,1,24,7,14,False,1,False,2.55,2,3,0,0,4.8887575
Documentation,High,Tech Lead,JavaScript,Medium,5,5,2,10,7,10,False,2,False,3.45,2,2,0,1,2.46715
Client Meeting,Low,Senior,Java,Low,11,4,0,22,9,14,False,0,False,3.5,2,1,0,1,3.827835
Documentation,Medium,Junior,Java,Critical,6,3,3,12,5,10,False,3,False,3.5,1,1,1,0,2.40238688
Client Meeting,Low,Tech Lead,Java,High,8,5,3,16,2,12,False,0,False,2.2,3,2,0,0,2.96703
Deployment,High,Tech Lead,Python,Medium,10,3,1,20,10,13,False,1,False,5.0,1,0,1,1,3.7927
Documentation,High,Junior,Go,Low,13,3,0,26,2,13,False,1,False,4.16666667,1,1,0,1,5.66529333
Documentation,High,Junior,Java,Medium,7,4,0,14,3,11,False,3,False,4.125,2,0,1,1,2.89432
Deployment,High,Junior,Python,Medium,1,2,0,2,3,17,True,0,False,2.375,1,1,0,0,0.5
Code Review,Medium,Junior,Python,Low,8,4,1,16,3,18,True,0,False,1.5,4,0,0,0,3.96598125
Refactoring,Medium,Senior,JavaScript,Critical,6,5,1,12,6,9,True,1,False,3.05,2,2,1,0,2.17372726
Documentation,High,Senior,Java,High,2,4,2,4,6,14,True,1,False,2.375,2,2,0,0,1.22401125
Bug Fix,Medium,Junior,Other,High,13,3,0,26,4,11,True,2,False,4.16666667,1,1,0,1,4.32266625
Feature Dev,High,Junior,Go,Medium,1,2,1,2,8,10,True,3,False,4.5,0,1,1,0,0.81098063
Documentation,Low,Tech Lead,C++,Low,4,4,1,8,9,9,True,2,False,2.375,2,2,0,0,2.02868531
Feature Dev,Low,Senior,Other,High,1,3,2,2,1,9,False,2,False,1.5,3,0,0,0,0.79335
Bug Fix,Medium,Junior,Go,Low,3,4,1,6,9,11,True,1,False,3.0,2,1,1,0,1.54328213
Feature Dev,Medium,Mid,Other,Critical,8,2,3,16,8,10,False,1,False,1.5,2,0,0,0,3.2671875
Deployment,Low,Mid,Other,High,1,5,3,2,9,13,True,1,True,3.45,2,2,0,1,0.83349579
Client Meeting,Medium,Tech Lead,JavaScript,Medium,1,3,3,2,8,17,True,1,False,2.66666667,1,2,0,0,0.96425
Deployment,High,Senior,Go,Medium,7,3,1,14,8,12,True,1,False,3.5,1,1,1,0,3.26913038
Deployment,Medium,Mid,C++,Critical,8,4,1,16,2,9,False,1,False,2.5625,3,0,1,0,2.76452273
Refactoring,Medium,Junior,Go,Low,6,5,0,12,9,15,True,1,False,3.8,1,3,0,1,2.49624375
Code Review,High,Tech Lead,Java,Medium,13,3,3,26,7,9,True,0,False,3.25,0,3,0,0,6.32953125
Deployment,High,Mid,JavaScript,Critical,10,3,1,20,3,16,True,2,False,3.58333333,2,0,0,1,3.86472024
Design Review,High,Senior,Java,Medium,13,2,0,26,4,12,False,2,False,2.375,1,1,0,0,6.064125
Client Meeting,Medium,Mid,Other,Medium,1,2,3,2,8,17,True,2,True,2.375,1,1,0,0,1.19001094
Documentation,High,Mid,Other,Low,3,4,3,6,7,17,False,0,False,2.8125,1,3,0,0,1.93122188
Refactoring,Medium,Senior,Java,Medium,13,2,2,26,1,14,True,2,True,3.625,1,0,1,0,5.86713291
Design Review,High,Mid,Python,Critical,7,5,1,14,7,12,True,3,False,3.05,2,2,1,0,3.01040719
Design Review,High,Mid,JavaScript,Medium,12,3,3,24,4,14,False,0,False,2.08333333,2,1,0,0,5.945125
Deployment,Medium,Senior,JavaScript,Critical,7,5,0,14,10,14,True,2,False,2.35,4,0,1,0,2.55172444
Refactoring,High,Junior,Go,Low,9,3,1,18,6,9,True,1,False,4.16666667,1,1,0,1,4.29509369
Feature Dev,High,Tech Lead,C++,Low,1,3,2,2,7,14,True,3,True,2.66666667,1,2,0,0,1.301839
Code Review,Low,Junior,Python,Medium,2,3,1,4,3,18,True,2,False,1.5,3,0,0,0,1.1515875
Refactoring,High,Senior,Python,High,3,2,0,6,8,12,False,3,False,3.625,1,0,1,0,1.3474755
Deployment,High,Senior,Other,Medium,3,3,2,6,4,14,False,1,False,2.08333333,2,1,0,0,1.77258333
Deployment,High,Senior,Java,Low,3,2,0,6,4,18,True,1,False,3.625,1,0,1,0,1.52339591
Feature Dev,Medium,Junior,Python,Low,7,4,1,14,7,13,True,2,False,4.0625,1,1,2,0,3.06727214
Documentation,Medium,Junior,Java,Medium,3,3,3,6,1,14,True,1,False,4.75,0,2,0,1,1.50560156
Bug Fix,Medium,Tech Lead,Go,Critical,8,5,3,16,4,12,True,1,False,4.8,1,1,2,1,2.56169813
Feature Dev,High,Tech Lead,Go,Critical,5,2,0,10,8,11,True,1,False,3.25,0,2,0,0,2.008125
Bug Fix,Medium,Junior,JavaScript,Medium,4,2,0,8,2,11,True,0,True,4.5,0,1,1,0,1.56849
Feature Dev,Medium,Tech Lead,Go,High,6,3,3,12,7,17,False,2,True,5.0,1,0,1,1,2.361249
Documentation,High,Mid,JavaScript,High,1,2,1,2,3,16,True,0,True,4.5,0,1,1,0,0.53818813
Documentation,Medium,Junior,Java,Critical,13,4,2,26,9,14,True,1,True,4.125,2,0,1,1,4.52056605
Feature Dev,Medium,Senior,C++,Medium,10,2,1,20,10,17,False,1,True,4.5,0,1,1,0,3.96790625
Documentation,Medium,Junior,Other,High,9,5,1,18,1,15,False,2,False,2.2,3,2,0,0,3.51945
Testing,High,Senior,Java,High,6,2,1,12,6,9,True,0,False,3.25,0,2,0,0,2.57807813
Code Review,Low,Tech Lead,Go,High,3,5,3,6,7,14,False,0,False,3.45,2,2,0,1,1.21330913
Refactoring,High,Tech Lead,Other,Critical,4,5,0,8,1,12,True,3,False,3.45,2,2,0,1,1.68290469
Deployment,Low,Mid,JavaScript,High,2,2,2,4,8,11,True,0,True,1.5,2,0,0,0,1.08679725
Documentation,Medium,Junior,Other,Low,12,4,3,24,2,16,False,0,False,3.625,2,0,2,0,4.98743438
Feature Dev,Low,Senior,Other,Low,6,4,1,12,10,15,False,3,False,3.0625,3,0,0,1,2.58255422
Feature Dev,High,Mid,JavaScript,Low,1,3,2,2,2,12,True,2,True,4.91666667,0,1,2,0,0.9793014
Feature Dev,Medium,Junior,Go,High,4,4,3,8,6,11,True,1,True,2.375,2,2,0,0,2.19302016
Feature Dev,Medium,Tech Lead,JavaScript,Medium,9,5,2,18,8,18,False,1,False,3.6,3,0,1,1,3.3856
Feature Dev,Medium,Tech Lead,Other,Medium,11,3,3,22,1,14,True,3,False,4.33333333,1,0,2,0,4.4900275
Documentation,Medium,Senior,JavaScript,Critical,3,2,3,6,4,13,True,0,False,5.75,0,0,2,0,1.17662738
Refactoring,Medium,Mid,Other,High,3,2,0,6,1,15,True,3,False,1.5,2,0,0,0,1.4529375
Refactoring,High,Tech Lead,Java,Low,5,3,0,10,7,18,True,3,False,2.66666667,1,2,0,0,2.9029
Deployment,Low,Senior,Python,Low,5,3,1,10,8,9,False,1,False,2.66666667,1,2,0,0,2.17983333
Documentation,Medium,Junior,Go,High,13,3,0,26,2,12,False,2,False,2.91666667,2,0,1,0,4.4981325
Code Review,High,Senior,JavaScript,Medium,1,2,2,2,2,16,False,2,True,3.25,0,2,0,0,0.99
Documentation,High,Tech Lead,Python,High,4,5,0,8,3,10,True,2,False,3.4,1,3,1,0,1.73906838
Deployment,High,Junior,JavaScript,Low,11,4,2,22,7,15,True,2,False,2.375,2,2,0,0,6.30139125
Client Meeting,High,Senior,Java,Medium,12,4,2,24,5,14,False,0,True,3.9375,1,2,0,1,5.49271594
Client Meeting,Low,Tech Lead,Java,High,12,3,3,24,2,15,True,1,False,1.5,3,0,0,0,4.71720375
Bug Fix,Low,Junior,Java,Critical,5,4,0,10,5,15,False,3,False,1.9375,3,1,0,0,1.79057812
Bug Fix,Medium,Tech Lead,C++,High,1,3,3,2,2,14,True,1,False,3.58333333,2,0,0,1,0.78534422
Refactoring,Medium,Senior,JavaScript,Critical,11,3,1,22,5,15,True,3,False,3.25,0,3,0,0,4.05808594
Refactoring,Medium,Tech Lead,Go,Low,2,3,0,4,3,15,True,1,False,2.08333333,2,1,0,0,1.03516875
Client Meeting,Low,Tech Lead,Go,Critical,1,2,3,2,10,13,True,1,False,1.5,2,0,0,0,0.83247938
Refactoring,Low,Junior,JavaScript,High,5,2,2,10,4,16,False,1,False,1.5,2,0,0,0,2.0295
Feature Dev,Low,Tech Lead,Go,High,5,2,0,10,9,18,True,1,False,3.25,0,2,0,0,1.68328125
Testing,High,Junior,JavaScript,Low,1,3,0,2,3,18,False,1,True,2.91666667,2,0,1,0,0.62714703
Feature Dev,High,Senior,Other,Medium,11,4,2,22,3,15,True,3,False,4.5625,1,1,1,1,4.76702888
Code Review,Medium,Junior,Go,Critical,10,5,3,20,7,15,False,3,False,3.1,3,1,0,1,3.62466563
Feature Dev,Medium,Senior,Other,High,6,3,0,12,7,18,False,0,False,4.16666667,1,1,0,1,1.8297
Design Review,Medium,Mid,Java,High,1,4,2,2,3,17,True,2,False,2.375,2,2,0,0,0.83455312
Feature Dev,Medium,Senior,Java,High,13,3,0,26,4,15,True,0,True,4.75,0,2,0,1,4.42904962
Client Meeting,High,Mid,Other,Critical,12,3,1,24,2,12,False,2,False,4.91666667,0,1,2,0,4.00615271
Bug Fix,Medium,Senior,C++,Medium,13,3,3,26,1,12,False,0,False,4.16666667,1,1,0,1,4.78602083
Refactoring,High,Junior,Python,Medium,8,4,1,16,3,11,False,1,False,3.4375,1,2,1,0,3.53810531
Client Meeting,High,Tech Lead,Python,High,7,5,0,14,5,12,False,2,False,3.4,1,3,1,0,2.7766638
Code Review,Low,Senior,JavaScript,Critical,8,3,1,16,7,17,False,1,False,2.08333333,2,1,0,0,2.64941458
Documentation,Medium,Senior,Other,Medium,12,3,1,24,9,15,False,0,True,2.91666667,2,0,1,0,5.03957437
Deployment,Medium,Mid,Other,Medium,10,3,2,20,10,12,False,0,False,3.5,1,1,1,0,3.858175
Client Meeting,Low,Tech Lead,C++,High,3,2,0,6,9,17,True,2,False,1.5,2,0,0,0,1.23984
Documentation,Medium,Mid,Java,High,9,4,3,18,8,17,False,1,False,3.4375,1,2,1,0,3.36255047
Bug Fix,High,Mid,Java,Low,7,3,1,14,10,13,False,0,False,2.08333333,2,1,0,0,3.69155417
Testing,Medium,Senior,JavaScript,Low,11,5,1,22,6,13,False,0,False,4.8,1,1,2,1,3.830827
Refactoring,Low,Junior,C++,High,7,3,1,14,1,13,False,3,True,1.5,3,0,0,0,3.0138075
Refactoring,Medium,Senior,C++,Low,5,4,0,10,9,16,False,3,True,1.9375,3,1,0,0,2.79169688
Client Meeting,Medium,Mid,C++,High,12,3,2,24,6,11,False,2,False,3.25,0,3,0,0,4.471875
Bug Fix,High,Tech Lead,Java,Medium,8,3,0,16,6,17,True,3,False,4.91666667,0,1,2,0,3.35538875
Design Review,Medium,Tech Lead,C++,Medium,3,2,3,6,3,11,False,3,False,2.375,1,1,0,0,1.9134375
Deployment,High,Tech Lead,JavaScript,Low,4,3,3,8,4,13,False,0,False,4.08333333,0,2,1,0,2.18890604
Feature Dev,High,Senior,C++,High,8,3,2,16,1,10,False,1,False,4.16666667,1,1,0,1,3.11049
Testing,High,Mid,Other,Medium,12,4,2,24,10,15,True,3,True,3.0,2,1,1,0,6.5137149
Design Review,Low,Tech Lead,Java,Low,2,3,0,4,8,14,True,2,False,2.08333333,2,1,0,0,1.0581725
Feature Dev,Low,Senior,Other,Critical,10,4,2,20,9,12,True,3,False,2.8125,1,3,0,0,3.59621719
Feature Dev,High,Mid,JavaScript,Low,7,2,1,14,6,14,False,3,False,1.5,2,0,0,0,4.137925
Testing,Medium,Junior,Python,Low,5,2,0,10,6,10,True,3,True,4.5,0,1,1,0,2.48017481
Testing,Medium,Junior,JavaScript,High,1,4,3,2,7,11,True,0,True,3.9375,1,2,0,1,0.75807974
Client Meeting,Medium,Mid,Go,High,6,2,0,12,9,17,True,3,False,2.375,1,1,0,0,2.50365938
Code Review,Medium,Junior,Go,Low,11,2,1,22,9,16,False,0,False,2.375,1,1,0,0,4.91115625
Deployment,High,Senior,Other,Critical,10,5,1,20,2,12,False,2,True,3.4,1,3,1,0,4.17514432
Documentation,Medium,Mid,Python,Critical,11,5,1,22,2,14,False,1,False,2.7,3,1,1,0,3.69973762
Design Review,High,Junior,Java,Low,11,5,0,22,1,17,True,2,False,2.55,2,3,0,0,5.90822925
Documentation,Medium,Tech Lead,Python,High,7,5,2,14,3,12,False,1,False,2.35,4,0,1,0,2.744712
Testing,High,Mid,Other,Low,8,4,1,16,10,10,False,0,False,3.4375,1,2,1,0,3.79288491
Code Review,Medium,Mid,Python,Medium,10,5,2,20,5,14,True,0,False,4.65,0,3,1,1,3.6034215
Code Review,Medium,Senior,Java,Low,4,3,1,8,1,18,False,1,False,3.58333333,2,0,0,1,1.78020104
Bug Fix,Medium,Mid,C++,High,1,4,2,2,4,17,True,2,True,3.9375,1,2,0,1,0.80267266
Design Review,Medium,Mid,Java,High,8,4,0,16,4,14,False,2,True,4.5625,1,1,1,1,2.69995275
Testing,Medium,Junior,Java,Low,11,3,2,22,10,14,False,2,False,1.5,3,0,0,0,5.52475
Design Review,Medium,Mid,Go,High,4,2,3,8,1,13,False,2,False,2.375,1,1,0,0,1.98703125
Deployment,Medium,Senior,Java,High,3,5,1,6,10,9,False,0,False,3.9,1,2,2,0,1.0336005
Code Review,Medium,Mid,C++,Critical,7,5,1,14,1,10,True,2,False,3.95,2,1,1,1,2.33428466
Deployment,Low,Senior,Other,Critical,7,2,3,14,5,13,False,0,False,2.375,1,1,0,0,2.47716563
Bug Fix,Medium,Mid,Other,Low,11,2,3,22,9,14,False,1,True,1.5,2,0,0,0,6.1392375
Client Meeting,Low,Senior,Java,Low,1,5,2,2,4,10,False,2,False,3.1,3,1,0,1,0.8492715
Refactoring,High,Mid,Go,Medium,12,3,1,24,9,14,False,2,True,4.16666667,1,1,0,1,5.46961708
Testing,Medium,Mid,Java,Critical,3,5,2,6,5,13,False,2,True,3.95,2,1,1,1,1.31976185
Design Review,High,Mid,JavaScript,Low,10,4,0,20,7,12,False,2,True,2.375,2,2,0,0,5.6991
Client Meeting,High,Tech Lead,Python,Medium,12,5,0,24,10,15,False,2,False,2.55,2,3,0,0,5.5627
Code Review,Medium,Tech Lead,JavaScript,Critical,8,3,2,16,7,13,True,3,False,4.16666667,1,1,0,1,2.87288312
Documentation,High,Tech Lead,Other,Medium,1,4,1,2,8,17,False,0,True,3.4375,1,2,1,0,0.60408872
Feature Dev,Medium,Junior,Python,Critical,2,4,3,4,8,15,True,2,True,3.0,2,1,1,0,1.31178981
Documentation,Medium,Junior,Java,Low,11,2,3,22,10,10,True,3,True,2.375,1,1,0,0,6.42039234
Feature Dev,High,Mid,Other,Medium,4,5,1,8,2,14,False,2,False,3.45,2,2,0,1,1.92966375
Bug Fix,Medium,Senior,Java,Medium,1,2,2,2,4,15,True,3,False,4.5,0,1,1,0,0.8911875
Design Review,Low,Mid,JavaScript,High,11,4,3,22,3,14,False,1,False,2.375,2,2,0,0,3.98289375
Code Review,Low,Tech Lead,Other,Low,2,3,0,4,1,16,False,3,False,3.25,0,3,0,0,1.051875
Testing,Medium,Junior,Other,Medium,8,4,3,16,1,18,False,2,False,2.8125,1,3,0,0,3.69359375
Documentation,Medium,Tech Lead,Python,Low,13,5,3,26,6,16,True,2,False,3.05,2,2,1,0,6.20996001
Testing,Medium,Tech Lead,Java,High,4,3,1,8,3,14,False,2,False,2.91666667,2,0,1,0,1.62432562
Deployment,Low,Tech Lead,JavaScript,Critical,12,3,0,24,7,12,False,3,False,2.08333333,2,1,0,0,3.9106375
Client Meeting,Medium,Senior,JavaScript,High,7,5,1,14,5,16,False,2,False,3.05,2,2,1,0,2.60557763
Bug Fix,High,Senior,Python,Medium,11,2,0,22,3,17,False,2,False,1.5,2,0,0,0,5.3915
Design Review,Medium,Senior,Java,Low,2,3,2,4,5,15,False,2,False,3.5,1,1,1,0,1.2830675
Code Review,High,Tech Lead,Go,High,7,4,0,14,9,10,False,1,False,4.5625,1,1,1,1,2.3967495
Refactoring,High,Tech Lead,Go,Medium,1,3,3,2,7,14,True,3,False,2.91666667,2,0,1,0,1.17590069
Testing,High,Tech Lead,C++,Medium,7,3,3,14,5,11,True,0,True,4.16666667,1,1,0,1,3.59065919
Deployment,Medium,Tech Lead,JavaScript,Low,10,2,3,20,6,16,False,0,False,3.625,1,0,1,0,4.36236281
Deployment,High,Senior,Java,Low,11,2,1,22,4,15,False,2,True,1.5,2,0,0,0,6.7097525
Documentation,High,Senior,JavaScript,Medium,8,3,0,16,10,17,True,0,False,3.5,1,1,1,0,3.466974
Design Review,Low,Tech Lead,JavaScript,Critical,5,2,0,10,7,12,False,1,False,2.375,1,1,0,0,1.58471875
Deployment,Medium,Tech Lead,C++,Critical,2,5,3,4,6,11,False,1,True,3.45,2,2,0,1,1.11220003
Feature Dev,Low,Tech Lead,Other,Low,1,2,2,2,1,14,False,0,False,1.5,2,0,0,0,0.74415
Code Review,Medium,Junior,Other,Critical,11,5,0,22,6,14,True,2,True,3.55,2,1,2,0,3.91609276
Client Meeting,Low,Senior,JavaScript,High,5,2,0,10,2,9,False,3,False,2.375,1,1,0,0,1.8545625
Client Meeting,High,Junior,JavaScript,High,2,2,0,4,5,10,False,0,False,1.5,2,0,0,0,0.8487
Testing,Medium,Senior,Go,Low,8,4,0,16,4,9,True,2,True,1.9375,3,1,0,0,4.33319906
Design Review,Low,Mid,C++,Medium,1,5,2,2,6,12,False,0,False,2.75,4,0,0,1,0.6034875
Design Review,High,Mid,Other,High,5,5,2,10,5,16,False,3,True,2.9,1,4,0,0,2.741805
Testing,Medium,Tech Lead,Go,Medium,13,2,3,26,7,9,False,2,False,3.625,1,0,1,0,5.21344688
Testing,High,Mid,Java,Critical,2,3,3,4,2,16,False,3,False,4.91666667,0,1,2,0,1.13974021
Design Review,Medium,Mid,Python,Low,12,4,2,24,7,10,False,2,True,2.8125,1,3,0,0,6.15247188
Client Meeting,Medium,Senior,Other,Critical,5,5,0,10,2,16,False,0,True,4.8,1,1,2,1,1.431298
Feature Dev,High,Senior,Python,High,2,3,1,4,7,16,False,1,False,4.16666667,1,1,0,1,0.89197875
Testing,Medium,Junior,Java,Medium,2,4,0,4,7,10,False,1,False,4.5625,1,1,1,1,0.7219125
Feature Dev,High,Tech Lead,Python,Low,4,4,1,8,9,12,False,0,False,3.5,2,1,0,1,1.92358375
Bug Fix,Medium,Junior,Other,Critical,9,5,2,18,9,13,False,2,False,1.85,4,1,0,0,3.5111375
Code Review,High,Senior,JavaScript,Low,5,4,2,10,1,9,True,0,False,3.875,0,3,1,0,2.63982469
Feature Dev,Low,Senior,Java,Medium,5,5,3,10,2,9,True,0,False,2.9,1,4,0,0,2.2561875
Design Review,High,Tech Lead,Go,Medium,5,4,3,10,6,15,True,1,False,4.5,0,2,2,0,2.46133125
Testing,High,Junior,C++,Low,6,3,2,12,6,9,True,3,False,2.91666667,2,0,1,0,3.5918421
Deployment,Low,Mid,Java,Low,5,4,2,10,4,13,False,0,True,3.0625,3,0,0,1,2.28570891
Code Review,High,Senior,Java,Medium,6,3,0,12,6,10,False,1,False,4.33333333,1,0,2,0,2.37475333
Testing,Medium,Tech Lead,Go,High,10,2,0,20,2,11,False,0,False,2.375,1,1,0,0,3.5325
Refactoring,Medium,Mid,Other,High,2,2,3,4,10,11,False,3,True,2.375,1,1,0,0,1.50572813
Refactoring,High,Junior,C++,Medium,12,2,0,24,10,16,True,1,False,2.375,1,1,0,0,5.79035625
Code Review,Medium,Senior,Python,Critical,8,2,1,16,8,10,True,0,True,2.375,1,1,0,0,3.22719633
Client Meeting,High,Senior,Other,Critical,8,2,1,16,9,10,False,2,False,3.625,1,0,1,0,3.05276278
Documentation,High,Junior,Other,Critical,8,4,1,16,3,16,True,1,True,3.5,2,1,0,1,3.39046135
Client Meeting,Medium,Senior,Go,Critical,6,3,2,12,3,12,False,0,False,5.0,1,0,1,1,1.79469
Code Review,Low,Junior,Java,Critical,13,4,3,26,1,18,False,0,False,1.9375,3,1,0,0,4.37412656
Refactoring,Medium,Junior,C++,Critical,6,2,1,12,6,15,False,2,False,2.375,1,1,0,0,2.29367188
Refactoring,Medium,Senior,Python,Low,4,2,3,8,9,12,False,3,False,3.625,1,0,1,0,2.30371969
Code Review,Medium,Junior,Python,High,7,3,2,14,3,18,False,1,False,1.5,3,0,0,0,2.952
Client Meeting,High,Tech Lead,Java,Medium,9,3,1,18,10,16,False,3,False,3.25,0,3,0,0,4.303125
Testing,High,Junior,Java,High,10,2,1,20,6,14,False,2,False,1.5,2,0,0,0,4.566375
Deployment,Medium,Mid,Java,Medium,7,5,2,14,4,11,False,0,False,4.3,1,2,1,1,2.52402
Code Review,Medium,Mid,Other,Low,10,3,2,20,9,16,False,1,False,5.0,1,0,1,1,3.78488
Client Meeting,Medium,Mid,Python,High,10,4,0,20,5,11,True,3,True,1.9375,3,1,0,0,4.48381828
Documentation,Medium,Mid,JavaScript,Critical,12,4,0,24,1,9,True,1,True,3.4375,1,2,1,0,4.33087047
Testing,Medium,Junior,Java,High,13,2,3,26,4,14,False,0,False,1.5,2,0,0,0,5.212125
Bug Fix,Medium,Junior,JavaScript,Critical,6,4,2,12,7,11,False,1,False,1.9375,3,1,0,0,2.3874375
Refactoring,Medium,Senior,Python,High,1,3,2,2,5,10,False,0,True,2.66666667,1,2,0,0,0.6699
Code Review,Low,Junior,Java,Low,7,4,3,14,6,10,False,1,True,3.0625,3,0,0,1,3.34148873
Testing,High,Junior,C++,High,1,2,0,2,4,9,True,3,False,4.5,0,1,1,0,0.60957225
Bug Fix,High,Senior,Go,Low,1,4,2,2,3,17,True,3,True,2.375,2,2,0,0,1.32147881
Client Meeting,High,Tech Lead,C++,Critical,1,3,1,2,3,15,False,1,False,2.08333333,2,1,0,0,0.60098542
Testing,High,Mid,JavaScript,Low,12,2,0,24,4,9,False,0,False,2.375,1,1,0,0,5.95815
Documentation,Medium,Senior,Other,High,7,4,0,14,4,11,False,2,False,3.875,0,3,1,0,2.37346875
Client Meeting,Low,Tech Lead,Go,Critical,7,2,1,14,3,18,False,3,False,2.375,1,1,0,0,2.47716563
Deployment,Low,Mid,JavaScript,Medium,10,3,2,20,2,9,False,2,True,2.66666667,1,2,0,0,4.35966667
Client Meeting,Medium,Junior,C++,Low,1,3,3,2,7,11,False,2,False,1.5,3,0,0,0,1.183875
Bug Fix,Medium,Senior,C++,Medium,5,2,2,10,5,9,False,1,False,3.625,1,0,1,0,2.13885
Code Review,High,Tech Lead,Other,Medium,4,3,0,8,9,12,True,3,False,2.08333333,2,1,0,0,2.2376375
Client Meeting,High,Mid,C++,Low,2,2,1,4,10,10,False,2,False,3.625,1,0,1,0,1.24498894
Testing,Medium,Senior,Python,Medium,8,4,2,16,5,16,True,2,False,3.0,2,1,1,0,3.5800275
Testing,Low,Senior,JavaScript,Critical,10,3,0,20,9,15,False,2,False,2.08333333,2,1,0,0,3.21654167
Deployment,Medium,Junior,Java,Low,12,4,1,24,9,18,True,1,True,2.8125,1,3,0,0,6.15537398
Refactoring,Medium,Junior,Java,Medium,5,4,2,10,3,17,False,3,False,5.625,0,1,2,1,1.9669
Feature Dev,Medium,Mid,Go,High,8,4,0,16,10,9,False,0,True,4.5,0,2,2,0,2.60568
Bug Fix,Medium,Tech Lead,Go,Critical,11,2,0,22,7,18,True,1,False,3.25,0,2,0,0,3.76523438
Testing,Medium,Junior,Other,Low,11,4,2,22,4,17,False,0,False,2.8125,1,3,0,0,4.95996875
Feature Dev,Medium,Senior,C++,Critical,11,3,2,22,8,11,False,0,False,2.08333333,2,1,0,0,3.97835417
Code Review,Medium,Tech Lead,JavaScript,Medium,6,5,0,12,7,18,False,3,False,3.9,1,2,2,0,2.29689
Client Meeting,High,Mid,Go,Low,13,2,3,26,5,12,True,3,True,2.375,1,1,0,0,8.0
Client Meeting,Low,Junior,C++,Medium,12,2,1,24,2,11,True,0,False,2.375,1,1,0,0,4.60549688
Documentation,Medium,Mid,Java,High,9,5,0,18,8,11,True,0,True,2.2,3,2,0,0,3.704778
Documentation,High,Senior,JavaScript,Critical,10,2,1,20,10,18,False,2,False,2.375,1,1,0,0,4.12860938
Client Meeting,High,Senior,Python,Low,6,2,1,12,4,11,False,3,False,3.625,1,0,1,0,3.14678306
Code Review,Low,Tech Lead,JavaScript,Medium,12,3,1,24,10,12,True,0,False,3.25,0,3,0,0,4.40015625
Refactoring,High,Tech Lead,JavaScript,Critical,5,2,1,10,4,18,True,1,False,2.375,1,1,0,0,2.23320234
Code Review,Medium,Mid,Other,Medium,9,2,3,18,7,18,True,0,False,4.5,0,1,1,0,3.60930938
Testing,High,Senior,Python,Critical,1,3,1,2,4,17,False,3,False,2.91666667,2,0,1,0,0.71590648
Documentation,Medium,Junior,Go,Medium,7,4,1,14,8,16,True,0,False,4.5625,1,1,1,1,2.48458219
Bug Fix,Medium,Mid,Java,Low,3,5,3,6,9,15,False,1,True,3.45,2,2,0,1,1.86578219
Code Review,Medium,Tech Lead,Other,Medium,5,3,3,10,1,15,False,3,False,2.08333333,2,1,0,0,2.73854167
Refactoring,Low,Tech Lead,Python,High,6,2,1,12,8,16,False,3,False,2.375,1,1,0,0,2.30495625
Feature Dev,Medium,Junior,Java,Critical,12,2,2,24,7,11,True,2,False,2.375,1,1,0,0,4.64155781
Bug Fix,High,Senior,C++,High,2,2,0,4,2,9,False,1,False,1.5,2,0,0,0,0.94095
Testing,Medium,Mid,Python,Medium,2,5,2,4,3,17,False,0,False,3.95,2,1,1,1,0.91333
Feature Dev,Medium,Junior,Python,Critical,13,5,2,26,7,9,False,0,False,3.1,3,1,0,1,4.19698125
Refactoring,Medium,Senior,JavaScript,Low,12,3,0,24,5,13,False,3,False,3.5,1,1,1,0,5.0335725
Client Meeting,Low,Tech Lead,Go,Critical,7,2,0,14,8,9,False,0,False,3.25,0,2,0,0,2.008125
Documentation,Medium,Senior,Other,Critical,13,5,2,26,7,10,False,3,False,3.4,1,3,1,0,4.447353
Code Review,Medium,Senior,Other,High,1,2,2,2,5,17,False,0,True,4.5,0,1,1,0,0.58818375
Client Meeting,Medium,Junior,Go,Critical,7,4,1,14,1,10,False,3,False,3.875,0,3,1,0,2.42841016
Feature Dev,Medium,Tech Lead,Go,Critical,13,2,1,26,2,12,False,2,True,4.5,0,1,1,0,4.40437594
Code Review,High,Senior,C++,Medium,8,4,2,16,3,15,True,1,False,3.5,2,1,0,1,3.764565
Bug Fix,Low,Junior,JavaScript,High,6,5,1,12,10,17,True,1,False,3.8,1,3,0,1,1.96885553
Client Meeting,High,Senior,JavaScript,Low,12,5,0,24,10,12,True,1,False,4.3,1,2,1,1,5.28505362
Bug Fix,High,Mid,C++,Low,13,2,2,26,6,17,False,3,False,3.25,0,2,0,0,6.785625
Client Meeting,High,Mid,JavaScript,High,10,2,1,20,5,11,False,3,False,1.5,2,0,0,0,4.658625
Testing,Low,Junior,Other,High,10,4,3,20,2,10,True,2,False,3.9375,1,2,0,1,3.44581699
Design Review,Medium,Tech Lead,Other,Low,1,4,1,2,9,9,False,0,True,3.4375,1,2,1,0,0.59913717
Bug Fix,Medium,Junior,JavaScript,Low,6,2,0,12,1,13,False,2,False,2.375,1,1,0,0,2.806375
Bug Fix,Medium,Senior,C++,Medium,11,4,3,22,8,18,False,2,False,3.5,2,1,0,1,4.4376875
Bug Fix,High,Senior,JavaScript,Medium,13,4,0,26,4,18,False,0,True,5.0,0,2,1,1,5.143996
Testing,High,Senior,Python,Low,13,3,3,26,4,15,False,1,True,2.66666667,1,2,0,0,7.63792333
Refactoring,Medium,Junior,Java,High,8,2,0,16,10,11,True,2,False,3.625,1,0,1,0,2.86338544
Testing,High,Tech Lead,Other,High,1,4,3,2,7,10,False,2,False,3.0,2,1,1,0,0.9205785
Refactoring,Low,Tech Lead,Java,High,8,3,2,16,6,16,False,2,False,2.66666667,1,2,0,0,2.9406
Refactoring,Medium,Senior,Go,Medium,9,2,3,18,2,13,True,3,False,2.375,1,1,0,0,4.48185938
Deployment,Medium,Junior,Java,High,9,3,1,18,8,15,True,0,True,4.33333333,1,0,2,0,3.23674313
Feature Dev,Medium,Tech Lead,Other,High,4,3,1,8,9,10,True,0,False,3.5,1,1,1,0,1.48382719
Feature Dev,High,Junior,Go,High,8,5,3,16,4,15,True,2,False,5.15,0,2,2,1,3.09548452
Design Review,Low,Tech Lead,Java,Critical,10,4,3,20,2,10,True,3,True,3.5,2,1,0,1,3.75280073
Documentation,Low,Tech Lead,Python,Critical,10,5,0,20,10,13,False,1,True,2.75,4,0,0,1,3.16328031
Code Review,Low,Mid,Other,High,8,5,2,16,7,17,False,3,False,3.8,1,3,0,1,2.707614
Client Meeting,Medium,Junior,C++,High,1,4,2,2,9,18,False,1,False,2.5625,3,0,1,0,0.6787575
Deployment,Medium,Tech Lead,Java,Medium,1,4,2,2,5,18,True,3,False,4.125,2,0,1,1,0.8633625
Bug Fix,Low,Mid,Go,High,10,4,0,20,2,11,True,1,False,2.375,2,2,0,0,3.43094063
Design Review,Medium,Senior,Java,Critical,1,2,3,2,7,11,False,2,False,4.5,0,1,1,0,0.75750938
Documentation,Medium,Junior,JavaScript,Critical,11,3,3,22,10,16,False,3,False,3.5,1,1,1,0,3.92771188
Testing,High,Junior,C++,Medium,13,5,0,26,1,17,False,1,True,3.05,2,2,1,0,6.1467736
Documentation,Medium,Senior,Other,Medium,12,2,1,24,7,13,False,0,False,2.375,1,1,0,0,4.8571875
Design Review,Low,Tech Lead,Other,Medium,11,2,1,22,2,12,False,0,False,3.25,0,2,0,0,3.853125
Refactoring,Low,Junior,Python,Medium,6,3,1,12,2,14,False,1,True,2.08333333,2,1,0,0,2.63995417
Bug Fix,High,Senior,Other,Critical,5,2,2,10,9,17,True,1,False,2.375,1,1,0,0,2.36456719
Testing,Medium,Senior,Other,Critical,12,4,3,24,5,18,False,3,False,3.4375,1,2,1,0,4.2470768
Refactoring,Medium,Mid,Go,Critical,8,5,3,16,7,17,False,2,True,2.55,2,3,0,0,3.50075688
Client Meeting,High,Senior,Go,High,6,5,2,12,10,17,True,1,True,4.3,1,2,1,1,2.67450044
Deployment,Medium,Mid,Python,Low,9,3,1,18,7,17,True,1,False,3.5,1,1,1,0,3.98984644
Design Review,Medium,Senior,Go,Medium,2,4,0,4,2,9,True,2,False,2.375,2,2,0,0,1.0303125
Documentation,Low,Senior,Java,High,7,3,0,14,2,17,False,3,False,2.66666667,1,2,0,0,2.4534
Client Meeting,Medium,Senior,Python,High,4,4,2,8,4,17,False,1,False,3.4375,1,2,1,0,1.62050625
Design Review,Medium,Tech Lead,Python,Medium,3,4,2,6,5,11,True,0,False,1.9375,3,1,0,0,1.57992188
Feature Dev,Medium,Tech Lead,C++,Medium,12,4,0,24,6,13,False,2,True,2.8125,1,3,0,0,5.2765625
Testing,Low,Tech Lead,Java,Medium,1,2,2,2,2,12,False,3,True,3.25,0,2,0,0,0.99
Bug Fix,Medium,Tech Lead,Java,Low,13,5,1,26,1,16,False,1,False,3.1,3,1,0,1,5.38201125
Client Meeting,High,Junior,Other,High,7,4,1,14,3,11,False,1,False,3.5,2,1,0,1,2.74433625
Testing,Medium,Tech Lead,Go,Medium,2,2,2,4,7,14,True,3,False,3.625,1,0,1,0,1.31004563
Feature Dev,Medium,Tech Lead,Go,Low,2,5,3,4,10,14,False,2,True,2.2,3,2,0,0,1.736955
Documentation,High,Senior,C++,Low,11,3,0,22,10,11,False,0,False,2.08333333,2,1,0,0,5.54280833
Deployment,Medium,Junior,Go,Medium,8,4,0,16,4,12,False,3,False,3.0,2,1,1,0,3.22525
Code Review,Medium,Mid,Python,High,12,4,3,24,9,14,True,3,False,3.4375,1,2,1,0,4.72175009
Testing,Medium,Junior,Java,Critical,9,4,0,18,7,9,False,0,False,3.0,2,1,1,0,2.81979
Deployment,Medium,Mid,Python,High,7,5,1,14,4,15,False,2,True,1.85,4,1,0,0,3.14188875
Deployment,Medium,Mid,Other,High,7,2,0,14,6,10,False,1,False,5.75,0,0,2,0,2.08539
Code Review,High,Tech Lead,Java,Medium,3,2,1,6,7,12,True,0,False,4.5,0,1,1,0,1.36351688
Testing,Medium,Tech Lead,C++,Critical,4,5,3,8,10,11,False,2,True,3.6,3,0,1,1,1.780614
Bug Fix,High,Junior,Java,High,5,2,3,10,4,11,False,2,False,3.625,1,0,1,0,2.36610281
Bug Fix,High,Junior,Python,Medium,3,5,1,6,9,12,True,2,False,3.95,2,1,1,1,1.50823995
Testing,High,Tech Lead,Python,Medium,3,3,2,6,1,13,False,1,False,3.5,1,1,1,0,1.597105
Testing,Low,Junior,Python,High,2,4,0,4,8,15,True,3,False,3.5,2,1,0,1,0.84702713
Documentation,Medium,Tech Lead,JavaScript,Medium,1,3,1,2,8,12,False,3,False,3.5,1,1,1,0,0.7626625
Refactoring,High,Mid,Python,Low,7,4,1,14,6,11,True,3,False,4.5625,1,1,1,1,3.40008756
Deployment,High,Tech Lead,C++,Medium,11,5,0,22,7,10,True,3,True,3.8,1,3,0,1,5.3519466
Feature Dev,High,Mid,Java,High,8,3,3,16,6,12,True,3,False,2.91666667,2,0,1,0,3.87464136
Deployment,Medium,Junior,Other,High,1,4,3,2,8,11,False,0,False,3.0,2,1,1,0,0.7049475
Refactoring,Medium,Senior,Python,Low,6,3,3,12,1,17,True,0,False,3.5,1,1,1,0,2.95352269
Testing,Medium,Tech Lead,C++,Medium,5,3,2,10,5,15,True,3,False,2.08333333,2,1,0,0,2.718625
Code Review,High,Senior,C++,Medium,12,3,0,24,5,9,False,0,True,3.5,1,1,1,0,5.448102
Client Meeting,Low,Mid,JavaScript,High,2,3,1,4,6,16,True,1,False,1.5,3,0,0,0,0.93956625
Design Review,High,Senior,Java,High,6,3,2,12,7,11,True,0,False,5.58333333,0,1,1,1,2.2613094
Documentation,High,Senior,Java,Critical,2,2,2,4,9,13,False,2,False,3.625,1,0,1,0,1.07566331
Refactoring,High,Junior,Java,Medium,8,2,1,16,9,18,True,1,False,2.375,1,1,0,0,4.04912812
Bug Fix,High,Junior,Python,Critical,2,2,0,4,7,16,True,1,False,1.5,2,0,0,0,0.93310875
Feature Dev,High,Senior,Other,Critical,2,4,3,4,7,15,False,3,False,5.1875,1,0,2,1,1.07385175
Design Review,High,Junior,JavaScript,Critical,10,3,0,20,1,9,False,0,True,3.5,1,1,1,0,3.85907225
Refactoring,Low,Junior,C++,Medium,5,4,1,10,2,15,False,3,False,2.375,2,2,0,0,2.2078125
Refactoring,High,Senior,Go,High,4,5,0,8,7,15,False,2,True,4.8,1,1,2,1,1.54580184
Code Review,High,Senior,Other,High,12,3,0,24,8,16,True,3,False,2.66666667,1,2,0,0,5.31657
Bug Fix,High,Mid,JavaScript,Medium,3,2,1,6,5,14,False,0,False,3.625,1,0,1,0,1.36351688
Deployment,Medium,Senior,Other,Medium,2,5,0,4,7,10,True,0,True,3.55,2,1,2,0,0.8012466
Code Review,Low,Mid,Java,Low,13,3,1,26,10,11,False,0,False,1.5,3,0,0,0,5.445825
Refactoring,Medium,Senior,Java,High,1,2,0,2,10,14,False,3,True,1.5,2,0,0,0,0.710325
Testing,High,Mid,Java,Critical,1,3,3,2,7,10,True,2,False,3.25,0,3,0,0,0.92875781
Deployment,Medium,Tech Lead,C++,Low,6,2,2,12,8,15,False,3,True,5.75,0,0,2,0,2.90037
Design Review,Low,Tech Lead,Java,Critical,1,2,1,2,5,15,True,0,False,2.375,1,1,0,0,0.5
Feature Dev,High,Tech Lead,C++,High,8,5,1,16,6,15,True,0,False,3.9,1,2,2,0,3.07898104
Feature Dev,Medium,Tech Lead,Python,High,1,5,2,2,2,17,True,0,True,3.95,2,1,1,1,0.6041678
Client Meeting,Medium,Junior,Python,Medium,11,3,2,22,2,9,True,3,False,2.91666667,2,0,1,0,4.85909375
Testing,High,Tech Lead,Other,High,6,3,1,12,6,14,False,0,False,3.5,1,1,1,0,2.34989775
Client Meeting,Medium,Tech Lead,JavaScript,Medium,1,2,3,2,6,9,False,1,True,3.625,1,0,1,0,0.93129094
Testing,High,Mid,Other,Low,8,2,0,16,2,16,False,0,True,3.625,1,0,1,0,3.9682797
Client Meeting,Medium,Junior,Java,Low,5,2,3,10,1,11,False,3,False,1.5,2,0,0,0,3.100625
Bug Fix,High,Junior,JavaScript,Low,10,3,2,20,8,13,False,3,False,4.33333333,1,0,2,0,4.74950667
Design Review,Medium,Mid,Go,High,7,3,2,14,2,9,False,3,False,1.5,3,0,0,0,3.1365
Documentation,Medium,Junior,Go,Critical,9,4,0,18,1,16,True,1,True,3.9375,1,2,0,1,3.11655004
Design Review,Medium,Mid,C++,Critical,7,4,0,14,7,12,True,0,True,4.5625,1,1,1,1,2.20496141
Feature Dev,Medium,Junior,Python,Medium,4,2,0,8,2,10,False,2,False,2.375,1,1,0,0,1.76625
Feature Dev,Medium,Junior,Other,Low,4,2,3,8,8,10,False,3,False,3.625,1,0,1,0,2.30371969
Bug Fix,Medium,Mid,Other,Low,10,3,1,20,2,16,False,3,False,3.5,1,1,1,0,4.39203875
Feature Dev,Medium,Senior,Other,Critical,9,4,2,18,4,13,False,1,False,2.5625,3,0,1,0,3.20524375
Feature Dev,High,Mid,Java,Low,10,4,3,20,10,10,False,1,False,3.5,2,1,0,1,4.97811875
Refactoring,High,Junior,JavaScript,Critical,3,2,2,6,6,10,True,2,False,2.375,1,1,0,0,1.64643938
Design Review,Low,Junior,Java,Critical,3,3,1,6,4,16,True,3,False,1.5,3,0,0,0,1.39966313
Bug Fix,Medium,Mid,JavaScript,Low,3,4,2,6,10,10,True,0,False,2.5625,3,0,1,0,1.63326023
Code Review,Medium,Junior,Java,Low,13,2,2,26,3,10,False,3,False,3.625,1,0,1,0,5.68577625
Code Review,Medium,Junior,Go,High,10,5,2,20,5,17,False,1,False,3.9,1,2,2,0,3.368772
Refactoring,Medium,Senior,Go,High,6,3,3,12,1,12,False,0,False,3.5,1,1,1,0,2.30144625
Client Meeting,Medium,Tech Lead,Python,Critical,3,2,2,6,4,15,True,3,False,5.75,0,0,2,0,1.2835935
Code Review,Medium,Mid,Java,Medium,2,5,1,4,2,13,True,1,False,3.45,2,2,0,1,0.97144031
Deployment,Low,Mid,Java,Low,6,3,3,12,6,12,False,3,False,4.75,0,2,0,1,2.62281938
Code Review,Medium,Senior,Java,Low,6,2,1,12,2,9,False,1,False,1.5,2,0,0,0,2.987875
Design Review,Medium,Senior,JavaScript,Critical,7,3,0,14,3,11,True,1,False,3.58333333,2,0,0,1,2.26417953
Testing,Low,Tech Lead,Other,Medium,1,3,0,2,3,16,False,1,False,2.08333333,2,1,0,0,0.5
Client Meeting,High,Tech Lead,C++,High,12,4,3,24,9,17,True,0,False,4.125,2,0,1,1,4.63884671
Documentation,High,Tech Lead,JavaScript,Low,6,4,1,12,3,12,True,2,False,2.375,2,2,0,0,3.52469906
Bug Fix,High,Senior,Python,Medium,13,3,0,26,6,10,False,0,False,2.66666667,1,2,0,0,5.78066667
Bug Fix,High,Mid,Go,Low,13,2,0,26,9,18,True,2,False,1.5,2,0,0,0,7.3163475
Bug Fix,Low,Senior,Java,High,11,5,3,22,1,14,True,2,False,2.55,2,3,0,0,4.23664763
Bug Fix,High,Mid,Go,Critical,10,5,0,20,10,9,True,2,False,3.05,2,2,1,0,3.9373173
Testing,High,Senior,Java,High,3,2,2,6,4,12,False,2,False,3.625,1,0,1,0,1.50788925
Testing,Medium,Senior,Python,High,2,2,0,4,10,10,False,1,False,3.625,1,0,1,0,0.72186188
Code Review,Medium,Mid,C++,High,8,2,0,16,7,15,False,0,False,4.5,0,1,1,0,2.4444
Refactoring,Medium,Tech Lead,Other,High,4,3,3,8,1,18,True,3,False,2.08333333,2,1,0,0,2.21149688
Deployment,Medium,Junior,Go,Medium,13,4,0,26,4,17,False,1,False,4.5625,1,1,1,1,4.2512625
Refactoring,Low,Senior,Java,High,10,3,2,20,4,16,False,0,False,2.08333333,2,1,0,0,3.495375
Deployment,Low,Junior,JavaScript,High,11,5,0,22,6,12,False,0,False,1.85,4,1,0,0,3.59073
Feature Dev,Medium,Junior,Go,Low,9,5,1,18,2,16,True,1,False,2.7,3,1,1,0,4.16238034
Testing,Low,Mid,C++,High,4,2,1,8,5,17,True,0,False,2.375,1,1,0,0,1.47437719
Design Review,Medium,Mid,Go,High,4,2,0,8,3,14,True,3,False,3.25,0,2,0,0,1.68328125
Design Review,Low,Junior,C++,Medium,3,2,0,6,5,15,False,3,False,1.5,2,0,0,0,1.4145
Code Review,High,Mid,Other,Critical,8,3,1,16,10,11,True,3,True,2.08333333,2,1,0,0,4.03773322
Deployment,Medium,Senior,JavaScript,Critical,6,5,2,12,7,17,False,0,False,3.6,3,0,1,1,1.942488
Documentation,High,Senior,Python,Critical,9,5,1,18,8,18,True,2,True,3.55,2,1,2,0,3.82244706
Code Review,Medium,Senior,Python,Critical,5,5,2,10,10,13,True,0,False,2.9,1,4,0,0,1.96037625
Design Review,Medium,Senior,C++,Medium,13,4,1,26,1,15,False,0,False,3.4375,1,2,1,0,4.81650469
Documentation,High,Senior,JavaScript,Critical,4,5,0,8,8,16,False,2,True,3.45,2,2,0,1,1.68065783
Code Review,High,Tech Lead,Other,Low,10,5,3,20,9,12,True,2,True,3.4,1,3,1,0,6.01711976
Code Review,High,Senior,Python,High,4,3,0,8,9,16,False,0,True,3.58333333,2,0,0,1,1.5935205
Code Review,High,Senior,Python,Medium,8,2,3,16,2,13,False,3,False,3.625,1,0,1,0,3.94796062
Bug Fix,Medium,Tech Lead,Python,High,11,5,3,22,10,14,False,3,True,2.55,2,3,0,0,4.95829125
Bug Fix,Medium,Junior,Python,Low,4,5,3,8,6,18,True,2,False,3.05,2,2,1,0,2.38844616
Code Review,High,Senior,Other,Medium,10,4,3,20,8,14,True,2,False,2.8125,1,3,0,0,5.28855469
Feature Dev,Medium,Junior,Java,High,3,4,1,6,3,10,False,0,False,4.5,0,2,2,0,0.9993375
Feature Dev,High,Tech Lead,C++,Critical,9,2,3,18,4,14,True,3,False,2.375,1,1,0,0,4.28249391
Design Review,Medium,Junior,Java,Medium,12,5,0,24,7,9,True,3,False,1.85,4,1,0,0,5.3951625
Testing,Medium,Junior,C++,Medium,10,4,2,20,1,18,True,2,False,2.375,2,2,0,0,4.63640625
Bug Fix,Low,Junior,Java,Low,2,4,0,4,7,9,False,0,False,1.9375,3,1,0,0,0.794475
Testing,High,Tech Lead,C++,High,7,4,2,14,10,10,True,2,False,4.5625,1,1,1,1,2.81979023
Bug Fix,Low,Tech Lead,Python,Critical,11,3,1,22,6,13,False,1,True,2.66666667,1,2,0,0,3.80513833
Bug Fix,High,Junior,C++,High,3,4,1,6,5,18,False,2,False,4.5,0,2,2,0,1.2806325
Design Review,Medium,Senior,Java,High,4,3,2,8,1,13,True,2,False,4.91666667,0,1,2,0,1.59338812
Feature Dev,Medium,Mid,C++,High,2,2,3,4,7,13,False,3,True,2.375,1,1,0,0,1.50572813
Design Review,Low,Mid,Java,Low,11,2,3,22,4,12,False,3,True,1.5,2,0,0,0,5.8415775
Testing,Low,Junior,Other,High,12,3,1,24,10,17,True,0,False,2.66666667,1,2,0,0,4.083345
Documentation,Medium,Mid,C++,High,3,3,2,6,7,18,True,0,False,2.08333333,2,1,0,0,1.41159375
Deployment,High,Senior,Go,Low,7,3,0,14,2,14,False,2,True,4.91666667,0,1,2,0,3.32262975
Client Meeting,Medium,Senior,C++,Medium,8,2,0,16,7,18,False,1,False,3.625,1,0,1,0,2.94091875
Documentation,High,Tech Lead,JavaScript,Low,11,3,0,22,4,16,False,3,False,5.0,1,0,1,1,4.610672
Feature Dev,Low,Mid,Other,Medium,2,2,3,4,10,12,True,0,False,2.375,1,1,0,0,1.20546562
Bug Fix,Low,Mid,JavaScript,Low,10,5,2,20,8,14,True,3,False,3.8,1,3,0,1,4.1936895
Code Review,High,Mid,Java,High,3,3,1,6,5,10,False,0,False,3.5,1,1,1,0,1.23551325
Bug Fix,Medium,Tech Lead,Python,Low,8,3,2,16,2,16,False,3,False,2.08333333,2,1,0,0,4.16258333
Deployment,Medium,Junior,Other,Critical,8,5,0,16,8,12,False,1,True,3.05,2,2,1,0,2.83580591
Deployment,High,Mid,Go,Medium,5,4,2,10,1,16,True,2,True,3.4375,1,2,1,0,2.91150956
Testing,High,Mid,Java,High,7,2,1,14,8,11,False,1,False,1.5,2,0,0,0,3.201075
Client Meeting,Low,Tech Lead,Go,High,12,4,2,24,6,14,True,3,True,2.375,2,2,0,0,5.01844613
Refactoring,High,Senior,Java,High,7,3,2,14,9,12,False,2,False,3.5,1,1,1,0,3.003993
Documentation,Medium,Junior,JavaScript,Critical,5,4,0,10,6,17,True,0,False,2.8125,1,3,0,0,1.71248438
Bug Fix,High,Mid,Go,Low,11,3,0,22,1,10,False,1,False,3.5,1,1,1,0,5.092791
Bug Fix,Medium,Senior,C++,Medium,11,4,3,22,10,17,True,2,False,4.125,2,0,1,1,4.35998063
Deployment,Medium,Junior,Other,Critical,8,5,0,16,1,10,True,2,False,4.8,1,1,2,1,2.3226063
Testing,Medium,Junior,Go,High,3,2,1,6,4,10,True,2,True,2.375,1,1,0,0,1.58101453
Documentation,High,Senior,Java,Medium,1,3,0,2,8,14,False,1,False,5.0,1,0,1,1,0.5
Testing,Low,Tech Lead,JavaScript,Critical,13,5,3,26,8,16,True,1,False,3.1,3,1,0,1,4.19049501
Bug Fix,High,Tech Lead,C++,Medium,4,2,1,8,5,12,True,0,False,1.5,2,0,0,0,2.1417375
Testing,Low,Junior,JavaScript,Medium,5,2,1,10,10,12,False,3,False,2.375,1,1,0,0,2.2078125
Documentation,Medium,Mid,Java,Critical,9,5,3,18,5,10,True,3,False,3.95,2,1,1,1,3.22353596
Documentation,High,Mid,JavaScript,Medium,5,2,1,10,5,14,False,0,False,3.625,1,0,1,0,2.18340937
Deployment,Medium,Senior,Python,High,8,2,3,16,7,10,True,0,False,3.625,1,0,1,0,3.07392848
Refactoring,Medium,Mid,JavaScript,Critical,12,4,1,24,4,16,True,0,False,2.375,2,2,0,0,4.33503984
Refactoring,Medium,Senior,JavaScript,High,12,3,1,24,7,17,True,2,True,2.66666667,1,2,0,0,5.1749775
Code Review,Medium,Mid,Go,Medium,10,2,2,20,8,15,False,1,False,2.375,1,1,0,0,4.3175
Design Review,High,Junior,Other,Critical,1,4,0,2,2,18,True,0,False,4.0625,1,1,2,0,0.5
Bug Fix,High,Mid,C++,Critical,7,2,1,14,8,15,True,0,False,1.5,2,0,0,0,3.08291813
Bug Fix,Medium,Junior,Java,High,9,4,3,18,1,11,False,3,True,3.0,2,1,1,0,3.96843975
Deployment,Medium,Mid,Other,Low,12,2,1,24,3,9,False,3,False,2.375,1,1,0,0,5.66671875
Bug Fix,Medium,Tech Lead,Go,High,8,5,1,16,5,16,False,2,True,1.85,4,1,0,0,3.54085875
Bug Fix,Medium,Junior,Java,High,2,2,2,4,3,13,False,0,False,4.5,0,1,1,0,0.8402625
Deployment,Medium,Junior,Other,Low,2,4,0,4,10,16,False,2,False,2.375,2,2,0,0,1.079375
Documentation,High,Senior,C++,High,5,2,0,10,6,16,False,0,False,3.25,0,2,0,0,1.940625
Bug Fix,High,Tech Lead,Other,High,2,4,2,4,7,12,False,2,False,3.9375,1,2,0,1,1.09648406
Feature Dev,High,Senior,Python,High,3,3,2,6,8,11,True,0,True,4.08333333,0,2,1,0,1.51751408
Design Review,Medium,Tech Lead,Java,High,5,5,0,10,1,16,True,0,False,3.55,2,1,2,0,1.6389135
Deployment,High,Senior,Other,Critical,7,3,0,14,8,14,True,1,False,2.08333333,2,1,0,0,2.95075375
Design Review,Medium,Junior,Python,Medium,5,2,0,10,3,17,True,1,False,1.5,2,0,0,0,2.260125
Testing,High,Junior,Python,High,9,3,2,18,8,15,False,1,False,3.5,1,1,1,0,3.6661635
Client Meeting,Medium,Mid,C++,Medium,8,2,2,16,6,15,True,0,False,5.75,0,0,2,0,2.936325
Bug Fix,Low,Mid,Go,Medium,8,4,0,16,6,9,True,2,True,1.5,4,0,0,0,3.646335
Testing,Medium,Junior,C++,Low,12,2,0,24,6,10,True,3,False,3.625,1,0,1,0,5.24953997
Documentation,Low,Tech Lead,C++,Critical,9,2,0,18,9,13,False,1,False,2.375,1,1,0,0,2.78576875
Refactoring,Low,Senior,JavaScript,Low,3,4,0,6,1,16,False,0,False,2.375,2,2,0,0,1.165725
Feature Dev,High,Junior,Other,Medium,9,2,3,18,3,12,True,2,False,3.25,0,2,0,0,4.71515625
Testing,Medium,Mid,JavaScript,Medium,8,5,3,16,9,11,True,2,False,2.7,3,1,1,0,3.78398213
Bug Fix,Low,Junior,Other,Low,12,5,3,24,9,13,False,1,False,2.9,1,4,0,0,5.115935
Client Meeting,Low,Junior,Go,Medium,10,5,2,20,7,10,False,3,False,2.55,2,3,0,0,4.0845
Client Meeting,Medium,Senior,Go,Medium,10,5,3,20,7,14,False,1,False,2.35,4,0,1,0,4.33626375
Code Review,High,Junior,Other,High,2,4,2,4,5,12,False,0,True,5.1875,1,0,2,1,0.9137007
Code Review,High,Junior,Java,Low,3,4,2,6,4,12,False,0,False,3.625,2,0,2,0,1.595979
Bug Fix,Medium,Junior,Python,High,12,4,3,24,3,11,True,0,False,5.0,0,2,1,1,3.8796975
Documentation,Medium,Junior,JavaScript,High,5,3,3,10,7,18,True,0,False,4.91666667,0,1,2,0,1.85895281
Client Meeting,Medium,Junior,Python,High,6,2,0,12,3,17,True,2,True,3.25,0,2,0,0,2.53378125
Design Review,High,Tech Lead,C++,Critical,4,5,0,8,5,17,True,2,False,3.05,2,2,1,0,1.67335985
Feature Dev,High,Tech Lead,JavaScript,Critical,1,2,3,2,6,12,False,2,False,3.625,1,0,1,0,0.84083541
Feature Dev,Low,Junior,Other,Critical,12,4,0,24,5,12,True,3,False,3.9375,1,2,0,1,3.53770545
Bug Fix,Medium,Tech Lead,Java,Critical,9,4,1,18,10,9,True,2,False,1.5,4,0,0,0,3.61350938
Documentation,High,Mid,C++,Critical,7,5,2,14,1,15,True,2,False,3.95,2,1,1,1,2.75667903
Testing,Low,Senior,Go,Medium,1,5,0,2,8,12,False,0,False,2.55,2,3,0,0,0.5
Code Review,Medium,Senior,Go,Medium,4,4,0,8,4,11,True,0,False,4.5,0,2,2,0,1.3818
Deployment,High,Tech Lead,Java,Critical,10,3,0,20,1,15,False,1,False,3.58333333,2,0,0,1,3.49479271
Code Review,Medium,Senior,C++,Medium,13,5,2,26,9,17,True,1,False,3.4,1,3,1,0,5.304348
Deployment,High,Mid,C++,Critical,9,4,3,18,1,12,False,2,False,4.5625,1,1,1,1,3.26585194
Refactoring,Medium,Junior,Python,High,13,4,3,26,3,16,False,0,True,3.4375,1,2,1,0,5.03572317
Testing,High,Senior,C++,Low,10,2,0,20,8,18,True,1,False,1.5,2,0,0,0,5.5642125
Client Meeting,Low,Mid,JavaScript,High,7,2,0,14,5,9,False,1,False,2.375,1,1,0,0,2.3137875
Feature Dev,Low,Mid,C++,High,7,4,0,14,10,15,True,3,False,1.5,4,0,0,0,2.7315225
Testing,Medium,Tech Lead,C++,Critical,9,5,3,18,2,14,False,1,False,2.2,3,2,0,0,3.492225
Client Meeting,Medium,Mid,JavaScript,Critical,6,2,0,12,7,9,False,1,False,3.25,0,2,0,0,1.9921875
Design Review,Medium,Mid,Other,Critical,7,4,1,14,4,16,True,0,False,2.5625,3,0,1,0,2.48206063
Code Review,Low,Tech Lead,Other,Low,10,3,0,20,2,13,False,2,True,1.5,3,0,0,0,4.71295
Design Review,High,Junior,JavaScript,Critical,2,2,3,4,9,12,False,2,False,4.5,0,1,1,0,1.13265687
Refactoring,High,Mid,Go,High,7,5,1,14,1,17,True,2,False,2.55,2,3,0,0,3.28087463
Bug Fix,Medium,Junior,Java,Low,2,5,0,4,8,12,False,3,False,4.3,1,2,1,1,0.985182
Testing,High,Tech Lead,C++,High,2,4,3,4,10,11,False,0,True,2.375,2,2,0,0,1.33086938
Deployment,High,Senior,Python,Critical,10,5,3,20,3,10,False,0,False,2.55,2,3,0,0,4.17445625
Deployment,Medium,Tech Lead,JavaScript,Medium,10,3,2,20,4,13,False,1,False,5.58333333,0,1,1,1,3.4408
Client Meeting,High,Mid,Go,Critical,7,4,1,14,7,14,True,2,False,3.5,2,1,0,1,2.79989522
Client Meeting,Medium,Tech Lead,Python,Medium,12,3,1,24,8,10,False,0,False,3.5,1,1,1,0,4.4413875
Bug Fix,Medium,Senior,JavaScript,Critical,4,5,1,8,8,11,False,3,False,3.45,2,2,0,1,1.53536031
Client Meeting,High,Senior,C++,Medium,12,4,3,24,1,13,True,0,True,4.0625,1,1,2,0,5.81321101
Feature Dev,High,Mid,Other,Low,5,3,0,10,1,16,False,0,True,4.08333333,0,2,1,0,2.41831104
Deployment,High,Tech Lead,JavaScript,Medium,10,3,0,20,4,11,False,0,False,2.66666667,1,2,0,0,4.44666667
Deployment,High,Tech Lead,Other,Low,10,5,3,20,7,14,False,0,False,4.3,1,2,1,1,4.522881
Feature Dev,Low,Tech Lead,Java,Medium,2,2,2,4,3,16,True,2,False,1.5,2,0,0,0,1.313025
Design Review,Medium,Senior,Python,Critical,2,2,0,4,3,11,False,1,True,2.375,1,1,0,0,0.82572188
Bug Fix,High,Senior,Java,High,4,4,0,8,1,13,False,2,False,3.0,2,1,1,0,1.691874
Refactoring,Medium,Tech Lead,Other,Low,7,3,2,14,6,11,True,3,False,4.08333333,0,2,1,0,3.41239938
Documentation,Medium,Senior,Python,Critical,12,5,2,24,9,18,True,0,True,3.55,2,1,2,0,4.34175501
Feature Dev,High,Junior,Other,High,9,3,2,18,2,14,False,1,False,5.0,1,0,1,1,3.195252
Code Review,Medium,Junior,Go,High,2,3,0,4,9,13,False,0,False,2.08333333,2,1,0,0,0.717
Code Review,Medium,Mid,C++,Critical,12,2,0,24,9,17,False,3,False,2.375,1,1,0,0,4.25371875
Testing,High,Mid,Go,Low,1,2,3,2,9,17,False,1,False,3.25,0,2,0,0,1.0415625
Documentation,Medium,Mid,Java,Medium,4,3,0,8,3,17,True,2,False,2.08333333,2,1,0,0,1.882125
Design Review,High,Junior,Java,Medium,5,3,1,10,7,14,True,2,False,2.91666667,2,0,1,0,2.57531969
Testing,Medium,Junior,Python,Low,13,4,3,26,3,9,False,3,False,2.375,2,2,0,0,6.42228125
Code Review,Low,Mid,Go,Medium,5,4,0,10,9,12,True,3,False,2.8125,1,3,0,0,2.11542188
Design Review,Medium,Tech Lead,JavaScript,Low,1,4,2,2,4,13,True,1,False,2.375,2,2,0,0,0.906675
Deployment,Medium,Junior,JavaScript,High,12,3,0,24,9,12,False,2,True,3.5,1,1,1,0,4.4413875
Testing,Medium,Mid,Go,Medium,12,4,1,24,7,15,False,1,False,2.375,2,2,0,0,4.9553125
Deployment,High,Junior,Python,Low,2,2,2,4,4,10,False,3,False,1.5,2,0,0,0,1.7138
Refactoring,High,Junior,Python,Medium,6,2,1,12,3,12,False,1,False,5.75,0,0,2,0,2.40499
Design Review,Low,Junior,Java,Low,13,5,2,26,10,12,True,2,True,2.2,3,2,0,0,6.5153781
Deployment,Medium,Tech Lead,Go,High,1,4,0,2,2,16,False,2,False,1.5,4,0,0,0,0.5535
Deployment,Medium,Mid,Python,Medium,1,5,0,2,10,17,False,2,False,3.55,2,1,2,0,0.52029
Feature Dev,High,Senior,JavaScript,Critical,10,3,2,20,4,10,True,2,False,4.16666667,1,1,0,1,3.85571156
Client Meeting,High,Mid,Go,Critical,8,3,2,16,7,10,False,0,False,4.75,0,2,0,1,2.77194562
Client Meeting,Medium,Senior,JavaScript,Medium,7,3,2,14,3,9,False,1,False,3.5,1,1,1,0,2.8712
Refactoring,Medium,Mid,Java,Critical,11,3,2,22,5,13,True,0,False,2.91666667,2,0,1,0,3.88241591
Testing,Low,Mid,Other,Medium,11,3,3,22,3,18,True,2,False,2.66666667,1,2,0,0,4.67915
Refactoring,High,Tech Lead,Go,Critical,5,5,1,10,5,10,False,3,False,3.05,2,2,1,0,2.14833781
Deployment,Medium,Mid,C++,Critical,10,5,2,20,1,10,False,2,False,3.95,2,1,1,1,3.1758975
Deployment,Medium,Senior,Go,Critical,2,2,0,4,5,15,False,2,True,2.375,1,1,0,0,0.91746875
Deployment,High,Tech Lead,C++,High,12,2,0,24,4,17,False,1,False,3.25,0,2,0,0,4.741875
Design Review,Low,Junior,Java,High,11,3,3,22,1,11,True,0,False,2.08333333,2,1,0,0,4.15008563
Client Meeting,High,Senior,C++,Critical,2,2,0,4,4,18,False,1,False,1.5,2,0,0,0,0.888675
Feature Dev,Medium,Tech Lead,Python,Medium,5,4,0,10,8,9,True,2,False,2.375,2,2,0,0,2.2666875
Deployment,Low,Mid,Python,Low,4,3,0,8,3,9,True,0,False,2.08333333,2,1,0,0,1.65627
Code Review,Medium,Junior,Other,Medium,9,2,2,18,1,18,False,1,False,2.375,1,1,0,0,3.925
Design Review,Low,Junior,Python,Medium,8,3,2,16,9,16,False,1,False,4.75,0,2,0,1,2.68755
Code Review,Medium,Mid,Go,Critical,8,5,1,16,5,17,True,1,True,3.55,2,1,2,0,2.93706957
Client Meeting,High,Junior,Go,Critical,7,4,0,14,3,17,False,0,False,3.4375,1,2,1,0,2.46406978
Client Meeting,Medium,Tech Lead,Java,Critical,6,3,3,12,8,13,False,3,False,1.5,3,0,0,0,2.7444375
Design Review,High,Junior,Go,Medium,2,3,2,4,9,15,True,2,False,4.91666667,0,1,2,0,1.19714875
Feature Dev,High,Tech Lead,Go,Medium,12,3,2,24,9,12,True,0,False,4.16666667,1,1,0,1,5.17652625
Deployment,Medium,Mid,C++,High,8,5,0,16,9,10,False,1,True,5.15,0,2,2,1,2.4714855
Refactoring,Medium,Tech Lead,C++,Low,9,3,0,18,5,9,False,0,False,2.91666667,2,0,1,0,3.665145
Feature Dev,Low,Mid,Python,Critical,7,5,0,14,9,15,True,2,False,3.8,1,3,0,1,2.0986602
Code Review,Medium,Senior,Go,Critical,3,3,0,6,8,10,True,3,False,2.08333333,2,1,0,0,1.33317188
Code Review,High,Senior,Other,Low,3,2,0,6,5,16,False,3,False,1.5,2,0,0,0,1.8942
Client Meeting,High,Junior,Python,Low,5,5,3,10,10,17,True,3,False,3.45,2,2,0,1,3.10398309
Testing,Low,Mid,Other,Medium,7,3,0,14,1,12,True,0,False,4.16666667,1,1,0,1,2.2413825
Design Review,High,Tech Lead,Go,Critical,1,3,3,2,4,17,False,1,True,4.33333333,1,0,2,0,0.78412528
Feature Dev,Low,Tech Lead,Other,High,8,2,1,16,9,15,False,1,False,2.375,1,1,0,0,2.76418125
Documentation,Low,Tech Lead,Python,Low,1,4,1,2,3,13,False,2,True,3.5,2,1,0,1,0.75493412
Deployment,Medium,Mid,JavaScript,Low,13,5,0,26,2,14,False,3,False,3.2,3,0,2,0,5.34578
Testing,High,Senior,Other,Low,4,2,2,8,3,17,False,3,False,2.375,1,1,0,0,2.633675
Feature Dev,Medium,Mid,Go,Medium,1,3,3,2,4,17,False,2,False,4.33333333,1,0,2,0,0.87185
Documentation,Medium,Senior,Go,Medium,10,2,3,20,3,15,True,0,False,3.625,1,0,1,0,4.16407359
Client Meeting,High,Tech Lead,Other,Medium,11,3,1,22,1,13,True,3,False,4.16666667,1,1,0,1,4.90080062
Refactoring,Medium,Mid,C++,Critical,5,4,1,10,9,15,True,3,False,1.9375,3,1,0,0,2.1934582
Code Review,Low,Senior,Other,Critical,10,2,1,20,6,17,True,0,False,2.375,1,1,0,0,3.28412109
Documentation,Low,Mid,Other,High,5,3,0,10,8,9,False,0,False,2.66666667,1,2,0,0,1.566
Code Review,High,Junior,Go,Low,10,3,2,20,2,12,True,3,True,5.0,1,0,1,1,5.1663612
Client Meeting,Medium,Tech Lead,Go,Critical,10,4,3,20,1,11,False,2,False,4.0625,1,1,2,0,3.33220453
Deployment,Medium,Junior,C++,Critical,11,3,3,22,3,10,False,2,True,2.08333333,2,1,0,0,4.70207604
Bug Fix,Medium,Senior,Java,Medium,7,5,2,14,6,14,True,0,True,3.95,2,1,1,1,2.97288915
Design Review,Low,Mid,C++,Low,5,2,2,10,4,14,False,3,True,2.375,1,1,0,0,2.84955
Feature Dev,Medium,Senior,Python,Low,3,3,2,6,5,10,False,0,False,6.41666667,0,0,2,1,1.248225
Bug Fix,High,Senior,JavaScript,Low,2,3,3,4,6,10,False,1,False,4.16666667,1,1,0,1,1.36973375
Documentation,Medium,Junior,JavaScript,High,6,3,3,12,4,14,False,0,True,3.5,1,1,1,0,2.53159088
Refactoring,High,Mid,JavaScript,Low,5,3,0,10,5,17,True,2,True,2.66666667,1,2,0,0,3.070375
Feature Dev,Medium,Tech Lead,Java,Medium,4,4,2,8,9,9,True,0,False,3.875,0,3,1,0,1.75372969
Refactoring,High,Junior,Go,High,9,4,0,18,8,18,False,2,False,5.0,0,2,1,1,3.054492
Bug Fix,Medium,Tech Lead,Go,Medium,13,3,2,26,2,15,True,1,False,3.5,1,1,1,0,5.27583
Code Review,High,Senior,Other,Medium,9,2,0,18,7,11,False,2,True,1.5,2,0,0,0,4.89335
Refactoring,Low,Mid,Other,High,3,2,2,6,10,13,True,3,True,1.5,2,0,0,0,1.790019
Client Meeting,High,Senior,Python,High,7,2,2,14,9,15,False,2,False,3.25,0,2,0,0,3.13875
Design Review,High,Mid,Go,Medium,12,3,0,24,5,16,True,1,True,2.91666667,2,0,1,0,6.00778351
Bug Fix,Low,Senior,JavaScript,High,13,2,0,26,5,9,True,2,False,2.375,1,1,0,0,4.5251325
Bug Fix,Low,Senior,Other,Critical,12,2,0,24,5,11,True,1,False,1.5,2,0,0,0,4.04347125
Refactoring,High,Tech Lead,Go,Medium,5,3,2,10,2,15,True,0,True,2.91666667,2,0,1,0,2.77940162
Code Review,Low,Mid,Go,Medium,5,3,1,10,10,15,True,0,False,2.66666667,1,2,0,0,1.97925
Testing,High,Tech Lead,Python,Medium,5,2,3,10,6,18,False,2,False,2.375,1,1,0,0,2.8946875
Design Review,Medium,Mid,C++,Medium,2,3,3,4,3,16,True,3,True,2.08333333,2,1,0,0,1.78279063
Bug Fix,High,Tech Lead,C++,High,10,3,3,20,3,10,True,0,False,2.08333333,2,1,0,0,4.75236563
Code Review,Medium,Junior,C++,Critical,4,4,3,8,3,12,False,3,True,4.0625,1,1,2,0,1.85241908
Bug Fix,Medium,Senior,JavaScript,Critical,5,2,3,10,2,11,True,3,True,4.5,0,1,1,0,2.29146586
Refactoring,Medium,Tech Lead,JavaScript,High,4,4,3,8,1,17,False,3,False,5.0,0,2,1,1,1.65393
Documentation,Low,Tech Lead,Python,Medium,4,3,2,8,3,13,False,0,False,4.16666667,1,1,0,1,1.473925
Feature Dev,Medium,Tech Lead,Go,Low,10,2,0,20,10,18,False,3,False,4.5,0,1,1,0,4.0145875
Documentation,Medium,Tech Lead,Other,Low,12,4,2,24,2,17,True,2,True,4.5625,1,1,1,1,5.40122901
Deployment,Medium,Junior,Python,Medium,12,5,0,24,7,16,False,1,True,3.2,3,0,2,0,4.762604
Deployment,Low,Tech Lead,Java,Medium,2,2,3,4,3,15,False,0,False,1.5,2,0,0,0,1.19925
Deployment,Medium,Mid,Python,Critical,3,2,0,6,10,18,True,3,False,1.5,2,0,0,0,1.37221875
Design Review,Medium,Mid,Go,High,11,4,3,22,9,11,False,3,False,3.0,2,1,1,0,4.2711525
Client Meeting,Medium,Tech Lead,Python,Critical,6,3,1,12,9,17,True,1,False,2.91666667,2,0,1,0,2.18902173
Client Meeting,Medium,Junior,Other,Low,13,5,2,26,1,15,False,0,False,4.3,1,2,1,1,4.92591
Design Review,Medium,Tech Lead,Other,High,8,4,0,16,6,9,True,1,False,4.125,2,0,1,1,2.56418663
Feature Dev,Low,Mid,Other,High,8,2,3,16,3,11,True,3,False,1.5,2,0,0,0,3.51610875
Bug Fix,Low,Mid,Go,High,6,3,0,12,5,11,False,3,False,2.08333333,2,1,0,0,2.204775
Client Meeting,High,Mid,Other,Medium,3,3,0,6,5,11,False,3,True,3.5,1,1,1,0,1.658118
Code Review,High,Senior,Other,High,6,2,0,12,1,15,False,0,False,1.5,2,0,0,0,2.5461
Bug Fix,High,Senior,C++,Critical,3,4,1,6,1,9,False,2,False,2.375,2,2,0,0,1.44292812
Testing,Low,Junior,Go,Medium,11,3,2,22,5,14,False,0,True,4.16666667,1,1,0,1,3.9694325
Feature Dev,Medium,Mid,Python,Critical,13,2,2,26,10,11,False,1,False,3.625,1,0,1,0,4.2420525
Bug Fix,High,Mid,JavaScript,Critical,13,5,1,26,2,10,True,1,True,4.3,1,2,1,1,4.9798935
Code Review,Low,Tech Lead,Python,High,5,3,1,10,3,10,False,0,False,2.08333333,2,1,0,0,1.7476875
Documentation,Low,Junior,Go,Critical,10,4,1,20,6,10,True,1,False,1.9375,3,1,0,0,3.44686289
Deployment,Medium,Tech Lead,C++,High,6,5,3,12,3,10,False,2,False,3.45,2,2,0,1,2.41868813
Testing,Medium,Tech Lead,C++,Medium,8,2,0,16,5,12,True,1,True,1.5,2,0,0,0,3.9067875
Documentation,High,Tech Lead,Python,High,3,4,1,6,7,12,False,1,False,2.8125,1,3,0,0,1.40740313
Testing,Low,Tech Lead,Other,Critical,6,2,3,12,6,12,True,2,False,1.5,2,0,0,0,2.57062313
Refactoring,Medium,Junior,Go,Low,5,4,3,10,2,16,True,3,True,2.375,2,2,0,0,3.42836484
Deployment,Medium,Junior,C++,Critical,8,4,2,16,5,16,False,2,True,5.1875,1,0,2,1,2.61711175
Refactoring,Low,Mid,C++,Critical,8,4,3,16,1,16,True,3,False,2.375,2,2,0,0,3.17902922
Refactoring,High,Junior,C++,Critical,10,5,1,20,4,12,True,2,False,3.55,2,1,2,0,3.83096031
Feature Dev,Medium,Tech Lead,C++,High,9,5,0,18,2,12,True,3,False,3.45,2,2,0,1,3.24738619
Documentation,High,Mid,Java,Medium,5,2,1,10,4,14,True,1,False,2.375,1,1,0,0,2.62729688
Documentation,High,Tech Lead,JavaScript,Medium,7,4,0,14,6,16,True,0,True,2.375,2,2,0,0,3.64936688
Client Meeting,Medium,Mid,Java,Low,6,5,2,12,6,14,False,1,True,4.45,2,0,2,1,2.6459433
Deployment,High,Junior,Java,Medium,10,3,1,20,3,14,True,2,False,2.08333333,2,1,0,0,5.17584375
Client Meeting,Medium,Tech Lead,Java,Critical,11,3,1,22,1,10,False,2,False,3.5,1,1,1,0,3.62264688
Code Review,High,Senior,Other,Low,4,5,1,8,6,16,False,0,False,4.8,1,1,2,1,1.6754606
Bug Fix,Low,Junior,Java,High,12,2,3,24,9,13,False,2,False,2.375,1,1,0,0,4.38913125
Deployment,Medium,Mid,Go,Critical,13,2,2,26,1,13,True,0,True,2.375,1,1,0,0,5.29838203
Code Review,Medium,Tech Lead,C++,Medium,8,3,2,16,4,10,True,0,False,2.91666667,2,0,1,0,3.40136562
Testing,High,Tech Lead,JavaScript,High,5,4,1,10,2,9,False,2,False,3.5,2,1,0,1,2.09581875
Testing,High,Tech Lead,Python,Low,9,3,3,18,10,17,False,0,False,5.0,1,0,1,1,3.948318
Client Meeting,Low,Junior,C++,Critical,2,2,2,4,10,15,False,3,False,1.5,2,0,0,0,1.15005
Testing,High,Mid,Java,Medium,11,5,1,22,5,16,False,3,False,4.3,1,2,1,1,4.486242
Bug Fix,Medium,Tech Lead,JavaScript,Critical,9,4,0,18,9,9,False,1,True,3.0,2,1,1,0,3.18792925
Refactoring,Medium,Mid,Other,Medium,4,3,2,8,2,10,False,2,True,4.75,0,2,0,1,1.89275625
Client Meeting,Medium,Senior,Go,Critical,13,5,2,26,6,17,False,1,False,3.45,2,2,0,1,4.194155
Client Meeting,Medium,Senior,Java,Medium,2,4,2,4,3,12,True,3,False,3.625,2,0,2,0,1.26952875
Refactoring,High,Junior,Other,High,11,4,3,22,1,12,True,0,True,4.125,2,0,1,1,4.7095561
Documentation,Medium,Senior,JavaScript,Low,9,4,1,18,9,17,True,3,False,3.5,2,1,0,1,4.11057281
Refactoring,Medium,Senior,Java,Medium,3,5,1,6,3,16,True,1,False,4.65,0,3,1,1,1.21510725
Feature Dev,Medium,Senior,Go,High,1,4,3,2,7,14,False,1,False,3.5,2,1,0,1,0.75133125
Deployment,Medium,Mid,Python,Critical,9,2,3,18,4,13,True,0,False,1.5,2,0,0,0,3.70499062
Testing,High,Mid,Go,Low,10,3,0,20,10,16,True,1,False,3.5,1,1,1,0,4.87072162
Client Meeting,Medium,Senior,Other,Low,3,4,2,6,10,10,False,0,True,3.4375,1,2,1,0,1.63401047
Design Review,Medium,Junior,Java,Critical,5,4,1,10,7,13,False,3,True,2.5625,3,0,1,0,2.15953298
Deployment,Low,Mid,Other,Low,4,4,0,8,4,17,False,0,False,2.375,2,2,0,0,1.5543
Refactoring,High,Senior,Other,Critical,12,4,0,24,5,16,False,3,False,2.8125,1,3,0,0,4.74602813
Documentation,Low,Tech Lead,JavaScript,Medium,9,3,1,18,7,9,True,1,False,1.5,3,0,0,0,3.7561125
Design Review,Medium,Mid,JavaScript,Critical,10,3,1,20,7,17,False,2,True,2.66666667,1,2,0,0,3.931675
Bug Fix,Medium,Senior,JavaScript,Medium,13,5,1,26,6,16,True,1,False,3.55,2,1,2,0,4.96226588
Bug Fix,Medium,Junior,Other,Critical,10,3,1,20,8,15,False,2,False,3.5,1,1,1,0,3.31758188
Deployment,Medium,Mid,Go,Low,9,3,2,18,3,15,False,3,False,2.08333333,2,1,0,0,4.60075
Design Review,Low,Tech Lead,Other,Critical,6,2,2,12,8,11,False,0,False,2.375,1,1,0,0,2.05179375
Documentation,Low,Mid,C++,Critical,5,2,2,10,1,16,True,3,False,1.5,2,0,0,0,2.19555
Design Review,High,Senior,Other,Low,3,2,3,6,1,17,True,3,True,2.375,1,1,0,0,2.65542441
Testing,Medium,Senior,Java,High,7,4,0,14,5,11,False,3,False,4.5,0,2,2,0,2.294775
Feature Dev,Medium,Senior,Java,Medium,8,2,3,16,2,12,True,2,False,1.5,2,0,0,0,4.1435625
Testing,Low,Tech Lead,JavaScript,Medium,11,3,3,22,1,12,False,3,False,2.08333333,2,1,0,0,4.690375
Testing,Medium,Tech Lead,JavaScript,Critical,13,2,1,26,9,9,False,0,False,3.25,0,2,0,0,4.26328125
Deployment,Medium,Tech Lead,C++,Medium,10,4,0,20,2,14,False,2,False,4.125,2,0,1,1,3.45345
Feature Dev,High,Tech Lead,JavaScript,Low,8,2,3,16,9,9,True,1,False,2.375,1,1,0,0,4.79404406
Design Review,Medium,Senior,JavaScript,Medium,6,4,2,12,10,10,True,3,False,4.5,0,2,2,0,2.590875
Refactoring,Medium,Senior,Python,Critical,13,2,2,26,5,9,True,0,False,4.5,0,1,1,0,4.16630156
Testing,Medium,Junior,C++,High,10,4,0,20,1,10,False,2,False,2.375,2,2,0,0,3.709125
Refactoring,High,Junior,Go,Low,8,3,3,16,7,11,True,1,False,4.16666667,1,1,0,1,4.13855269
Deployment,Medium,Junior,C++,Low,12,2,3,24,4,11,True,2,False,2.375,1,1,0,0,6.17672344
Bug Fix,High,Tech Lead,C++,High,7,2,2,14,6,9,True,0,False,2.375,1,1,0,0,3.26403
Bug Fix,Low,Mid,Python,Critical,8,5,1,16,3,12,False,2,True,2.2,3,2,0,0,2.9898495
Client Meeting,Medium,Tech Lead,Other,High,11,2,3,22,1,9,False,0,False,3.625,1,0,1,0,3.89003344
Client Meeting,Medium,Junior,Other,Medium,6,3,2,12,10,18,False,0,True,2.08333333,2,1,0,0,2.957625
Feature Dev,Low,Senior,Java,Low,9,4,1,18,5,13,False,0,False,2.8125,1,3,0,0,3.57750938
Client Meeting,Low,Senior,Java,High,2,2,2,4,10,11,False,1,False,1.5,2,0,0,0,1.0332
Design Review,Low,Mid,Java,Low,11,4,2,22,1,11,True,1,False,1.9375,3,1,0,0,5.05153688
Client Meeting,Medium,Junior,C++,Critical,10,4,2,20,6,14,False,2,False,4.125,2,0,1,1,3.14510625
Bug Fix,Medium,Mid,Python,High,10,5,1,20,10,10,False,1,False,1.85,4,1,0,0,3.8536875
Documentation,Medium,Senior,Other,Critical,5,4,3,10,2,13,True,2,False,3.875,0,3,1,0,2.0790927
Refactoring,High,Senior,C++,Low,13,2,1,26,1,13,True,1,True,3.625,1,0,1,0,7.05394067
Documentation,Medium,Mid,JavaScript,Medium,9,2,1,18,1,9,False,0,False,2.375,1,1,0,0,3.6796875
Client Meeting,Medium,Mid,Other,Low,1,2,3,2,9,11,False,0,False,1.5,2,0,0,0,0.958375
Testing,High,Junior,Java,Low,8,3,3,16,1,17,False,2,False,4.91666667,0,1,2,0,3.82429208
Bug Fix,Medium,Mid,C++,Low,11,5,1,22,5,12,False,1,False,4.8,1,1,2,1,3.915021
Refactoring,High,Mid,Python,High,13,5,3,26,5,9,False,3,True,2.55,2,3,0,0,6.47947575
Code Review,Medium,Senior,Python,Medium,4,5,0,8,9,16,False,3,False,3.45,2,2,0,1,1.6741375
Feature Dev,Medium,Mid,Python,Medium,1,3,2,2,4,14,True,3,False,3.58333333,2,0,0,1,0.91853125
Documentation,High,Tech Lead,Python,Low,10,2,3,20,6,18,False,3,False,1.5,2,0,0,0,6.032125
Bug Fix,Medium,Senior,C++,Medium,1,4,1,2,6,15,False,2,False,3.0,2,1,1,0,0.691125
Bug Fix,Medium,Mid,Python,High,7,2,2,14,10,17,False,3,False,4.5,0,1,1,0,2.597175
Bug Fix,Medium,Senior,Go,High,9,5,0,18,8,9,False,3,False,3.05,2,2,1,0,3.22595325
Feature Dev,Medium,Mid,Java,High,5,4,3,10,4,13,False,3,False,4.125,2,0,1,1,2.03506875
Feature Dev,Low,Senior,Python,Critical,9,3,1,18,4,18,True,3,False,2.08333333,2,1,0,0,3.27960281
Deployment,Low,Mid,Other,Low,11,4,3,22,7,13,False,0,True,1.9375,3,1,0,0,5.35277531
Documentation,Low,Junior,Other,Critical,11,4,3,22,3,16,False,1,True,3.9375,1,2,0,1,3.61792552
Design Review,Medium,Senior,C++,Critical,3,2,2,6,1,12,False,2,False,1.5,2,0,0,0,1.481125
Design Review,Medium,Tech Lead,JavaScript,Critical,9,4,3,18,8,10,True,3,False,1.9375,3,1,0,0,3.89450742
Code Review,Medium,Senior,C++,Low,8,2,2,16,1,16,True,3,False,2.375,1,1,0,0,4.30670625
Refactoring,Medium,Senior,JavaScript,Critical,3,2,1,6,6,14,True,0,False,1.5,2,0,0,0,1.23499688
Deployment,Medium,Tech Lead,Go,Medium,13,5,0,26,6,15,True,3,True,3.2,3,0,2,0,5.613069
Deployment,High,Senior,Go,High,8,4,2,16,10,9,False,0,False,5.1875,1,0,2,1,2.709783
Refactoring,High,Tech Lead,Other,Low,5,2,1,10,9,14,False,3,False,3.625,1,0,1,0,2.69584219
Testing,Low,Junior,Java,Critical,2,2,1,4,7,12,False,1,False,1.5,2,0,0,0,0.8451125
Client Meeting,High,Mid,C++,Critical,3,4,2,6,3,14,False,1,True,2.375,2,2,0,0,1.63309438
Bug Fix,Medium,Senior,Java,Medium,13,5,3,26,6,16,False,3,True,3.25,0,5,0,0,6.1359375
Deployment,Medium,Tech Lead,Java,Medium,2,4,2,4,8,14,True,0,False,3.9375,1,2,0,1,0.99095391
Code Review,High,Junior,JavaScript,Medium,4,4,3,8,1,17,True,0,False,2.8125,1,3,0,0,2.30681719
Client Meeting,Medium,Senior,JavaScript,Medium,13,5,0,26,9,9,False,3,False,3.4,1,3,1,0,4.96155
Testing,High,Mid,JavaScript,Low,3,5,2,6,9,17,False,3,False,4.3,1,2,1,1,1.7733276
Refactoring,Medium,Tech Lead,Go,Low,12,2,0,24,4,14,True,0,False,1.5,2,0,0,0,5.6826
Testing,Medium,Mid,Java,Low,9,2,2,18,3,10,False,0,True,5.75,0,0,2,0,3.770481
Client Meeting,Medium,Junior,Java,High,7,4,3,14,3,18,False,3,False,2.375,2,2,0,0,3.13509375
Design Review,High,Senior,C++,High,4,4,1,8,8,10,False,1,False,3.625,2,0,2,0,1.62447862
Client Meeting,High,Mid,C++,Medium,12,2,0,24,1,18,False,1,False,4.5,0,1,1,0,4.769975
Testing,Low,Tech Lead,Java,High,8,5,1,16,7,16,True,0,False,3.45,2,2,0,1,2.52296927
Client Meeting,High,Mid,JavaScript,High,10,4,3,20,7,9,False,1,False,3.0,2,1,1,0,4.2711525
Documentation,High,Mid,Go,Critical,9,4,1,18,5,15,True,1,False,5.0,0,2,1,1,3.06393465
Bug Fix,High,Tech Lead,Other,Medium,9,4,2,18,1,9,False,0,False,2.375,2,2,0,0,4.35675
Refactoring,High,Mid,Other,Medium,13,3,1,26,3,10,True,0,False,5.58333333,0,1,1,1,5.033343
Refactoring,High,Senior,C++,Medium,7,5,1,14,9,10,True,0,False,3.45,2,2,0,1,3.11786081
Documentation,Medium,Senior,JavaScript,High,1,2,0,2,3,13,True,1,False,3.625,1,0,1,0,0.5
Client Meeting,High,Junior,Python,Medium,1,3,1,2,8,9,True,1,False,2.08333333,2,1,0,0,0.74239375
Code Review,Medium,Senior,C++,Medium,11,3,2,22,4,15,False,1,True,2.66666667,1,2,0,0,5.104
Feature Dev,Medium,Senior,JavaScript,Low,7,4,1,14,8,17,False,1,False,3.5,2,1,0,1,2.94820625
Bug Fix,Medium,Junior,Other,High,7,5,0,14,6,13,False,2,True,4.3,1,2,1,1,2.418174
Client Meeting,Medium,Senior,JavaScript,Critical,7,4,3,14,4,10,False,2,False,3.4375,1,2,1,0,2.64007477
Bug Fix,Medium,Junior,JavaScript,Critical,2,5,1,4,10,18,False,2,False,4.45,2,0,2,1,0.76340306
Deployment,Low,Tech Lead,Go,Critical,10,2,0,20,5,13,True,2,False,1.5,2,0,0,0,3.4762875
Refactoring,Medium,Junior,Go,Critical,9,3,3,18,6,11,False,3,True,4.33333333,1,0,2,0,3.37717325
Bug Fix,Medium,Junior,JavaScript,Medium,1,3,0,2,10,18,True,1,False,3.5,1,1,1,0,0.5
Feature Dev,High,Tech Lead,Java,Medium,8,3,1,16,5,17,False,3,False,5.0,1,0,1,1,3.22966
Bug Fix,Medium,Tech Lead,Java,Medium,8,3,2,16,1,13,False,3,False,5.58333333,0,1,1,1,2.9716
Design Review,Medium,Junior,Java,Critical,6,5,1,12,10,10,False,3,True,2.35,4,0,1,0,2.53957337
Deployment,Low,Tech Lead,Python,Medium,6,2,3,12,2,18,False,0,False,1.5,2,0,0,0,2.67525
Bug Fix,Medium,Mid,Java,Critical,12,2,2,24,6,12,True,2,True,1.5,2,0,0,0,5.33335688
Client Meeting,High,Junior,Other,Critical,11,4,1,22,2,12,True,3,False,3.4375,1,2,1,0,4.4272906
Feature Dev,Medium,Mid,C++,Critical,3,5,0,6,4,18,True,0,False,4.8,1,1,2,1,0.8197434
Design Review,Medium,Junior,C++,Critical,3,3,0,6,1,13,True,2,False,4.33333333,1,0,2,0,1.0375015
Refactoring,Medium,Mid,Python,Critical,7,5,2,14,10,15,False,0,False,3.1,3,1,0,1,2.36557125
Testing,Low,Tech Lead,Java,Medium,12,4,2,24,1,15,False,3,False,3.9375,1,2,0,1,4.22120625
Documentation,Medium,Tech Lead,C++,Critical,2,5,0,4,6,13,False,1,False,3.8,1,3,0,1,0.6613425
Feature Dev,High,Junior,Python,Medium,10,2,2,20,2,17,False,1,False,3.625,1,0,1,0,4.4559375
Client Meeting,High,Junior,Python,Medium,7,4,2,14,1,17,True,3,False,4.0625,1,1,2,0,3.38152369
Testing,High,Junior,Other,Medium,11,2,0,22,3,18,True,0,False,3.625,1,0,1,0,4.73487919
Client Meeting,Medium,Mid,Other,Low,1,4,0,2,4,11,False,2,False,4.0625,1,1,2,0,0.55642125
Code Review,Medium,Junior,JavaScript,High,2,3,1,4,3,11,True,1,True,3.58333333,2,0,0,1,0.95481323
Documentation,Low,Tech Lead,Go,Medium,9,5,1,18,2,10,False,3,True,2.55,2,3,0,0,3.9473775
Testing,Medium,Mid,Python,Low,11,2,0,22,1,17,False,3,False,3.625,1,0,1,0,4.60743938
Feature Dev,Low,Senior,Other,Medium,10,4,3,20,5,13,False,0,False,2.375,2,2,0,0,3.9740625
Bug Fix,Medium,Junior,Other,Critical,9,2,0,18,4,14,True,1,True,3.25,0,2,0,0,3.40544531
Bug Fix,Medium,Junior,JavaScript,Medium,3,5,3,6,4,17,True,3,True,4.65,0,3,1,1,1.79752073
Code Review,High,Tech Lead,Python,Low,1,4,3,2,2,18,False,0,False,4.0625,1,1,2,0,0.84390556
Design Review,High,Tech Lead,Java,Medium,13,3,0,26,1,10,False,0,False,3.5,1,1,1,0,5.365555
Feature Dev,Medium,Mid,Java,Critical,13,3,3,26,8,17,False,3,False,5.58333333,0,1,1,1,3.954965
Design Review,High,Junior,Go,Low,6,3,0,12,3,18,True,0,False,3.5,1,1,1,0,2.86025355
Client Meeting,Medium,Mid,Java,Critical,13,2,2,26,5,9,False,0,True,1.5,2,0,0,0,5.2710625
Documentation,High,Tech Lead,Other,Medium,1,4,2,2,10,14,False,0,False,5.0,0,2,1,1,0.59432
Deployment,Medium,Senior,Python,High,1,3,3,2,7,14,False,2,True,4.16666667,1,1,0,1,0.88054312
Refactoring,Medium,Senior,Java,Low,1,5,1,2,3,17,False,1,True,3.1,3,1,0,1,0.70608038
Bug Fix,High,Senior,Python,High,9,3,0,18,7,17,True,0,True,4.08333333,0,2,1,0,3.73958826
Client Meeting,Low,Mid,C++,Critical,12,5,1,24,6,9,False,3,True,3.8,1,3,0,1,3.85562678
Refactoring,High,Junior,Java,High,5,4,1,10,9,16,True,1,False,2.8125,1,3,0,0,2.31185391
Code Review,High,Junior,Go,Medium,12,2,2,24,6,11,False,3,False,3.625,1,0,1,0,5.4540675
Testing,High,Tech Lead,Other,Medium,3,4,0,6,10,13,True,0,False,3.0,2,1,1,0,1.3352535
Deployment,Medium,Tech Lead,Other,Medium,11,2,0,22,1,15,True,0,False,3.25,0,2,0,0,4.33125
Deployment,Low,Tech Lead,Go,Low,11,3,1,22,8,12,False,1,True,2.66666667,1,2,0,0,4.92429667
Design Review,Medium,Senior,Go,Medium,2,3,3,4,4,11,True,0,False,1.5,3,0,0,0,1.3453125
Documentation,Medium,Tech Lead,Other,Low,12,2,3,24,1,10,False,3,False,5.75,0,0,2,0,4.877895
Deployment,High,Mid,Other,Medium,1,4,2,2,7,18,False,3,True,4.5625,1,1,1,1,0.93527775
Bug Fix,Low,Mid,Go,High,3,3,3,6,5,9,False,3,False,2.66666667,1,2,0,0,1.5921
Client Meeting,Medium,Junior,Go,Medium,11,3,2,22,9,17,True,2,False,2.66666667,1,2,0,0,4.9735
Testing,High,Mid,Go,Medium,13,4,3,26,3,13,False,1,False,3.0,2,1,1,0,6.017395
Bug Fix,Low,Mid,Python,Critical,7,2,0,14,6,13,True,0,False,2.375,1,1,0,0,2.20692938
Bug Fix,Medium,Tech Lead,Java,High,9,5,2,18,5,15,True,1,False,3.6,3,0,1,1,3.199392
Feature Dev,Low,Tech Lead,JavaScript,High,2,2,3,4,4,10,False,3,True,1.5,2,0,0,0,1.4916825
Design Review,Medium,Junior,Go,Medium,8,5,3,16,2,10,False,0,True,3.55,2,1,2,0,3.48160725
Bug Fix,Medium,Mid,Python,Low,7,4,0,14,10,11,False,0,False,5.1875,1,0,2,1,2.33002
Design Review,Medium,Senior,Java,Medium,1,4,0,2,5,14,False,2,False,3.9375,1,2,0,1,0.51478125
Code Review,High,Mid,C++,Medium,4,4,0,8,9,15,True,1,False,2.8125,1,3,0,0,1.95424688
Design Review,Medium,Tech Lead,JavaScript,High,8,4,3,16,5,11,True,0,False,3.0625,3,0,0,1,3.10270816
Deployment,High,Senior,C++,Critical,10,4,2,20,8,12,True,0,False,4.0625,1,1,2,0,3.68692308
Bug Fix,Medium,Senior,JavaScript,Critical,1,4,0,2,8,13,False,0,False,1.5,4,0,0,0,0.5
Client Meeting,High,Junior,Go,Low,12,3,1,24,6,13,True,2,True,2.08333333,2,1,0,0,7.42676069
Client Meeting,High,Tech Lead,Python,High,7,5,0,14,3,15,True,0,False,3.55,2,1,2,0,2.63865074
Code Review,Low,Senior,Other,Low,13,4,3,26,1,16,True,0,True,1.5,4,0,0,0,6.68060663
Refactoring,High,Junior,Python,High,6,4,0,12,7,12,False,1,False,3.625,2,0,2,0,2.22297075
Testing,High,Mid,Other,Low,12,4,1,24,7,11,True,2,False,3.9375,1,2,0,1,5.81689943
Feature Dev,Medium,Senior,Java,Low,7,4,0,14,7,15,True,1,True,3.0625,3,0,0,1,3.31427791
Feature Dev,High,Junior,Java,High,7,3,3,14,4,16,True,3,False,3.5,1,1,1,0,3.36616796
Bug Fix,Medium,Tech Lead,C++,High,7,3,3,14,3,16,True,0,False,4.16666667,1,1,0,1,2.60160469
Bug Fix,High,Mid,C++,Low,5,3,1,10,1,17,False,1,False,2.08333333,2,1,0,0,2.7933125
Code Review,Low,Tech Lead,Other,High,8,5,2,16,2,10,False,3,False,2.9,1,4,0,0,2.99106
Bug Fix,Low,Junior,C++,Critical,5,3,3,10,7,13,False,0,True,2.08333333,2,1,0,0,2.09498438
Documentation,Medium,Tech Lead,Other,High,3,5,1,6,4,11,False,2,False,2.9,1,4,0,0,1.332225
Bug Fix,Medium,Tech Lead,JavaScript,Critical,2,2,1,4,7,11,True,2,False,3.625,1,0,1,0,0.91469257
Deployment,Low,Tech Lead,Java,Low,13,3,2,26,9,13,False,1,False,2.08333333,2,1,0,0,5.56471667
Testing,Low,Mid,Other,Medium,13,5,0,26,10,10,False,0,True,2.2,3,2,0,0,5.09652
Deployment,Medium,Senior,Python,Critical,6,3,0,12,5,14,False,0,False,3.5,1,1,1,0,1.83039
Design Review,High,Junior,Go,Critical,3,2,1,6,3,15,False,2,False,1.5,2,0,0,0,1.5072625
Feature Dev,Medium,Senior,JavaScript,Low,2,5,0,4,9,18,False,1,False,3.8,1,3,0,1,0.855855
Bug Fix,High,Tech Lead,JavaScript,Medium,6,2,0,12,2,17,False,2,False,1.5,2,0,0,0,3.034
Deployment,High,Mid,Go,Critical,2,2,1,4,7,12,False,1,False,1.5,2,0,0,0,1.0193625
Documentation,Low,Tech Lead,Other,High,13,2,0,26,9,13,False,0,False,1.5,2,0,0,0,4.3173
Design Review,High,Tech Lead,Other,High,12,3,1,24,8,15,True,2,False,2.66666667,1,2,0,0,5.362245
Testing,Low,Senior,C++,Medium,10,3,2,20,8,9,False,1,False,4.16666667,1,1,0,1,3.38833333
Deployment,High,Mid,Other,Medium,8,3,1,16,9,9,False,3,False,2.08333333,2,1,0,0,4.11279167
Feature Dev,Low,Mid,Java,Medium,8,2,1,16,1,16,True,2,False,3.25,0,2,0,0,3.17953125
Design Review,High,Senior,Other,Medium,12,3,2,24,5,11,False,1,False,3.5,1,1,1,0,5.31172
Deployment,High,Mid,Go,Critical,3,3,3,6,5,11,False,3,True,3.5,1,1,1,0,1.78691824
Refactoring,Medium,Junior,JavaScript,Medium,3,4,0,6,2,13,True,0,False,1.5,4,0,0,0,1.2915
Refactoring,High,Junior,C++,Low,6,3,1,12,5,9,False,2,False,2.91666667,2,0,1,0,3.16627804
Code Review,High,Junior,C++,High,1,4,3,2,3,9,False,2,False,3.4375,1,2,1,0,0.89938097
Documentation,Medium,Senior,Other,Critical,11,2,1,22,1,13,False,3,False,3.625,1,0,1,0,3.67392047
Testing,High,Tech Lead,C++,Medium,1,3,3,2,7,18,False,1,True,2.91666667,2,0,1,0,1.02827679
Documentation,Medium,Senior,C++,Low,3,4,0,6,10,10,True,3,False,3.25,0,4,0,0,1.62421875
Client Meeting,Low,Mid,Go,High,11,3,1,22,8,18,False,1,True,3.25,0,3,0,0,3.90740625
Testing,Medium,Junior,Java,High,12,3,1,24,1,11,True,2,False,3.5,1,1,1,0,4.36669144
Testing,Medium,Tech Lead,Go,Medium,8,3,1,16,2,12,True,2,False,2.66666667,1,2,0,0,3.60325
Documentation,High,Junior,Go,Medium,8,2,2,16,5,12,False,3,True,4.5,0,1,1,0,3.995915
Deployment,High,Mid,Go,Low,6,3,1,12,10,10,True,3,False,2.91666667,2,0,1,0,3.43149201
Documentation,Low,Tech Lead,Other,Critical,11,2,3,22,7,15,False,3,False,2.375,1,1,0,0,3.92843438
Bug Fix,High,Senior,C++,Medium,8,4,3,16,10,15,False,0,False,3.4375,1,2,1,0,3.71816156
Design Review,Medium,Tech Lead,Java,Medium,13,4,0,26,9,14,True,2,False,2.8125,1,3,0,0,5.43965625
Documentation,Medium,Senior,C++,Medium,2,2,2,4,3,17,True,3,False,3.625,1,0,1,0,1.31004563
Client Meeting,Medium,Senior,Java,Low,2,5,2,4,8,11,False,3,False,3.95,2,1,1,1,1.278662
Testing,Medium,Mid,Go,Low,3,2,2,6,6,9,True,3,False,4.5,0,1,1,0,1.76455125
Feature Dev,Medium,Junior,Other,High,6,2,1,12,9,12,True,1,False,3.625,1,0,1,0,2.2317563
Code Review,Medium,Mid,JavaScript,Medium,5,5,0,10,8,10,True,2,True,2.7,3,1,1,0,2.37850305
Design Review,Low,Senior,Python,Medium,2,4,1,4,4,12,False,2,False,1.9375,3,1,0,0,1.07334375
Design Review,Low,Mid,JavaScript,Critical,1,3,3,2,5,16,False,1,False,3.25,0,3,0,0,0.72515625
Documentation,Medium,Mid,Other,Low,9,4,2,18,10,10,False,3,False,3.9375,1,2,0,1,3.96381563
Bug Fix,High,Senior,Java,High,6,5,3,12,2,17,True,0,False,3.95,2,1,1,1,2.51867354
Documentation,Medium,Senior,C++,Critical,12,2,3,24,9,10,True,2,False,3.25,0,2,0,0,4.56011719
Feature Dev,High,Tech Lead,Java,Critical,1,2,3,2,10,14,False,1,False,4.5,0,1,1,0,0.72865188
Refactoring,Medium,Junior,Java,Low,11,5,3,22,5,15,True,2,True,2.2,3,2,0,0,6.35186475
Refactoring,Medium,Mid,JavaScript,Low,4,3,0,8,6,16,True,3,False,4.33333333,1,0,2,0,1.8221665
Design Review,Medium,Junior,Other,Critical,9,4,1,18,1,16,False,0,False,2.375,2,2,0,0,3.12773438
Bug Fix,Medium,Junior,Python,Medium,11,3,1,22,7,13,True,0,True,4.33333333,1,0,2,0,4.36360925
Deployment,High,Junior,Java,Low,7,2,1,14,10,14,True,1,True,1.5,2,0,0,0,4.51885088
Refactoring,High,Junior,Python,Low,7,5,3,14,2,10,True,2,True,3.05,2,2,1,0,4.51894013
Feature Dev,Medium,Junior,Python,Medium,2,4,2,4,7,18,True,2,False,2.375,2,2,0,0,1.33940625
Feature Dev,Low,Mid,Python,Medium,6,4,1,12,6,9,True,0,False,3.9375,1,2,0,1,2.0810032
Documentation,High,Senior,Python,High,12,2,3,24,1,18,True,1,False,2.375,1,1,0,0,5.62859719
Bug Fix,Low,Senior,JavaScript,Critical,13,2,3,26,4,13,True,1,False,2.375,1,1,0,0,4.58025422
Bug Fix,High,Mid,C++,High,6,2,3,12,10,9,False,3,False,2.375,1,1,0,0,3.09976875
Code Review,Medium,Tech Lead,JavaScript,Critical,8,4,0,16,1,18,False,0,False,4.0625,1,1,2,0,2.29313
Refactoring,High,Junior,C++,Medium,6,2,1,12,4,17,False,0,False,1.5,2,0,0,0,2.98275
Client Meeting,Low,Senior,Other,Critical,7,2,0,14,8,16,False,2,False,2.375,1,1,0,0,2.26865
Bug Fix,Medium,Senior,JavaScript,Medium,5,4,0,10,5,11,False,0,False,3.0,2,1,1,0,1.843
Testing,High,Senior,JavaScript,Critical,10,2,0,20,2,13,True,2,False,2.375,1,1,0,0,4.203675
Bug Fix,High,Junior,Python,High,9,4,3,18,8,9,True,3,False,3.4375,1,2,1,0,4.16024467
Refactoring,High,Tech Lead,C++,Low,13,4,3,26,3,9,False,2,True,3.0,2,1,1,0,7.39254945
Design Review,Medium,Junior,Other,Medium,13,5,1,26,8,17,False,0,False,3.1,3,1,0,1,4.8029625
Deployment,High,Senior,C++,High,13,3,1,26,10,14,True,0,False,2.08333333,2,1,0,0,5.76871313
Documentation,Low,Senior,Go,High,2,3,0,4,4,14,False,1,False,2.08333333,2,1,0,0,0.734925
Code Review,Medium,Tech Lead,Java,Low,8,4,1,16,4,9,False,2,True,1.9375,3,1,0,0,4.30892344
Design Review,Low,Tech Lead,Python,Medium,6,5,0,12,7,15,True,0,True,3.45,2,2,0,1,2.19823065
Documentation,High,Mid,JavaScript,Medium,3,4,0,6,9,9,True,0,True,4.5,0,2,2,0,1.31098275
Client Meeting,High,Junior,Java,Critical,5,5,1,10,4,12,False,3,True,2.9,1,4,0,0,2.45554375
Refactoring,High,Junior,Other,Critical,9,2,1,18,2,17,False,1,False,4.5,0,1,1,0,3.16711062
Deployment,High,Junior,Go,Medium,4,2,3,8,2,10,False,2,False,1.5,2,0,0,0,2.55225
Code Review,Medium,Tech Lead,Other,High,11,4,3,22,7,16,True,1,False,4.5625,1,1,1,1,3.75214022
Code Review,Medium,Tech Lead,Java,Critical,3,5,2,6,4,12,False,3,False,3.4,1,3,1,0,1.380213
Code Review,High,Mid,Java,Medium,10,2,3,20,3,10,False,3,False,3.625,1,0,1,0,4.76785312
Deployment,High,Senior,Go,Medium,9,5,3,18,10,11,False,1,False,3.95,2,1,1,1,3.894107
Documentation,Medium,Senior,Go,Medium,12,5,1,24,8,12,False,0,False,4.3,1,2,1,1,4.03029
Refactoring,Medium,Tech Lead,Go,Medium,3,3,2,6,2,9,True,1,False,4.91666667,0,1,2,0,1.3489
Feature Dev,Low,Junior,Java,Low,4,3,3,8,2,11,True,0,False,3.58333333,2,0,0,1,1.90962647
Deployment,Medium,Junior,Java,Medium,12,2,3,24,1,11,False,2,False,4.5,0,1,1,0,4.6256875
Refactoring,High,Junior,JavaScript,Medium,9,4,3,18,4,12,False,1,False,4.0625,1,1,2,0,3.95396312
Code Review,High,Senior,Other,Medium,12,5,0,24,1,14,False,3,False,4.25,0,3,2,0,4.855335
Deployment,High,Tech Lead,Java,Low,7,3,2,14,8,14,True,1,False,2.08333333,2,1,0,0,4.16367875
Documentation,High,Senior,JavaScript,Medium,3,3,3,6,2,11,True,2,False,3.5,1,1,1,0,1.91248838
Code Review,Medium,Junior,Java,High,12,5,1,24,8,14,False,1,False,3.45,2,2,0,1,4.00471313
Design Review,High,Junior,JavaScript,Low,11,4,1,22,2,16,True,3,False,4.5625,1,1,1,1,5.10476361
Code Review,High,Mid,Go,Low,10,3,1,20,1,12,True,1,False,4.91666667,0,1,2,0,4.49773844
Code Review,High,Tech Lead,Other,Low,8,3,3,16,6,18,True,2,False,2.08333333,2,1,0,0,4.98031188
Code Review,High,Senior,Java,Medium,3,3,0,6,2,13,False,3,False,3.5,1,1,1,0,1.50738
Documentation,Medium,Tech Lead,Java,High,4,3,2,8,2,9,False,0,False,2.66666667,1,2,0,0,1.653
Feature Dev,Low,Tech Lead,C++,Critical,1,3,1,2,1,10,False,1,False,2.08333333,2,1,0,0,0.51633958
Testing,Medium,Tech Lead,Python,High,3,5,1,6,8,11,False,0,True,2.2,3,2,0,0,1.323135
Documentation,Medium,Senior,Python,Medium,13,5,1,26,8,12,True,3,False,3.9,1,2,2,0,5.04677775
Deployment,Medium,Senior,Other,Critical,1,4,1,2,6,12,False,1,False,3.875,0,3,1,0,0.5
Deployment,Low,Senior,JavaScript,Medium,7,4,1,14,1,17,False,2,False,2.375,2,2,0,0,2.8161875
Feature Dev,High,Tech Lead,JavaScript,High,3,2,0,6,10,18,False,0,False,1.5,2,0,0,0,1.27305
Testing,High,Junior,Go,Medium,2,3,2,4,5,9,True,2,False,2.66666667,1,2,0,0,1.4413
Client Meeting,Medium,Junior,Python,High,9,4,3,18,2,15,False,0,True,3.5,2,1,0,1,3.52334812
Refactoring,Medium,Junior,C++,Low,11,5,2,22,6,17,False,0,False,3.55,2,1,2,0,4.4831655
Design Review,Low,Tech Lead,C++,High,13,3,0,26,4,16,True,0,False,2.08333333,2,1,0,0,4.4041725
Refactoring,Low,Senior,JavaScript,Low,9,4,2,18,4,16,False,3,False,3.9375,1,2,0,1,3.62406
Deployment,Medium,Senior,Other,Low,9,2,0,18,6,16,True,2,True,3.625,1,0,1,0,4.30256413
Bug Fix,Medium,Senior,Other,Low,9,5,2,18,8,12,True,0,True,3.95,2,1,1,1,4.11409499
Deployment,High,Senior,C++,Critical,7,5,1,14,4,15,False,3,False,3.4,1,3,1,0,2.81410095
Feature Dev,Medium,Senior,C++,High,8,3,2,16,9,10,False,0,False,2.08333333,2,1,0,0,3.136875
Deployment,Medium,Senior,Other,High,12,5,0,24,3,16,True,2,False,3.05,2,2,1,0,4.34262938
Feature Dev,Medium,Mid,C++,High,7,4,2,14,8,13,True,0,True,1.9375,3,1,0,0,3.23252016
Refactoring,High,Senior,C++,High,1,3,3,2,10,17,False,0,True,3.5,1,1,1,0,0.80833253
Deployment,Medium,Junior,Python,High,11,3,1,22,6,12,False,2,True,2.91666667,2,0,1,0,4.35235969
Feature Dev,Medium,Mid,Go,Critical,4,2,1,8,6,14,True,2,True,2.375,1,1,0,0,1.87851727
Bug Fix,High,Senior,Go,Low,5,5,3,10,9,15,False,1,True,2.55,2,3,0,0,3.35366625
Testing,Medium,Junior,Go,High,9,2,3,18,5,9,False,3,False,1.5,2,0,0,0,4.012875
Refactoring,Low,Senior,JavaScript,Medium,6,3,0,12,8,12,False,1,False,3.58333333,2,0,0,1,1.97702917
Refactoring,Medium,Mid,C++,Medium,5,2,3,10,5,17,False,3,False,2.375,1,1,0,0,2.6984375
Testing,High,Senior,C++,High,10,3,0,20,3,14,True,2,False,2.08333333,2,1,0,0,4.5171
Deployment,High,Mid,JavaScript,Critical,7,5,2,14,8,12,False,3,True,2.55,2,3,0,0,3.47347825
Deployment,Medium,Junior,Go,High,7,2,0,14,9,16,False,0,False,1.5,2,0,0,0,2.583
Documentation,Low,Tech Lead,Python,High,13,3,3,26,2,17,True,0,False,4.16666667,1,1,0,1,4.10653294
Bug Fix,Medium,Senior,C++,Medium,13,2,3,26,5,17,False,0,False,2.375,1,1,0,0,5.5440625
Design Review,Medium,Senior,Other,Medium,6,4,3,12,7,18,False,2,False,4.125,2,0,1,1,2.5078625
Design Review,Low,Tech Lead,C++,Low,6,5,1,12,2,17,False,0,False,2.2,3,2,0,0,2.51559
Refactoring,Low,Mid,JavaScript,Low,12,3,1,24,1,10,True,2,False,4.75,0,2,0,1,4.41958584
Design Review,Medium,Senior,Python,High,3,2,0,6,9,13,False,3,False,3.625,1,0,1,0,1.20310313
Deployment,Medium,Junior,Python,Medium,10,3,3,20,6,17,True,3,False,2.91666667,2,0,1,0,4.61613906
Feature Dev,High,Junior,Java,High,9,5,2,18,9,16,False,3,False,3.55,2,1,2,0,3.6992619
Documentation,Low,Mid,JavaScript,Low,10,4,2,20,3,16,False,0,False,3.9375,1,2,0,1,3.68068594
Deployment,Low,Tech Lead,JavaScript,Low,10,4,3,20,6,17,True,2,False,2.8125,1,3,0,0,4.70933203
Code Review,Medium,Tech Lead,Java,Critical,8,5,1,16,9,17,True,0,True,1.85,4,1,0,0,3.31352897
Feature Dev,Low,Tech Lead,C++,Medium,7,2,3,14,2,15,False,1,False,2.375,1,1,0,0,3.0124375
Documentation,Medium,Junior,Go,Critical,6,4,2,12,3,17,True,1,False,4.375,0,3,0,1,2.09213156
Design Review,Medium,Mid,Go,Medium,4,5,0,8,10,12,True,1,False,4.3,1,2,1,1,1.453347
Client Meeting,Medium,Mid,Go,Critical,4,4,3,8,2,14,False,1,False,3.25,0,4,0,0,1.71328125
Refactoring,High,Junior,Python,High,10,2,0,20,2,13,True,3,False,2.375,1,1,0,0,4.54367813
Documentation,Medium,Senior,Go,Low,9,3,0,18,10,17,False,1,False,1.5,3,0,0,0,4.17175
Code Review,Low,Junior,C++,Critical,11,4,2,22,8,10,False,1,False,3.5,2,1,0,1,3.2566475
Bug Fix,High,Mid,Python,Medium,10,5,1,20,2,16,False,0,False,3.45,2,2,0,1,4.18534375
Bug Fix,Low,Senior,Other,High,5,3,1,10,9,12,False,0,False,3.25,0,3,0,0,1.6453125
Bug Fix,High,Junior,C++,Critical,7,4,1,14,10,13,False,0,True,3.0,2,1,1,0,2.90360043
Client Meeting,Low,Senior,JavaScript,Critical,7,3,1,14,1,15,False,2,True,2.08333333,2,1,0,0,2.67226896
Code Review,High,Senior,JavaScript,High,7,3,3,14,5,16,True,2,True,4.91666667,0,1,2,0,3.23002536
Design Review,High,Tech Lead,JavaScript,Medium,3,2,1,6,6,14,False,3,False,1.5,2,0,0,0,1.87575
Documentation,Medium,Junior,Go,Low,8,4,2,16,4,14,False,1,False,1.9375,3,1,0,0,3.972375
Testing,High,Mid,C++,Low,10,3,3,20,9,16,True,0,False,2.66666667,1,2,0,0,5.638325
Refactoring,Medium,Mid,JavaScript,Low,12,4,2,24,3,15,True,1,False,2.5625,3,0,1,0,5.66196881
Bug Fix,Medium,Mid,Python,Critical,4,5,0,8,2,15,False,2,False,4.8,1,1,2,1,1.171062
Deployment,Medium,Mid,Java,Low,9,2,1,18,2,18,True,0,False,3.25,0,2,0,0,4.06054688
Testing,Medium,Junior,C++,Critical,5,5,0,10,5,9,True,2,False,3.55,2,1,2,0,1.70264903
Refactoring,Medium,Mid,Python,Medium,6,5,2,12,7,12,False,1,True,3.05,2,2,1,0,2.830751
Documentation,High,Tech Lead,Go,Critical,2,3,0,4,6,18,False,0,False,2.66666667,1,2,0,0,0.75593333
Bug Fix,Medium,Tech Lead,Python,Low,6,2,2,12,6,18,False,0,True,3.625,1,0,1,0,2.91150956
Feature Dev,Medium,Mid,C++,Critical,2,2,0,4,2,10,False,2,True,2.375,1,1,0,0,0.91746875
Deployment,Medium,Junior,Python,High,7,5,3,14,6,14,True,3,False,1.5,5,0,0,0,3.43861875
Bug Fix,Low,Tech Lead,Other,Low,9,3,1,18,9,18,True,3,False,3.58333333,2,0,0,1,3.72831834
Code Review,Low,Senior,JavaScript,Low,6,4,1,12,7,13,False,3,False,2.375,2,2,0,0,2.81716875
Documentation,Medium,Mid,Other,Medium,13,2,3,26,3,17,True,3,False,3.625,1,0,1,0,5.56769391
Deployment,Medium,Mid,Other,High,6,4,0,12,2,17,False,3,True,3.4375,1,2,1,0,2.40645178
Deployment,Low,Senior,Go,Critical,6,2,3,12,5,17,False,3,False,1.5,2,0,0,0,2.5353375
Code Review,High,Junior,JavaScript,Critical,10,3,3,20,9,9,False,0,False,4.16666667,1,1,0,1,3.63610521
Client Meeting,Medium,Tech Lead,C++,Critical,7,4,2,14,10,10,False,3,False,3.0,2,1,1,0,2.663135
Deployment,Medium,Mid,Go,Low,2,3,0,4,9,18,True,0,False,2.08333333,2,1,0,0,0.92015
Feature Dev,Low,Tech Lead,Python,Low,13,2,3,26,3,16,True,1,True,2.375,1,1,0,0,6.52012659
Deployment,High,Senior,Python,High,9,2,1,18,10,13,False,2,False,3.625,1,0,1,0,3.60128869
Feature Dev,Medium,Tech Lead,Go,Low,13,3,2,26,10,10,False,2,False,2.66666667,1,2,0,0,6.061
Feature Dev,Low,Senior,C++,High,1,3,3,2,8,12,False,3,False,2.08333333,2,1,0,0,0.9948375
Refactoring,Low,Senior,Python,Medium,9,3,2,18,4,13,False,0,False,4.16666667,1,1,0,1,2.998675
Feature Dev,High,Junior,Python,Low,13,5,2,26,2,17,True,0,True,2.55,2,3,0,0,7.75932465
Refactoring,High,Junior,JavaScript,High,8,3,1,16,1,12,False,3,True,2.08333333,2,1,0,0,4.07166375
Code Review,Medium,Mid,JavaScript,Medium,7,4,0,14,10,15,False,2,False,5.1875,1,0,2,1,2.2695
Bug Fix,High,Junior,Other,High,12,3,2,24,10,15,True,3,True,4.16666667,1,1,0,1,5.38892392
Testing,High,Tech Lead,Go,Medium,2,5,0,4,3,9,True,1,False,3.9,1,2,2,0,0.9110997
Deployment,Medium,Mid,Other,Low,6,4,3,12,3,9,False,3,False,4.5625,1,1,1,1,2.77936313
Design Review,Low,Mid,Other,Critical,13,2,1,26,3,9,False,1,True,2.375,1,1,0,0,4.52312094
Bug Fix,Medium,Mid,JavaScript,High,12,5,2,24,5,15,False,3,False,2.35,4,0,1,0,4.6317015
Refactoring,Low,Tech Lead,Java,Medium,13,2,2,26,6,16,True,2,False,1.5,2,0,0,0,5.574975
Design Review,High,Junior,Python,Medium,13,3,0,26,2,11,False,2,False,4.33333333,1,0,2,0,5.13146
Documentation,Low,Tech Lead,Java,Critical,3,3,0,6,7,12,False,0,False,4.16666667,1,1,0,1,0.7776225
Refactoring,Medium,Mid,Java,Low,4,5,2,8,10,14,False,3,False,2.35,4,0,1,0,2.3063205
Design Review,Medium,Junior,C++,High,11,5,0,22,2,13,False,0,False,4.3,1,2,1,1,3.224232
Testing,Medium,Senior,Go,High,3,4,0,6,3,18,False,2,False,3.9375,1,2,0,1,1.08104063
Feature Dev,High,Tech Lead,Other,Critical,4,4,3,8,10,13,False,2,False,4.5,0,2,2,0,1.74082125
Feature Dev,High,Mid,Other,Medium,5,4,2,10,3,16,True,3,True,3.5,2,1,0,1,2.94337312
Deployment,Medium,Senior,Python,Low,4,3,2,8,6,10,False,2,False,3.5,1,1,1,0,2.0726475
Deployment,High,Junior,Go,Critical,7,5,0,14,1,10,False,1,False,4.3,1,2,1,1,2.2976724
Testing,Medium,Tech Lead,Java,Low,13,4,3,26,4,11,False,3,False,4.0625,1,1,2,0,5.51784406
Deployment,High,Mid,Go,Low,7,3,3,14,7,18,False,1,False,4.91666667,0,1,2,0,3.32969542
Testing,Medium,Mid,C++,High,3,4,1,6,2,10,False,2,False,4.125,2,0,1,1,1.14703875
Feature Dev,Medium,Junior,Python,Critical,4,3,2,8,1,13,False,2,False,1.5,3,0,0,0,1.829625
Client Meeting,Medium,Junior,Python,High,8,5,1,16,3,13,True,2,False,4.3,1,2,1,1,2.73143745
Bug Fix,Low,Senior,Java,Medium,6,2,0,12,10,14,True,2,False,1.5,2,0,0,0,2.53995
Bug Fix,Medium,Junior,Other,High,9,3,2,18,7,13,True,1,True,1.5,3,0,0,0,4.26195
Testing,Medium,Tech Lead,Other,High,9,4,0,18,5,9,True,1,False,3.4375,1,2,1,0,3.14783339
Bug Fix,Low,Junior,Python,Medium,2,3,2,4,10,15,False,2,False,2.08333333,2,1,0,0,1.21491667
Deployment,Low,Senior,Other,High,11,5,3,22,4,15,False,3,True,3.8,1,3,0,1,4.03107705
Documentation,High,Tech Lead,Other,Medium,2,3,1,4,4,10,False,1,False,3.5,1,1,1,0,1.0497825
Refactoring,Medium,Senior,Other,Critical,8,3,0,16,5,10,True,3,True,2.66666667,1,2,0,0,3.3215875
Code Review,Medium,Tech Lead,Java,High,3,2,0,6,5,16,True,3,False,3.625,1,0,1,0,1.26325828
Bug Fix,Medium,Mid,Java,Medium,9,5,2,18,7,10,True,0,False,2.35,4,0,1,0,3.90263738
Testing,Medium,Senior,C++,Low,7,3,2,14,8,15,True,3,False,2.91666667,2,0,1,0,3.63460212
Bug Fix,Medium,Tech Lead,Go,Low,9,2,2,18,10,18,False,2,False,2.375,1,1,0,0,4.4254375
Refactoring,Medium,Junior,C++,High,4,3,1,8,6,17,False,1,False,2.66666667,1,2,0,0,1.6095
Design Review,Medium,Junior,Go,Medium,2,2,3,4,10,16,False,3,True,3.25,0,2,0,0,1.5984375
Refactoring,Low,Senior,Other,High,10,5,1,20,9,17,False,3,True,1.85,4,1,0,0,4.03957125
Refactoring,Medium,Senior,Go,Critical,5,4,3,10,7,17,False,3,False,4.0625,1,1,2,0,1.97065859
Deployment,Medium,Senior,Go,Critical,7,3,2,14,3,14,False,1,False,2.66666667,1,2,0,0,2.62933333
Bug Fix,High,Junior,Java,Critical,11,4,1,22,5,16,False,3,False,3.0,2,1,1,0,4.31584525
Refactoring,Medium,Senior,C++,Low,8,5,0,16,3,12,True,1,True,3.95,2,1,1,1,3.4811573
Documentation,High,Senior,Python,Medium,2,3,2,4,1,13,True,3,True,4.16666667,1,1,0,1,1.4871395
Deployment,Low,Junior,Other,High,7,4,3,14,1,14,False,3,True,2.375,2,2,0,0,3.17660063
Feature Dev,Medium,Tech Lead,JavaScript,High,7,2,0,14,7,16,False,3,False,1.5,2,0,0,0,2.85975
Refactoring,Low,Mid,Python,Low,12,2,0,24,10,9,True,3,True,2.375,1,1,0,0,5.75965294
Refactoring,Medium,Tech Lead,Java,High,8,3,3,16,3,17,False,0,False,3.5,1,1,1,0,2.94746625
Testing,Low,Junior,JavaScript,Medium,2,3,3,4,9,12,False,2,True,1.5,3,0,0,0,1.544675
Bug Fix,High,Tech Lead,Python,Low,4,4,0,8,1,18,False,0,False,4.0625,1,1,2,0,1.7063585
Code Review,Medium,Senior,JavaScript,Critical,10,5,0,20,10,13,False,1,False,4.8,1,1,2,1,2.667419
Refactoring,Medium,Senior,Other,High,8,4,1,16,1,11,True,2,False,2.8125,1,3,0,0,3.21846328
Documentation,High,Senior,Python,High,11,5,1,22,5,14,True,1,False,3.4,1,3,1,0,4.52669269
Deployment,High,Senior,JavaScript,Medium,2,4,2,4,8,16,False,2,True,4.0625,1,1,2,0,1.31686363
Documentation,Medium,Mid,C++,Low,6,4,2,12,10,13,False,1,True,4.125,2,0,1,1,2.785783
Design Review,Medium,Junior,Java,Critical,11,2,1,22,1,10,True,2,False,2.375,1,1,0,0,4.15988672
Documentation,Medium,Senior,Java,High,12,4,1,24,7,12,True,1,False,2.375,2,2,0,0,4.68277031
Testing,High,Tech Lead,Go,Medium,11,4,2,22,2,18,True,1,False,4.0625,1,1,2,0,4.83327731
Testing,High,Tech Lead,Go,High,1,3,0,2,10,17,False,2,False,2.08333333,2,1,0,0,0.591525
Feature Dev,Low,Tech Lead,Java,Critical,3,2,3,6,5,18,True,2,True,3.25,0,2,0,0,1.59227578
Documentation,Low,Tech Lead,Python,High,2,2,3,4,2,13,False,0,False,2.375,1,1,0,0,1.03325625
Design Review,High,Senior,Go,Low,12,2,2,24,5,10,False,3,True,2.375,1,1,0,0,7.2663525
Documentation,Medium,Senior,Java,Medium,6,5,2,12,2,9,True,2,False,2.9,1,4,0,0,2.907975
Refactoring,Medium,Junior,Other,Critical,4,3,0,8,4,16,True,1,False,4.33333333,1,0,2,0,1.25982325
Design Review,Low,Junior,Go,Low,13,5,1,26,2,9,False,2,True,3.8,1,3,0,1,5.26160635
Refactoring,Medium,Mid,Other,High,5,4,0,10,4,10,False,1,False,3.5,2,1,0,1,1.6608375
Testing,Medium,Junior,Go,Low,6,5,1,12,3,12,True,1,False,4.3,1,2,1,1,2.49206265
Feature Dev,Low,Mid,JavaScript,Critical,9,4,2,18,10,17,False,3,False,2.375,2,2,0,0,3.2028
Bug Fix,Medium,Mid,Python,Low,12,4,3,24,7,13,True,0,False,3.9375,1,2,0,1,5.20250801
Client Meeting,Medium,Senior,Other,Critical,4,3,1,8,8,14,False,2,False,2.66666667,1,2,0,0,1.60225
Feature Dev,High,Junior,Java,Medium,12,5,3,24,9,11,False,1,True,4.3,1,2,1,1,5.4364134
Design Review,Medium,Tech Lead,Python,Critical,4,5,3,8,1,13,True,1,False,3.05,2,2,1,0,1.76359004
Design Review,Medium,Senior,JavaScript,Critical,1,3,1,2,2,9,False,0,False,2.91666667,2,0,1,0,0.5
Refactoring,Medium,Senior,Java,High,6,5,0,12,3,16,True,3,False,2.2,3,2,0,0,2.525985
Code Review,High,Senior,Java,Critical,3,3,1,6,2,18,False,3,True,2.91666667,2,0,1,0,1.58364807
Code Review,High,Junior,Other,Medium,5,4,3,10,5,9,False,2,False,4.5625,1,1,1,1,2.36626875
Code Review,Medium,Junior,Go,High,11,2,1,22,9,9,False,2,False,2.375,1,1,0,0,4.19484375
Refactoring,High,Senior,Other,Low,10,4,1,20,8,18,True,2,False,3.625,2,0,2,0,4.93756003
Documentation,High,Junior,C++,Low,11,5,0,22,3,9,False,1,False,3.05,2,2,1,0,5.2166697
Client Meeting,Medium,Senior,Java,Critical,9,3,1,18,5,15,False,0,False,4.33333333,1,0,2,0,2.6466875
Bug Fix,High,Mid,Java,High,2,2,0,4,1,9,True,2,False,4.5,0,1,1,0,0.898317
Feature Dev,Medium,Mid,Go,Critical,3,4,2,6,8,10,True,1,True,2.5625,3,0,1,0,1.48082261
Client Meeting,Low,Tech Lead,JavaScript,Low,1,2,1,2,10,9,False,0,False,2.375,1,1,0,0,0.55048125
Documentation,Medium,Tech Lead,JavaScript,High,4,4,3,8,3,15,False,0,False,1.9375,3,1,0,0,1.85076562
Testing,Low,Tech Lead,Java,High,9,2,1,18,2,11,False,0,True,1.5,2,0,0,0,3.4400025
Bug Fix,Medium,Junior,Other,Critical,7,4,0,14,9,13,True,0,False,2.8125,1,3,0,0,2.39747813
Code Review,Low,Mid,Java,Medium,12,5,0,24,10,16,False,0,True,1.85,4,1,0,0,4.78764
Documentation,Medium,Tech Lead,Python,Low,1,3,2,2,7,11,False,0,False,3.5,1,1,1,0,0.6908825
Refactoring,High,Mid,JavaScript,High,2,2,2,4,3,9,True,0,False,1.5,2,0,0,0,1.1817225
Design Review,High,Senior,JavaScript,Critical,11,5,1,22,6,14,True,1,False,3.95,2,1,1,1,3.934937
Design Review,Medium,Senior,Go,High,13,4,0,26,9,12,True,3,False,2.375,2,2,0,0,5.10004688
Refactoring,Low,Junior,Java,Critical,8,5,2,16,5,13,False,0,True,2.55,2,3,0,0,2.89153425
Refactoring,High,Mid,Go,Critical,3,3,0,6,9,17,False,1,False,5.0,1,0,1,1,0.983756
Documentation,Medium,Tech Lead,Java,Medium,7,4,1,14,2,11,True,0,False,3.0,2,1,1,0,2.85434625
Testing,Low,Junior,Java,High,7,2,1,14,9,11,True,1,False,2.375,1,1,0,0,2.56856906
Refactoring,Low,Mid,Go,Medium,7,5,2,14,4,14,False,0,False,3.1,3,1,0,1,2.531655
Design Review,Medium,Mid,Java,Critical,4,4,2,8,2,18,True,2,False,4.125,2,0,1,1,1.54110206
Refactoring,Medium,Senior,C++,Low,8,5,3,16,1,18,False,3,True,2.7,3,1,1,0,4.47385098
Code Review,Low,Junior,C++,Medium,12,4,0,24,8,12,False,2,False,1.9375,3,1,0,0,4.534125
Feature Dev,Medium,Senior,Other,Critical,6,3,3,12,8,12,False,3,False,2.08333333,2,1,0,0,2.66634375
Documentation,Low,Senior,C++,Medium,4,2,2,8,8,10,True,3,False,1.5,2,0,0,0,2.19555
Code Review,Medium,Junior,Go,Critical,8,3,0,16,10,13,False,2,False,1.5,3,0,0,0,2.96225
Deployment,Medium,Tech Lead,C++,Medium,5,4,1,10,5,9,False,0,False,1.5,4,0,0,0,2.20375
Refactoring,High,Senior,Java,High,12,3,1,24,4,10,False,3,False,5.58333333,0,1,1,1,4.201686
Refactoring,Medium,Tech Lead,C++,Medium,11,3,3,22,7,11,False,0,False,1.5,3,0,0,0,4.97125
Feature Dev,Medium,Tech Lead,Other,High,5,5,0,10,9,10,False,3,False,2.55,2,3,0,0,2.013075
Testing,Medium,Tech Lead,Go,Low,12,4,3,24,10,17,False,3,False,3.0,2,1,1,0,5.6257575
Code Review,High,Mid,Go,High,7,2,2,14,8,16,False,1,False,1.5,2,0,0,0,3.33945
Design Review,High,Tech Lead,Java,Medium,13,2,1,26,6,11,True,0,False,3.625,1,0,1,0,5.73612834
Bug Fix,Medium,Junior,C++,Critical,10,4,3,20,5,13,True,3,False,1.9375,3,1,0,0,4.25262305
Client Meeting,Low,Senior,JavaScript,Critical,12,2,0,24,9,17,False,2,False,2.375,1,1,0,0,3.7699625
Documentation,Medium,Tech Lead,Python,Low,12,2,2,24,1,16,False,3,False,1.5,2,0,0,0,6.0885
Bug Fix,Medium,Tech Lead,Other,Critical,7,5,3,14,1,10,False,1,False,2.55,2,3,0,0,2.76919375
Code Review,Low,Senior,Java,High,9,5,2,18,8,13,False,1,True,3.25,0,5,0,0,3.378375
Design Review,High,Senior,C++,Critical,1,5,0,2,10,16,True,2,False,3.8,1,3,0,1,0.50923373
Refactoring,Low,Mid,Python,Low,8,5,1,16,2,15,False,2,False,2.9,1,4,0,0,3.393115
Code Review,High,Tech Lead,Other,Medium,1,4,0,2,7,10,True,1,False,3.4375,1,2,1,0,0.52936537
Client Meeting,Medium,Tech Lead,Other,Critical,7,2,2,14,5,9,False,3,False,2.375,1,1,0,0,2.8358125
Client Meeting,High,Junior,Java,High,6,3,2,12,3,18,True,2,False,2.91666667,2,0,1,0,2.85131621
Design Review,High,Mid,JavaScript,Medium,3,3,2,6,2,12,False,2,False,4.08333333,0,2,1,0,1.63364167
Client Meeting,Medium,Mid,Python,High,10,3,3,20,7,15,False,0,False,4.16666667,1,1,0,1,3.39256875
Refactoring,Low,Senior,C++,High,9,5,1,18,3,17,False,2,False,3.8,1,3,0,1,2.7931995
Deployment,Low,Junior,Go,High,3,3,3,6,9,9,False,0,True,3.58333333,2,0,0,1,1.32504694
Feature Dev,High,Senior,JavaScript,Critical,3,3,2,6,9,16,True,1,False,3.58333333,2,0,0,1,1.38973778
Refactoring,Medium,Junior,Python,Medium,12,4,2,24,8,11,True,3,False,4.5,0,2,2,0,4.663575
Design Review,Medium,Mid,Other,Low,10,2,1,20,5,18,True,3,True,4.5,0,1,1,0,4.79859909
Feature Dev,Medium,Tech Lead,JavaScript,Low,8,4,1,16,9,18,True,0,False,2.5625,3,0,1,0,3.64761452
Refactoring,Low,Mid,C++,Medium,11,3,2,22,3,10,False,3,False,3.25,0,3,0,0,4.275
Bug Fix,Medium,Senior,C++,Low,4,3,0,8,8,11,False,0,True,3.5,1,1,1,0,1.737076
Refactoring,High,Junior,Other,High,4,3,3,8,4,14,False,1,False,2.66666667,1,2,0,0,2.0793
Refactoring,Medium,Senior,C++,High,5,2,3,10,10,9,False,0,True,4.5,0,1,1,0,2.05864313
Documentation,Medium,Mid,Go,Low,3,4,1,6,9,15,False,3,False,3.875,0,3,1,0,1.59549844
Feature Dev,High,Mid,Python,Medium,1,2,2,2,4,16,True,0,False,1.5,2,0,0,0,0.81795
Code Review,High,Mid,Java,Critical,1,2,2,2,4,13,False,2,False,2.375,1,1,0,0,0.8007
Bug Fix,Low,Senior,Go,Medium,2,2,2,4,5,11,False,2,False,1.5,2,0,0,0,1.2505
Client Meeting,Medium,Tech Lead,Java,Critical,1,3,0,2,6,18,True,0,False,5.58333333,0,1,1,1,0.5
Design Review,Medium,Senior,Go,High,1,4,3,2,10,16,False,3,False,3.25,0,4,0,0,0.9703125
Feature Dev,Medium,Tech Lead,Java,Critical,7,5,1,14,6,10,False,0,False,3.05,2,2,1,0,2.30458056
Bug Fix,Medium,Mid,Go,Medium,11,4,3,22,2,18,False,0,False,3.4375,1,2,1,0,4.36636406
Documentation,Medium,Mid,C++,High,3,2,3,6,7,12,False,3,True,1.5,2,0,0,0,1.9787625
Client Meeting,High,Senior,JavaScript,Critical,3,2,1,6,9,18,False,2,False,5.75,0,0,2,0,1.1749295
Bug Fix,Medium,Senior,JavaScript,Medium,9,3,2,18,7,16,True,1,False,2.08333333,2,1,0,0,4.1825
Client Meeting,Medium,Mid,C++,Low,7,5,1,14,6,10,True,1,True,2.55,2,3,0,0,3.76846181
Documentation,High,Mid,Go,Medium,13,3,0,26,9,16,True,0,True,3.58333333,2,0,0,1,6.04209856
Feature Dev,High,Tech Lead,JavaScript,Low,1,3,0,2,3,10,True,1,False,2.08333333,2,1,0,0,0.644105
Documentation,High,Senior,Go,High,5,2,2,10,2,17,False,2,True,3.25,0,2,0,0,2.59875
Documentation,Low,Senior,JavaScript,Critical,3,4,2,6,5,13,True,2,False,3.0625,3,0,0,1,1.26847399
Client Meeting,Medium,Junior,JavaScript,Low,13,4,3,26,10,9,True,3,False,3.25,0,4,0,0,6.44273438
Documentation,High,Mid,JavaScript,Critical,8,3,2,16,3,9,False,3,False,2.66666667,1,2,0,0,3.51673333
Design Review,Medium,Tech Lead,JavaScript,Medium,8,5,0,16,5,12,False,3,False,4.3,1,2,1,1,2.8497
Refactoring,Medium,Junior,C++,Low,13,5,1,26,10,13,False,3,False,4.3,1,2,1,1,5.060253
Deployment,Medium,Mid,Other,Medium,4,5,1,8,1,13,False,3,False,3.1,3,1,0,1,1.8403875
Testing,High,Tech Lead,Python,Medium,9,3,3,18,1,11,False,2,False,4.08333333,0,2,1,0,4.16231042
Bug Fix,High,Tech Lead,Python,Medium,2,2,0,4,1,13,True,3,False,4.5,0,1,1,0,1.08724875
Bug Fix,Medium,Tech Lead,JavaScript,Critical,6,2,2,12,9,14,False,1,False,1.5,2,0,0,0,2.4395
Feature Dev,High,Senior,C++,High,3,5,3,6,9,17,False,2,True,4.8,1,1,2,1,1.53822438
Refactoring,Medium,Senior,JavaScript,Medium,6,2,1,12,1,15,True,3,True,1.5,2,0,0,0,3.37404375
Refactoring,Medium,Tech Lead,Python,High,10,2,0,20,9,9,False,1,True,3.625,1,0,1,0,3.61733006
Code Review,High,Senior,Go,Medium,8,3,1,16,2,13,False,3,False,3.5,1,1,1,0,3.7056425
Code Review,Medium,Mid,Go,High,3,5,1,6,10,10,False,0,False,2.7,3,1,1,0,1.13730075
Code Review,Medium,Tech Lead,C++,Low,2,5,1,4,7,18,True,2,True,3.9,1,2,2,0,1.2429365
Deployment,Medium,Mid,Java,Critical,12,4,1,24,1,10,False,0,False,4.5,0,2,2,0,3.46066875
Client Meeting,Medium,Senior,JavaScript,Low,11,3,3,22,5,12,True,3,False,5.58333333,0,1,1,1,4.6515315
Refactoring,High,Junior,C++,High,4,3,0,8,7,16,False,3,True,3.58333333,2,0,0,1,1.85333363
Refactoring,High,Senior,JavaScript,Critical,9,2,1,18,6,12,False,2,False,3.625,1,0,1,0,3.40121709
Client Meeting,Medium,Mid,Go,Critical,4,5,0,8,10,13,True,3,False,3.9,1,2,2,0,1.44257453
Documentation,Medium,Senior,Python,Medium,11,3,3,22,2,14,False,2,False,5.0,1,0,1,1,3.9491
Testing,High,Tech Lead,Go,Medium,7,3,1,14,7,16,True,0,True,3.5,1,1,1,0,3.49241104
Code Review,Medium,Junior,C++,Critical,1,2,2,2,3,10,True,3,False,1.5,2,0,0,0,0.9148125
Refactoring,Medium,Mid,Python,High,9,3,1,18,4,18,False,2,False,2.91666667,2,0,1,0,3.29030062
Feature Dev,Medium,Junior,JavaScript,High,12,4,2,24,2,16,False,3,False,3.0,2,1,1,0,4.47849
Testing,Medium,Mid,Python,Low,2,2,3,4,5,10,True,2,False,4.5,0,1,1,0,1.42144406
Testing,Low,Senior,Java,Low,8,2,3,16,7,16,True,2,True,2.375,1,1,0,0,4.40077378
Deployment,Medium,Senior,C++,High,4,5,3,8,9,12,True,1,True,2.35,4,0,1,0,2.1299394
Refactoring,Medium,Tech Lead,Java,Low,4,3,0,8,2,14,False,0,False,5.0,1,0,1,1,1.37632
Design Review,High,Mid,Other,Low,4,2,0,8,10,12,False,1,False,1.5,2,0,0,0,2.18735
Bug Fix,Low,Mid,JavaScript,Medium,7,2,2,14,7,9,False,1,False,2.375,1,1,0,0,2.86525
Feature Dev,Medium,Mid,JavaScript,Low,8,2,1,16,8,9,False,0,False,3.625,1,0,1,0,3.28402594
Refactoring,Medium,Mid,Java,Critical,11,4,1,22,6,9,True,2,False,2.5625,3,0,1,0,3.9965383
Refactoring,Medium,Tech Lead,Go,High,2,4,1,4,10,13,True,2,False,4.5625,1,1,1,1,0.87170934
Bug Fix,Medium,Junior,Go,High,1,3,0,2,6,14,False,2,False,4.33333333,1,0,2,0,0.5
Design Review,Medium,Tech Lead,C++,Low,12,3,1,24,8,10,True,3,True,2.08333333,2,1,0,0,6.64233281
Code Review,Low,Mid,C++,High,8,5,1,16,4,9,True,0,True,2.55,2,3,0,0,3.06306866
Deployment,Low,Junior,Other,Critical,6,2,3,12,3,11,False,0,False,2.375,1,1,0,0,2.17690313
Design Review,High,Junior,Go,High,5,2,1,10,7,11,True,2,False,3.625,1,0,1,0,2.2317563
Bug Fix,Medium,Junior,Other,Medium,1,4,3,2,9,12,True,3,False,1.9375,3,1,0,0,1.21127344
Documentation,Low,Mid,JavaScript,Critical,7,3,3,14,5,15,True,1,False,2.08333333,2,1,0,0,2.72855844
Bug Fix,Medium,Mid,Python,Low,2,5,3,4,4,16,True,0,False,3.95,2,1,1,1,1.19874563
Code Review,High,Tech Lead,JavaScript,Medium,13,4,1,26,4,10,False,0,True,5.1875,1,0,2,1,5.1010795
Documentation,High,Mid,Go,Critical,4,5,1,8,8,10,False,1,False,3.9,1,2,2,0,1.51126855
Bug Fix,Medium,Junior,Go,Medium,3,4,3,6,9,16,True,2,False,2.375,2,2,0,0,1.90607813
Design Review,Low,Junior,Python,Medium,11,5,0,22,3,12,True,3,True,1.85,4,1,0,0,4.95720225
Deployment,Medium,Mid,Other,Critical,4,3,2,8,4,17,False,0,False,3.5,1,1,1,0,1.44905875
Deployment,High,Tech Lead,JavaScript,Medium,2,5,0,4,8,17,False,1,True,4.25,0,3,2,0,0.9360285
Testing,Medium,Senior,C++,Medium,12,5,2,24,7,9,True,2,True,3.95,2,1,1,1,5.08268145
Deployment,Medium,Mid,Python,High,7,5,0,14,4,15,False,2,False,1.85,4,1,0,0,2.72025
Feature Dev,Low,Tech Lead,Python,High,7,3,3,14,10,15,False,2,False,2.08333333,2,1,0,0,2.8411125
Client Meeting,Medium,Mid,C++,Low,4,5,2,8,1,17,False,3,True,4.3,1,2,1,1,2.1674004
Deployment,High,Mid,Python,Low,7,3,0,14,10,12,False,2,False,2.66666667,1,2,0,0,3.6366
Refactoring,High,Tech Lead,Go,Critical,1,4,1,2,1,11,False,2,False,3.5,2,1,0,1,0.60501938
Bug Fix,High,Mid,Go,High,12,2,1,24,10,9,False,3,False,1.5,2,0,0,0,5.507325
Testing,Low,Senior,C++,Medium,8,5,2,16,2,12,False,2,False,2.9,1,4,0,0,3.2279
Design Review,Low,Junior,Other,Critical,11,3,1,22,9,11,True,3,False,2.08333333,2,1,0,0,3.91952531
Client Meeting,High,Mid,Go,Low,10,5,1,20,5,13,True,3,False,3.4,1,3,1,0,5.26172378
Refactoring,Low,Junior,Java,Medium,10,3,3,20,1,10,False,0,False,1.5,3,0,0,0,4.15125
Refactoring,Low,Tech Lead,Java,Medium,1,2,3,2,3,17,False,0,True,1.5,2,0,0,0,0.913275
Documentation,High,Tech Lead,Other,High,2,4,3,4,6,10,True,3,False,3.4375,1,2,1,0,1.42077885
Documentation,High,Senior,Python,Low,2,4,2,4,5,13,False,1,False,2.375,2,2,0,0,1.424775
Client Meeting,Low,Tech Lead,JavaScript,Low,8,2,2,16,7,15,False,3,False,1.5,2,0,0,0,3.9237
Testing,Low,Senior,C++,Critical,9,3,0,18,1,15,True,0,False,1.5,3,0,0,0,2.9639925
Deployment,Medium,Tech Lead,C++,Critical,2,3,1,4,9,18,True,0,False,2.08333333,2,1,0,0,0.84434219
Deployment,Medium,Mid,Other,High,1,5,3,2,7,16,False,3,False,3.2,3,0,2,0,0.914526
Bug Fix,Medium,Tech Lead,Other,Critical,12,2,3,24,1,12,False,1,False,3.25,0,2,0,0,4.26328125
Testing,Low,Senior,Other,Low,10,3,2,20,4,13,True,2,True,3.58333333,2,0,0,1,4.55683353
Feature Dev,High,Mid,Python,Critical,2,5,2,4,9,18,True,2,False,3.95,2,1,1,1,1.05228071
Refactoring,High,Tech Lead,Go,Medium,8,2,1,16,9,17,True,0,False,1.5,2,0,0,0,4.1220375
Design Review,Medium,Senior,Go,Low,4,2,0,8,7,12,True,0,False,3.25,0,2,0,0,1.7325
Refactoring,High,Tech Lead,C++,Medium,5,2,3,10,10,9,True,0,False,4.5,0,1,1,0,2.45076563
Code Review,Medium,Senior,Go,High,13,3,0,26,10,16,True,3,False,4.33333333,1,0,2,0,4.3156575
Feature Dev,High,Junior,Java,Medium,9,3,3,18,2,13,False,0,False,5.0,1,0,1,1,3.58938
Documentation,High,Senior,Other,Medium,10,5,0,20,1,14,False,1,False,4.45,2,0,2,1,3.6705825
Refactoring,Low,Mid,Go,Critical,11,4,2,22,4,10,False,1,False,3.9375,1,2,0,1,3.17963219
Deployment,High,Senior,Java,Critical,8,4,0,16,4,14,True,3,False,4.0625,1,1,2,0,2.99468446
Testing,High,Senior,C++,Low,2,4,1,4,1,13,True,3,False,3.9375,1,2,0,1,1.35760685
Refactoring,High,Senior,Python,Low,12,3,0,24,5,18,False,2,False,3.5,1,1,1,0,5.645497
Design Review,High,Tech Lead,C++,Medium,4,4,0,8,5,18,False,1,False,3.9375,1,2,0,1,1.66445938
Deployment,High,Tech Lead,Python,Critical,8,5,0,16,10,13,False,0,False,3.05,2,2,1,0,2.8748666
Code Review,Low,Senior,JavaScript,Low,7,3,1,14,7,12,False,3,False,2.66666667,1,2,0,0,3.1581
Documentation,Medium,Mid,C++,Medium,9,2,1,18,9,18,False,3,False,2.375,1,1,0,0,3.9740625
Deployment,Medium,Mid,JavaScript,High,13,3,3,26,2,12,False,1,False,3.5,1,1,1,0,4.64326875
Testing,Medium,Mid,Go,High,11,5,0,22,10,14,True,1,True,3.9,1,2,2,0,3.97936193
Code Review,High,Senior,Go,Critical,10,5,0,20,7,13,False,1,False,3.55,2,1,2,0,3.46426425
Feature Dev,Medium,Senior,C++,Medium,8,3,2,16,2,15,False,3,False,4.33333333,1,0,2,0,3.15526667
Testing,High,Junior,Java,High,8,2,0,16,6,14,True,2,False,2.375,1,1,0,0,3.59785125
Client Meeting,Medium,Junior,Python,Critical,8,5,3,16,7,18,False,2,False,3.05,2,2,1,0,3.00767294
Feature Dev,Medium,Mid,Python,Medium,6,4,3,12,8,14,False,0,False,3.4375,1,2,1,0,2.56580156
Design Review,Medium,Tech Lead,Go,Low,11,4,0,22,10,17,False,2,True,2.375,2,2,0,0,5.4616375
Documentation,Low,Senior,Go,Low,1,2,0,2,5,12,False,0,False,2.375,1,1,0,0,0.5
Code Review,Medium,Mid,Other,Critical,3,3,3,6,8,14,True,2,False,4.91666667,0,1,2,0,1.32571578
Client Meeting,Medium,Junior,Go,Low,10,4,1,20,7,13,True,2,False,2.375,2,2,0,0,4.93004531
Documentation,Medium,Tech Lead,Go,Critical,8,3,0,16,3,15,False,0,False,4.33333333,1,0,2,0,2.25850667
Testing,Medium,Junior,C++,Critical,1,3,3,2,2,11,False,2,False,2.08333333,2,1,0,0,0.88878125
Feature Dev,Medium,Junior,Python,Critical,5,3,3,10,8,13,False,3,False,4.75,0,2,0,1,1.91528906
Client Meeting,Medium,Tech Lead,Java,Critical,6,2,0,12,8,16,False,0,True,2.375,1,1,0,0,2.201925
Refactoring,Low,Mid,JavaScript,Critical,11,4,1,22,9,11,True,1,False,1.5,4,0,0,0,3.85136063
Documentation,Medium,Senior,JavaScript,Critical,11,5,3,22,3,9,True,3,True,4.3,1,2,1,1,4.11660538
Testing,Medium,Junior,Java,Medium,5,5,0,10,10,9,True,1,False,3.95,2,1,1,1,1.8308115
Feature Dev,Medium,Tech Lead,C++,Critical,12,4,2,24,3,12,False,1,False,1.9375,3,1,0,0,4.4338125
Client Meeting,Medium,Mid,Go,Critical,11,3,1,22,4,9,True,1,True,2.66666667,1,2,0,0,4.41296625
Bug Fix,Low,Junior,Go,Critical,12,3,3,24,8,12,False,3,False,1.5,3,0,0,0,4.4172375
Documentation,Medium,Senior,Other,Low,11,4,2,22,6,11,True,2,False,4.125,2,0,1,1,4.65352388
Feature Dev,Medium,Senior,C++,High,7,2,3,14,6,9,True,0,False,3.625,1,0,1,0,2.73705961
Feature Dev,High,Senior,JavaScript,Medium,12,3,3,24,10,11,True,0,True,4.16666667,1,1,0,1,5.84093606
Code Review,Medium,Tech Lead,Java,Low,3,3,2,6,4,12,True,0,False,2.91666667,2,0,1,0,1.60350094
Bug Fix,High,Tech Lead,JavaScript,Medium,8,2,2,16,7,12,False,1,False,2.375,1,1,0,0,4.0035
Feature Dev,Low,Mid,Go,Low,13,3,3,26,1,12,True,1,True,2.66666667,1,2,0,0,6.4232245
Refactoring,High,Senior,JavaScript,Medium,6,4,1,12,2,10,True,3,False,3.0,2,1,1,0,3.10591575
Feature Dev,High,Junior,C++,High,6,2,3,12,1,12,True,0,False,3.25,0,2,0,0,2.84385938
Client Meeting,Medium,Tech Lead,Java,Medium,4,4,3,8,6,13,True,2,False,3.4375,1,2,1,0,2.12691445
Code Review,Medium,Tech Lead,Java,Critical,12,3,1,24,8,15,False,2,False,2.91666667,2,0,1,0,4.05155865
Bug Fix,Medium,Senior,JavaScript,High,13,2,2,26,4,13,True,2,False,3.625,1,0,1,0,4.80038147
Feature Dev,High,Senior,Go,Low,12,3,1,24,8,9,False,1,False,2.08333333,2,1,0,0,6.32055417
Bug Fix,High,Junior,C++,Critical,1,3,0,2,5,15,False,1,False,5.0,1,0,1,1,0.5
Bug Fix,Medium,Senior,JavaScript,Low,13,3,2,26,4,10,True,2,False,2.08333333,2,1,0,0,6.55606875
Feature Dev,Medium,Tech Lead,C++,High,4,5,1,8,9,18,False,0,False,3.05,2,2,1,0,1.44754313
Feature Dev,High,Mid,JavaScript,Medium,1,5,1,2,9,12,False,3,False,3.4,1,3,1,0,0.820911
Client Meeting,Low,Mid,Python,Low,2,3,0,4,4,15,False,1,True,1.5,3,0,0,0,1.017005
Bug Fix,Medium,Senior,Other,Low,3,5,1,6,3,12,False,3,True,3.1,3,1,0,1,1.79235788
Feature Dev,High,Mid,Go,Critical,7,4,0,14,5,14,True,0,False,2.375,2,2,0,0,2.81996531
Feature Dev,High,Mid,C++,Low,2,2,0,4,6,12,False,3,False,4.5,0,1,1,0,1.1390225
Code Review,High,Mid,C++,High,5,3,3,10,8,9,False,0,False,2.91666667,2,0,1,0,2.29071562
Documentation,High,Tech Lead,JavaScript,Medium,7,5,0,14,3,11,False,1,False,3.45,2,2,0,1,2.925335
Deployment,Low,Tech Lead,JavaScript,Low,12,4,1,24,10,11,True,0,False,1.9375,3,1,0,0,5.17898391
Design Review,Medium,Junior,JavaScript,High,8,3,0,16,1,14,True,1,True,2.66666667,1,2,0,0,3.316005
Testing,High,Senior,Java,Medium,10,5,3,20,3,18,False,3,False,3.9,1,2,2,0,4.551245
Documentation,High,Mid,Python,Medium,9,5,2,18,10,11,True,2,False,3.55,2,1,2,0,4.2247548
Client Meeting,High,Junior,Other,Critical,2,3,3,4,2,10,False,1,True,4.16666667,1,1,0,1,1.16427369
Client Meeting,Medium,Tech Lead,C++,Medium,2,3,1,4,7,16,False,1,False,1.5,3,0,0,0,1.07625
Testing,High,Junior,C++,High,11,2,0,22,5,11,False,0,False,4.5,0,1,1,0,3.8652075
Design Review,Medium,Tech Lead,Go,High,6,4,1,12,2,14,False,0,False,1.9375,3,1,0,0,2.30217188
Deployment,High,Junior,Python,Low,4,2,3,8,2,9,False,1,False,1.5,2,0,0,0,2.694725
Design Review,Low,Junior,Go,Low,13,4,2,26,6,15,True,1,True,2.8125,1,3,0,0,6.19194056
Code Review,High,Tech Lead,Python,Medium,10,2,1,20,9,9,False,2,False,2.375,1,1,0,0,4.8571875
Code Review,Medium,Junior,C++,High,13,2,1,26,9,11,True,0,False,3.25,0,2,0,0,4.73976563
Testing,Medium,Senior,Go,Medium,5,5,0,10,4,9,True,3,False,3.55,2,1,2,0,2.09416725
Design Review,Medium,Mid,Python,High,8,5,1,16,5,10,False,3,False,3.55,2,1,2,0,2.84858775
Client Meeting,Medium,Tech Lead,JavaScript,Medium,4,2,2,8,9,15,True,2,True,3.25,0,2,0,0,2.27390625
Refactoring,High,Tech Lead,Other,Critical,6,5,3,12,7,13,False,3,False,3.05,2,2,1,0,2.74206026
Client Meeting,High,Mid,JavaScript,Critical,8,5,2,16,9,13,False,0,False,4.45,2,0,2,1,2.64203842
Refactoring,High,Junior,C++,Medium,3,4,3,6,2,15,False,1,False,2.375,2,2,0,0,1.8938125
Deployment,High,Mid,Go,Critical,9,2,0,18,8,18,False,1,True,3.625,1,0,1,0,3.53302372
Deployment,Medium,Junior,Other,Low,11,2,0,22,2,18,False,1,True,2.375,1,1,0,0,5.34290625
Feature Dev,Medium,Tech Lead,Other,Medium,2,5,3,4,1,10,True,0,False,3.1,3,1,0,1,1.17829688
Deployment,Medium,Junior,JavaScript,High,11,3,0,22,1,15,True,1,True,2.08333333,2,1,0,0,4.65825938
Documentation,Medium,Junior,Python,Critical,1,3,3,2,8,17,False,3,False,2.91666667,2,0,1,0,0.90471698
Bug Fix,Low,Senior,C++,Low,10,3,3,20,7,17,False,2,True,1.5,3,0,0,0,5.2710625
Code Review,Medium,Senior,C++,Low,12,5,3,24,2,13,False,1,True,3.95,2,1,1,1,5.37494705
Client Meeting,Medium,Junior,Python,High,5,4,0,10,8,18,False,0,False,2.8125,1,3,0,0,1.726875
Deployment,High,Mid,Python,Critical,13,4,0,26,3,10,True,2,False,3.0,2,1,1,0,5.08267148
Testing,High,Senior,JavaScript,High,12,5,2,24,4,13,True,0,False,3.45,2,2,0,1,4.84609939
Testing,Medium,Senior,Go,Medium,2,3,1,4,6,16,False,2,True,5.0,1,0,1,1,0.98923
Documentation,Medium,Junior,Go,High,13,3,1,26,9,18,False,2,False,1.5,3,0,0,0,5.119875
Deployment,High,Mid,Python,Medium,4,4,0,8,3,15,False,1,False,4.5625,1,1,1,1,1.5561225
Bug Fix,Medium,Junior,Java,Low,2,3,1,4,6,15,True,2,False,5.0,1,0,1,1,1.0386915
Design Review,Low,Mid,Python,High,9,3,3,18,3,12,True,2,False,1.5,3,0,0,0,3.76795125
Client Meeting,High,Mid,Other,High,7,4,1,14,5,13,False,1,False,3.25,0,4,0,0,2.9278125
Design Review,Medium,Tech Lead,Other,Medium,13,3,3,26,1,14,False,1,False,5.58333333,0,1,1,1,4.4965
Client Meeting,Low,Senior,Python,Critical,11,2,2,22,2,9,True,0,False,2.375,1,1,0,0,3.73076156
Code Review,Low,Junior,Go,Low,6,3,0,12,3,14,True,2,False,2.66666667,1,2,0,0,2.63494
Documentation,Medium,Mid,C++,Medium,12,5,1,24,8,15,False,1,False,3.8,1,3,0,1,4.365725
Deployment,Medium,Senior,C++,Medium,6,4,2,12,9,13,False,1,False,4.5625,1,1,1,1,2.24595
Code Review,High,Senior,Java,Low,13,3,0,26,8,13,False,1,False,4.16666667,1,1,0,1,5.66529333
Documentation,High,Senior,C++,Low,4,5,1,8,4,17,False,3,False,4.8,1,1,2,1,1.9280426
Design Review,High,Mid,JavaScript,Low,2,5,2,4,8,16,True,2,True,4.25,0,3,2,0,1.50507877
Deployment,Low,Senior,Go,Low,9,2,1,18,6,12,False,2,True,1.5,2,0,0,0,4.4524975
Feature Dev,Medium,Mid,Java,Medium,13,2,3,26,7,16,True,3,False,4.5,0,1,1,0,5.30256563
Client Meeting,Low,Junior,Java,Critical,9,2,1,18,3,9,False,0,True,2.375,1,1,0,0,3.11021906
Documentation,Medium,Senior,JavaScript,High,2,2,2,4,1,10,False,0,False,5.75,0,0,2,0,0.79101
Client Meeting,High,Tech Lead,C++,Critical,8,3,1,16,4,14,False,2,True,3.5,1,1,1,0,3.38088286
Testing,High,Junior,JavaScript,Low,5,5,0,10,2,18,False,2,False,3.95,2,1,1,1,2.283325
Design Review,High,Junior,Go,Critical,4,3,3,8,6,13,False,1,False,3.5,1,1,1,0,1.82276338
Deployment,High,Mid,Go,High,11,4,2,22,1,17,False,0,False,2.8125,1,3,0,0,4.628025
Bug Fix,Medium,Junior,Go,High,5,4,3,10,8,12,True,3,False,2.375,2,2,0,0,2.55002344
Refactoring,Low,Senior,JavaScript,Low,4,5,0,8,8,9,True,1,False,2.2,3,2,0,0,1.760913
Feature Dev,Low,Senior,Other,High,13,3,0,26,8,11,True,2,True,2.08333333,2,1,0,0,5.0516235
Client Meeting,Medium,Senior,Java,Low,12,5,2,24,4,9,True,2,False,1.85,4,1,0,0,6.16741125
Bug Fix,Medium,Tech Lead,Other,Critical,10,3,3,20,3,9,False,1,False,3.58333333,2,0,0,1,3.38325677
Design Review,High,Tech Lead,JavaScript,Low,4,3,3,8,1,9,False,0,True,5.0,1,0,1,1,2.1668438
Testing,High,Junior,Go,Critical,2,3,0,4,8,17,False,3,False,5.58333333,0,1,1,1,0.810934
Refactoring,Medium,Junior,Java,Medium,3,3,2,6,6,15,False,3,True,4.91666667,0,1,2,0,1.589775
Testing,Low,Mid,Other,Low,6,3,0,12,1,12,False,0,False,4.16666667,1,1,0,1,2.01267
Refactoring,High,Mid,JavaScript,Low,1,4,3,2,6,13,False,1,False,3.4375,1,2,1,0,1.00021247
Testing,High,Senior,Python,Medium,1,4,3,2,4,13,True,3,False,5.0,0,2,1,1,0.993531
Client Meeting,Low,Tech Lead,Go,Low,11,2,3,22,7,10,False,0,False,1.5,2,0,0,0,4.972275
Client Meeting,High,Senior,Go,Critical,1,2,0,2,8,12,True,1,False,2.375,1,1,0,0,0.5
Feature Dev,Medium,Senior,Other,Medium,11,5,2,22,10,10,True,1,False,2.35,4,0,1,0,4.803246
Bug Fix,Medium,Tech Lead,Java,Critical,11,5,2,22,10,13,True,1,False,5.15,0,2,2,1,3.240846
Deployment,Medium,Mid,Python,Critical,2,5,1,4,2,18,True,0,False,3.1,3,1,0,1,0.76117978
Bug Fix,High,Junior,Python,High,4,3,0,8,2,12,True,0,False,2.66666667,1,2,0,0,1.68084
Bug Fix,Medium,Tech Lead,C++,Critical,5,2,0,10,2,12,False,3,False,2.375,1,1,0,0,1.91834375
Code Review,High,Junior,Other,High,10,3,0,20,7,12,False,1,False,4.75,0,2,0,1,3.46595625
Deployment,High,Tech Lead,JavaScript,Low,13,4,3,26,2,16,True,1,False,4.375,0,3,0,1,6.3141937
Design Review,Medium,Mid,Java,High,8,3,0,16,10,16,False,1,True,2.91666667,2,0,1,0,3.02374462
Client Meeting,High,Tech Lead,C++,High,2,2,1,4,8,14,False,0,True,2.375,1,1,0,0,1.03943812
Code Review,Low,Mid,Go,Medium,12,3,0,24,7,13,True,3,False,2.66666667,1,2,0,0,4.6893
Code Review,Low,Junior,C++,Medium,7,2,2,14,9,9,True,1,False,2.375,1,1,0,0,3.0085125
Deployment,Medium,Senior,Go,Low,7,3,0,14,1,12,True,2,False,2.91666667,2,0,1,0,3.20700187
Documentation,Medium,Tech Lead,Go,Critical,8,2,1,16,9,13,False,3,False,3.625,1,0,1,0,2.76490922
Deployment,Medium,Senior,JavaScript,Critical,5,2,1,10,9,13,False,1,False,3.625,1,0,1,0,1.70439609
Testing,Low,Tech Lead,Java,Critical,2,2,0,4,9,12,True,0,False,1.5,2,0,0,0,0.658665
Feature Dev,High,Senior,C++,Low,2,3,1,4,7,18,False,1,False,4.08333333,0,2,1,0,1.11834938
Documentation,High,Mid,Go,Low,3,3,1,6,5,9,True,0,False,2.08333333,2,1,0,0,1.75978688
Client Meeting,High,Senior,C++,High,4,2,2,8,1,16,False,0,True,1.5,2,0,0,0,2.171565
Code Review,Medium,Junior,JavaScript,Low,8,2,1,16,3,9,False,2,False,4.5,0,1,1,0,3.31436875
Deployment,Low,Mid,Go,High,12,4,1,24,5,11,True,1,False,2.8125,1,3,0,0,4.14320484
Design Review,High,Mid,Java,Critical,2,2,1,4,1,9,False,1,False,1.5,2,0,0,0,1.0193625
Feature Dev,Medium,Senior,C++,Critical,8,5,1,16,10,10,True,1,False,3.05,2,2,1,0,2.82994681
Deployment,Medium,Junior,Go,Medium,12,4,0,24,2,15,True,3,False,2.5625,3,0,1,0,5.04825891
Deployment,High,Junior,C++,Critical,5,3,3,10,7,14,False,2,True,2.66666667,1,2,0,0,2.66630833
Documentation,High,Senior,Java,Critical,2,5,0,4,2,17,False,0,False,3.95,2,1,1,1,0.6492946
Deployment,Medium,Mid,Other,Critical,7,2,3,14,9,13,False,3,True,3.625,1,0,1,0,2.95807411
Deployment,Low,Senior,Go,Medium,3,5,0,6,4,10,True,1,False,3.1,3,1,0,1,1.11231225
Refactoring,Medium,Junior,Java,Low,8,3,2,16,1,11,False,0,False,3.5,1,1,1,0,3.4544125
Design Review,Medium,Mid,Other,Critical,8,5,2,16,10,18,False,3,False,3.1,3,1,0,1,2.8997325
Testing,Low,Senior,C++,Critical,11,2,1,22,4,14,False,0,False,3.25,0,2,0,0,3.27515625
Testing,High,Senior,Other,Medium,9,2,1,18,9,16,False,1,False,3.625,1,0,1,0,3.91231312
Documentation,Medium,Tech Lead,Python,High,5,4,0,10,6,12,True,3,False,3.0,2,1,1,0,2.00288025
Design Review,High,Junior,C++,High,6,2,2,12,10,11,True,0,True,2.375,1,1,0,0,3.12122869
Refactoring,Medium,Junior,Java,High,4,3,2,8,2,12,False,0,False,2.91666667,2,0,1,0,1.58267625
Code Review,High,Junior,Other,Critical,9,5,3,18,2,14,False,0,True,4.3,1,2,1,1,3.49426143
Documentation,Medium,Senior,C++,Medium,4,4,1,8,5,9,False,1,False,2.8125,1,3,0,0,1.77484375
Design Review,Medium,Junior,Go,High,11,2,2,22,8,14,True,3,False,5.75,0,0,2,0,3.775275
Feature Dev,Medium,Tech Lead,Go,Medium,4,4,0,8,7,14,True,1,False,3.0,2,1,1,0,1.6448775
Client Meeting,High,Tech Lead,Python,Critical,1,4,0,2,6,11,True,1,False,2.8125,1,3,0,0,0.5
Feature Dev,Medium,Tech Lead,Go,High,7,2,3,14,1,11,False,2,False,2.375,1,1,0,0,3.04678125
Documentation,Medium,Junior,Go,Medium,8,3,1,16,5,14,False,1,True,4.91666667,0,1,2,0,3.04706875
Client Meeting,Medium,Mid,Go,Medium,11,3,2,22,7,18,False,0,False,4.16666667,1,1,0,1,3.98129167
Design Review,Medium,Senior,Other,Medium,1,3,3,2,10,12,True,3,False,2.91666667,2,0,1,0,1.11759156
Design Review,High,Senior,Other,High,8,2,1,16,7,9,True,2,False,3.625,1,0,1,0,3.39395392
Testing,High,Junior,Other,Critical,8,2,2,16,3,17,False,2,False,1.5,2,0,0,0,3.641825
Client Meeting,Medium,Tech Lead,C++,Medium,4,5,0,8,10,10,False,1,True,2.55,2,3,0,0,1.818575
Code Review,Medium,Junior,JavaScript,Critical,3,3,2,6,6,12,False,0,False,4.08333333,0,2,1,0,1.10792188
Bug Fix,Medium,Junior,Python,Critical,12,4,2,24,10,11,True,2,False,4.5625,1,1,1,1,3.79425178
Deployment,Low,Junior,Other,High,3,5,1,6,1,15,False,0,False,2.9,1,4,0,0,1.057185
Deployment,Medium,Mid,JavaScript,Medium,6,4,3,12,5,15,True,0,False,2.8125,1,3,0,0,2.87092969
Documentation,Medium,Mid,JavaScript,Critical,3,4,1,6,8,17,True,1,False,3.0,2,1,1,0,1.19253619
Refactoring,Medium,Mid,Other,Low,5,4,3,10,10,11,True,1,False,1.5,4,0,0,0,3.01888125
Documentation,Medium,Mid,C++,Medium,5,3,1,10,5,9,False,2,False,2.08333333,2,1,0,0,2.34020833
Refactoring,Medium,Mid,C++,High,8,2,1,16,2,10,False,0,True,2.375,1,1,0,0,3.25431563
Deployment,High,Tech Lead,C++,Low,9,4,0,18,10,13,False,0,False,4.125,2,0,1,1,3.7445265
Design Review,Low,Junior,Go,High,11,5,1,22,1,17,True,1,False,3.1,3,1,0,1,3.57165349
Design Review,Medium,Mid,Go,Medium,11,2,0,22,4,10,False,2,False,2.375,1,1,0,0,4.51375
Documentation,Medium,Mid,Go,High,4,4,0,8,10,14,False,3,True,3.0,2,1,1,0,1.7333415
Documentation,Medium,Senior,Python,Low,10,4,1,20,1,14,True,1,False,4.5625,1,1,1,1,3.93743109
Design Review,High,Mid,Python,High,5,5,3,10,8,12,False,1,False,3.8,1,3,0,1,2.2174425
Design Review,High,Junior,JavaScript,High,8,2,3,16,5,17,True,1,False,3.625,1,0,1,0,3.56238835
Testing,High,Mid,C++,Medium,3,2,0,6,5,15,False,3,False,4.5,0,1,1,0,1.4259
Bug Fix,Medium,Senior,JavaScript,Critical,5,4,2,10,5,9,True,0,False,4.375,0,3,0,1,1.71853664
Design Review,Medium,Senior,Java,Critical,12,3,3,24,10,17,True,0,False,1.5,3,0,0,0,4.80276563
Code Review,Low,Mid,Go,Critical,3,4,2,6,7,12,False,0,False,3.9375,1,2,0,1,1.00639734
Bug Fix,High,Senior,Other,Low,3,2,1,6,5,17,False,3,True,5.75,0,0,2,0,1.7692257
Feature Dev,High,Tech Lead,Go,High,1,2,1,2,9,10,False,0,False,3.625,1,0,1,0,0.5
Client Meeting,Low,Tech Lead,JavaScript,High,4,2,1,8,10,9,True,2,False,1.5,2,0,0,0,1.73383875
Testing,Medium,Tech Lead,JavaScript,Medium,9,4,0,18,4,15,False,2,False,3.0,2,1,1,0,3.5017
Documentation,High,Senior,Java,Critical,10,3,2,20,10,9,True,0,False,3.5,1,1,1,0,3.92389856
Testing,High,Tech Lead,Other,Critical,2,4,3,4,9,16,False,1,False,3.0,2,1,1,0,1.15141425
Client Meeting,Medium,Tech Lead,Other,Medium,5,2,2,10,1,12,False,0,False,4.5,0,1,1,0,1.952125
Documentation,Low,Junior,Java,Low,11,3,3,22,10,9,True,2,False,2.08333333,2,1,0,0,5.30236438
Refactoring,Medium,Senior,JavaScript,Critical,7,4,0,14,1,18,False,1,False,1.9375,3,1,0,0,2.47270313
Documentation,Medium,Junior,C++,Critical,3,3,3,6,4,11,False,1,False,2.66666667,1,2,0,0,1.43791667
Refactoring,Medium,Junior,C++,High,7,5,1,14,4,17,False,3,False,3.45,2,2,0,1,2.57729063
Feature Dev,High,Tech Lead,Other,Critical,13,4,2,26,9,12,True,1,False,3.625,2,0,2,0,4.91761029
Design Review,Medium,Senior,Java,Medium,7,5,1,14,7,17,True,3,False,2.7,3,1,1,0,3.19427063
Refactoring,Medium,Senior,Other,High,12,5,1,24,7,16,False,2,False,2.7,3,1,1,0,4.33859175
Refactoring,Low,Junior,Go,Medium,6,2,3,12,6,14,False,3,False,1.5,2,0,0,0,2.98275
Refactoring,Medium,Mid,Python,Medium,2,3,2,4,4,16,False,3,True,5.58333333,0,1,1,1,1.20428
Client Meeting,Medium,Junior,Other,Critical,5,2,1,10,7,17,True,2,False,2.375,1,1,0,0,2.05804922
Refactoring,Medium,Junior,JavaScript,Critical,11,3,3,22,4,15,True,0,False,3.5,1,1,1,0,3.88385878
Bug Fix,Low,Senior,Other,Low,2,3,1,4,1,17,True,2,True,1.5,3,0,0,0,1.39342088
Deployment,Medium,Tech Lead,JavaScript,Low,6,5,2,12,6,12,True,0,True,2.2,3,2,0,0,3.3960465
Bug Fix,High,Tech Lead,JavaScript,High,10,3,2,20,10,16,True,2,False,3.5,1,1,1,0,4.32429638
Client Meeting,High,Tech Lead,Other,Medium,11,5,1,22,4,12,True,2,False,3.9,1,2,2,0,4.83240135
Bug Fix,High,Senior,Other,Medium,13,2,2,26,2,15,True,1,False,2.375,1,1,0,0,6.57339375
Testing,Medium,Mid,C++,Medium,3,2,1,6,8,17,False,1,True,2.375,1,1,0,0,1.56509375
Design Review,Medium,Mid,Other,High,9,2,0,18,9,10,True,1,False,4.5,0,1,1,0,2.96765438
Documentation,High,Junior,Python,Medium,5,5,1,10,10,10,False,1,False,4.45,2,0,2,1,1.99148625
Refactoring,Low,Mid,C++,Medium,9,2,0,18,7,17,True,0,True,1.5,2,0,0,0,3.835755
Refactoring,Medium,Tech Lead,C++,High,5,4,1,10,9,16,False,1,True,3.875,0,3,1,0,1.95811172
Documentation,High,Senior,Java,Medium,2,4,1,4,5,17,False,1,True,4.0625,1,1,2,0,1.08502144
Feature Dev,High,Mid,Go,Low,4,3,1,8,8,9,False,1,False,3.5,1,1,1,0,2.06277775
Feature Dev,Medium,Junior,Java,Critical,7,2,0,14,9,18,False,2,False,4.5,0,1,1,0,2.1643125
Client Meeting,Medium,Tech Lead,C++,Critical,9,2,3,18,10,10,False,0,False,5.75,0,0,2,0,2.7505575
Refactoring,High,Senior,Go,Medium,3,5,2,6,9,10,True,3,False,2.55,2,3,0,0,2.0218275
Client Meeting,High,Mid,JavaScript,Low,4,5,2,8,3,13,False,1,False,3.95,2,1,1,1,2.0458592
Feature Dev,Low,Senior,Go,Medium,12,2,3,24,1,13,True,2,False,2.375,1,1,0,0,5.12065313
Client Meeting,High,Junior,JavaScript,Medium,3,2,2,6,6,16,False,0,False,3.25,0,2,0,0,1.575
Code Review,Low,Mid,C++,Medium,2,5,2,4,6,9,False,3,False,3.45,2,2,0,1,1.163085
Code Review,Medium,Junior,Go,Critical,2,4,0,4,8,10,False,1,False,3.5,2,1,0,1,0.67224375
Deployment,Low,Senior,C++,Critical,13,3,1,26,1,14,False,1,False,2.08333333,2,1,0,0,4.17303958
Deployment,Medium,Tech Lead,C++,Critical,8,3,3,16,9,17,False,2,False,4.08333333,0,2,1,0,2.84366615
Deployment,High,Mid,Python,Low,5,4,1,10,4,11,False,0,False,3.875,0,3,1,0,2.36907344
Documentation,High,Mid,Go,Critical,9,2,3,18,5,9,True,3,True,2.375,1,1,0,0,4.7107433
Client Meeting,High,Junior,Python,Critical,7,5,0,14,5,9,False,0,False,3.05,2,2,1,0,2.51550828
Deployment,Low,Mid,Java,Critical,8,5,2,16,1,15,False,0,False,2.2,3,2,0,0,2.67597
Design Review,Medium,Tech Lead,Go,Medium,7,2,2,14,10,9,True,2,False,2.375,1,1,0,0,3.40003125
Bug Fix,High,Junior,Java,Medium,5,3,0,10,2,14,False,2,False,5.0,1,0,1,1,1.955
Bug Fix,High,Tech Lead,Python,High,10,5,2,20,7,17,False,2,False,3.05,2,2,1,0,4.21855425
Client Meeting,Medium,Junior,JavaScript,Low,12,3,1,24,4,15,False,1,False,5.0,1,0,1,1,4.34401
Feature Dev,High,Mid,Python,Medium,2,2,2,4,9,18,False,1,False,2.375,1,1,0,0,1.29525
Testing,High,Mid,Other,Critical,10,4,2,20,7,15,True,0,False,2.375,2,2,0,0,4.29125156
Design Review,High,Junior,Java,Low,9,4,0,18,8,18,False,3,True,2.8125,1,3,0,0,5.15414625
Documentation,High,Tech Lead,Go,Low,3,4,2,6,9,15,False,0,False,3.4375,1,2,1,0,1.66371975
Refactoring,High,Senior,Go,Medium,11,3,2,22,2,18,False,1,True,2.08333333,2,1,0,0,5.980975
Deployment,Low,Junior,Java,Medium,13,4,0,26,9,12,False,0,False,3.5,2,1,0,1,4.11255
Feature Dev,Medium,Senior,Other,Medium,2,4,3,4,2,17,True,2,False,2.375,2,2,0,0,1.49395312
Deployment,High,Senior,C++,Critical,8,4,1,16,8,16,False,2,False,5.0,0,2,1,1,2.678741
Refactoring,Low,Senior,Java,Low,4,4,1,8,10,11,False,3,True,2.375,2,2,0,0,2.24402063
Bug Fix,Medium,Mid,Java,Low,2,4,0,4,8,15,False,0,True,2.375,2,2,0,0,0.94985
Documentation,High,Junior,Java,Low,5,4,2,10,8,15,False,2,False,3.4375,1,2,1,0,2.77286625
Design Review,Low,Senior,C++,Low,12,5,1,24,1,12,False,2,False,2.55,2,3,0,0,4.9957325
Feature Dev,Medium,Junior,JavaScript,Medium,9,5,3,18,2,14,True,3,True,4.25,0,3,2,0,4.19148056
Client Meeting,High,Junior,Go,Critical,3,5,3,6,4,10,True,0,False,3.05,2,2,1,0,1.50110222
Testing,High,Senior,Go,Medium,8,3,0,16,10,9,True,3,False,3.5,1,1,1,0,3.74960775
Bug Fix,High,Senior,Java,Critical,3,5,1,6,3,15,False,3,False,4.8,1,1,2,1,1.1905797
Design Review,High,Senior,Java,High,9,4,1,18,1,11,False,1,False,3.4375,1,2,1,0,3.55701122
Testing,High,Senior,Other,Medium,7,4,1,14,7,10,True,3,False,3.625,2,0,2,0,3.32797894
Refactoring,Low,Junior,Python,Medium,2,3,1,4,6,10,False,1,False,4.16666667,1,1,0,1,0.82167083
Refactoring,High,Junior,Go,High,2,3,3,4,8,13,False,1,True,2.66666667,1,2,0,0,1.40679
Bug Fix,High,Junior,Go,Low,3,4,1,6,1,16,False,3,False,4.5625,1,1,1,1,1.61467763
Feature Dev,High,Mid,Go,High,7,5,2,14,7,9,True,0,False,3.05,2,2,1,0,3.05721108
Refactoring,Low,Junior,Java,High,1,2,3,2,8,15,True,0,False,2.375,1,1,0,0,0.75109781
Design Review,Low,Mid,Other,Critical,13,2,3,26,7,11,False,1,False,3.25,0,2,0,0,4.16765625
Documentation,Medium,Mid,Python,High,5,5,0,10,6,12,True,0,True,3.1,3,1,0,1,1.86642225
Refactoring,Medium,Junior,JavaScript,Medium,9,5,1,18,10,11,False,2,False,4.45,2,0,2,1,3.08485125
Refactoring,Medium,Tech Lead,JavaScript,Medium,6,4,1,12,7,15,True,2,True,3.0,2,1,1,0,2.92691438
Bug Fix,High,Senior,Java,Critical,9,3,3,18,8,9,False,2,False,2.91666667,2,0,1,0,3.7683429
Testing,Low,Junior,Other,Critical,13,3,2,26,10,15,False,2,False,2.66666667,1,2,0,0,4.25623333
Feature Dev,Low,Mid,Python,Medium,9,5,3,18,5,17,True,0,False,2.55,2,3,0,0,3.76795125
Client Meeting,Low,Junior,Java,Medium,13,3,2,26,9,10,False,3,False,4.16666667,1,1,0,1,4.4726
Bug Fix,High,Mid,Go,Critical,8,4,0,16,3,11,False,3,False,2.375,2,2,0,0,3.31956875
Client Meeting,Medium,Tech Lead,Java,Medium,3,2,0,6,5,13,False,2,False,3.25,0,2,0,0,1.3125
Bug Fix,Medium,Tech Lead,Python,Low,13,5,1,26,5,15,False,1,False,2.7,3,1,1,0,5.61161975
Documentation,High,Senior,Python,Low,1,4,3,2,4,10,False,2,False,3.0,2,1,1,0,1.1251515
Bug Fix,High,Tech Lead,Python,Critical,5,3,3,10,10,12,False,3,False,4.33333333,1,0,2,0,2.15263917
Design Review,Medium,Mid,C++,High,8,2,2,16,6,13,True,2,False,2.375,1,1,0,0,3.43094063
Feature Dev,High,Tech Lead,Python,Critical,2,5,2,4,8,17,False,2,False,4.65,0,3,1,1,0.9633067
Client Meeting,Low,Senior,Python,Medium,6,3,3,12,2,13,False,0,False,2.08333333,2,1,0,0,2.599125
Testing,High,Junior,Java,Medium,3,4,3,6,4,11,True,1,False,4.5625,1,1,1,1,1.62550631
Bug Fix,Medium,Tech Lead,Other,Critical,11,2,3,22,4,12,False,1,False,1.5,2,0,0,0,4.3126875
Deployment,High,Mid,C++,Low,1,2,2,2,6,12,True,0,False,3.625,1,0,1,0,0.78228439
Design Review,Medium,Senior,JavaScript,High,2,3,0,4,8,14,True,1,False,2.66666667,1,2,0,0,0.82215
Client Meeting,High,Tech Lead,C++,Medium,8,4,0,16,9,11,False,3,False,3.0,2,1,1,0,3.66757
Documentation,Medium,Tech Lead,Other,High,7,2,3,14,7,10,True,3,False,2.375,1,1,0,0,3.29184844
Refactoring,Medium,Senior,C++,Low,11,2,1,22,9,12,False,0,False,1.5,2,0,0,0,5.130125
Documentation,Low,Tech Lead,Go,Critical,6,4,2,12,8,11,False,3,False,2.375,2,2,0,0,2.3020125
Refactoring,High,Tech Lead,C++,Low,5,2,3,10,2,10,False,0,False,3.625,1,0,1,0,2.69584219
Design Review,Medium,Junior,JavaScript,High,12,2,1,24,3,10,False,1,True,1.5,2,0,0,0,5.1244875
Deployment,High,Senior,Java,Low,12,2,0,24,9,18,False,3,False,2.375,1,1,0,0,6.2819625
Refactoring,High,Tech Lead,Python,Medium,8,5,0,16,6,18,True,0,False,3.05,2,2,1,0,3.5513058
Documentation,Low,Senior,C++,High,8,2,1,16,9,9,False,1,False,1.5,2,0,0,0,2.887425
Bug Fix,Medium,Tech Lead,Java,Medium,11,2,3,22,2,12,False,1,True,2.375,1,1,0,0,5.34290625
Refactoring,Medium,Senior,Go,High,2,3,3,4,8,11,False,2,False,4.08333333,0,2,1,0,1.13399063
Bug Fix,Low,Junior,Java,High,12,4,0,24,9,13,False,3,True,3.5,2,1,0,1,4.01922675
Bug Fix,High,Mid,C++,Medium,11,2,0,22,5,18,True,3,False,4.5,0,1,1,0,4.776765
Deployment,High,Mid,Python,Low,6,4,2,12,8,10,False,0,False,3.9375,1,2,0,1,2.88792281
Refactoring,Medium,Tech Lead,Other,Critical,9,5,3,18,5,16,True,0,False,3.95,2,1,1,1,3.00122314
Code Review,Medium,Senior,Java,Low,9,4,1,18,8,12,True,3,False,4.5625,1,1,1,1,3.75214022
Refactoring,Medium,Senior,JavaScript,Low,13,5,2,26,6,10,False,0,False,2.7,3,1,1,0,5.6631025
Client Meeting,High,Junior,Python,High,12,3,1,24,4,18,True,2,False,3.5,1,1,1,0,4.97718034
Refactoring,Medium,Junior,Go,Low,13,4,0,26,6,13,False,3,False,2.375,2,2,0,0,5.9365625
Bug Fix,Medium,Tech Lead,Java,Low,1,4,0,2,9,18,True,2,False,3.875,0,3,1,0,0.60919031
Deployment,High,Mid,Go,Critical,4,4,1,8,5,10,True,0,False,3.4375,1,2,1,0,1.59896702
Testing,High,Senior,JavaScript,Medium,11,4,3,22,4,10,True,1,True,5.0,0,2,1,1,5.0670081
Documentation,Medium,Mid,Go,Critical,10,4,3,20,9,11,True,1,False,4.5625,1,1,1,1,3.25732936
Refactoring,Medium,Tech Lead,Go,Critical,9,2,0,18,7,18,False,1,False,3.625,1,0,1,0,2.80278469
Documentation,High,Junior,C++,Critical,4,5,3,8,10,18,False,0,False,3.4,1,3,1,0,1.75593765
Client Meeting,High,Senior,C++,Medium,1,2,3,2,7,10,False,0,False,2.375,1,1,0,0,0.8929375
Feature Dev,High,Tech Lead,Java,Medium,6,3,2,12,10,11,False,1,False,4.08333333,0,2,1,0,2.74590833
Refactoring,Low,Junior,Other,Critical,9,4,3,18,1,18,True,0,False,3.0625,3,0,0,1,2.96244875
Bug Fix,High,Tech Lead,JavaScript,Critical,7,2,3,14,8,14,False,0,False,3.25,0,2,0,0,2.92453125
Feature Dev,Medium,Senior,Java,Medium,10,3,0,20,1,14,False,1,False,2.08333333,2,1,0,0,4.08291667
Testing,High,Junior,Go,High,12,3,3,24,3,12,False,0,True,4.08333333,0,2,1,0,5.13580444
Code Review,Medium,Mid,JavaScript,Low,11,3,0,22,7,14,True,2,True,3.5,1,1,1,0,5.24379818
Documentation,Medium,Mid,C++,High,4,2,3,8,7,18,False,3,False,3.625,1,0,1,0,1.88486156
Code Review,Low,Mid,Other,Low,2,2,1,4,8,15,True,2,True,3.25,0,2,0,0,1.27447031
Testing,High,Tech Lead,Other,High,4,2,2,8,2,15,True,3,False,3.25,0,2,0,0,2.1616875
Refactoring,High,Senior,Go,High,6,5,0,12,2,15,True,0,False,4.3,1,2,1,1,2.12359644
Deployment,High,Tech Lead,Java,Low,3,3,0,6,7,15,False,2,False,4.08333333,0,2,1,0,1.51024958
Testing,Medium,Junior,C++,High,4,5,3,8,3,14,False,3,False,2.55,2,3,0,0,2.0568375
Feature Dev,Medium,Tech Lead,Java,Critical,6,4,1,12,4,11,True,1,False,3.625,2,0,2,0,2.04258108
Code Review,Low,Senior,Other,Critical,5,2,0,10,4,15,True,0,True,3.25,0,2,0,0,1.65670313
Feature Dev,High,Senior,C++,Critical,13,5,1,26,9,9,False,1,True,3.05,2,2,1,0,5.35365783
Refactoring,Medium,Junior,Go,Low,3,3,3,6,8,16,False,0,True,4.33333333,1,0,2,0,1.6577605
Code Review,Medium,Junior,Go,Medium,8,2,0,16,5,9,False,1,False,3.625,1,0,1,0,2.94091875
Documentation,High,Mid,Python,Medium,9,2,0,18,2,9,False,3,False,3.25,0,2,0,0,4.1625
Documentation,High,Senior,Java,Low,5,3,2,10,7,10,False,1,True,4.91666667,0,1,2,0,2.62312875
Documentation,High,Junior,Python,High,10,4,0,20,5,10,False,0,True,3.0,2,1,1,0,4.196511
Code Review,Low,Junior,C++,Medium,1,2,3,2,5,11,False,2,True,2.375,1,1,0,0,1.09016875
Refactoring,High,Junior,C++,High,4,5,2,8,5,11,False,2,False,3.9,1,2,2,0,1.7915742
Design Review,Medium,Senior,Java,Low,9,2,1,18,4,11,False,0,False,2.375,1,1,0,0,4.04765625
Code Review,Medium,Mid,C++,Medium,8,5,0,16,3,15,False,2,True,3.05,2,2,1,0,3.4373405
Design Review,Medium,Tech Lead,C++,Medium,6,2,0,12,4,16,True,0,True,2.375,1,1,0,0,2.720025
Feature Dev,Low,Mid,Other,High,7,2,3,14,5,18,False,3,False,1.5,2,0,0,0,3.016575
Feature Dev,High,Mid,JavaScript,High,10,2,1,20,1,12,True,1,True,3.25,0,2,0,0,4.72647656
Client Meeting,Medium,Tech Lead,Python,Critical,6,3,1,12,8,14,False,1,False,3.5,1,1,1,0,2.02105563
Feature Dev,High,Senior,Python,Medium,11,2,1,22,9,16,True,1,True,2.375,1,1,0,0,6.01805531
Refactoring,Medium,Junior,Java,Low,4,4,3,8,4,16,True,2,False,2.375,2,2,0,0,2.55002344
Testing,Low,Mid,Java,Low,1,5,1,2,9,14,True,2,False,3.1,3,1,0,1,0.73619989
Client Meeting,Low,Mid,JavaScript,Critical,2,3,1,4,8,15,False,2,True,4.16666667,1,1,0,1,0.84746452
Feature Dev,Medium,Junior,JavaScript,Critical,7,3,3,14,6,14,False,1,False,4.16666667,1,1,0,1,2.41206979
Client Meeting,Medium,Tech Lead,Go,High,8,5,0,16,9,14,False,2,False,3.6,3,0,1,1,2.589984
Testing,Medium,Mid,C++,Low,7,5,1,14,9,17,True,2,True,3.4,1,3,1,0,3.61027186
Client Meeting,High,Senior,JavaScript,High,11,3,1,22,6,12,False,0,False,2.08333333,2,1,0,0,4.6694625
Bug Fix,High,Senior,Other,Medium,2,2,0,4,9,13,False,2,False,4.5,0,1,1,0,0.9506
Design Review,High,Junior,C++,Medium,8,5,2,16,6,15,True,0,False,3.4,1,3,1,0,3.7698759
Deployment,High,Tech Lead,C++,Low,6,3,1,12,1,15,False,1,False,2.91666667,2,0,1,0,3.06446846
Client Meeting,Medium,Tech Lead,Other,Critical,6,2,1,12,10,12,False,0,False,3.25,0,2,0,0,2.03203125
Bug Fix,High,Mid,Other,High,8,4,2,16,8,18,True,0,False,3.4375,1,2,1,0,3.38604781
Design Review,Medium,Tech Lead,Java,Medium,1,3,1,2,3,12,False,1,True,5.0,1,0,1,1,0.55913
Documentation,High,Senior,Other,Low,11,2,1,22,9,11,False,2,False,4.5,0,1,1,0,5.05091125
Testing,High,Senior,Other,Medium,11,5,2,22,3,13,False,1,True,4.15,0,4,0,1,5.09233725
Documentation,High,Senior,Python,Critical,9,4,1,18,2,12,False,0,True,4.5,0,2,2,0,3.29917088
Code Review,Medium,Senior,C++,Low,3,3,3,6,2,13,True,3,True,4.16666667,1,1,0,1,2.09862778
Bug Fix,Medium,Tech Lead,Other,Critical,10,3,1,20,9,10,False,2,True,3.5,1,1,1,0,3.64934006
Feature Dev,Low,Senior,Go,Critical,11,2,2,22,8,15,False,3,True,2.375,1,1,0,0,4.1836575
Design Review,Medium,Junior,Other,High,6,5,1,12,3,18,True,1,True,4.3,1,2,1,1,2.24285639
Testing,High,Junior,Python,Low,10,3,1,20,6,13,True,2,False,2.66666667,1,2,0,0,5.526675
Feature Dev,Medium,Junior,Python,Critical,9,3,1,18,1,17,False,1,False,2.08333333,2,1,0,0,3.25886458
Code Review,Low,Junior,Python,Critical,7,2,1,14,4,9,False,0,False,2.375,1,1,0,0,2.22694688
Documentation,Medium,Mid,C++,High,8,3,1,16,2,10,False,2,False,2.91666667,2,0,1,0,2.95710562
Code Review,Low,Mid,Go,Critical,13,2,1,26,8,10,False,1,False,3.25,0,2,0,0,3.92859375
Testing,High,Junior,Other,Low,10,2,0,20,3,13,True,2,True,3.625,1,0,1,0,5.43481785
Deployment,High,Mid,JavaScript,High,4,3,2,8,1,15,False,3,False,2.08333333,2,1,0,0,2.18685
Code Review,High,Mid,Other,Critical,5,4,3,10,7,11,False,0,False,2.375,2,2,0,0,2.29367188
Deployment,High,Junior,Other,Critical,7,4,3,14,7,10,True,3,True,3.0,2,1,1,0,3.59159002
Client Meeting,Low,Junior,JavaScript,Critical,13,2,0,26,4,15,False,3,False,2.375,1,1,0,0,4.15363125
Client Meeting,Medium,Junior,C++,Low,5,3,2,10,9,16,False,2,False,4.08333333,0,2,1,0,2.38963542
Code Review,High,Junior,Go,Low,5,2,2,10,7,14,True,1,False,4.5,0,1,1,0,2.64682688
Client Meeting,Medium,Senior,C++,Critical,13,5,2,26,6,17,False,1,False,3.45,2,2,0,1,4.194155
Code Review,Medium,Senior,Python,Medium,8,4,3,16,8,17,False,3,False,4.125,2,0,1,1,3.2478875
Feature Dev,High,Junior,C++,Low,8,2,2,16,5,11,True,1,False,2.375,1,1,0,0,4.6240425
Documentation,Medium,Mid,Go,Low,3,2,2,6,3,17,False,2,False,1.5,2,0,0,0,1.91675
Documentation,Medium,Tech Lead,JavaScript,Low,8,4,0,16,6,14,True,3,False,3.5,2,1,0,1,3.55234688
Testing,High,Senior,Java,Medium,4,3,1,8,7,14,False,3,False,4.08333333,0,2,1,0,1.98991458
Design Review,Medium,Mid,Java,Low,4,2,3,8,3,17,False,1,False,3.625,1,0,1,0,2.10765844
Design Review,High,Tech Lead,C++,Low,9,3,3,18,2,18,True,2,False,2.66666667,1,2,0,0,5.348035
Refactoring,Low,Tech Lead,Java,Critical,5,4,1,10,6,13,True,2,False,3.0625,3,0,0,1,1.72608803
Refactoring,Low,Mid,Java,High,11,4,2,22,2,11,True,2,False,2.375,2,2,0,0,4.13567438
Documentation,Low,Mid,C++,High,6,3,0,12,6,18,True,0,False,2.08333333,2,1,0,0,2.032695
Documentation,High,Tech Lead,Other,Critical,8,2,1,16,3,11,False,0,True,3.625,1,0,1,0,3.191387
Code Review,High,Junior,C++,Low,3,2,1,6,5,15,False,2,False,2.375,1,1,0,0,1.86731875
Documentation,High,Junior,Other,Low,11,2,3,22,8,15,True,2,False,2.375,1,1,0,0,6.47139281
Bug Fix,High,Mid,Other,Medium,7,4,0,14,4,18,True,2,False,3.5,2,1,0,1,3.15559125
Testing,Medium,Junior,C++,Critical,1,5,0,2,2,12,True,0,False,1.85,4,1,0,0,0.5
Documentation,Low,Senior,C++,Medium,2,3,2,4,5,12,False,2,False,3.58333333,2,0,0,1,1.06724583
Client Meeting,Medium,Junior,Other,Medium,6,3,0,12,6,11,False,0,True,3.5,1,1,1,0,2.36874
Client Meeting,High,Junior,C++,High,4,2,0,8,8,12,False,2,False,4.5,0,1,1,0,1.558305
Code Review,Low,Junior,Python,Medium,13,5,1,26,5,11,True,0,False,2.9,1,4,0,0,4.8432825
Feature Dev,High,Mid,C++,Critical,5,5,2,10,6,18,False,1,False,3.05,2,2,1,0,2.10927712
Deployment,Low,Tech Lead,Other,Medium,9,2,0,18,9,9,False,2,False,2.375,1,1,0,0,3.3755
Client Meeting,Low,Senior,C++,Critical,5,4,1,10,2,9,False,3,False,3.5,2,1,0,1,1.68060938
Documentation,Medium,Senior,Java,Critical,1,2,2,2,7,15,True,0,False,2.375,1,1,0,0,0.61303594
Design Review,Low,Senior,C++,Low,6,4,3,12,7,9,False,3,False,2.375,2,2,0,0,3.14098125
Bug Fix,Medium,Mid,Go,Low,7,5,1,14,2,12,True,0,False,3.6,3,0,1,1,2.8838964
Code Review,Low,Tech Lead,Go,High,6,3,3,12,10,16,False,3,True,3.58333333,2,0,0,1,2.52018731
Bug Fix,Medium,Junior,JavaScript,Medium,1,5,0,2,10,9,True,0,False,3.4,1,3,1,0,0.5
Client Meeting,Medium,Mid,JavaScript,Low,11,4,3,22,5,18,False,3,False,2.375,2,2,0,0,5.55878125
Code Review,High,Mid,C++,Critical,7,4,3,14,10,9,True,3,False,3.5,2,1,0,1,3.11360897
Refactoring,Medium,Junior,JavaScript,High,5,5,0,10,2,12,True,3,False,3.05,2,2,1,0,1.99760951
Feature Dev,High,Senior,Java,Low,6,2,3,12,3,12,True,1,False,3.625,1,0,1,0,3.40705437
Testing,Medium,Mid,Other,Critical,3,5,0,6,2,11,False,2,False,3.05,2,2,1,0,1.09369925
Documentation,Low,Junior,C++,High,3,3,1,6,8,12,False,1,True,2.66666667,1,2,0,0,1.27281
Bug Fix,Low,Mid,Java,Low,8,2,3,16,5,12,False,1,True,2.375,1,1,0,0,4.07248188
Client Meeting,Medium,Mid,JavaScript,High,9,4,1,18,2,12,False,2,False,4.125,2,0,1,1,2.92309875
Deployment,Low,Tech Lead,Python,Medium,5,3,2,10,10,12,False,2,True,4.75,0,2,0,1,2.07301875
Refactoring,Medium,Junior,Other,Low,9,3,2,18,1,14,True,2,False,5.0,1,0,1,1,3.703161
Feature Dev,Low,Junior,Java,High,3,3,2,6,8,10,False,2,False,4.16666667,1,1,0,1,1.2045525
Client Meeting,Low,Tech Lead,C++,Medium,12,3,1,24,1,15,True,1,False,2.08333333,2,1,0,0,4.77850625
Testing,High,Tech Lead,Java,Low,13,3,0,26,9,11,True,0,False,2.66666667,1,2,0,0,6.67667
Client Meeting,High,Mid,Java,High,9,4,0,18,7,13,False,0,False,2.375,2,2,0,0,3.6561375
Client Meeting,Medium,Senior,JavaScript,Low,4,3,3,8,1,10,False,1,False,2.08333333,2,1,0,0,2.35514583
Design Review,Medium,Senior,C++,High,2,3,2,4,3,9,False,3,False,2.91666667,2,0,1,0,1.1661825
Documentation,Medium,Tech Lead,Python,Low,13,2,3,26,1,17,True,3,False,2.375,1,1,0,0,6.74339531
Feature Dev,Medium,Senior,Python,Low,1,5,0,2,6,9,True,0,False,3.45,2,2,0,1,0.5
Bug Fix,High,Tech Lead,Python,Medium,1,2,0,2,1,12,True,2,False,2.375,1,1,0,0,0.68000625
Code Review,High,Junior,C++,Critical,13,3,1,26,4,12,True,2,True,5.0,1,0,1,1,4.8597214
Documentation,High,Mid,Other,Low,11,3,2,22,5,17,True,0,True,2.91666667,2,0,1,0,6.30282768
Client Meeting,Medium,Junior,Other,Critical,10,5,2,20,6,15,True,2,False,2.7,3,1,1,0,3.75941081
Bug Fix,High,Tech Lead,C++,Low,12,4,3,24,1,10,False,0,False,3.0,2,1,1,0,6.0514905
Deployment,High,Junior,Go,High,11,2,3,22,4,18,False,0,False,2.375,1,1,0,0,4.86601875
Design Review,High,Mid,C++,Critical,6,5,2,12,2,18,False,3,False,3.05,2,2,1,0,2.6248782
Refactoring,Medium,Mid,Other,Medium,12,4,2,24,1,17,True,0,False,3.4375,1,2,1,0,4.82100609
Deployment,Medium,Tech Lead,Other,Low,5,5,1,10,4,17,False,0,True,3.8,1,3,0,1,2.24899675
Documentation,Medium,Mid,Java,High,1,3,1,2,9,13,False,1,True,2.66666667,1,2,0,0,0.62205
Code Review,Medium,Tech Lead,JavaScript,Medium,9,5,1,18,9,18,True,0,True,3.4,1,3,1,0,3.90722063
Code Review,High,Mid,JavaScript,Critical,4,2,1,8,4,10,False,3,False,1.5,2,0,0,0,1.9951625
Client Meeting,High,Mid,Other,High,6,3,2,12,3,16,False,2,False,3.58333333,2,0,0,1,2.56663875
Documentation,Medium,Tech Lead,Python,Critical,6,4,2,12,1,18,True,1,False,4.5625,1,1,1,1,2.00451038
Code Review,High,Mid,Java,High,12,3,0,24,7,11,True,2,True,2.08333333,2,1,0,0,5.92116525
Refactoring,High,Senior,C++,Critical,3,3,0,6,2,12,True,0,False,3.5,1,1,1,0,1.10509796
Design Review,Medium,Senior,Python,Low,5,4,2,10,10,10,True,1,False,3.0,2,1,1,0,2.554398
Documentation,Medium,Mid,JavaScript,Medium,9,2,3,18,9,9,False,0,False,1.5,2,0,0,0,4.15125
Refactoring,Medium,Mid,Python,Critical,8,3,2,16,8,11,True,0,False,3.5,1,1,1,0,2.80278469
Deployment,High,Mid,JavaScript,Low,7,5,3,14,2,15,True,1,False,3.05,2,2,1,0,4.00197423
Documentation,Medium,Mid,C++,High,13,4,2,26,10,16,True,2,False,3.0,2,1,1,0,4.96365975
Testing,Medium,Junior,JavaScript,Medium,11,4,0,22,10,10,True,1,False,4.5625,1,1,1,1,3.79004063
Refactoring,Medium,Tech Lead,JavaScript,Low,3,5,0,6,8,13,False,3,False,2.7,3,1,1,0,1.5444825
Client Meeting,Medium,Senior,C++,Critical,1,4,2,2,5,11,False,3,False,1.9375,3,1,0,0,0.85265625
Deployment,High,Mid,Other,Low,5,3,2,10,10,14,False,0,False,3.5,1,1,1,0,2.566135
Design Review,Medium,Junior,Other,High,13,3,3,26,1,10,True,0,False,2.91666667,2,0,1,0,4.94169834
Deployment,Low,Tech Lead,Other,Low,12,2,1,24,4,10,False,0,False,2.375,1,1,0,0,4.82480625
Feature Dev,Low,Senior,Java,Critical,9,3,2,18,4,12,True,2,False,2.08333333,2,1,0,0,3.32404188
Feature Dev,High,Mid,Java,Low,12,4,0,24,7,14,False,0,False,3.0,2,1,1,0,5.595348
Client Meeting,Medium,Tech Lead,Other,Critical,1,4,0,2,2,9,True,3,False,3.5,2,1,0,1,0.54899906
Code Review,Medium,Mid,JavaScript,Low,6,2,0,12,5,15,False,3,False,1.5,2,0,0,0,3.04425
Feature Dev,Low,Senior,Other,Medium,1,2,3,2,6,10,False,1,False,2.375,1,1,0,0,0.8929375
Refactoring,Medium,Senior,Other,High,13,2,3,26,7,11,False,3,False,3.625,1,0,1,0,4.77230906
Code Review,Low,Mid,C++,High,5,2,2,10,4,17,False,0,False,3.25,0,2,0,0,1.771875
Client Meeting,High,Junior,Java,Critical,5,5,3,10,9,10,True,1,False,3.05,2,2,1,0,2.33778215
Client Meeting,Medium,Tech Lead,Java,High,10,3,2,20,6,13,True,0,True,6.41666667,0,0,2,1,3.38144152
Refactoring,High,Mid,Other,Medium,1,2,3,2,2,10,False,0,False,2.375,1,1,0,0,0.8929375
Testing,High,Tech Lead,Other,Low,8,3,1,16,5,9,False,0,False,4.08333333,0,2,1,0,3.66092146
Refactoring,Medium,Mid,Java,Medium,6,3,2,12,2,9,False,2,False,4.08333333,0,2,1,0,2.51997917
Feature Dev,Low,Tech Lead,C++,Low,10,5,3,20,10,17,False,1,False,3.45,2,2,0,1,4.02233562
Testing,Low,Tech Lead,Other,Critical,5,3,2,10,3,9,False,0,True,2.66666667,1,2,0,0,1.89805
Documentation,Medium,Tech Lead,Go,Critical,7,2,0,14,5,12,False,0,True,1.5,2,0,0,0,2.68345
Feature Dev,Low,Senior,Go,Low,10,2,1,20,7,16,False,3,False,2.375,1,1,0,0,4.37146875
Design Review,Low,Senior,Other,Medium,9,2,0,18,2,13,False,1,True,1.5,2,0,0,0,3.76585
Bug Fix,Medium,Mid,Python,Medium,2,4,0,4,9,18,False,0,False,4.0625,1,1,2,0,0.67445
Code Review,High,Senior,Go,Critical,4,5,1,8,1,10,False,3,False,4.45,2,0,2,1,1.52016784
Documentation,Low,Senior,Java,Critical,4,2,2,8,3,18,True,2,False,1.5,2,0,0,0,1.77473625
Testing,Medium,Tech Lead,C++,High,12,4,0,24,1,9,False,2,False,3.4375,1,2,1,0,4.05126563
Feature Dev,High,Mid,Go,Medium,1,2,0,2,5,12,True,1,False,2.375,1,1,0,0,0.576975
Deployment,Medium,Junior,Other,Critical,11,4,0,22,5,10,True,2,False,1.9375,3,1,0,0,4.11832969
Testing,Medium,Senior,Java,High,6,3,1,12,6,15,False,3,False,2.91666667,2,0,1,0,2.37401437
Deployment,High,Tech Lead,C++,Medium,1,2,0,2,7,13,False,3,False,2.375,1,1,0,0,0.74575
Code Review,Medium,Senior,Python,Critical,4,5,0,8,3,9,False,1,False,3.05,2,2,1,0,1.32806338
Refactoring,High,Mid,C++,High,5,3,2,10,2,16,True,2,False,2.08333333,2,1,0,0,2.634975
Client Meeting,Medium,Mid,JavaScript,Medium,7,3,0,14,5,16,False,1,False,1.5,3,0,0,0,2.9725
Client Meeting,High,Senior,Go,Medium,8,3,0,16,4,18,False,3,False,4.33333333,1,0,2,0,3.30472667
Refactoring,Medium,Junior,Java,Low,5,2,2,10,4,14,False,0,False,1.5,2,0,0,0,2.59325
Deployment,High,Junior,Python,Critical,9,5,3,18,4,17,False,3,True,2.9,1,4,0,0,4.36640325
Bug Fix,Low,Mid,Python,High,8,5,3,16,9,16,False,2,True,1.85,4,1,0,0,3.52091025
Documentation,Low,Junior,C++,High,11,3,2,22,8,14,True,3,False,3.58333333,2,0,0,1,3.76965225
Code Review,Medium,Tech Lead,Python,Critical,12,4,2,24,1,18,True,0,False,3.0625,3,0,0,1,4.09444137
Feature Dev,Low,Tech Lead,C++,Medium,1,4,0,2,6,18,True,2,False,2.375,2,2,0,0,0.576975
Bug Fix,Medium,Senior,Java,High,12,2,0,24,10,15,True,1,False,1.5,2,0,0,0,4.7462625
Client Meeting,Medium,Mid,C++,Low,5,2,2,10,2,10,False,0,False,2.375,1,1,0,0,2.4825625
Testing,High,Junior,Go,Medium,8,3,2,16,6,9,False,3,False,4.91666667,0,1,2,0,3.43648333
Design Review,High,Senior,Java,Critical,4,3,3,8,10,14,True,2,True,4.16666667,1,1,0,1,2.07074392
Documentation,High,Tech Lead,JavaScript,Critical,4,4,0,8,8,10,False,3,False,2.375,2,2,0,0,1.78489375
Client Meeting,Medium,Junior,Java,Critical,11,2,1,22,10,9,False,1,False,3.625,1,0,1,0,3.52241859
Documentation,Medium,Tech Lead,JavaScript,Low,9,2,0,18,2,18,False,0,True,1.5,2,0,0,0,4.4649
Testing,Medium,Junior,Java,Low,8,5,0,16,4,12,False,3,False,3.55,2,1,2,0,3.3385275
Refactoring,Medium,Tech Lead,Java,Low,7,4,3,14,7,10,False,0,False,3.0,2,1,1,0,3.2943625
Refactoring,High,Junior,Java,Critical,12,5,2,24,4,9,False,0,False,3.8,1,3,0,1,4.2766815
Refactoring,Low,Senior,Python,Critical,13,2,2,26,5,13,False,2,False,2.375,1,1,0,0,4.32044375
Refactoring,Medium,Senior,Go,Critical,3,3,0,6,1,11,True,0,False,2.08333333,2,1,0,0,1.0665375
Code Review,Medium,Tech Lead,Java,Critical,11,4,1,22,2,14,True,0,False,4.5625,1,1,1,1,3.25732936
Testing,Medium,Mid,Other,Critical,8,3,1,16,1,14,False,2,False,5.58333333,0,1,1,1,2.359685
Design Review,Low,Tech Lead,JavaScript,Critical,6,3,3,12,7,12,False,1,False,1.5,3,0,0,0,2.3610875
Refactoring,High,Tech Lead,Go,High,12,2,3,24,3,10,False,3,False,1.5,2,0,0,0,5.784075
Feature Dev,High,Mid,JavaScript,Medium,8,3,0,16,1,9,True,2,False,5.58333333,0,1,1,1,3.185868
Testing,Medium,Junior,Java,Critical,10,4,1,20,2,15,False,0,False,3.9375,1,2,0,1,3.02648477
Client Meeting,Medium,Tech Lead,Other,Low,2,5,2,4,6,11,False,0,True,3.55,2,1,2,0,1.15417665
Client Meeting,Medium,Senior,JavaScript,High,13,2,0,26,6,10,True,2,True,2.375,1,1,0,0,5.50805063
Code Review,High,Senior,JavaScript,Medium,2,3,2,4,8,16,True,1,False,4.08333333,0,2,1,0,1.20437625
Documentation,Medium,Junior,Python,High,1,5,2,2,7,13,True,2,False,3.4,1,3,1,0,0.76723605
Bug Fix,Medium,Senior,Other,Medium,7,5,1,14,5,13,False,1,False,1.85,4,1,0,0,3.072875
Testing,High,Senior,Other,Critical,12,4,1,24,1,10,False,1,False,2.375,2,2,0,0,4.81254063
Design Review,Low,Tech Lead,C++,Medium,12,2,1,24,10,11,True,1,False,2.375,1,1,0,0,4.70852813
Testing,High,Junior,C++,High,13,5,2,26,1,10,False,2,False,3.05,2,2,1,0,5.3600454
Documentation,High,Tech Lead,Java,Low,2,3,0,4,8,11,False,1,True,4.75,0,2,0,1,1.01127263
Design Review,Medium,Senior,Java,Medium,13,3,1,26,6,11,False,1,False,2.08333333,2,1,0,0,5.42729167
Refactoring,Medium,Tech Lead,JavaScript,Medium,3,2,0,6,10,13,False,3,False,2.375,1,1,0,0,1.471875
Bug Fix,Medium,Junior,JavaScript,Medium,5,4,3,10,4,12,True,0,False,5.1875,1,0,2,1,1.94609625
Feature Dev,Low,Senior,Other,Low,3,3,0,6,4,10,False,2,False,2.66666667,1,2,0,0,1.36106667
Client Meeting,Low,Junior,Python,Critical,11,2,0,22,8,13,False,3,False,2.375,1,1,0,0,3.55310625
Feature Dev,High,Junior,Python,Medium,9,3,1,18,1,10,False,3,False,3.5,1,1,1,0,4.1183775
Client Meeting,High,Mid,Other,Critical,13,5,2,26,5,16,False,1,False,4.8,1,1,2,1,4.1507642
Documentation,High,Senior,JavaScript,High,5,3,2,10,2,17,False,1,True,3.58333333,2,0,0,1,2.33831813
Bug Fix,High,Senior,C++,Critical,10,4,1,20,3,10,True,2,False,4.375,0,3,0,1,3.69858973
Client Meeting,High,Junior,C++,Low,5,2,2,10,4,10,False,0,True,2.375,1,1,0,0,3.0870125
Code Review,High,Junior,JavaScript,High,3,4,0,6,10,13,True,1,True,4.5625,1,1,1,1,1.23403723
Bug Fix,High,Junior,Python,High,1,2,1,2,3,15,False,0,False,2.375,1,1,0,0,0.53870625
Client Meeting,Low,Junior,Python,High,5,2,1,10,2,17,True,0,False,2.375,1,1,0,0,1.80819844
Refactoring,Medium,Mid,Java,Low,8,3,0,16,10,14,True,1,False,2.91666667,2,0,1,0,3.52770206
Deployment,High,Mid,Java,High,4,3,2,8,10,13,True,2,True,2.66666667,1,2,0,0,2.351349
Refactoring,Medium,Senior,Go,Medium,12,4,1,24,8,14,False,3,False,4.125,2,0,1,1,4.3168125
Documentation,Medium,Junior,Python,Low,13,3,1,26,4,17,True,2,True,5.0,1,0,1,1,5.51409705
Testing,Medium,Junior,C++,High,5,3,1,10,7,11,False,2,True,5.0,1,0,1,1,1.819323
Feature Dev,Low,Tech Lead,Java,Medium,6,5,0,12,6,11,False,0,False,1.5,5,0,0,0,2.214
Client Meeting,High,Tech Lead,Java,Low,7,4,2,14,6,11,True,0,True,4.5625,1,1,1,1,3.58723134
Documentation,High,Tech Lead,Go,Critical,8,4,0,16,2,16,False,0,False,2.375,2,2,0,0,3.06935
Code Review,Medium,Junior,JavaScript,High,2,3,3,4,8,10,False,3,False,5.0,1,0,1,1,1.09089
Documentation,Low,Junior,Python,Low,7,2,1,14,6,16,False,2,False,3.25,0,2,0,0,2.9596875
Code Review,Low,Tech Lead,Python,Critical,11,2,1,22,7,15,False,0,True,1.5,2,0,0,0,3.93892125
Refactoring,High,Junior,Other,High,4,2,3,8,7,12,False,3,False,3.25,0,2,0,0,2.1853125
Design Review,High,Junior,JavaScript,Low,5,4,0,10,9,15,False,0,False,4.125,2,0,1,1,2.0802925
Bug Fix,Low,Tech Lead,Other,Low,3,2,2,6,5,14,True,1,False,3.25,0,2,0,0,1.6025625
Refactoring,High,Junior,Other,Critical,9,4,2,18,9,11,False,3,False,3.875,0,3,1,0,3.54174281
Refactoring,Medium,Junior,Other,High,11,5,3,22,9,18,False,2,False,2.7,3,1,1,0,4.25434725
Testing,Medium,Mid,Python,Low,13,3,2,26,4,16,True,0,False,3.5,1,1,1,0,5.69978063
Feature Dev,Medium,Tech Lead,JavaScript,Medium,9,5,2,18,1,12,False,2,False,3.05,2,2,1,0,3.7682075
Deployment,High,Tech Lead,Go,High,12,3,1,24,8,18,True,3,False,3.5,1,1,1,0,5.06197046
Documentation,Medium,Tech Lead,Other,Critical,2,2,3,4,9,17,False,0,False,3.625,1,0,1,0,0.94688672
Feature Dev,Low,Junior,Other,Critical,6,5,1,12,4,14,False,1,True,3.1,3,1,0,1,2.02294496
Feature Dev,Medium,Tech Lead,JavaScript,High,7,4,2,14,5,18,False,2,False,3.4375,1,2,1,0,2.67383531
Refactoring,Medium,Junior,Python,Low,13,2,0,26,4,17,True,1,False,2.375,1,1,0,0,6.00672188
Design Review,Medium,Junior,Java,Critical,3,5,1,6,8,16,False,1,False,2.35,4,0,1,0,1.17460331
Feature Dev,High,Tech Lead,Go,Low,9,2,0,18,1,17,False,0,True,2.375,1,1,0,0,4.91547375
Client Meeting,High,Tech Lead,Java,Critical,13,3,0,26,4,9,True,1,False,4.16666667,1,1,0,1,4.596613
Refactoring,Medium,Senior,Python,Medium,11,4,2,22,3,12,False,1,False,3.5,2,1,0,1,4.218
Feature Dev,Medium,Tech Lead,Other,Medium,8,5,0,16,3,9,False,3,False,4.8,1,1,2,1,2.6789
Client Meeting,High,Senior,JavaScript,High,2,5,1,4,7,16,False,2,False,4.45,2,0,2,1,0.89265442
Deployment,High,Senior,Go,Low,7,4,3,14,2,15,False,0,False,3.4375,1,2,1,0,3.63443541
Design Review,Medium,Junior,JavaScript,Critical,5,3,2,10,2,17,True,2,True,2.91666667,2,0,1,0,2.27162633
Refactoring,Medium,Mid,Go,Critical,9,2,2,18,7,15,True,2,False,4.5,0,1,1,0,3.10578844
Client Meeting,High,Senior,Python,Low,12,3,0,24,1,18,True,1,False,2.08333333,2,1,0,0,6.46405375
Feature Dev,High,Tech Lead,Python,High,10,3,1,20,4,17,False,2,True,2.08333333,2,1,0,0,4.88008125
Refactoring,High,Tech Lead,Go,High,11,5,0,22,1,17,False,2,False,3.95,2,1,1,1,3.9306402
Refactoring,High,Mid,Other,Medium,8,3,0,16,8,15,False,3,True,2.08333333,2,1,0,0,4.35975833
Testing,Low,Tech Lead,Python,Low,8,3,0,16,8,15,True,1,False,4.16666667,1,1,0,1,2.91557612
Design Review,Low,Tech Lead,Java,Low,11,4,2,22,5,9,True,2,False,1.9375,3,1,0,0,5.16739781
Feature Dev,Medium,Mid,Java,Critical,10,5,1,20,9,12,True,0,False,3.05,2,2,1,0,3.40413892
Documentation,Medium,Mid,Java,Critical,9,4,2,18,8,12,False,0,False,2.8125,1,3,0,0,3.18032812
Testing,High,Tech Lead,Go,Critical,4,2,3,8,8,16,False,3,True,3.25,0,2,0,0,2.27029688
Bug Fix,High,Senior,Go,Low,5,3,3,10,5,9,True,1,False,2.08333333,2,1,0,0,3.27803438
Bug Fix,Medium,Senior,Python,Low,6,5,0,12,8,15,False,1,False,1.85,4,1,0,0,2.770625
Client Meeting,High,Senior,Java,Critical,9,3,3,18,10,14,False,3,False,3.58333333,2,0,0,1,3.63607156
Design Review,Medium,Junior,Python,Medium,8,5,3,16,1,10,False,2,True,3.05,2,2,1,0,3.89228263
Testing,High,Tech Lead,JavaScript,Low,4,3,2,8,1,13,True,0,False,2.08333333,2,1,0,0,2.46140125
Documentation,Medium,Tech Lead,Go,High,7,5,1,14,2,16,False,0,True,1.85,4,1,0,0,2.94240375
Documentation,Low,Mid,Java,Medium,13,4,0,26,5,16,False,3,True,3.5,2,1,0,1,4.8137925
Code Review,Medium,Mid,C++,Medium,8,3,2,16,5,15,False,0,True,6.41666667,0,0,2,1,2.912525
Feature Dev,High,Tech Lead,Python,Critical,13,3,3,26,6,13,True,0,False,4.33333333,1,0,2,0,4.76509618
Refactoring,Low,Mid,JavaScript,High,13,2,1,26,6,13,False,3,False,3.25,0,2,0,0,4.3284375
Testing,Medium,Junior,JavaScript,High,9,3,3,18,3,11,True,1,False,2.08333333,2,1,0,0,3.90540938
Feature Dev,High,Junior,Go,Low,8,4,2,16,2,18,True,0,False,3.5,2,1,0,1,4.03952588
Design Review,High,Tech Lead,C++,Low,8,3,1,16,5,18,False,1,False,4.91666667,0,1,2,0,3.47100875
Code Review,Medium,Mid,C++,Low,12,5,0,24,1,17,True,2,False,2.2,3,2,0,0,5.71725
Refactoring,Low,Junior,Java,Critical,8,4,1,16,7,14,True,3,True,2.8125,1,3,0,0,3.13641513
Documentation,High,Tech Lead,Python,Medium,10,4,0,20,2,13,False,1,False,3.875,0,3,1,0,4.13159375
Documentation,Low,Junior,Other,High,5,2,2,10,4,18,False,1,False,1.5,2,0,0,0,2.0295
Deployment,High,Mid,Other,Medium,1,4,0,2,6,18,True,2,True,4.375,0,3,0,1,0.63818803
Bug Fix,Medium,Mid,Python,Medium,12,4,3,24,6,11,False,2,False,3.4375,1,2,1,0,4.90653281
Code Review,Medium,Mid,Python,Low,13,3,0,26,9,15,True,3,False,5.58333333,0,1,1,1,4.967655
Client Meeting,Medium,Tech Lead,Java,Low,5,3,1,10,7,14,False,0,False,2.91666667,2,0,1,0,2.18890604
Feature Dev,High,Senior,Other,Critical,9,3,0,18,2,9,False,0,False,4.75,0,2,0,1,2.88338062
Testing,High,Mid,Go,Medium,6,3,2,12,7,15,False,3,False,5.0,1,0,1,1,2.62752
Testing,Medium,Tech Lead,JavaScript,Critical,2,3,1,4,1,9,False,1,True,2.66666667,1,2,0,0,0.949025
Bug Fix,Low,Junior,Java,Critical,9,4,2,18,2,13,True,0,True,2.375,2,2,0,0,3.41023134
Feature Dev,Low,Tech Lead,Java,Low,9,3,2,18,1,18,True,1,True,2.66666667,1,2,0,0,4.470466
Client Meeting,Medium,Senior,Go,Medium,10,3,1,20,5,18,False,3,False,4.33333333,1,0,2,0,3.69498333
Client Meeting,High,Junior,Java,High,9,3,3,18,8,12,False,2,True,4.16666667,1,1,0,1,4.01695387
Deployment,High,Senior,Python,High,5,5,3,10,1,9,True,0,True,3.8,1,3,0,1,2.47128131
Design Review,High,Mid,Other,Medium,11,4,0,22,2,11,True,3,False,3.0,2,1,1,0,5.186202
Code Review,High,Junior,JavaScript,Critical,13,2,1,26,2,14,True,0,False,3.625,1,0,1,0,4.87570909
Code Review,Medium,Tech Lead,Python,Low,9,3,1,18,2,16,True,1,False,5.0,1,0,1,1,3.4773585
Documentation,Medium,Mid,Java,Critical,2,3,2,4,8,12,False,1,True,4.08333333,0,2,1,0,0.97497125
Code Review,High,Junior,JavaScript,High,3,2,1,6,2,14,False,3,False,4.5,0,1,1,0,1.39789125
Code Review,Low,Tech Lead,Java,High,8,2,2,16,10,17,False,3,False,2.375,1,1,0,0,3.073275
Feature Dev,High,Tech Lead,Java,High,1,4,3,2,10,12,False,0,True,5.625,0,1,2,1,0.68153085
Refactoring,Medium,Tech Lead,C++,Low,1,5,2,2,2,12,True,3,False,3.05,2,2,1,0,1.06153163
Bug Fix,Low,Mid,Go,Low,5,5,2,10,2,16,True,1,False,1.85,4,1,0,0,2.5600575
Deployment,High,Senior,JavaScript,Low,9,2,0,18,9,11,False,0,False,2.375,1,1,0,0,4.4686125
Code Review,High,Senior,JavaScript,Critical,9,3,2,18,9,18,False,1,False,5.0,1,0,1,1,3.017738
Client Meeting,Medium,Mid,C++,Low,2,2,2,4,10,9,False,0,False,3.625,1,0,1,0,1.07833688
Documentation,High,Senior,Other,Medium,11,3,2,22,5,9,False,2,False,2.08333333,2,1,0,0,5.53683333
Client Meeting,Medium,Senior,Python,Critical,11,2,1,22,9,18,True,2,False,3.25,0,2,0,0,3.97441406
Code Review,High,Senior,Go,Medium,2,4,3,4,2,10,False,1,False,5.625,0,1,2,1,1.112055
Design Review,High,Senior,Other,High,4,5,1,8,6,18,False,0,False,3.45,2,2,0,1,1.57809488
Feature Dev,Low,Tech Lead,Go,High,7,2,0,14,8,13,True,3,True,2.375,1,1,0,0,2.87642644
Code Review,High,Senior,JavaScript,Critical,2,5,1,4,7,16,True,0,False,3.55,2,1,2,0,0.82810657
Design Review,High,Senior,Other,High,2,2,1,4,1,11,True,0,False,1.5,2,0,0,0,1.03642875
Bug Fix,Medium,Tech Lead,JavaScript,Critical,6,5,3,12,10,16,True,1,False,3.45,2,2,0,1,2.31989198
Documentation,High,Mid,Go,Critical,4,3,1,8,5,18,False,3,True,4.91666667,0,1,2,0,1.71916502
Refactoring,High,Tech Lead,C++,Medium,10,2,2,20,10,16,False,2,False,2.375,1,1,0,0,5.004375
Design Review,Medium,Tech Lead,Python,Low,10,4,1,20,8,9,True,3,False,2.5625,3,0,1,0,4.8453387
Feature Dev,Low,Tech Lead,Java,Low,13,5,1,26,10,9,False,2,True,2.9,1,4,0,0,5.8124165
Documentation,High,Senior,Java,Medium,1,3,3,2,4,14,False,0,False,2.08333333,2,1,0,0,0.90620833
Bug Fix,Medium,Tech Lead,Python,Medium,9,4,3,18,5,15,False,1,False,2.375,2,2,0,0,4.0721875
Documentation,Medium,Senior,Java,Medium,10,4,1,20,7,14,True,1,False,4.125,2,0,1,1,3.66929063
Deployment,High,Mid,Python,Critical,1,3,1,2,5,9,False,0,False,2.08333333,2,1,0,0,0.51633958
Code Review,High,Tech Lead,JavaScript,High,10,5,1,20,5,12,False,2,True,3.8,1,3,0,1,4.23648225
Bug Fix,High,Senior,C++,Low,11,4,3,22,10,16,False,2,False,5.1875,1,0,2,1,4.7515765
Client Meeting,High,Mid,JavaScript,Low,1,5,2,2,10,11,False,1,False,3.8,1,3,0,1,0.817817
Feature Dev,Low,Tech Lead,Java,Medium,7,3,0,14,8,13,False,3,False,3.58333333,2,0,0,1,2.4669125
Client Meeting,Medium,Senior,Java,Medium,3,3,2,6,7,17,True,0,False,2.66666667,1,2,0,0,1.5225
Bug Fix,High,Senior,Go,High,7,5,2,14,3,17,False,1,True,3.55,2,1,2,0,3.10769217
Bug Fix,Medium,Senior,JavaScript,Critical,2,5,3,4,6,13,False,3,True,2.55,2,3,0,0,1.40939563
Bug Fix,High,Tech Lead,Python,Low,5,3,2,10,1,15,False,3,True,2.08333333,2,1,0,0,3.49437917
Design Review,Low,Senior,Other,High,10,4,1,20,3,15,True,2,True,2.375,2,2,0,0,4.02903703
Testing,Medium,Senior,JavaScript,Low,13,4,0,26,8,16,False,0,True,2.5625,3,0,1,0,5.93158638
Refactoring,Medium,Mid,C++,Medium,7,4,3,14,6,18,False,1,False,3.625,2,0,2,0,2.89314375
Feature Dev,Low,Mid,Other,High,13,3,2,26,9,14,False,0,True,3.58333333,2,0,0,1,4.31289788
Refactoring,High,Senior,C++,Medium,9,3,1,18,2,14,False,2,False,3.58333333,2,0,0,1,3.92781458
Feature Dev,High,Junior,Other,Medium,1,4,1,2,10,10,False,2,False,2.8125,1,3,0,0,0.77709375
Deployment,High,Tech Lead,Python,Low,7,4,2,14,5,14,False,3,False,4.0625,1,1,2,0,3.54254863
Code Review,High,Junior,Go,Medium,9,3,3,18,10,14,True,1,False,2.08333333,2,1,0,0,4.90398125
Documentation,High,Senior,Other,High,1,4,2,2,1,9,False,2,False,4.5625,1,1,1,1,0.693036
Code Review,Low,Junior,Other,Critical,10,2,3,20,1,18,True,0,False,3.25,0,2,0,0,3.38871094
Testing,Low,Tech Lead,JavaScript,Medium,12,2,0,24,9,14,True,1,False,2.375,1,1,0,0,4.55398125
Design Review,High,Junior,C++,Critical,2,3,2,4,8,13,False,1,False,2.91666667,2,0,1,0,1.03845775
Deployment,High,Junior,Other,Medium,11,4,2,22,3,16,False,1,False,4.125,2,0,1,1,4.489485
Testing,Low,Senior,Go,Medium,11,4,3,22,7,12,True,0,False,3.9375,1,2,0,1,3.9728243
Documentation,Medium,Mid,JavaScript,High,4,5,1,8,3,11,False,2,False,2.9,1,4,0,0,1.676025
Client Meeting,Low,Tech Lead,Go,Medium,4,5,1,8,3,12,False,3,False,2.2,3,2,0,0,1.8711
Deployment,High,Junior,Python,Medium,7,2,3,14,7,10,False,1,False,3.625,1,0,1,0,3.35977688
Design Review,High,Senior,JavaScript,Critical,4,5,2,8,5,11,False,0,False,3.55,2,1,2,0,1.57734585
Feature Dev,Medium,Mid,Java,High,13,4,3,26,3,16,False,0,True,2.375,2,2,0,0,5.48862188
Design Review,High,Tech Lead,C++,Medium,8,3,0,16,9,17,False,1,False,2.91666667,2,0,1,0,3.4985475
Bug Fix,High,Senior,C++,Critical,4,3,0,8,6,9,True,2,False,4.08333333,0,2,1,0,1.58211244
Deployment,High,Tech Lead,JavaScript,High,3,5,3,6,1,14,True,2,False,2.55,2,3,0,0,1.86559538
Design Review,High,Junior,Python,Low,6,2,0,12,2,11,True,3,False,1.5,2,0,0,0,3.6226575
Design Review,Low,Junior,Other,Medium,3,2,1,6,6,13,False,3,True,2.375,1,1,0,0,1.65144375
Client Meeting,Medium,Junior,Python,Low,3,3,2,6,9,15,False,3,False,4.91666667,0,1,2,0,1.589775
Code Review,High,Tech Lead,Go,High,10,4,3,20,2,13,True,3,False,3.4375,1,2,1,0,4.55159693
Documentation,Medium,Tech Lead,Go,High,1,4,2,2,3,17,True,3,False,2.375,2,2,0,0,0.92728125
Deployment,Low,Senior,Other,Low,13,5,2,26,2,11,True,0,True,2.55,2,3,0,0,6.15309503
Code Review,High,Senior,C++,Low,8,3,1,16,4,17,True,2,False,2.91666667,2,0,1,0,4.30807252
Testing,Medium,Mid,Other,Low,10,3,2,20,1,16,False,0,True,2.66666667,1,2,0,0,5.02956667
Bug Fix,Low,Mid,Java,High,10,3,3,20,8,13,True,3,False,4.16666667,1,1,0,1,3.48214781
Deployment,Medium,Junior,Go,High,8,3,2,16,5,10,True,1,True,2.08333333,2,1,0,0,3.7266075
Testing,Medium,Tech Lead,JavaScript,Critical,11,5,0,22,7,12,True,3,False,4.65,0,3,1,1,3.34782998
Testing,High,Tech Lead,JavaScript,Medium,12,3,3,24,10,14,False,2,False,3.5,1,1,1,0,5.5360325
Refactoring,High,Junior,Go,Low,6,3,0,12,9,9,True,3,False,4.91666667,0,1,2,0,2.83774837
Deployment,Medium,Senior,Python,Critical,13,2,1,26,1,17,False,2,True,4.5,0,1,1,0,4.40437594
Bug Fix,High,Mid,Go,High,7,5,3,14,3,9,False,2,False,3.05,2,2,1,0,3.20113822
Client Meeting,High,Senior,JavaScript,Low,4,2,1,8,1,15,True,3,False,4.5,0,1,1,0,2.24490131
Testing,High,Senior,C++,Medium,8,4,3,16,8,12,False,2,False,3.0,2,1,1,0,3.990095
Bug Fix,Medium,Tech Lead,Python,Low,8,3,0,16,10,15,False,0,False,2.08333333,2,1,0,0,3.50533333
Refactoring,High,Senior,Other,High,3,4,2,6,10,11,False,2,True,5.0,0,2,1,1,1.4554584
Feature Dev,High,Tech Lead,C++,Low,9,4,3,18,10,9,False,1,False,3.9375,1,2,0,1,4.42626078
Documentation,Low,Senior,Other,Medium,11,2,0,22,7,17,False,0,False,2.375,1,1,0,0,3.88575
Testing,Medium,Senior,Go,Critical,9,4,1,18,1,11,True,0,False,4.5625,1,1,1,1,2.68461211
Design Review,Medium,Junior,Go,Medium,13,5,1,26,6,9,True,1,False,3.55,2,1,2,0,4.96226588
Bug Fix,High,Senior,Java,High,6,3,3,12,6,12,False,1,False,4.16666667,1,1,0,1,2.52346125
Feature Dev,High,Tech Lead,Python,High,9,4,0,18,6,18,True,1,True,3.5,2,1,0,1,3.87307305
Refactoring,Low,Mid,Other,Low,10,4,0,20,3,11,True,3,False,1.5,4,0,0,0,4.6171125
Code Review,High,Senior,JavaScript,Low,8,4,3,16,8,9,False,3,True,4.5625,1,1,1,1,4.29963064
Bug Fix,Low,Senior,JavaScript,Low,12,3,3,24,9,14,True,2,False,2.66666667,1,2,0,0,5.549005
Deployment,Medium,Tech Lead,Go,Medium,6,3,2,12,1,17,False,0,False,2.08333333,2,1,0,0,2.68875
Testing,Low,Senior,JavaScript,Low,2,3,1,4,8,16,False,2,False,2.08333333,2,1,0,0,1.17209583
Feature Dev,High,Junior,Java,Low,12,3,1,24,7,15,False,0,False,3.5,1,1,1,0,5.59614825
Bug Fix,High,Junior,Other,Critical,7,5,2,14,4,10,False,0,False,3.45,2,2,0,1,2.636326
Design Review,High,Junior,Java,High,7,3,3,14,2,9,False,0,True,3.5,1,1,1,0,3.25997843
Deployment,Low,Senior,C++,Low,7,4,3,14,5,11,True,1,False,1.9375,3,1,0,0,3.55693078
Documentation,Medium,Mid,Other,Low,4,2,3,8,10,14,False,1,False,3.625,1,0,1,0,2.10765844
Bug Fix,Low,Junior,Java,High,6,4,0,12,4,14,False,0,False,3.9375,1,2,0,1,1.66789125
Refactoring,Low,Senior,Java,Critical,12,4,3,24,4,15,False,3,False,3.0625,3,0,0,1,3.87652992
Testing,High,Mid,Go,Critical,3,5,1,6,10,16,True,2,False,3.8,1,3,0,1,1.33480961
Design Review,High,Tech Lead,Other,Medium,7,5,3,14,3,11,False,0,False,3.4,1,3,1,0,3.310707
Client Meeting,Low,Mid,Other,Critical,10,2,2,20,10,16,True,0,False,2.375,1,1,0,0,3.41548594
Client Meeting,High,Mid,Python,Critical,8,4,0,16,8,16,True,3,False,4.5625,1,1,1,1,2.84926832
Documentation,Medium,Tech Lead,Python,Medium,13,5,1,26,9,16,False,3,False,1.85,4,1,0,0,5.692375
Design Review,Medium,Senior,Go,Medium,11,4,2,22,3,15,True,0,False,3.5,2,1,0,1,4.33663125
Bug Fix,High,Tech Lead,Other,Medium,13,2,1,26,1,15,False,2,False,1.5,2,0,0,0,6.48825
Deployment,Medium,Senior,JavaScript,Medium,8,4,0,16,6,11,True,2,False,1.9375,3,1,0,0,3.58115625
Bug Fix,Medium,Junior,C++,Medium,13,4,0,26,7,12,False,3,False,3.5,2,1,0,1,4.833125
Client Meeting,Low,Senior,Other,Critical,10,4,0,20,9,16,False,2,True,3.5,2,1,0,1,3.12219875
Design Review,Medium,Junior,Other,Critical,4,4,0,8,8,11,False,1,True,5.0,0,2,1,1,1.242989
Client Meeting,High,Tech Lead,C++,Low,8,5,3,16,2,10,False,3,False,4.8,1,1,2,1,3.7297942
Testing,High,Senior,Other,Critical,10,3,2,20,4,15,True,0,False,2.08333333,2,1,0,0,4.35502813
Documentation,High,Mid,Other,Critical,13,3,2,26,6,17,True,3,False,2.08333333,2,1,0,0,5.84818063
Deployment,High,Senior,JavaScript,Low,7,2,3,14,1,14,False,1,False,1.5,2,0,0,0,4.250675
Code Review,Medium,Senior,Java,Critical,7,2,0,14,8,17,False,0,False,4.5,0,1,1,0,2.020025
Client Meeting,Medium,Senior,C++,Medium,8,4,3,16,1,13,False,1,False,1.9375,3,1,0,0,3.76171875
Refactoring,Medium,Junior,Other,Critical,11,2,2,22,8,10,True,0,False,4.5,0,1,1,0,3.56029406
Design Review,Medium,Tech Lead,JavaScript,Critical,12,3,3,24,7,11,False,3,False,3.25,0,3,0,0,4.42265625
Client Meeting,Medium,Mid,Other,High,2,4,3,4,5,11,False,0,False,3.625,2,0,2,0,0.97157812
Deployment,Medium,Tech Lead,Other,Medium,11,3,0,22,8,10,False,0,False,2.66666667,1,2,0,0,4.25333333
Testing,High,Senior,Go,Low,13,4,0,26,10,9,True,1,False,3.875,0,3,1,0,6.1731285
Code Review,Low,Junior,C++,High,7,2,3,14,8,18,False,3,False,1.5,2,0,0,0,3.016575
Refactoring,Low,Junior,Python,Low,10,3,2,20,1,16,True,3,False,2.08333333,2,1,0,0,4.8307875
Deployment,Medium,Junior,C++,High,2,5,0,4,4,9,True,3,False,2.7,3,1,1,0,0.97302398
Bug Fix,Medium,Senior,Other,High,2,4,0,4,10,10,True,2,False,4.0625,1,1,2,0,0.79669406
Bug Fix,Medium,Junior,JavaScript,High,1,3,3,2,10,9,False,2,False,2.08333333,2,1,0,0,0.9410625
Testing,Low,Junior,Python,High,6,4,0,12,5,18,True,1,False,4.375,0,3,0,1,1.78798134
Testing,High,Mid,Python,Medium,2,5,3,4,3,18,False,1,False,3.95,2,1,1,1,1.220541
Refactoring,Medium,Senior,Java,Low,11,2,3,22,6,12,True,2,False,3.625,1,0,1,0,5.19807389
Client Meeting,High,Tech Lead,Python,Low,12,2,3,24,4,12,False,1,False,1.5,2,0,0,0,6.843925
Feature Dev,Low,Mid,JavaScript,Medium,3,5,1,6,1,13,False,3,False,2.2,3,2,0,0,1.5147
Refactoring,High,Mid,Python,High,12,4,3,24,4,12,True,3,False,3.25,0,4,0,0,5.55482813
Deployment,Low,Mid,Go,Low,7,3,3,14,7,10,True,0,False,2.66666667,1,2,0,0,3.316005
Feature Dev,Medium,Tech Lead,Go,Low,11,4,3,22,8,15,True,3,False,3.0,2,1,1,0,5.48131238
Client Meeting,Low,Tech Lead,Java,High,8,2,3,16,3,14,True,0,False,1.5,2,0,0,0,3.22552125
Documentation,Medium,Tech Lead,Other,Medium,11,4,2,22,8,11,False,2,True,3.0,2,1,1,0,4.966885
Bug Fix,Medium,Tech Lead,JavaScript,Low,5,2,1,10,3,9,False,0,False,2.375,1,1,0,0,2.32065625
Code Review,Medium,Mid,C++,Medium,11,2,0,22,8,11,True,1,True,1.5,2,0,0,0,5.3274375
Testing,High,Mid,C++,Critical,13,2,0,26,8,18,False,2,False,5.75,0,0,2,0,4.197147
Documentation,Medium,Senior,Java,High,9,5,3,18,10,11,False,1,True,4.25,0,3,2,0,3.42751613
Bug Fix,Medium,Senior,Java,High,13,3,0,26,4,14,False,0,False,5.58333333,0,1,1,1,3.65976
Feature Dev,Medium,Senior,Go,Medium,13,4,2,26,7,10,False,2,False,2.375,2,2,0,0,5.593125
Client Meeting,High,Mid,Python,Low,7,3,0,14,5,18,False,1,True,4.16666667,1,1,0,1,3.40290317
Documentation,Medium,Tech Lead,Python,Critical,4,2,2,8,6,9,True,2,False,5.75,0,0,2,0,1.49752575
Feature Dev,Medium,Mid,Other,Critical,8,3,3,16,9,11,False,3,False,2.66666667,1,2,0,0,3.24558333
Documentation,High,Junior,C++,Low,1,2,0,2,5,16,False,1,False,2.375,1,1,0,0,0.60445
Feature Dev,Medium,Mid,Go,Critical,1,3,0,2,7,18,False,1,True,5.0,1,0,1,1,0.5
Deployment,High,Mid,Other,Low,9,2,3,18,5,11,False,0,True,3.625,1,0,1,0,4.94956626
Bug Fix,Medium,Junior,Other,Medium,11,4,2,22,4,15,True,1,True,2.375,2,2,0,0,5.44005
Bug Fix,High,Mid,Other,Critical,12,3,0,24,5,16,False,0,False,2.66666667,1,2,0,0,4.5356
Refactoring,Medium,Tech Lead,C++,Low,5,2,3,10,6,10,False,0,False,1.5,2,0,0,0,2.762375
Deployment,High,Senior,Other,Low,1,4,3,2,5,16,False,0,False,3.4375,1,2,1,0,0.90118153
Bug Fix,High,Tech Lead,JavaScript,Low,8,3,0,16,4,9,False,2,False,3.5,1,1,1,0,3.829463
Client Meeting,Medium,Senior,Other,Medium,9,2,2,18,5,14,False,0,False,3.625,1,0,1,0,3.47563125
Deployment,Medium,Mid,Python,Low,3,4,3,6,10,10,False,2,False,4.5625,1,1,1,1,1.63232438
Documentation,Medium,Junior,JavaScript,High,4,4,0,8,8,17,False,3,False,4.0625,1,1,2,0,1.44163688
Refactoring,High,Senior,Java,Critical,9,4,0,18,7,17,False,2,False,4.0625,1,1,2,0,3.11005756
Client Meeting,High,Senior,C++,Low,13,4,3,26,4,10,False,2,True,5.625,0,1,2,1,6.06886995
Code Review,Medium,Mid,Python,Critical,3,4,3,6,9,9,False,2,False,3.4375,1,2,1,0,1.41569227
Deployment,Medium,Junior,Go,Critical,7,4,3,14,2,18,True,2,False,3.0,2,1,1,0,2.83741369
Testing,Medium,Tech Lead,Go,Critical,7,3,1,14,9,12,False,1,True,3.5,1,1,1,0,2.55873269
Code Review,Medium,Junior,Go,Low,7,3,0,14,5,17,True,2,False,2.08333333,2,1,0,0,3.4505625
Documentation,Low,Senior,JavaScript,Low,13,4,2,26,2,17,False,1,False,1.9375,3,1,0,0,5.6054625
Documentation,Low,Mid,Java,Medium,5,4,3,10,7,17,True,2,True,2.8125,1,3,0,0,2.71479141
Refactoring,Low,Tech Lead,Python,Medium,13,4,0,26,1,16,False,2,True,2.375,2,2,0,0,5.26735
Code Review,Low,Senior,C++,High,5,2,2,10,4,13,False,1,False,2.375,1,1,0,0,1.942875
Documentation,Medium,Mid,Python,Critical,3,4,1,6,8,11,False,3,True,2.5625,3,0,1,0,1.45437935
Feature Dev,High,Senior,Other,Critical,13,4,3,26,6,13,True,2,False,3.5,2,1,0,1,5.19980541
Testing,Medium,Junior,Java,High,2,4,0,4,6,11,False,1,True,3.4375,1,2,1,0,0.80215059
Documentation,High,Junior,Go,Medium,8,5,3,16,3,15,False,0,False,3.55,2,1,2,0,3.5813295
Testing,High,Junior,Go,High,3,2,2,6,2,18,True,3,False,2.375,1,1,0,0,1.83601688
Testing,High,Junior,Go,Low,7,4,0,14,9,18,False,2,False,3.625,2,0,2,0,3.24895725
Feature Dev,High,Tech Lead,Go,Low,13,3,2,26,2,11,False,3,False,5.0,1,0,1,1,5.660116
Testing,Medium,Junior,Go,Low,2,5,0,4,1,18,False,2,False,3.1,3,1,0,1,0.987525
Refactoring,Medium,Tech Lead,Java,High,8,5,2,16,4,17,False,2,True,3.55,2,1,2,0,3.17637045
Client Meeting,Medium,Junior,Other,Low,11,3,3,22,7,11,True,1,True,2.91666667,2,0,1,0,5.8207084
Design Review,High,Tech Lead,Java,Critical,4,2,1,8,1,12,False,0,False,2.375,1,1,0,0,1.65978438
Bug Fix,High,Mid,C++,Critical,3,3,0,6,3,10,True,0,False,4.75,0,2,0,1,1.00918322
Design Review,Medium,Junior,JavaScript,Critical,2,5,0,4,6,14,False,3,False,2.9,1,4,0,0,0.892925
Bug Fix,High,Junior,JavaScript,Critical,11,5,0,22,6,16,False,3,True,3.95,2,1,1,1,4.16113148
Documentation,Low,Tech Lead,JavaScript,Critical,6,2,3,12,10,9,False,0,True,2.375,1,1,0,0,2.39459344
Deployment,Medium,Tech Lead,Java,Low,2,2,2,4,8,12,True,2,False,3.625,1,0,1,0,1.33811803
Refactoring,Low,Tech Lead,JavaScript,Critical,2,5,2,4,9,12,True,2,False,1.85,4,1,0,0,1.09701638
Feature Dev,Medium,Mid,Python,High,5,3,1,10,4,15,True,2,False,2.08333333,2,1,0,0,2.21149688
Feature Dev,High,Tech Lead,JavaScript,Low,1,5,1,2,5,14,False,0,True,3.95,2,1,1,1,0.61284443
Refactoring,Medium,Junior,Go,Critical,6,2,1,12,3,9,True,2,True,2.375,1,1,0,0,2.64919102
Refactoring,Low,Junior,Go,Critical,12,4,2,24,8,9,True,1,False,3.0625,3,0,0,1,3.78936534
Feature Dev,Medium,Mid,Other,High,13,2,1,26,8,9,True,1,False,4.5,0,1,1,0,4.37127469
Documentation,Low,Mid,C++,Low,7,3,2,14,8,14,True,0,True,1.5,3,0,0,0,3.67238025
Bug Fix,Medium,Junior,Other,Critical,12,4,3,24,8,13,False,1,True,3.0,2,1,1,0,4.60957338
Code Review,High,Mid,Go,Low,7,4,2,14,9,15,False,1,False,3.0,2,1,1,0,3.669413
Deployment,Medium,Junior,JavaScript,High,4,4,3,8,2,16,True,2,False,4.125,2,0,1,1,1.74830906
Client Meeting,High,Senior,JavaScript,High,2,3,1,4,8,11,True,3,False,3.58333333,2,0,0,1,1.13254903
Deployment,Low,Tech Lead,Go,High,6,4,0,12,4,14,False,1,False,3.5,2,1,0,1,1.7873775
Code Review,High,Senior,Python,Medium,1,2,1,2,7,16,False,3,False,1.5,2,0,0,0,0.93275
Client Meeting,Medium,Junior,Java,Critical,12,3,2,24,7,16,True,2,True,2.91666667,2,0,1,0,4.81584781
Testing,Low,Senior,Java,High,12,3,2,24,1,15,False,3,False,2.08333333,2,1,0,0,4.40955
Documentation,High,Tech Lead,Python,Medium,8,5,3,16,3,12,False,3,False,4.45,2,0,2,1,3.45971925
Documentation,Medium,Mid,Go,Low,7,5,3,14,8,9,False,1,True,2.35,4,0,1,0,3.86308684
Feature Dev,High,Mid,C++,Low,2,3,2,4,2,14,False,3,False,2.66666667,1,2,0,0,1.61626667
Bug Fix,Medium,Senior,C++,Low,6,2,1,12,6,14,False,2,False,3.625,1,0,1,0,2.69584219
Feature Dev,Low,Tech Lead,Go,Critical,2,4,3,4,5,10,True,1,False,3.5,2,1,0,1,0.99604116
Client Meeting,Low,Junior,Python,Critical,9,5,0,18,4,18,True,0,False,2.55,2,3,0,0,2.81217825
Feature Dev,Medium,Tech Lead,Other,Critical,3,4,1,6,10,18,True,3,False,2.8125,1,3,0,0,1.41279961
Code Review,Low,Junior,JavaScript,Medium,8,5,1,16,2,9,False,3,True,1.5,5,0,0,0,3.754575
Testing,Low,Junior,Go,Low,7,3,0,14,5,11,True,0,False,4.16666667,1,1,0,1,2.46552075
Documentation,Medium,Tech Lead,Python,Medium,3,5,2,6,10,15,True,0,False,3.1,3,1,0,1,1.41395625
Refactoring,Medium,Junior,C++,Low,13,3,3,26,9,16,False,3,False,1.5,3,0,0,0,6.708625
Feature Dev,Low,Mid,Other,High,3,5,3,6,4,15,False,3,False,2.55,2,3,0,0,1.6017075
Design Review,Low,Tech Lead,Java,Medium,1,5,3,2,6,18,True,2,False,3.8,1,3,0,1,0.91680225
Feature Dev,High,Junior,Java,Medium,11,4,2,22,9,11,True,0,False,4.5625,1,1,1,1,4.5143595
Code Review,Medium,Junior,Python,High,12,4,1,24,9,17,True,0,True,3.0,2,1,1,0,4.74160129
Testing,High,Tech Lead,JavaScript,Critical,4,5,2,8,6,14,False,3,False,3.95,2,1,1,1,1.7220422
Testing,Medium,Senior,Python,Medium,12,5,1,24,5,11,False,1,False,3.05,2,2,1,0,4.64132875
Refactoring,Medium,Tech Lead,C++,Medium,4,2,2,8,5,18,True,0,False,1.5,2,0,0,0,2.044875
Refactoring,High,Mid,Python,Low,12,5,1,24,9,16,False,0,False,4.25,0,3,2,0,5.20321725
Code Review,Medium,Senior,C++,High,7,4,0,14,2,11,True,2,False,3.25,0,4,0,0,2.6578125
Refactoring,Medium,Tech Lead,Python,Critical,2,5,0,4,3,14,True,3,False,2.55,2,3,0,0,0.95475188
Refactoring,Low,Tech Lead,C++,Low,1,3,3,2,3,10,False,0,True,3.58333333,2,0,0,1,0.85738331
Testing,Low,Tech Lead,Go,High,2,3,2,4,9,16,False,3,False,1.5,3,0,0,0,1.2177
Design Review,Medium,Mid,Java,High,6,4,3,12,6,18,True,3,False,1.5,4,0,0,0,3.05116875
Client Meeting,Low,Senior,Java,Low,9,3,2,18,2,13,False,1,True,2.66666667,1,2,0,0,4.25758667
Feature Dev,High,Junior,Java,Low,1,3,2,2,8,12,False,3,False,3.5,1,1,1,0,1.0461935
Code Review,High,Senior,Other,Low,9,2,2,18,9,9,True,1,False,3.625,1,0,1,0,4.67311989
Testing,High,Mid,Go,Medium,7,4,2,14,8,9,False,0,False,3.4375,1,2,1,0,3.16899
Documentation,Medium,Tech Lead,Other,Low,7,5,3,14,5,10,True,3,False,4.3,1,2,1,1,3.33842355
Bug Fix,Low,Mid,C++,Low,11,3,1,22,5,15,False,1,False,1.5,3,0,0,0,4.746775
Feature Dev,High,Tech Lead,Other,High,11,5,0,22,10,13,False,0,False,3.95,2,1,1,1,3.7811862
Deployment,High,Mid,Python,Critical,9,3,3,18,8,15,True,3,True,3.25,0,3,0,0,4.50071016
Documentation,High,Tech Lead,Java,Medium,6,2,1,12,2,13,True,1,False,1.5,2,0,0,0,3.2395125
Refactoring,Medium,Tech Lead,Other,High,2,3,3,4,10,9,True,0,False,2.08333333,2,1,0,0,1.17632813
Bug Fix,High,Mid,Python,Critical,4,2,1,8,3,18,False,3,False,5.75,0,0,2,0,1.5552535
Documentation,Medium,Junior,Python,High,12,2,3,24,3,14,False,0,False,2.375,1,1,0,0,4.63640625
Testing,High,Mid,C++,Low,2,4,1,4,6,15,False,2,False,3.4375,1,2,1,0,1.25769291
Bug Fix,Medium,Tech Lead,Go,Low,1,3,0,2,3,10,False,1,False,5.0,1,0,1,1,0.5
Documentation,Medium,Tech Lead,C++,Medium,10,2,2,20,9,13,False,2,True,3.625,1,0,1,0,4.41137813
Feature Dev,High,Junior,Python,Low,10,3,3,20,2,16,False,1,True,2.66666667,1,2,0,0,6.02378333
Code Review,Low,Senior,Java,Critical,10,4,3,20,6,17,False,3,False,3.0625,3,0,0,1,3.3260168
Deployment,Medium,Mid,Go,Critical,11,2,3,22,4,10,True,0,False,3.625,1,0,1,0,3.85761649
Bug Fix,Low,Senior,Other,Critical,7,3,0,14,2,15,False,2,False,4.75,0,2,0,1,1.894395
Feature Dev,Medium,Senior,Java,Medium,1,4,2,2,8,11,False,0,True,2.5625,3,0,1,0,0.72589344
Client Meeting,High,Tech Lead,Java,Medium,2,3,0,4,5,15,False,3,False,2.08333333,2,1,0,0,1.21491667
Deployment,Medium,Mid,JavaScript,Low,4,3,2,8,1,18,True,3,False,4.75,0,2,0,1,2.08203188
Code Review,High,Tech Lead,Java,Medium,2,4,2,4,10,15,False,3,True,2.375,2,2,0,0,1.64065
Design Review,High,Senior,Python,Critical,10,3,2,20,4,9,False,2,False,4.16666667,1,1,0,1,3.67210625
Client Meeting,Medium,Tech Lead,C++,Critical,2,2,0,4,1,15,True,0,False,3.625,1,0,1,0,0.63630788
Design Review,Medium,Senior,Other,Critical,9,3,2,18,4,15,False,1,False,3.5,1,1,1,0,3.05065
Testing,High,Junior,Go,Medium,10,2,0,20,8,17,True,1,False,2.375,1,1,0,0,4.84246875
Client Meeting,Medium,Mid,C++,Critical,5,5,1,10,5,18,False,2,True,1.85,4,1,0,0,2.21372938
Bug Fix,Low,Mid,C++,Critical,10,5,0,20,2,10,True,1,True,3.45,2,2,0,1,3.20066453
Deployment,Medium,Mid,Go,Critical,5,3,0,10,9,17,True,2,False,2.91666667,2,0,1,0,1.81730106
Documentation,Low,Mid,C++,High,11,5,3,22,5,11,True,2,True,3.45,2,2,0,1,4.22243471
Bug Fix,High,Senior,Go,Low,12,3,2,24,8,15,False,3,True,3.5,1,1,1,0,6.6443157
Documentation,Medium,Senior,Go,High,2,3,1,4,5,12,False,0,False,2.08333333,2,1,0,0,0.8514375
Feature Dev,Medium,Junior,C++,High,4,2,2,8,1,15,True,2,False,4.5,0,1,1,0,1.68434438
Design Review,High,Mid,Other,Low,11,3,0,22,8,11,False,0,False,3.5,1,1,1,0,4.9940935
Code Review,High,Senior,Go,Critical,6,5,3,12,2,9,False,2,True,3.05,2,2,1,0,2.93033278
Bug Fix,Medium,Tech Lead,C++,High,2,2,2,4,8,14,True,3,False,1.5,2,0,0,0,1.356075
Deployment,High,Tech Lead,Other,Medium,8,3,1,16,8,11,False,3,True,2.91666667,2,0,1,0,4.20473579
Design Review,Medium,Senior,Go,Medium,6,2,1,12,9,10,False,3,False,2.375,1,1,0,0,2.7965625
Client Meeting,Low,Senior,C++,High,10,2,2,20,3,16,True,0,True,2.375,1,1,0,0,3.97803656
Bug Fix,Medium,Senior,Go,Low,8,5,1,16,2,14,False,2,False,1.85,4,1,0,0,3.9342875
Design Review,High,Tech Lead,Other,Low,5,4,1,10,6,18,False,0,True,3.5,2,1,0,1,2.60505438
Refactoring,Medium,Senior,Go,Critical,2,5,1,4,6,18,False,0,True,5.15,0,2,2,1,0.67196112
Refactoring,Medium,Tech Lead,Go,High,9,3,0,18,1,10,True,0,False,3.5,1,1,1,0,3.0524445
Client Meeting,Medium,Senior,C++,Medium,12,5,3,24,6,12,False,0,False,2.2,3,2,0,0,5.1975
Design Review,High,Mid,Java,Critical,4,3,1,8,2,18,False,1,False,2.08333333,2,1,0,0,1.76909792
Documentation,High,Tech Lead,JavaScript,Medium,6,5,3,12,3,16,True,1,False,3.05,2,2,1,0,3.19424516
Code Review,High,Junior,Go,High,5,2,3,10,3,9,False,2,False,2.375,1,1,0,0,2.60521875
Refactoring,Medium,Mid,JavaScript,High,9,4,2,18,5,11,False,2,False,3.625,2,0,2,0,3.18677625
Documentation,High,Tech Lead,C++,Medium,3,3,1,6,8,14,False,1,False,4.91666667,0,1,2,0,1.30875417
Refactoring,High,Junior,C++,Low,9,5,1,18,10,14,True,1,False,3.95,2,1,1,1,4.20999464
Feature Dev,Medium,Mid,Python,High,11,4,0,22,5,10,False,0,True,3.0,2,1,1,0,4.014054
Client Meeting,Low,Junior,JavaScript,Critical,5,2,1,10,7,12,False,1,False,1.5,2,0,0,0,1.7860625
Refactoring,Medium,Junior,Other,Critical,10,4,3,20,7,13,True,0,False,2.375,2,2,0,0,3.89715703
Deployment,Low,Junior,Other,Critical,6,3,1,12,3,15,False,1,False,2.08333333,2,1,0,0,2.03996458
Design Review,Medium,Mid,C++,High,2,3,3,4,7,14,True,0,False,3.5,1,1,1,0,1.05987656
Documentation,Low,Junior,C++,Medium,7,2,2,14,6,9,False,3,False,2.375,1,1,0,0,3.0615
Refactoring,Medium,Tech Lead,Java,High,7,5,3,14,7,15,False,0,False,3.55,2,1,2,0,2.53641375
Design Review,Medium,Mid,Java,Low,10,2,3,20,2,18,False,3,False,3.625,1,0,1,0,4.65645469
Client Meeting,High,Senior,C++,High,5,3,0,10,10,9,False,0,True,2.08333333,2,1,0,0,2.2675125
Code Review,Low,Junior,JavaScript,Low,9,2,0,18,4,16,True,2,False,1.5,2,0,0,0,4.07253
Feature Dev,High,Senior,C++,Medium,5,5,3,10,5,15,True,2,False,3.75,0,4,1,0,2.74167469
Refactoring,High,Junior,JavaScript,Medium,7,3,1,14,7,17,False,2,False,2.91666667,2,0,1,0,3.30418375
Client Meeting,Medium,Tech Lead,Python,Medium,6,3,3,12,2,12,True,1,False,4.75,0,2,0,1,2.53801406
Design Review,Medium,Tech Lead,Python,Critical,4,3,3,8,8,17,False,2,False,3.25,0,3,0,0,1.79296875
Client Meeting,High,Senior,JavaScript,Critical,2,2,2,4,10,12,True,2,False,2.375,1,1,0,0,1.24358719
Code Review,Medium,Mid,Other,High,4,4,1,8,3,10,False,2,False,1.9375,3,1,0,0,1.76048438
Refactoring,Low,Senior,Java,High,13,4,1,26,9,10,True,3,False,1.5,4,0,0,0,4.96904625
Documentation,Medium,Senior,Python,Medium,4,5,3,8,3,14,True,2,False,3.2,3,0,2,0,2.087505
Testing,Low,Mid,C++,High,10,2,1,20,10,18,True,2,False,1.5,2,0,0,0,3.82606875
Testing,High,Junior,Java,Medium,2,5,0,4,1,14,True,1,False,4.15,0,4,0,1,0.90807412
Client Meeting,High,Mid,JavaScript,High,2,3,2,4,10,10,True,0,False,2.08333333,2,1,0,0,1.14809625
Documentation,High,Senior,C++,Medium,10,3,3,20,3,14,False,1,True,2.08333333,2,1,0,0,5.64139583
Deployment,Medium,Tech Lead,C++,Medium,1,5,3,2,2,9,True,0,False,3.45,2,2,0,1,0.78640406
Refactoring,Low,Tech Lead,Other,Critical,12,4,3,24,8,11,False,0,True,1.9375,3,1,0,0,4.47388734
Deployment,Medium,Senior,C++,Medium,5,3,1,10,7,17,False,3,False,5.58333333,0,1,1,1,1.9159
Documentation,Medium,Senior,Other,High,10,2,2,20,10,16,False,1,True,5.75,0,0,2,0,3.480444
Refactoring,Medium,Tech Lead,C++,High,13,4,3,26,4,11,False,2,False,2.5625,3,0,1,0,4.96341422
Design Review,Low,Tech Lead,Python,Medium,5,5,0,10,5,9,True,3,False,4.15,0,4,0,1,1.86956438
Testing,Medium,Junior,Other,Medium,11,2,3,22,2,11,False,1,False,4.5,0,1,1,0,4.2013125
Bug Fix,Medium,Junior,Java,Medium,6,3,2,12,10,14,False,0,False,1.5,3,0,0,0,2.7675
Refactoring,Low,Tech Lead,Other,Low,4,5,0,8,8,11,False,1,True,2.9,1,4,0,0,1.779547
Client Meeting,High,Tech Lead,Go,Critical,4,2,2,8,3,18,False,0,False,2.375,1,1,0,0,1.78489375
Deployment,Low,Junior,Other,High,3,5,2,6,2,17,True,0,False,3.8,1,3,0,1,1.12739445
Documentation,High,Tech Lead,JavaScript,High,12,5,3,24,5,15,False,3,False,3.55,2,1,2,0,4.89332745
Code Review,Low,Junior,Python,Low,11,2,2,22,6,15,True,0,True,2.375,1,1,0,0,5.31084881
Documentation,Low,Mid,Python,Critical,11,3,0,22,7,12,False,2,False,2.66666667,1,2,0,0,3.41813333
Bug Fix,High,Junior,C++,Critical,4,5,0,8,8,9,False,3,False,3.9,1,2,2,0,1.5474233
Code Review,High,Tech Lead,Other,Critical,5,2,1,10,3,9,False,1,True,3.25,0,2,0,0,2.23523438
Bug Fix,Medium,Senior,Go,Critical,2,4,3,4,2,17,True,1,False,4.0625,1,1,2,0,1.01578493
Bug Fix,Medium,Senior,Java,Medium,12,3,1,24,6,9,True,3,False,1.5,3,0,0,0,5.6503125
Code Review,Low,Junior,Java,Low,13,2,1,26,8,18,False,1,False,2.375,1,1,0,0,5.32131875
Client Meeting,High,Senior,Other,Critical,12,2,0,24,4,14,True,2,False,1.5,2,0,0,0,5.2327275
Documentation,Medium,Mid,Java,High,9,4,2,18,5,12,True,1,False,3.0,2,1,1,0,3.48327
Design Review,Medium,Mid,Other,Low,8,4,1,16,8,11,True,3,True,4.125,2,0,1,1,3.81304048
Testing,Medium,Junior,JavaScript,Low,3,3,2,6,5,11,True,2,False,4.16666667,1,1,0,1,1.66324812
Deployment,Medium,Junior,Go,Medium,1,5,0,2,8,10,False,1,True,2.2,3,2,0,0,0.5445
Feature Dev,Medium,Junior,C++,Critical,10,4,3,20,4,17,True,2,False,4.5625,1,1,1,1,3.32891902
Bug Fix,High,Senior,Other,Low,7,2,0,14,2,10,True,1,False,2.375,1,1,0,0,3.76270125
Client Meeting,Low,Tech Lead,C++,Low,10,4,2,20,3,10,False,0,True,2.8125,1,3,0,0,4.52729063
Bug Fix,Medium,Tech Lead,Go,Medium,4,4,1,8,10,11,False,0,False,2.375,2,2,0,0,1.7171875
Client Meeting,Medium,Senior,C++,Medium,1,4,2,2,3,13,False,0,True,3.9375,1,2,0,1,0.66063594
Deployment,Medium,Mid,Go,High,10,4,2,20,5,10,False,2,False,4.5625,1,1,1,1,3.24860625
Design Review,Low,Mid,C++,Critical,13,2,2,26,1,12,True,3,False,1.5,2,0,0,0,4.83021
Client Meeting,High,Junior,Other,Low,4,3,2,8,6,15,False,0,True,4.16666667,1,1,0,1,2.19343758
Documentation,High,Tech Lead,Go,High,9,4,0,18,10,9,False,2,True,3.0,2,1,1,0,3.9593169
Client Meeting,Medium,Mid,Go,Medium,11,4,1,22,2,18,False,0,False,4.0625,1,1,2,0,3.83593438
Deployment,High,Mid,C++,Critical,10,3,0,20,1,14,True,3,True,2.66666667,1,2,0,0,4.6502225
Documentation,Low,Senior,JavaScript,Low,7,2,0,14,10,14,False,2,False,2.375,1,1,0,0,2.9359
Code Review,High,Junior,Python,Low,1,4,3,2,2,17,True,2,False,3.4375,1,2,1,0,1.15420558
Testing,Medium,Mid,JavaScript,High,5,4,3,10,3,12,False,0,True,4.5625,1,1,1,1,1.94555419
Testing,Medium,Tech Lead,Go,Low,10,2,0,20,5,17,False,3,False,1.5,2,0,0,0,4.84825
Bug Fix,High,Junior,Java,High,5,4,0,10,1,16,False,2,False,3.4375,1,2,1,0,2.02563281
Deployment,Medium,Tech Lead,Other,Medium,4,4,2,8,8,17,False,0,False,2.5625,3,0,1,0,1.79116562
Client Meeting,High,Tech Lead,Python,Critical,1,3,0,2,6,13,False,0,True,4.33333333,1,0,2,0,0.5
Documentation,High,Junior,Go,Medium,13,5,3,26,3,12,True,2,True,3.9,1,2,2,0,6.51436286
Bug Fix,High,Mid,Java,Medium,2,3,2,4,2,10,False,3,False,3.5,1,1,1,0,1.36382
Testing,High,Senior,Python,Low,9,4,3,18,2,9,True,2,False,3.4375,1,2,1,0,4.980761
Design Review,Medium,Senior,Python,Low,10,2,0,20,10,9,True,2,True,2.375,1,1,0,0,5.23604813
Documentation,High,Mid,Java,Critical,8,2,3,16,7,14,True,2,False,3.625,1,0,1,0,3.44401637
Code Review,High,Junior,Go,Low,7,5,3,14,6,18,True,0,False,3.4,1,3,1,0,3.82386659
Design Review,Medium,Mid,Python,High,9,2,2,18,2,12,False,1,False,3.25,0,2,0,0,3.375
Design Review,Medium,Senior,Go,High,12,5,1,24,1,11,True,3,True,3.95,2,1,1,1,4.53125846
Feature Dev,Low,Tech Lead,Python,Medium,3,2,3,6,2,16,True,1,False,2.375,1,1,0,0,1.67940938
Code Review,Medium,Junior,Python,High,13,2,3,26,10,17,False,0,False,2.375,1,1,0,0,4.98965625
Testing,High,Tech Lead,Java,High,4,3,2,8,10,13,True,3,False,2.91666667,2,0,1,0,2.13411397
Testing,High,Senior,Go,Low,7,2,0,14,1,16,True,0,False,1.5,2,0,0,0,3.8120775
Bug Fix,Medium,Mid,Other,Low,6,2,1,12,8,13,False,0,False,3.625,1,0,1,0,2.49978094
Bug Fix,High,Senior,C++,High,5,4,3,10,4,14,False,3,False,3.5,2,1,0,1,2.41216875
Deployment,High,Mid,Go,High,1,4,2,2,1,11,True,1,False,5.625,0,1,2,1,0.61480755
Refactoring,High,Junior,Python,Medium,1,3,2,2,5,17,True,1,False,4.16666667,1,1,0,1,0.76491625
Documentation,Low,Senior,C++,Critical,13,2,3,26,7,18,False,3,False,2.375,1,1,0,0,4.52895938
Refactoring,Medium,Tech Lead,JavaScript,Medium,7,5,1,14,8,11,True,3,False,2.55,2,3,0,0,3.31865625
Testing,High,Junior,JavaScript,Critical,2,2,0,4,9,13,False,1,False,2.375,1,1,0,0,0.85074375
Design Review,Medium,Tech Lead,JavaScript,Medium,1,2,1,2,9,16,False,1,False,4.5,0,1,1,0,0.5516875
Documentation,Medium,Junior,Python,Low,2,4,2,4,5,17,True,3,True,2.375,2,2,0,0,1.74534938
Client Meeting,High,Tech Lead,Go,Critical,4,3,0,8,10,17,False,1,False,4.16666667,1,1,0,1,1.39684042
Code Review,High,Tech Lead,Python,Low,3,2,3,6,5,15,False,0,False,3.625,1,0,1,0,1.79396044
Deployment,Low,Senior,C++,Medium,8,3,3,16,6,15,True,3,True,2.66666667,1,2,0,0,4.052895
Deployment,Medium,Tech Lead,Java,Medium,6,3,3,12,1,10,True,1,True,5.0,1,0,1,1,2.6644695
Deployment,High,Mid,Python,Medium,12,5,3,24,7,11,True,0,True,3.95,2,1,1,1,5.72520911
Design Review,Low,Mid,Python,Low,5,4,1,10,5,15,True,0,False,2.8125,1,3,0,0,2.16075234
Refactoring,Low,Tech Lead,Java,Critical,1,4,1,2,1,9,False,1,False,3.0625,3,0,0,1,0.5
Client Meeting,Medium,Mid,Go,Critical,12,3,0,24,10,14,False,2,False,4.16666667,1,1,0,1,3.60010417
Bug Fix,High,Junior,Go,Low,12,3,1,24,3,17,False,1,True,5.0,1,0,1,1,5.4596894
Testing,Medium,Senior,Python,Critical,10,4,3,20,5,13,True,0,False,2.375,2,2,0,0,3.89715703
Feature Dev,High,Tech Lead,Python,High,2,3,1,4,9,13,False,2,False,3.5,1,1,1,0,1.02555675
Design Review,Medium,Tech Lead,Python,Low,13,4,1,26,6,14,True,0,True,3.0625,3,0,0,1,6.11427132
Deployment,Low,Junior,Java,Low,4,4,2,8,2,11,False,0,True,1.5,4,0,0,0,2.158035
Documentation,Medium,Mid,Python,High,12,2,1,24,2,13,False,2,False,3.625,1,0,1,0,4.13065406
Client Meeting,Low,Senior,Go,Medium,5,2,1,10,2,17,False,1,False,2.375,1,1,0,0,2.0115625
Documentation,Medium,Mid,C++,High,12,3,3,24,3,9,True,2,False,4.75,0,2,0,1,4.21998609
Documentation,High,Mid,Java,High,1,3,0,2,3,13,False,0,False,3.5,1,1,1,0,0.5
Testing,High,Junior,Python,Critical,4,2,1,8,5,16,False,1,False,5.75,0,0,2,0,1.4194235
Bug Fix,High,Mid,Go,High,8,4,2,16,5,12,True,1,True,2.375,2,2,0,0,4.16163825
Feature Dev,Medium,Tech Lead,JavaScript,Critical,8,2,2,16,8,16,True,0,False,3.625,1,0,1,0,2.78384695
Documentation,Medium,Tech Lead,JavaScript,High,1,4,0,2,4,18,False,2,False,1.9375,3,1,0,0,0.5416875
Testing,High,Junior,Python,Medium,4,3,2,8,3,16,True,0,False,2.91666667,2,0,1,0,2.07969212
Code Review,Medium,Tech Lead,Python,Low,10,5,2,20,2,13,False,3,False,2.55,2,3,0,0,4.92085
Design Review,Low,Senior,Java,High,9,5,0,18,1,12,False,1,False,2.2,3,2,0,0,2.97594
Client Meeting,Medium,Senior,Python,High,3,3,2,6,5,14,False,2,False,2.91666667,2,0,1,0,1.41607875
Design Review,High,Tech Lead,C++,Critical,10,4,0,20,10,10,True,3,False,3.0,2,1,1,0,4.02994988
Feature Dev,Low,Senior,JavaScript,Low,7,2,2,14,2,13,True,0,False,2.375,1,1,0,0,3.19602938
Testing,Medium,Junior,C++,High,3,3,0,6,6,11,True,3,False,4.75,0,2,0,1,1.16146406
Design Review,High,Mid,JavaScript,High,9,3,3,18,10,17,True,2,True,5.0,1,0,1,1,3.89373831
Documentation,Medium,Senior,JavaScript,Medium,5,5,2,10,5,18,False,3,False,3.6,3,0,1,1,2.20064
Documentation,High,Junior,Java,High,13,3,2,26,4,15,False,0,False,5.0,1,0,1,1,4.419864
Refactoring,Medium,Mid,Other,Critical,12,4,3,24,4,14,True,3,False,2.8125,1,3,0,0,4.75214414
Feature Dev,Medium,Mid,C++,Medium,2,5,3,4,5,17,False,0,False,2.7,3,1,1,0,1.1700625
Code Review,Medium,Mid,JavaScript,Critical,11,3,3,22,5,13,False,0,False,3.5,1,1,1,0,3.69891312
Feature Dev,High,Mid,Go,Low,5,5,2,10,10,11,True,0,False,4.8,1,1,2,1,2.2984962
Documentation,Medium,Junior,Go,Medium,3,4,0,6,3,13,False,0,False,4.0625,1,1,2,0,1.011675
Design Review,Medium,Senior,Java,High,7,3,3,14,2,15,False,0,False,2.66666667,1,2,0,0,2.8275
Bug Fix,High,Mid,Java,Low,5,3,3,10,8,12,True,0,True,3.5,1,1,1,0,3.13487934
Code Review,Medium,Senior,JavaScript,Critical,13,4,1,26,10,9,True,0,True,3.9375,1,2,0,1,4.50636289
Feature Dev,High,Senior,Go,Low,11,5,0,22,3,14,False,1,False,4.25,0,3,2,0,4.735203
Feature Dev,Medium,Tech Lead,Python,Critical,4,5,1,8,6,12,False,3,False,4.8,1,1,2,1,1.3337095
Testing,High,Mid,Python,Low,9,2,2,18,8,13,True,1,False,5.75,0,0,2,0,4.1897163
Code Review,Low,Junior,Java,Critical,7,2,3,14,6,13,False,2,False,2.375,1,1,0,0,2.64397813
Refactoring,High,Junior,Other,Medium,3,2,0,6,3,14,False,0,False,3.25,0,2,0,0,1.29375
Design Review,Medium,Mid,C++,Medium,10,4,2,20,9,16,False,1,False,4.0625,1,1,2,0,3.709475
Testing,Medium,Junior,JavaScript,Critical,2,3,1,4,6,14,False,0,True,2.08333333,2,1,0,0,0.88454896
Design Review,Medium,Senior,Java,Medium,3,5,1,6,2,15,False,2,False,3.55,2,1,2,0,1.3440825
Code Review,Medium,Junior,Python,High,5,3,3,10,3,15,False,2,False,3.5,1,1,1,0,2.13994125
Refactoring,High,Senior,Python,Low,3,3,3,6,3,11,True,3,False,4.08333333,0,2,1,0,2.13776784
Documentation,Medium,Tech Lead,Go,Low,12,4,0,24,1,12,True,3,False,2.8125,1,3,0,0,5.65119844
Documentation,Low,Senior,Python,High,1,2,0,2,2,13,False,3,False,1.5,2,0,0,0,0.60885
Feature Dev,Medium,Tech Lead,Java,High,8,2,0,16,2,12,True,3,False,3.625,1,0,1,0,2.94760266
Bug Fix,High,Tech Lead,Java,High,8,4,0,16,2,18,True,0,True,3.9375,1,2,0,1,3.28203934
Code Review,High,Mid,Python,Medium,4,3,0,8,5,14,False,2,False,2.66666667,1,2,0,0,1.972
Code Review,High,Junior,Go,Critical,7,3,1,14,4,18,False,0,False,5.58333333,0,1,1,1,2.240039
Bug Fix,High,Tech Lead,Python,Low,4,3,1,8,10,14,False,1,True,4.33333333,1,0,2,0,2.09982997
Deployment,Low,Tech Lead,Python,Medium,12,4,3,24,1,12,False,0,False,3.9375,1,2,0,1,4.09251094
Documentation,High,Senior,Java,Medium,5,3,1,10,10,10,False,2,False,3.5,1,1,1,0,2.3777125
Client Meeting,High,Senior,JavaScript,Medium,11,2,0,22,4,16,True,1,False,3.25,0,2,0,0,5.079375
Refactoring,Medium,Junior,C++,High,9,4,1,18,3,13,False,2,False,1.9375,3,1,0,0,3.56610938
Bug Fix,Medium,Mid,Go,Critical,2,3,3,4,10,9,True,3,False,2.66666667,1,2,0,0,1.3372625
Documentation,High,Senior,Other,Medium,11,2,0,22,4,12,True,3,True,4.5,0,1,1,0,5.2544415
Bug Fix,High,Senior,Other,Critical,8,5,2,16,9,9,False,2,False,3.05,2,2,1,0,3.26547348
Design Review,Medium,Tech Lead,Go,High,9,3,2,18,10,13,False,0,False,4.16666667,1,1,0,1,2.9732625
Client Meeting,High,Junior,JavaScript,Medium,2,2,1,4,8,15,False,2,True,2.375,1,1,0,0,1.37080625
Feature Dev,Medium,Junior,Other,Low,8,5,1,16,8,9,True,1,True,5.15,0,2,2,1,3.31590971
Testing,High,Tech Lead,Python,High,5,3,3,10,8,18,True,2,False,3.5,1,1,1,0,2.50130869
Code Review,High,Mid,Python,Critical,3,3,3,6,7,18,False,0,False,2.91666667,2,0,1,0,1.43968006
Bug Fix,High,Senior,C++,Low,10,2,0,20,7,13,False,1,False,3.25,0,2,0,0,4.846875
Documentation,Low,Tech Lead,C++,Critical,2,3,1,4,1,16,True,0,True,2.66666667,1,2,0,0,0.82565175
Client Meeting,High,Mid,Go,High,1,2,1,2,5,13,False,2,True,2.375,1,1,0,0,0.78686438
Design Review,Low,Senior,C++,Low,10,2,3,20,9,17,False,1,False,2.375,1,1,0,0,4.47940625
Testing,Medium,Senior,Go,Medium,9,4,3,18,4,12,True,0,True,3.9375,1,2,0,1,4.01336332
Bug Fix,Low,Mid,Java,Medium,11,5,2,22,9,15,False,3,False,2.2,3,2,0,0,4.5144
Refactoring,Low,Mid,C++,High,4,3,1,8,10,13,True,1,False,3.58333333,2,0,0,1,1.39708603
Refactoring,Medium,Mid,JavaScript,Critical,3,2,1,6,9,14,True,3,False,3.625,1,0,1,0,1.31238499
Deployment,Medium,Tech Lead,JavaScript,Medium,8,3,2,16,6,17,False,0,True,1.5,3,0,0,0,3.94625
Client Meeting,Medium,Mid,Other,Medium,5,5,1,10,6,18,False,3,False,3.9,1,2,2,0,2.084215
Code Review,Medium,Junior,Other,Low,13,2,2,26,5,12,True,3,False,2.375,1,1,0,0,6.57339375
Code Review,Low,Tech Lead,Go,Low,5,4,2,10,6,10,True,3,False,3.9375,1,2,0,1,2.37828938
Refactoring,High,Senior,Go,Low,7,4,1,14,4,15,False,0,False,3.5,2,1,0,1,3.25752625
Design Review,High,Senior,JavaScript,Medium,6,3,1,12,3,9,False,2,False,4.33333333,1,0,2,0,2.58233667
Refactoring,High,Junior,Python,Low,7,3,2,14,8,16,False,1,False,5.0,1,0,1,1,3.113924
Refactoring,Medium,Senior,JavaScript,Medium,10,2,1,20,7,17,True,2,False,2.375,1,1,0,0,4.48185938
Refactoring,Medium,Senior,JavaScript,Medium,10,5,1,20,3,12,False,3,True,1.85,4,1,0,0,4.9317125
Design Review,High,Senior,JavaScript,High,5,5,1,10,8,18,True,0,False,2.9,1,4,0,0,2.21106375
Design Review,High,Tech Lead,Go,High,7,2,1,14,4,12,False,2,False,1.5,2,0,0,0,3.293325
Refactoring,Low,Junior,JavaScript,High,8,4,1,16,10,17,False,3,False,3.5,2,1,0,1,2.63361375
Deployment,Low,Junior,Java,Low,10,2,3,20,1,15,False,1,False,1.5,2,0,0,0,4.679125
Documentation,Low,Senior,C++,Critical,13,2,1,26,4,13,True,3,True,2.375,1,1,0,0,4.94194542
Testing,Medium,Tech Lead,Java,Low,12,2,2,24,10,14,False,0,True,4.5,0,1,1,0,5.23763625
Design Review,Low,Mid,Go,Critical,8,3,2,16,9,9,True,2,False,2.08333333,2,1,0,0,3.00408063
Bug Fix,Medium,Mid,Python,Low,11,4,1,22,1,17,False,1,False,3.4375,1,2,1,0,4.60493859
Deployment,Medium,Senior,JavaScript,Low,5,5,2,10,4,9,False,1,False,3.4,1,3,1,0,2.381544
Bug Fix,High,Tech Lead,JavaScript,Medium,1,5,2,2,7,13,False,3,False,3.05,2,2,1,0,0.9742195
Deployment,Medium,Senior,C++,High,5,5,2,10,5,11,False,1,False,2.55,2,3,0,0,2.1006
Refactoring,Low,Junior,Python,High,13,3,2,26,6,9,True,1,True,2.66666667,1,2,0,0,5.104638
Code Review,Medium,Tech Lead,C++,Low,10,3,0,20,7,11,True,2,False,3.5,1,1,1,0,4.35255975
Design Review,Medium,Senior,Other,Critical,1,4,1,2,4,10,True,1,False,3.5,2,1,0,1,0.50978484
Design Review,Medium,Junior,Go,Critical,10,2,3,20,2,17,True,0,False,3.625,1,0,1,0,3.53946255
Design Review,High,Junior,Go,Critical,10,4,3,20,10,10,True,1,True,3.4375,1,2,1,0,4.55183325
Deployment,High,Junior,C++,Critical,5,2,3,10,8,11,False,0,True,1.5,2,0,0,0,2.63553125
Bug Fix,Medium,Tech Lead,Java,Critical,10,2,2,20,7,13,True,2,False,4.5,0,1,1,0,3.40879219
Refactoring,Medium,Mid,Go,Low,6,5,0,12,9,16,False,0,False,3.55,2,1,2,0,2.289276
Client Meeting,Medium,Junior,Other,High,11,4,1,22,2,18,False,3,False,5.0,0,2,1,1,3.41343
Bug Fix,Medium,Junior,JavaScript,High,8,2,1,16,1,16,False,1,False,3.625,1,0,1,0,2.76713719
Design Review,Low,Senior,Java,Medium,5,2,1,10,3,16,False,3,True,1.5,2,0,0,0,2.536875
Refactoring,Medium,Junior,Python,Critical,5,5,1,10,5,17,True,2,False,3.05,2,2,1,0,1.92764493
Deployment,Medium,Junior,Python,Medium,5,3,0,10,1,13,True,3,False,4.33333333,1,0,2,0,2.005255
Client Meeting,Medium,Senior,Java,Low,7,2,2,14,9,9,False,2,False,2.375,1,1,0,0,3.5619375
Client Meeting,High,Junior,JavaScript,Critical,12,3,3,24,8,14,True,1,False,6.41666667,0,0,2,1,4.09831984
Design Review,Medium,Tech Lead,Other,Medium,11,5,3,22,4,9,True,1,False,4.8,1,1,2,1,3.9781665
Design Review,Medium,Tech Lead,Java,Critical,6,3,3,12,8,9,False,1,False,3.5,1,1,1,0,2.24985438
Documentation,High,Tech Lead,JavaScript,Low,9,4,3,18,10,11,False,0,True,2.375,2,2,0,0,5.44976438
Design Review,Low,Junior,Python,Low,9,5,2,18,7,10,False,2,False,2.75,4,0,0,1,3.76173875
Design Review,Medium,Junior,Go,Low,12,5,2,24,4,10,True,2,True,3.1,3,1,0,1,6.04513429
Feature Dev,Medium,Junior,C++,Low,8,4,2,16,10,12,False,2,False,5.0,0,2,1,1,3.18274
Refactoring,High,Junior,Other,High,8,5,2,16,6,11,True,0,False,3.4,1,3,1,0,3.39288831
Testing,Medium,Tech Lead,JavaScript,Low,10,3,2,20,8,12,True,1,False,2.91666667,2,0,1,0,4.70360275
Deployment,High,Mid,Other,Low,4,3,0,8,6,13,True,3,True,5.0,1,0,1,1,2.12615634
Design Review,Medium,Junior,Python,Low,6,3,3,12,7,15,False,2,False,3.5,1,1,1,0,3.01027375
Feature Dev,High,Mid,Java,High,2,3,2,4,10,9,True,2,False,2.66666667,1,2,0,0,1.29717
Client Meeting,High,Junior,Go,Low,2,5,2,4,5,17,True,1,False,2.9,1,4,0,0,1.455993
Refactoring,Medium,Senior,Other,Medium,2,5,1,4,9,17,True,1,False,4.15,0,4,0,1,0.93478219
Documentation,Low,Senior,Go,Medium,5,2,3,10,10,13,False,3,True,3.25,0,2,0,0,2.6296875
Documentation,Low,Senior,JavaScript,Critical,4,2,3,8,6,16,False,3,False,2.375,1,1,0,0,1.82659688
Feature Dev,Medium,Senior,Python,Critical,5,2,0,10,8,17,False,0,False,3.25,0,2,0,0,1.59375
Design Review,Medium,Junior,Java,Low,2,4,0,4,4,10,False,3,False,1.9375,3,1,0,0,1.21378125
Bug Fix,Low,Senior,JavaScript,Low,12,2,2,24,3,16,False,3,False,3.25,0,2,0,0,5.07375
Feature Dev,Medium,Tech Lead,Other,Low,6,4,1,12,10,13,False,3,False,3.5,2,1,0,1,2.75488125
Refactoring,High,Tech Lead,JavaScript,Medium,8,2,2,16,3,14,False,0,True,2.375,1,1,0,0,4.2959125
Client Meeting,Medium,Junior,Python,High,7,4,1,14,10,17,True,2,False,3.0,2,1,1,0,2.74307513
Testing,Medium,Senior,Other,Low,1,5,0,2,9,16,True,2,False,4.65,0,3,1,1,0.5530833
Bug Fix,Low,Junior,JavaScript,Critical,13,3,0,26,1,12,True,0,False,2.66666667,1,2,0,0,4.03767
Feature Dev,Medium,Mid,Go,Critical,4,2,1,8,6,15,False,0,False,2.375,1,1,0,0,1.45960938
Refactoring,Medium,Junior,Go,Critical,3,4,1,6,2,14,False,1,False,4.5625,1,1,1,1,0.98861906
Code Review,Medium,Senior,JavaScript,Medium,4,5,3,8,8,14,False,3,False,3.75,0,4,1,0,2.08004375
Design Review,Medium,Senior,Other,Low,2,5,1,4,4,17,True,2,False,4.3,1,2,1,1,1.08146115
Documentation,Medium,Mid,Java,High,11,3,3,22,2,18,False,0,True,5.0,1,0,1,1,3.754773
Documentation,High,Senior,Other,Low,4,2,0,8,10,9,True,1,False,2.375,1,1,0,0,2.19868688
Refactoring,Low,Mid,Go,High,4,4,3,8,5,11,False,1,False,2.8125,1,3,0,0,1.71824063
Deployment,High,Junior,Go,High,8,3,2,16,10,17,True,3,False,4.16666667,1,1,0,1,3.42611325
Code Review,Medium,Junior,Python,High,1,5,0,2,10,16,True,0,False,4.8,1,1,2,1,0.5
Testing,Low,Junior,Java,High,1,4,2,2,10,16,False,1,True,3.5,2,1,0,1,0.6611715
Feature Dev,High,Senior,C++,Critical,3,2,1,6,6,13,False,3,False,4.5,0,1,1,0,1.32023063
Documentation,High,Senior,Python,High,10,3,3,20,1,13,False,0,True,2.66666667,1,2,0,0,4.83285
Design Review,Low,Senior,Java,Low,2,4,0,4,3,9,True,0,False,1.9375,3,1,0,0,0.83419875
Documentation,High,Junior,Go,Critical,10,3,0,20,6,17,False,3,True,4.16666667,1,1,0,1,3.88091229
Code Review,Medium,Mid,Go,Critical,7,4,1,14,10,13,False,0,True,3.4375,1,2,1,0,2.48320076
Design Review,Medium,Senior,Python,Critical,12,5,3,24,6,13,False,1,False,3.1,3,1,0,1,4.08251812
Testing,Low,Senior,Other,Low,8,3,2,16,1,13,True,3,False,2.66666667,1,2,0,0,3.88542
Testing,Medium,Junior,Python,Critical,2,5,2,4,5,12,False,1,False,4.3,1,2,1,1,0.830484
Design Review,Low,Junior,JavaScript,Critical,2,3,2,4,3,12,False,0,False,2.08333333,2,1,0,0,0.8633875
Client Meeting,Low,Tech Lead,C++,Low,7,4,2,14,5,13,True,1,False,2.8125,1,3,0,0,3.23558813
Feature Dev,Medium,Mid,C++,Critical,9,4,1,18,3,17,False,3,False,3.0,2,1,1,0,3.17226375
Deployment,High,Mid,Python,Critical,6,2,3,12,8,16,True,2,False,2.375,1,1,0,0,2.98636078
Feature Dev,Medium,Junior,Python,Medium,9,4,1,18,9,10,False,0,False,1.9375,3,1,0,0,3.76171875
Deployment,High,Tech Lead,JavaScript,Low,5,3,0,10,7,13,False,0,False,4.33333333,1,0,2,0,2.10074333
Refactoring,Medium,Tech Lead,C++,Critical,3,3,3,6,1,9,False,1,True,3.25,0,3,0,0,1.53398438
Feature Dev,Medium,Junior,C++,Low,12,3,0,24,9,16,True,3,False,4.16666667,1,1,0,1,4.98974437
Feature Dev,Medium,Tech Lead,C++,Low,8,4,0,16,9,9,False,0,False,4.125,2,0,1,1,2.89432
Refactoring,Medium,Tech Lead,JavaScript,Medium,8,4,0,16,4,15,False,0,False,3.4375,1,2,1,0,2.8809
Testing,High,Mid,Python,Critical,4,2,1,8,4,15,False,2,True,3.625,1,0,1,0,1.82484008
Documentation,Medium,Mid,Python,Critical,1,3,1,2,5,16,False,0,True,2.91666667,2,0,1,0,0.5
Bug Fix,Medium,Senior,C++,Critical,7,4,1,14,3,17,False,2,True,4.5625,1,1,1,1,2.36245866
Documentation,Medium,Senior,Java,Medium,1,3,3,2,10,11,False,0,True,2.91666667,2,0,1,0,0.86538146
Testing,High,Junior,Other,Medium,13,2,0,26,2,12,True,1,False,3.625,1,0,1,0,5.689341
Deployment,High,Mid,C++,Medium,4,2,0,8,1,11,True,2,False,1.5,2,0,0,0,2.19555
Design Review,High,Junior,Other,Medium,10,3,0,20,10,15,True,3,False,3.5,1,1,1,0,4.61635125
Refactoring,Medium,Mid,Python,Medium,10,3,0,20,7,13,False,1,True,4.91666667,0,1,2,0,3.62115417
Client Meeting,Medium,Tech Lead,Java,High,13,3,0,26,5,11,False,0,True,2.66666667,1,2,0,0,4.9764
Code Review,High,Tech Lead,JavaScript,Low,10,3,2,20,5,18,True,0,False,3.5,1,1,1,0,5.07798638
Deployment,High,Tech Lead,JavaScript,Medium,11,2,2,22,8,16,False,1,False,2.375,1,1,0,0,5.357625
Client Meeting,High,Senior,Python,High,6,4,3,12,3,9,False,2,True,2.8125,1,3,0,0,3.23875406
Feature Dev,Medium,Senior,JavaScript,Medium,13,5,1,26,2,11,False,3,False,3.45,2,2,0,1,4.97835625
Refactoring,High,Mid,Python,Low,6,3,0,12,6,9,False,0,False,2.91666667,2,0,1,0,2.8099445
Deployment,High,Junior,Python,Medium,8,4,2,16,10,14,True,1,False,3.5,2,1,0,1,3.764565
Code Review,Medium,Senior,C++,Low,1,3,3,2,8,16,False,2,False,5.58333333,0,1,1,1,0.90321
Design Review,High,Tech Lead,Java,Low,7,2,3,14,8,12,False,1,False,3.625,1,0,1,0,3.69575456
Client Meeting,Medium,Senior,Python,Low,6,5,1,12,8,16,False,1,False,2.2,3,2,0,0,2.88585
Testing,Medium,Tech Lead,JavaScript,Critical,11,4,2,22,9,14,False,2,True,4.5625,1,1,1,1,3.67493569
Design Review,Low,Tech Lead,JavaScript,Critical,6,2,0,12,4,14,False,0,False,3.25,0,2,0,0,1.72125
Client Meeting,Low,Tech Lead,Java,Low,13,2,3,26,4,11,False,1,False,2.375,1,1,0,0,5.64513125
Deployment,Medium,Tech Lead,Python,Medium,13,3,1,26,2,12,False,3,False,4.75,0,2,0,1,4.62946875
Design Review,Medium,Mid,Go,Critical,2,4,1,4,5,17,False,3,True,3.25,0,4,0,0,1.09570313
Testing,Low,Junior,JavaScript,High,6,2,0,12,6,12,True,2,False,2.375,1,1,0,0,2.18838375
Design Review,High,Junior,C++,Medium,6,4,1,12,5,11,True,1,False,3.0,2,1,1,0,2.91240075
Feature Dev,Medium,Tech Lead,Go,Critical,4,2,0,8,3,14,False,2,False,3.625,1,0,1,0,1.36351688
Documentation,High,Senior,Go,Low,2,2,1,4,3,9,False,3,False,3.625,1,0,1,0,1.34301956
Client Meeting,High,Mid,Go,Low,10,2,0,20,2,11,True,0,True,1.5,2,0,0,0,5.9904075
Design Review,High,Junior,Other,High,13,3,1,26,9,13,False,1,False,2.08333333,2,1,0,0,5.5836375
Feature Dev,Low,Mid,C++,High,5,2,1,10,2,15,False,2,False,1.5,2,0,0,0,1.983375
Code Review,Medium,Junior,C++,Critical,9,4,2,18,1,17,False,3,False,3.875,0,3,1,0,3.13825313
Refactoring,High,Senior,Go,Critical,1,5,2,2,3,13,False,0,False,4.3,1,2,1,1,0.5259732
Client Meeting,High,Mid,C++,Critical,7,4,2,14,4,18,False,1,False,4.0625,1,1,2,0,2.59410331
Feature Dev,Medium,Senior,JavaScript,Medium,9,4,1,18,5,9,False,3,False,3.0,2,1,1,0,3.732075
Documentation,Medium,Tech Lead,Java,High,7,5,2,14,4,14,True,1,False,4.8,1,1,2,1,2.3145696
Testing,Low,Mid,C++,Medium,2,5,2,4,2,13,True,1,True,1.85,4,1,0,0,1.303302
Design Review,Medium,Mid,Java,Low,6,4,2,12,8,16,False,0,False,3.9375,1,2,0,1,2.54816719
Bug Fix,Medium,Senior,C++,Medium,8,2,0,16,7,14,True,3,False,3.625,1,0,1,0,3.27511406
Feature Dev,Low,Mid,Java,Low,1,2,1,2,10,12,False,0,False,1.5,2,0,0,0,0.575025
Documentation,Medium,Junior,Go,Medium,5,5,0,10,10,10,True,0,False,2.7,3,1,1,0,1.965705
Client Meeting,Medium,Mid,C++,Medium,11,3,3,22,1,11,False,3,False,1.5,3,0,0,0,5.27875
Feature Dev,High,Tech Lead,Java,Low,13,3,2,26,4,10,False,1,False,3.5,1,1,1,0,6.2969005
Deployment,Medium,Tech Lead,JavaScript,Low,1,3,0,2,9,16,True,0,False,1.5,3,0,0,0,0.5
Feature Dev,Medium,Junior,Go,Low,2,4,0,4,3,16,False,0,False,3.4375,1,2,1,0,0.7922475
Code Review,High,Senior,C++,Critical,6,3,1,12,8,11,True,2,True,4.16666667,1,1,0,1,2.58635083
Feature Dev,Low,Senior,Java,High,12,3,2,24,7,11,False,2,False,2.08333333,2,1,0,0,4.319925
Code Review,Medium,Senior,Java,High,13,4,1,26,2,11,False,2,False,3.875,0,3,1,0,4.39091719
Testing,High,Tech Lead,Python,Critical,6,2,3,12,8,9,False,0,False,4.5,0,1,1,0,2.31581438
Feature Dev,High,Mid,Python,Low,8,5,3,16,8,13,False,3,False,3.05,2,2,1,0,4.47865248
Refactoring,Medium,Junior,Python,Low,1,3,1,2,9,18,False,1,False,2.91666667,2,0,1,0,0.66176229
Client Meeting,High,Tech Lead,JavaScript,Critical,4,3,1,8,9,18,False,3,True,2.08333333,2,1,0,0,2.13222854
Client Meeting,Low,Senior,Go,Low,4,3,3,8,9,12,False,1,False,2.66666667,1,2,0,0,2.11603333
Refactoring,High,Junior,Python,Medium,2,5,2,4,1,15,False,2,False,3.25,0,5,0,0,1.33125
Design Review,Low,Senior,JavaScript,Low,11,2,3,22,6,9,True,3,True,1.5,2,0,0,0,6.13365638
Testing,Medium,Mid,Other,Medium,13,2,2,26,8,10,False,0,False,5.75,0,0,2,0,4.3945
Refactoring,Medium,Tech Lead,Other,Low,7,2,0,14,8,17,False,1,False,2.375,1,1,0,0,3.1301875
Documentation,Low,Junior,Other,Low,10,4,0,20,2,18,False,2,False,3.9375,1,2,0,1,3.58630938
Deployment,Medium,Junior,Java,Medium,12,5,3,24,5,14,False,1,False,4.8,1,1,2,1,4.09489
Client Meeting,Medium,Junior,Go,Low,12,4,1,24,2,14,False,3,False,3.0,2,1,1,0,5.3216625
Documentation,High,Senior,Other,Critical,8,4,3,16,3,17,True,2,False,3.625,2,0,2,0,3.3375004
Code Review,Medium,Junior,Go,Medium,6,5,0,12,10,17,True,0,False,2.2,3,2,0,0,2.4948
Bug Fix,High,Mid,Other,Medium,3,2,2,6,6,13,False,3,True,3.625,1,0,1,0,1.94100638
Deployment,High,Mid,C++,High,10,4,3,20,1,11,True,1,False,3.875,0,3,1,0,4.27817742
Refactoring,High,Mid,Java,Low,12,4,0,24,8,12,False,3,False,3.625,2,0,2,0,5.52892725
Code Review,Medium,Tech Lead,Go,High,8,4,1,16,4,10,True,1,False,5.0,0,2,1,1,2.5495155
Client Meeting,High,Tech Lead,Java,High,7,5,0,14,9,9,True,1,False,3.45,2,2,0,1,2.76444158
Deployment,High,Mid,Python,Medium,11,4,0,22,2,11,True,2,False,2.375,2,2,0,0,5.41944375
Refactoring,High,Mid,JavaScript,Critical,1,4,3,2,7,9,False,2,False,4.5625,1,1,1,1,0.75680494
Testing,Medium,Junior,Other,Medium,4,4,1,8,9,12,False,0,False,2.8125,1,3,0,0,1.67890625
Refactoring,High,Junior,Other,Medium,11,5,0,22,5,9,True,2,True,5.15,0,2,2,1,4.59596445
Client Meeting,Medium,Senior,Python,High,12,3,1,24,8,10,False,1,False,2.08333333,2,1,0,0,4.5260625
Bug Fix,Medium,Senior,Java,Critical,13,2,1,26,5,17,False,0,False,2.375,1,1,0,0,4.46223438
Bug Fix,Medium,Senior,Java,Low,3,4,3,6,10,13,False,3,True,3.625,2,0,2,0,2.03772319
Bug Fix,Low,Mid,Other,Critical,4,4,3,8,1,9,False,1,True,3.25,0,4,0,0,1.74435938
Bug Fix,Low,Tech Lead,JavaScript,High,3,5,3,6,7,16,False,0,False,1.85,4,1,0,0,1.3873275
Design Review,Medium,Tech Lead,Python,High,13,5,3,26,4,9,False,2,True,2.7,3,1,1,0,5.42113358
Bug Fix,Low,Junior,Other,High,5,4,2,10,6,17,True,0,False,3.0625,3,0,0,1,1.78511977
Refactoring,Medium,Mid,C++,Critical,10,5,3,20,9,15,True,2,False,4.25,0,3,2,0,3.46224178
Code Review,High,Junior,Python,Medium,3,5,0,6,7,14,True,1,False,3.8,1,3,0,1,1.343433
Testing,Medium,Mid,C++,Low,12,4,1,24,3,9,False,0,False,2.5625,3,0,1,0,5.13310359
Feature Dev,Medium,Junior,Other,Critical,6,5,0,12,4,9,False,1,False,3.05,2,2,1,0,1.95303438
Design Review,High,Tech Lead,Java,Medium,1,3,0,2,6,13,False,1,False,3.58333333,2,0,0,1,0.5
Client Meeting,Medium,Tech Lead,Other,Medium,6,4,0,12,6,11,False,3,False,3.875,0,3,1,0,2.37346875
Documentation,Low,Mid,Go,Critical,2,4,3,4,9,9,True,0,False,2.8125,1,3,0,0,1.00180336
Bug Fix,Low,Senior,C++,High,5,4,1,10,8,10,True,1,False,2.8125,1,3,0,0,1.85854922
Bug Fix,Medium,Senior,Other,Medium,5,4,0,10,8,14,False,2,True,2.8125,1,3,0,0,2.3216875
Client Meeting,Medium,Tech Lead,Go,Critical,3,4,1,6,10,14,False,2,False,3.875,0,3,1,0,1.15816484
Code Review,High,Tech Lead,JavaScript,High,10,4,1,20,1,15,False,2,False,3.5,2,1,0,1,3.91483125
Documentation,Medium,Tech Lead,Python,Medium,8,3,3,16,1,18,False,1,True,4.75,0,2,0,1,3.37992188
Feature Dev,High,Senior,Other,Critical,10,4,1,20,1,14,False,1,False,3.0,2,1,1,0,3.79888375
Deployment,High,Senior,C++,Critical,5,3,0,10,4,12,False,1,False,2.08333333,2,1,0,0,2.0315
Design Review,Medium,Mid,Other,Critical,10,4,1,20,1,17,False,0,True,3.9375,1,2,0,1,3.32913324
Refactoring,High,Tech Lead,C++,Low,4,3,1,8,4,13,False,3,False,5.0,1,0,1,1,1.969858
Code Review,Medium,Junior,Go,Critical,12,2,0,24,9,18,True,2,False,4.5,0,1,1,0,3.78754688
Code Review,Medium,Mid,Java,Medium,6,2,1,12,3,13,False,1,False,1.5,2,0,0,0,2.71625
Design Review,High,Junior,Python,Medium,9,4,2,18,5,16,False,0,False,4.0625,1,1,2,0,3.7431975
Documentation,High,Junior,C++,Medium,8,5,2,16,2,18,False,1,True,3.05,2,2,1,0,4.1248086
Feature Dev,Medium,Mid,C++,Critical,2,2,2,4,10,13,True,0,False,3.625,1,0,1,0,0.87492333
Refactoring,High,Junior,C++,Medium,11,5,2,22,8,14,False,1,False,3.45,2,2,0,1,4.8109425
Client Meeting,Medium,Mid,Go,Critical,12,5,3,24,1,11,False,1,False,5.15,0,2,2,1,3.44018375
Code Review,High,Mid,Java,Medium,9,5,3,18,4,14,True,3,False,3.05,2,2,1,0,4.71899059
Feature Dev,High,Tech Lead,Python,High,5,3,0,10,3,12,False,3,False,2.08333333,2,1,0,0,2.33025
Client Meeting,High,Tech Lead,Go,Critical,6,2,0,12,3,15,False,3,False,4.5,0,1,1,0,2.20759875
Bug Fix,Medium,Senior,Java,Medium,10,5,3,20,2,13,True,1,False,3.95,2,1,1,1,3.96675825
Documentation,Medium,Tech Lead,Go,Low,11,5,3,22,1,12,False,0,True,2.55,2,3,0,0,5.70711625
Documentation,High,Senior,JavaScript,Medium,13,3,2,26,7,18,False,1,False,2.91666667,2,0,1,0,5.90495583
Client Meeting,Medium,Tech Lead,Java,Medium,11,5,1,22,10,14,True,3,False,3.05,2,2,1,0,4.68038944
Client Meeting,Medium,Senior,Go,Low,3,3,1,6,4,11,False,1,False,3.5,1,1,1,0,1.43111375
Code Review,High,Mid,Other,High,10,3,3,20,6,12,True,3,False,3.5,1,1,1,0,4.53627169
Design Review,High,Senior,Python,Medium,6,5,0,12,9,18,True,1,False,3.55,2,1,2,0,2.60405145
Feature Dev,Low,Tech Lead,Go,Low,3,3,2,6,6,13,False,3,False,4.75,0,2,0,1,1.514205
Feature Dev,Medium,Tech Lead,C++,High,1,5,3,2,8,11,False,0,False,3.05,2,2,1,0,0.70309238
Refactoring,Low,Tech Lead,JavaScript,High,1,2,1,2,4,18,False,3,False,3.25,0,2,0,0,0.6834375
Deployment,Medium,Senior,JavaScript,Low,3,5,1,6,3,16,True,3,False,4.3,1,2,1,1,1.55166165
Documentation,High,Mid,C++,Medium,6,2,0,12,7,14,False,2,False,3.25,0,2,0,0,2.775
Design Review,Medium,Senior,Python,High,2,3,1,4,1,9,False,3,True,2.08333333,2,1,0,0,1.23234375
Testing,Medium,Mid,C++,Critical,4,4,1,8,1,14,False,1,False,2.5625,3,0,1,0,1.48242523
Deployment,High,Mid,Other,Low,1,3,3,2,8,17,False,1,False,3.5,1,1,1,0,0.99684475
Feature Dev,High,Senior,Other,Medium,12,2,0,24,6,11,False,0,True,2.375,1,1,0,0,5.95815
Design Review,Low,Junior,Go,Critical,2,2,0,4,10,16,False,1,False,2.375,1,1,0,0,0.68393125
Documentation,Medium,Junior,Go,High,2,4,2,4,4,11,False,2,False,5.625,0,1,2,1,0.885105
Feature Dev,Low,Senior,Go,Critical,2,3,3,4,3,17,False,0,True,4.16666667,1,1,0,1,0.92666681
Testing,Medium,Mid,C++,High,6,2,0,12,4,10,False,2,False,2.375,1,1,0,0,2.296125
Bug Fix,Low,Junior,Other,High,5,4,3,10,6,9,False,3,False,3.9375,1,2,0,1,1.96903828
Bug Fix,Low,Junior,Java,High,8,4,3,16,2,18,False,3,False,2.8125,1,3,0,0,3.13427812
Bug Fix,Medium,Senior,Go,Medium,10,4,3,20,4,16,True,3,False,5.625,0,1,2,1,3.77304375
Feature Dev,Medium,Mid,Go,Medium,13,4,3,26,2,17,False,3,True,2.375,2,2,0,0,6.42228125
Documentation,High,Mid,C++,Medium,7,2,2,14,4,12,True,3,False,3.625,1,0,1,0,3.57455306
Feature Dev,High,Senior,Other,High,5,3,0,10,8,11,True,2,True,2.66666667,1,2,0,0,2.512125
Client Meeting,Medium,Junior,Other,Critical,5,2,2,10,9,11,True,2,True,1.5,2,0,0,0,2.51573438
Documentation,High,Tech Lead,Other,Low,13,3,1,26,3,12,False,1,True,3.5,1,1,1,0,6.76373968
Documentation,Low,Senior,Go,Medium,9,4,1,18,10,18,True,2,False,2.375,2,2,0,0,3.69882188
Bug Fix,Low,Junior,C++,Low,1,3,1,2,6,14,True,1,False,2.08333333,2,1,0,0,0.70161438
Documentation,Low,Junior,C++,Low,9,4,2,18,9,18,True,0,False,3.0625,3,0,0,1,3.67791342
Deployment,Medium,Tech Lead,Python,Medium,1,4,1,2,10,18,True,3,True,3.5,2,1,0,1,0.86271281
Bug Fix,Medium,Junior,JavaScript,Low,11,5,1,22,5,15,False,2,False,5.15,0,2,2,1,3.9527125
Documentation,High,Tech Lead,Other,Low,7,2,3,14,5,14,False,3,True,2.375,1,1,0,0,4.71363063
Documentation,Medium,Junior,Java,Low,12,4,0,24,7,10,True,1,True,3.625,2,0,2,0,5.37645426
Documentation,Medium,Tech Lead,JavaScript,Critical,2,3,1,4,6,10,False,2,False,2.66666667,1,2,0,0,0.94491667
Refactoring,High,Senior,Python,Low,9,5,3,18,3,17,True,2,False,3.05,2,2,1,0,5.08473648
Design Review,Low,Mid,Other,Low,4,4,2,8,2,17,False,2,False,3.0625,3,0,0,1,1.91959969
Feature Dev,High,Mid,Python,Low,10,4,2,20,5,11,False,2,True,3.4375,1,2,1,0,5.55563559
Bug Fix,Medium,Junior,Python,High,2,4,2,4,1,15,False,1,False,3.0,2,1,1,0,0.99522
Feature Dev,High,Senior,Python,Critical,1,2,1,2,8,12,False,2,False,1.5,2,0,0,0,0.7057125
Code Review,High,Mid,Python,Low,9,2,1,18,2,10,False,1,False,1.5,2,0,0,0,4.949725
Bug Fix,Low,Tech Lead,C++,Medium,10,5,0,20,1,13,True,3,False,1.85,4,1,0,0,4.1257125
Documentation,Medium,Mid,C++,High,5,2,2,10,3,18,False,2,True,4.5,0,1,1,0,2.10065625
Refactoring,High,Senior,JavaScript,Low,13,3,1,26,3,13,True,2,False,3.5,1,1,1,0,6.55992934
Feature Dev,Medium,Senior,Java,High,4,5,0,8,3,10,False,1,False,4.8,1,1,2,1,1.171062
Documentation,High,Senior,Java,Low,13,4,0,26,5,14,False,2,True,4.125,2,0,1,1,6.14862105
Feature Dev,High,Senior,Go,High,5,5,2,10,7,13,True,1,True,3.4,1,3,1,0,2.53187897
Documentation,High,Senior,C++,Low,3,2,0,6,1,13,False,1,False,4.5,0,1,1,0,1.381765
Design Review,High,Tech Lead,Python,High,1,5,1,2,6,15,False,0,False,4.65,0,3,1,1,0.5
Refactoring,High,Mid,Java,Low,7,2,2,14,10,12,True,0,True,3.625,1,0,1,0,3.98553309
Deployment,Low,Junior,JavaScript,High,2,3,2,4,2,11,True,3,False,3.58333333,2,0,0,1,1.09121513
Code Review,High,Mid,Python,Critical,8,2,0,16,8,11,True,3,False,1.5,2,0,0,0,3.64095375
Client Meeting,Medium,Tech Lead,JavaScript,Medium,4,3,2,8,4,9,False,1,True,2.08333333,2,1,0,0,2.19083333
Client Meeting,Medium,Tech Lead,JavaScript,Medium,12,3,0,24,10,16,True,2,True,2.66666667,1,2,0,0,5.5825
Code Review,High,Tech Lead,Java,High,8,3,0,16,4,11,True,3,True,5.0,1,0,1,1,3.23529822
Deployment,Medium,Tech Lead,Java,Critical,1,3,3,2,9,10,False,1,True,3.5,1,1,1,0,0.79698231
Design Review,Medium,Tech Lead,JavaScript,Low,8,3,0,16,9,12,True,1,False,2.08333333,2,1,0,0,3.79561875
Documentation,High,Mid,JavaScript,High,13,5,0,26,5,12,False,0,False,3.4,1,3,1,0,4.8551022
Feature Dev,High,Senior,JavaScript,Medium,11,2,0,22,6,18,False,2,True,1.5,2,0,0,0,5.93065
Refactoring,Medium,Senior,C++,Critical,11,2,0,22,4,18,True,0,False,2.375,1,1,0,0,3.85336875
Testing,Medium,Junior,JavaScript,High,10,4,0,20,9,14,True,2,False,4.5,0,2,2,0,3.2645025
Bug Fix,High,Mid,JavaScript,High,5,2,2,10,2,13,True,2,False,1.5,2,0,0,0,2.71215
Bug Fix,High,Junior,Java,Medium,1,2,3,2,6,9,False,1,False,2.375,1,1,0,0,0.9910625
Testing,Medium,Senior,JavaScript,Medium,1,2,0,2,1,16,True,0,False,3.25,0,2,0,0,0.5
Design Review,Medium,Senior,Python,Critical,4,4,2,8,6,18,True,1,True,2.5625,3,0,1,0,1.85102827
Refactoring,Low,Tech Lead,Java,Medium,9,5,3,18,2,10,True,0,False,2.2,3,2,0,0,3.835755
Design Review,High,Junior,C++,High,11,4,1,22,5,13,True,2,False,3.4375,1,2,1,0,4.60264288
Documentation,High,Tech Lead,Java,Critical,5,3,3,10,10,14,False,2,False,6.41666667,0,0,2,1,1.89692375
Feature Dev,High,Senior,Other,Low,5,5,2,10,6,12,True,0,True,3.95,2,1,1,1,2.74272999
Testing,Medium,Mid,C++,Low,3,5,2,6,8,10,True,3,True,3.95,2,1,1,1,1.89881307
Refactoring,High,Tech Lead,Other,High,5,4,1,10,7,17,False,0,False,3.4375,1,2,1,0,1.98512016
Code Review,Low,Senior,Java,Medium,2,4,1,4,2,14,True,1,False,1.9375,3,1,0,0,1.02168281
Code Review,High,Tech Lead,Java,Low,5,2,2,10,8,15,False,3,True,4.5,0,1,1,0,2.97826375
Documentation,High,Junior,Go,High,11,5,2,22,5,18,False,0,True,3.45,2,2,0,1,4.6756017
Bug Fix,Low,Senior,C++,Critical,4,3,1,8,3,12,True,0,False,4.75,0,2,0,1,1.16275458
Feature Dev,Low,Tech Lead,JavaScript,High,8,4,0,16,2,13,True,0,False,2.8125,1,3,0,0,2.611035
Feature Dev,Medium,Senior,C++,High,2,2,0,4,10,14,False,0,False,4.5,0,1,1,0,0.6111
Code Review,Medium,Senior,Java,Medium,2,3,3,4,5,16,False,1,False,2.08333333,2,1,0,0,1.344375
Feature Dev,Medium,Tech Lead,Java,Low,4,3,1,8,10,16,False,1,False,1.5,3,0,0,0,2.085875
Deployment,Medium,Senior,Java,Medium,6,5,3,12,6,11,False,3,False,3.95,2,1,1,1,2.615445
Code Review,High,Senior,C++,Low,11,3,0,22,3,11,False,2,False,3.58333333,2,0,0,1,5.06154458
Code Review,Medium,Tech Lead,Go,Medium,10,3,1,20,1,11,False,1,False,1.5,3,0,0,0,4.35625
Bug Fix,Low,Tech Lead,Go,Medium,8,3,2,16,10,16,False,3,False,1.5,3,0,0,0,3.567
Testing,High,Mid,Go,Critical,7,3,3,14,2,11,False,3,True,3.25,0,3,0,0,3.47995312
Bug Fix,Medium,Tech Lead,Python,Low,13,2,3,26,6,10,False,1,False,3.625,1,0,1,0,5.63676094
Design Review,Medium,Junior,C++,Medium,10,2,3,20,4,13,True,2,False,1.5,2,0,0,0,5.0045625
Code Review,Medium,Senior,C++,High,13,3,0,26,7,15,False,1,False,4.91666667,0,1,2,0,3.8299125
Client Meeting,High,Mid,Other,High,13,3,3,26,2,15,True,1,False,2.08333333,2,1,0,0,6.14513813
Deployment,Medium,Tech Lead,Java,Critical,2,5,1,4,8,17,True,0,False,4.25,0,3,2,0,0.70733972
Refactoring,Low,Senior,JavaScript,Medium,5,2,1,10,5,11,False,1,False,2.375,1,1,0,0,2.0115625
Refactoring,High,Junior,Java,Medium,1,3,2,2,3,9,False,3,False,2.08333333,2,1,0,0,1.05558333
Documentation,High,Senior,C++,Low,7,2,1,14,8,14,True,1,False,1.5,2,0,0,0,4.10804625
Documentation,High,Senior,Go,Medium,11,2,2,22,6,13,True,0,False,5.75,0,0,2,0,4.496772
Design Review,Medium,Tech Lead,JavaScript,High,5,2,1,10,2,13,True,1,False,1.5,2,0,0,0,2.17940625
Design Review,Medium,Junior,JavaScript,High,9,2,0,18,4,11,False,1,True,2.375,1,1,0,0,3.59431875
Feature Dev,High,Junior,Go,Critical,9,5,0,18,10,11,True,0,False,4.8,1,1,2,1,2.82811473
Refactoring,Medium,Senior,Java,High,11,3,2,22,10,15,False,0,False,2.08333333,2,1,0,0,4.212375
Design Review,High,Tech Lead,C++,High,7,2,3,14,3,13,False,0,True,3.25,0,2,0,0,3.40621875
Design Review,High,Mid,C++,High,11,2,3,22,1,9,False,3,False,2.375,1,1,0,0,5.13095625
Code Review,Medium,Mid,JavaScript,Low,2,4,2,4,3,10,True,0,False,2.8125,1,3,0,0,1.21888594
Feature Dev,Medium,Tech Lead,Java,Medium,12,5,1,24,10,12,True,3,False,3.45,2,2,0,1,4.85720156
Design Review,Low,Mid,C++,Critical,13,3,1,26,4,11,False,0,False,3.58333333,2,0,0,1,3.59145719
Refactoring,Low,Mid,Java,Low,13,3,1,26,5,15,True,3,True,1.5,3,0,0,0,6.68060663
Documentation,High,Senior,C++,Low,9,5,1,18,7,12,False,3,False,2.55,2,3,0,0,4.9101525
Code Review,Low,Senior,Go,High,6,3,1,12,2,11,False,2,False,4.16666667,1,1,0,1,1.91356125
Feature Dev,High,Mid,Other,Low,2,5,0,4,3,9,False,2,True,3.4,1,3,1,0,1.22252592
Deployment,High,Tech Lead,Python,Critical,10,5,2,20,9,14,True,3,True,3.8,1,3,0,1,4.41335895
Code Review,Low,Tech Lead,JavaScript,Critical,11,3,3,22,1,11,True,0,False,2.66666667,1,2,0,0,3.8047275
Documentation,Medium,Senior,C++,High,5,2,3,10,2,16,False,1,False,2.375,1,1,0,0,2.25196875
Feature Dev,High,Junior,Java,Critical,8,2,2,16,6,18,True,1,False,2.375,1,1,0,0,3.57312375
Deployment,Low,Mid,Python,Low,9,5,1,18,6,18,True,0,False,3.45,2,2,0,1,3.45000088
Testing,Low,Tech Lead,Go,Critical,11,4,1,22,7,9,False,3,True,1.9375,3,1,0,0,4.13623547
Design Review,High,Tech Lead,Go,Critical,9,3,2,18,5,17,True,2,False,3.58333333,2,0,0,1,3.62268725
Client Meeting,Low,Mid,Java,Critical,9,3,3,18,6,12,True,1,False,4.75,0,2,0,1,2.77159739
Bug Fix,Medium,Junior,C++,Critical,8,2,1,16,7,12,False,3,False,1.5,2,0,0,0,3.1800625
Testing,High,Junior,Java,High,1,2,0,2,1,18,False,0,False,2.375,1,1,0,0,0.5
Refactoring,High,Junior,Go,Critical,5,3,3,10,9,14,False,2,False,3.5,1,1,1,0,2.24985438
Design Review,High,Junior,Java,Low,10,3,0,20,7,13,False,3,True,4.08333333,0,2,1,0,5.15205396
Client Meeting,Medium,Mid,JavaScript,Critical,8,4,2,16,1,11,True,3,False,3.4375,1,2,1,0,3.05330386
Testing,High,Junior,JavaScript,High,6,3,0,12,8,17,False,0,False,3.5,1,1,1,0,2.228769
Client Meeting,Medium,Junior,Other,Low,4,4,0,8,3,13,False,2,False,1.9375,3,1,0,0,1.9861875
Design Review,Medium,Junior,Python,Critical,9,3,1,18,9,12,True,0,False,3.58333333,2,0,0,1,2.92781836
Bug Fix,Medium,Tech Lead,JavaScript,Medium,9,3,1,18,10,17,False,1,False,5.0,1,0,1,1,3.0107
Client Meeting,Low,Tech Lead,JavaScript,Critical,12,5,1,24,5,10,True,2,True,3.1,3,1,0,1,4.11597951
Deployment,High,Junior,Other,Critical,3,3,3,6,1,16,False,3,True,2.66666667,1,2,0,0,1.925165
Refactoring,Medium,Junior,Java,Low,6,3,3,12,8,13,True,2,True,2.66666667,1,2,0,0,3.7458575
Testing,Medium,Junior,Python,High,11,3,2,22,4,18,True,2,False,3.5,1,1,1,0,4.15471613
Design Review,Medium,Senior,JavaScript,Medium,5,4,2,10,10,15,True,2,False,2.5625,3,0,1,0,2.47463672
Deployment,Medium,Tech Lead,Go,High,10,3,3,20,3,12,True,2,False,5.0,1,0,1,1,3.4363035
Feature Dev,Medium,Mid,JavaScript,Critical,1,3,2,2,7,13,False,0,False,3.5,1,1,1,0,0.53386375
Bug Fix,Medium,Tech Lead,Go,Critical,7,3,1,14,5,10,False,2,False,2.08333333,2,1,0,0,2.66634375
Documentation,High,Tech Lead,JavaScript,High,1,4,0,2,3,10,False,1,False,2.375,2,2,0,0,0.5
Code Review,Medium,Junior,Go,Critical,8,4,3,16,3,9,True,2,True,3.625,2,0,2,0,3.2642758
Testing,Medium,Junior,Other,Critical,7,2,3,14,9,9,False,2,False,3.625,1,0,1,0,2.61340734
Refactoring,High,Tech Lead,JavaScript,Critical,3,3,1,6,1,14,False,1,False,3.5,1,1,1,0,1.24313988
Feature Dev,High,Senior,C++,Critical,9,5,1,18,8,18,False,1,False,2.9,1,4,0,0,3.5635825
Code Review,Low,Junior,Other,Low,9,3,1,18,9,14,True,3,False,1.5,3,0,0,0,4.36849875
Testing,Low,Junior,C++,Medium,2,5,0,4,8,14,True,1,False,1.85,4,1,0,0,0.8674575
Design Review,Medium,Tech Lead,JavaScript,Medium,9,4,3,18,1,12,False,2,False,4.5625,1,1,1,1,3.40903125
Deployment,Medium,Senior,C++,Critical,3,3,1,6,6,14,True,2,False,3.5,1,1,1,0,1.24123322
Design Review,Medium,Junior,Java,High,4,5,3,8,6,9,False,2,False,3.75,0,4,1,0,1.79237813
Refactoring,High,Senior,Python,Critical,12,3,0,24,10,12,True,3,True,2.91666667,2,0,1,0,5.28834609
Deployment,High,Senior,JavaScript,Critical,12,3,3,24,9,10,True,2,True,3.5,1,1,1,0,5.43499991
Documentation,Medium,Mid,C++,Critical,7,4,3,14,4,14,False,2,True,2.375,2,2,0,0,3.16526719
Feature Dev,Medium,Mid,Other,Medium,4,3,3,8,2,17,False,1,False,2.08333333,2,1,0,0,2.14104167
Testing,Medium,Mid,C++,Critical,1,4,1,2,3,16,False,2,False,2.8125,1,3,0,0,0.61160156
Documentation,Medium,Junior,Python,Critical,3,2,1,6,2,16,True,3,True,4.5,0,1,1,0,1.37487952
Documentation,Medium,Senior,Other,Low,2,5,1,4,6,15,False,2,False,2.55,2,3,0,0,1.2302125
Code Review,Medium,Mid,C++,Low,11,3,3,22,1,16,True,1,False,3.5,1,1,1,0,5.12980256
Client Meeting,High,Tech Lead,Go,Low,5,3,1,10,3,17,False,0,True,2.91666667,2,0,1,0,2.74376827
Deployment,High,Mid,Python,Low,2,3,3,4,9,16,False,2,False,4.16666667,1,1,0,1,1.46291292
Documentation,Medium,Tech Lead,Python,High,8,4,1,16,3,13,True,1,False,1.9375,3,1,0,0,3.27043828
Bug Fix,Medium,Senior,Java,Low,13,3,0,26,5,18,False,3,False,1.5,3,0,0,0,6.20125
Design Review,Medium,Junior,JavaScript,Low,10,2,2,20,2,12,False,0,False,2.375,1,1,0,0,4.6413125
Bug Fix,High,Tech Lead,Other,Low,12,2,0,24,8,9,False,1,False,3.625,1,0,1,0,5.50932112
Testing,Medium,Junior,C++,High,9,5,3,18,10,10,True,2,False,3.4,1,3,1,0,3.62305913
Feature Dev,High,Junior,Go,Critical,5,2,3,10,2,15,False,1,False,3.625,1,0,1,0,2.15890172
Bug Fix,High,Mid,Python,Critical,2,4,1,4,4,17,True,1,False,3.0,2,1,1,0,0.96225334
Documentation,Medium,Tech Lead,Other,Medium,7,2,3,14,2,16,False,3,False,4.5,0,1,1,0,3.0130625
Documentation,Medium,Junior,Java,High,10,3,0,20,2,9,True,2,False,4.91666667,0,1,2,0,3.18677625
Code Review,High,Tech Lead,JavaScript,High,6,3,0,12,9,12,True,0,False,3.5,1,1,1,0,2.34020745
Bug Fix,Medium,Tech Lead,Python,Critical,6,5,0,12,9,13,False,3,False,3.05,2,2,1,0,2.10927713
Design Review,Medium,Senior,C++,Low,10,4,1,20,7,17,False,2,True,3.0,2,1,1,0,4.85031525
Refactoring,Low,Junior,JavaScript,High,6,5,3,12,3,14,False,2,False,3.1,3,1,0,1,2.27040975
Feature Dev,Medium,Senior,Other,High,6,4,0,12,9,9,False,3,True,1.9375,3,1,0,0,2.68135313
Deployment,High,Tech Lead,JavaScript,High,9,4,3,18,5,17,False,3,False,4.5625,1,1,1,1,3.53015213
Bug Fix,Medium,Mid,C++,Critical,12,5,2,24,8,14,True,2,True,4.8,1,1,2,1,3.98258669
Testing,Medium,Mid,C++,Critical,7,2,1,14,5,11,False,0,False,3.25,0,2,0,0,2.35078125
Deployment,High,Senior,Python,Critical,8,2,1,16,10,10,False,0,False,3.25,0,2,0,0,3.05203125
Design Review,Medium,Senior,Java,High,7,5,2,14,2,16,True,0,False,3.55,2,1,2,0,2.54031593
Design Review,Medium,Junior,Other,Medium,7,4,2,14,2,16,False,1,False,2.375,2,2,0,0,3.14
Testing,High,Mid,Other,Critical,3,5,3,6,3,14,True,0,False,3.05,2,2,1,0,1.50110222
Client Meeting,Low,Tech Lead,Java,Low,6,2,2,12,1,15,True,1,False,2.375,1,1,0,0,2.90136
Deployment,Low,Junior,C++,High,1,4,0,2,3,16,False,2,False,3.9375,1,2,0,1,0.5
Deployment,Medium,Tech Lead,Go,Low,4,5,1,8,3,18,True,3,False,3.8,1,3,0,1,2.04691988
Documentation,Low,Junior,Other,Medium,1,4,3,2,2,11,False,3,False,1.9375,3,1,0,0,1.11346875
Documentation,High,Senior,JavaScript,Low,13,4,2,26,2,17,False,1,False,3.4375,1,2,1,0,6.31817381
Client Meeting,Low,Tech Lead,C++,High,10,5,2,20,2,10,False,1,True,2.75,4,0,0,1,3.620925
Bug Fix,Low,Senior,C++,Low,12,2,3,24,8,16,True,1,False,1.5,2,0,0,0,5.76547125
Documentation,High,Junior,JavaScript,High,6,3,3,12,2,12,False,1,False,2.66666667,1,2,0,0,2.8797
Documentation,High,Senior,Other,Critical,12,2,3,24,2,13,True,0,False,2.375,1,1,0,0,5.22832078
Bug Fix,Medium,Junior,Python,Critical,11,2,2,22,3,12,False,1,False,2.375,1,1,0,0,4.0035
Refactoring,Low,Tech Lead,C++,Medium,6,5,1,12,10,17,False,0,False,3.45,2,2,0,1,2.03539875
Bug Fix,Medium,Senior,Java,Medium,3,3,0,6,5,14,False,3,False,4.75,0,2,0,1,1.2290625
Feature Dev,Medium,Tech Lead,Other,Low,12,5,0,24,6,15,False,0,True,2.55,2,3,0,0,5.64828
Deployment,High,Mid,Java,Critical,2,3,0,4,8,15,True,0,False,5.58333333,0,1,1,1,0.6421002
Documentation,High,Senior,JavaScript,High,4,4,3,8,5,17,True,3,False,2.8125,1,3,0,0,2.34811828
Code Review,Low,Junior,Other,Low,5,5,0,10,9,12,False,2,False,3.45,2,2,0,1,1.938475
Code Review,High,Junior,JavaScript,Medium,13,2,0,26,7,12,True,2,True,3.625,1,0,1,0,6.36120726
Design Review,High,Tech Lead,JavaScript,Medium,3,4,3,6,3,18,False,1,False,4.125,2,0,1,1,1.5869425
Documentation,High,Senior,C++,Critical,2,3,3,4,2,16,True,0,False,2.91666667,2,0,1,0,1.13168293
Bug Fix,High,Senior,Java,Low,5,2,0,10,4,16,False,0,True,3.625,1,0,1,0,2.48017481
Bug Fix,Medium,Senior,Python,Critical,2,3,3,4,8,15,False,0,False,2.91666667,2,0,1,0,0.98338802
Deployment,Medium,Mid,Go,High,10,3,0,20,3,18,False,0,True,1.5,3,0,0,0,4.059
Client Meeting,High,Tech Lead,Java,Critical,5,5,0,10,10,9,False,2,True,4.45,2,0,2,1,1.82552906
Deployment,Low,Junior,JavaScript,Medium,13,4,1,26,8,10,True,3,False,2.8125,1,3,0,0,5.16767344
Design Review,Medium,Tech Lead,Java,Critical,6,2,0,12,6,9,False,0,True,1.5,2,0,0,0,2.3001
Code Review,Medium,Junior,JavaScript,High,1,2,0,2,3,11,True,2,False,4.5,0,1,1,0,0.5
Code Review,High,Tech Lead,Python,Low,10,3,0,20,3,16,True,2,False,2.66666667,1,2,0,0,5.3592
Documentation,High,Senior,JavaScript,Medium,1,2,2,2,2,11,True,1,False,3.625,1,0,1,0,0.80474231
Refactoring,Low,Tech Lead,C++,Low,12,3,0,24,8,10,True,3,False,1.5,3,0,0,0,5.4695025
Feature Dev,High,Tech Lead,Go,High,10,4,0,20,7,16,False,0,False,5.625,0,1,2,1,3.13191
Code Review,Medium,Senior,Other,High,13,5,0,26,3,12,False,2,False,2.7,3,1,1,0,4.549203
Code Review,Medium,Tech Lead,Other,Critical,12,2,3,24,2,11,False,1,False,3.625,1,0,1,0,4.05267516
Bug Fix,Low,Senior,JavaScript,High,12,4,2,24,7,15,True,2,False,3.9375,1,2,0,1,3.90796186
Client Meeting,Medium,Tech Lead,Other,High,3,3,3,6,7,9,False,3,False,2.08333333,2,1,0,0,1.7476875
Bug Fix,High,Mid,Java,High,11,4,1,22,6,18,False,1,False,3.0,2,1,1,0,4.4038485
Feature Dev,Medium,Tech Lead,Python,Medium,12,2,0,24,1,9,False,2,False,3.25,0,2,0,0,4.6875
Client Meeting,High,Mid,Other,Critical,6,2,0,12,5,17,False,3,True,3.625,1,0,1,0,2.54977656
Code Review,High,Mid,Other,High,2,5,2,4,2,16,True,3,True,3.05,2,2,1,0,1.45217526
Testing,Medium,Junior,Other,Low,4,3,3,8,5,10,True,3,False,3.25,0,3,0,0,2.54460938
Code Review,High,Senior,Go,Critical,7,3,2,14,4,17,False,1,False,2.91666667,2,0,1,0,2.84789171
Documentation,Low,Tech Lead,C++,Medium,5,4,0,10,2,14,True,0,False,2.375,2,2,0,0,1.8545625
Client Meeting,Medium,Senior,C++,Low,11,3,2,22,10,13,False,2,False,2.08333333,2,1,0,0,5.36754167
Deployment,High,Mid,Java,Medium,1,2,3,2,2,15,False,2,False,5.75,0,0,2,0,0.88689
Bug Fix,High,Tech Lead,JavaScript,High,1,5,1,2,2,9,True,3,True,3.45,2,2,0,1,0.83349579
Documentation,Medium,Junior,Go,High,11,5,2,22,2,18,False,2,False,3.05,2,2,1,0,4.05312075
Client Meeting,Medium,Senior,Python,Low,1,2,0,2,2,11,True,0,False,2.375,1,1,0,0,0.5
Testing,Low,Tech Lead,Other,Medium,12,4,0,24,6,17,False,0,False,4.375,0,3,0,1,3.61665
Design Review,Medium,Mid,Go,Medium,3,4,2,6,5,15,True,1,False,4.125,2,0,1,1,1.38138
Documentation,Medium,Tech Lead,Java,Medium,13,4,1,26,5,12,False,2,False,3.9375,1,2,0,1,4.76172656
Design Review,Low,Mid,C++,Low,11,5,2,22,4,18,False,0,False,2.55,2,3,0,0,4.557135
Code Review,High,Senior,Other,High,7,2,3,14,10,18,False,3,False,1.5,2,0,0,0,3.662325
Bug Fix,Medium,Tech Lead,Java,High,11,3,2,22,9,15,True,1,False,2.08333333,2,1,0,0,4.5171
Testing,Medium,Tech Lead,Other,Low,6,5,0,12,5,12,True,2,False,3.05,2,2,1,0,2.75998223
Bug Fix,High,Junior,Java,High,3,4,2,6,5,9,False,3,True,4.5625,1,1,1,1,1.57232543
Documentation,Medium,Tech Lead,Java,Medium,6,4,3,12,5,18,False,1,False,2.5625,3,0,1,0,2.78102031
Feature Dev,High,Tech Lead,Go,Critical,2,4,3,4,2,15,True,3,False,4.5625,1,1,1,1,1.19554726
Code Review,High,Junior,Java,High,10,2,1,20,7,14,False,2,False,3.625,1,0,1,0,3.97024031
Feature Dev,Low,Mid,Other,Critical,4,4,1,8,3,15,False,0,True,4.375,0,3,0,1,1.2446048
Testing,Low,Junior,Go,High,3,4,0,6,3,9,False,3,True,2.8125,1,3,0,0,1.31069813
Testing,High,Mid,C++,Low,7,2,3,14,5,18,False,1,False,2.375,1,1,0,0,4.06924375
Bug Fix,Medium,Senior,Other,High,12,3,3,24,3,16,False,3,False,3.5,1,1,1,0,4.48176375
Refactoring,High,Junior,Java,High,11,4,3,22,3,15,True,0,False,5.0,0,2,1,1,4.0718349
Deployment,Low,Tech Lead,JavaScript,Medium,12,3,1,24,3,13,True,0,False,2.66666667,1,2,0,0,4.53705
Design Review,Low,Senior,JavaScript,Low,8,3,1,16,9,12,False,3,False,3.25,0,3,0,0,3.4340625
Deployment,High,Mid,JavaScript,Critical,11,3,1,22,3,16,False,1,False,2.08333333,2,1,0,0,4.49469375
Refactoring,Low,Junior,Go,Medium,9,3,0,18,10,16,False,1,True,2.08333333,2,1,0,0,3.65869167
Design Review,High,Junior,Python,Medium,1,4,1,2,9,13,False,2,False,4.0625,1,1,2,0,0.68288062
Client Meeting,Low,Senior,C++,High,13,3,1,26,8,12,False,3,False,2.66666667,1,2,0,0,4.4631
Client Meeting,Medium,Junior,Go,Critical,9,2,3,18,8,14,True,0,False,1.5,2,0,0,0,3.70499062
Deployment,Medium,Junior,C++,Medium,5,3,0,10,5,17,False,1,False,3.5,1,1,1,0,1.884225
Feature Dev,Low,Senior,Python,Low,10,3,1,20,2,18,False,2,True,4.16666667,1,1,0,1,4.04863479
Bug Fix,Low,Junior,Python,High,11,4,1,22,9,18,True,1,True,3.5,2,1,0,1,3.84566923
Testing,High,Mid,Go,Low,9,2,2,18,1,12,False,1,True,3.625,1,0,1,0,4.89564941
Design Review,Medium,Senior,Python,Critical,5,5,3,10,1,15,True,2,False,3.1,3,1,0,1,2.12329097
Refactoring,Medium,Senior,Python,High,8,2,0,16,5,12,True,2,False,2.375,1,1,0,0,3.15275625
Deployment,Low,Mid,C++,High,9,5,0,18,9,9,True,3,True,1.85,4,1,0,0,3.70742873
Bug Fix,High,Senior,C++,High,5,2,3,10,8,12,True,2,False,1.5,2,0,0,0,2.85744375
Design Review,Medium,Senior,JavaScript,High,4,2,2,8,8,14,False,1,False,3.625,1,0,1,0,1.6041375
Feature Dev,High,Tech Lead,C++,Critical,2,3,1,4,10,9,False,2,False,4.16666667,1,1,0,1,0.91442646
Bug Fix,Low,Mid,Python,Critical,12,2,2,24,5,13,False,0,True,1.5,2,0,0,0,4.4276925
Bug Fix,High,Junior,JavaScript,Medium,6,3,1,12,6,15,True,0,False,5.0,1,0,1,1,2.389401
Bug Fix,Medium,Senior,Java,Low,11,2,3,22,9,9,False,2,False,2.375,1,1,0,0,5.45084375
Client Meeting,High,Mid,JavaScript,Low,13,3,2,26,2,13,False,1,False,4.08333333,0,2,1,0,6.09834958
Testing,Medium,Tech Lead,Go,High,2,4,2,4,8,12,False,3,False,3.0,2,1,1,0,1.16109
Testing,High,Junior,Java,Medium,11,5,0,22,10,11,True,0,False,3.55,2,1,2,0,4.60716795
Bug Fix,Low,Senior,Go,High,11,4,2,22,2,14,True,2,False,1.5,4,0,0,0,4.3200675
Documentation,High,Junior,Other,High,8,4,0,16,5,17,False,2,True,3.625,2,0,2,0,3.31735635
Deployment,High,Senior,Go,High,4,5,3,8,9,15,True,3,False,3.55,2,1,2,0,2.12239298
Deployment,High,Mid,C++,High,9,3,3,18,3,15,True,0,False,2.91666667,2,0,1,0,4.01458326
Deployment,High,Mid,Java,Low,6,2,1,12,1,11,False,3,False,1.5,2,0,0,0,3.619275
Deployment,High,Junior,JavaScript,Low,6,3,2,12,8,17,False,0,False,2.08333333,2,1,0,0,3.351975
Deployment,Medium,Senior,Java,High,5,2,0,10,5,15,False,2,False,1.5,2,0,0,0,2.0295
Feature Dev,High,Senior,JavaScript,Medium,11,2,2,22,4,10,True,3,False,4.5,0,1,1,0,5.04412125
Testing,High,Senior,C++,Critical,8,4,0,16,4,9,False,1,False,2.375,2,2,0,0,3.15275625
Code Review,Medium,Junior,JavaScript,Medium,6,5,1,12,4,15,True,0,False,2.55,2,3,0,0,2.60386875
Feature Dev,Low,Senior,JavaScript,Medium,2,4,3,4,7,9,True,1,False,2.375,2,2,0,0,1.30849688
Feature Dev,Medium,Junior,Go,Critical,12,2,2,24,2,13,False,3,False,4.5,0,1,1,0,3.8957625
Refactoring,Low,Mid,JavaScript,Low,2,2,1,4,10,14,True,3,False,3.25,0,2,0,0,1.26689063
Design Review,High,Mid,Java,Medium,10,3,0,20,6,10,True,3,False,2.08333333,2,1,0,0,5.1235625
Deployment,High,Senior,Go,Medium,4,4,2,8,5,18,False,0,False,3.4375,1,2,1,0,1.92660187
Client Meeting,Medium,Tech Lead,Java,Low,9,3,0,18,7,9,False,1,False,2.08333333,2,1,0,0,4.05304167
Feature Dev,Medium,Tech Lead,Go,Medium,7,3,0,14,1,17,True,3,False,4.91666667,0,1,2,0,2.61349375
Refactoring,High,Mid,Go,High,4,3,1,8,6,12,False,3,False,3.58333333,2,0,0,1,1.80294563
Testing,Medium,Mid,JavaScript,Critical,9,2,2,18,2,11,True,3,False,3.625,1,0,1,0,3.34061634
Code Review,Low,Senior,C++,Critical,3,5,3,6,4,9,False,2,True,1.85,4,1,0,0,1.62968163
Code Review,Low,Mid,JavaScript,High,8,3,0,16,1,18,True,0,False,2.08333333,2,1,0,0,2.71026
Bug Fix,Low,Junior,Python,High,13,2,2,26,9,12,False,0,False,2.375,1,1,0,0,4.3979625
Bug Fix,High,Tech Lead,JavaScript,Low,8,5,1,16,1,12,False,0,False,3.95,2,1,1,1,3.4980539
Refactoring,Low,Mid,JavaScript,High,1,3,3,2,9,9,False,0,False,4.16666667,1,1,0,1,0.61752375
Design Review,Medium,Senior,Go,High,13,3,0,26,3,9,False,0,False,2.66666667,1,2,0,0,4.524
Deployment,High,Mid,C++,Critical,9,3,1,18,6,10,True,1,False,2.91666667,2,0,1,0,3.62634166
Code Review,High,Senior,C++,Critical,7,2,3,14,2,12,False,1,False,2.375,1,1,0,0,3.14441562
Deployment,High,Mid,Python,Critical,7,3,1,14,5,15,True,3,False,2.08333333,2,1,0,0,3.26182719
Refactoring,Low,Mid,Other,Critical,8,5,3,16,4,16,True,1,False,1.5,5,0,0,0,3.13780688
Feature Dev,Low,Tech Lead,Other,High,6,3,3,12,3,14,False,0,False,1.5,3,0,0,0,2.407725
Deployment,High,Senior,JavaScript,Medium,1,3,0,2,5,18,False,2,False,2.08333333,2,1,0,0,0.65725
Refactoring,Medium,Junior,Go,Critical,10,4,3,20,2,16,True,1,True,4.5625,1,1,1,1,3.5830623
Deployment,Medium,Junior,JavaScript,Low,3,5,3,6,10,12,False,1,False,4.3,1,2,1,1,1.567335
Feature Dev,Medium,Senior,C++,High,5,5,1,10,8,9,False,0,False,2.7,3,1,1,0,1.81125675
Design Review,High,Tech Lead,Python,Medium,2,4,0,4,1,17,False,0,False,3.5,2,1,0,1,0.80845
Feature Dev,Low,Tech Lead,Go,Low,13,2,1,26,6,18,False,0,False,3.25,0,2,0,0,4.9809375
Refactoring,High,Junior,JavaScript,Low,10,5,0,20,4,16,True,0,False,3.8,1,3,0,1,4.5930885
Documentation,Medium,Tech Lead,Go,Low,12,4,1,24,5,18,False,0,False,2.375,2,2,0,0,5.34290625
Deployment,High,Junior,JavaScript,Low,6,2,1,12,3,16,False,1,False,3.625,1,0,1,0,2.95072181
Code Review,Low,Junior,Java,High,10,3,1,20,4,13,False,2,False,4.16666667,1,1,0,1,3.01138125
Refactoring,Medium,Mid,Python,Critical,2,2,2,4,5,14,False,0,True,3.625,1,0,1,0,0.91658634
Code Review,Medium,Senior,Python,Critical,5,5,1,10,10,11,False,1,True,3.6,3,0,1,1,1.780614
Documentation,Low,Tech Lead,Java,Medium,1,3,1,2,2,17,False,3,False,4.16666667,1,1,0,1,0.6861375
Documentation,High,Mid,JavaScript,Medium,7,4,1,14,4,10,False,0,False,4.0625,1,1,2,0,2.84112062
Client Meeting,Low,Junior,Go,Low,2,4,3,4,2,14,False,2,False,3.0625,3,0,0,1,1.35559359
Design Review,High,Mid,JavaScript,Medium,11,5,0,22,8,13,False,2,False,4.45,2,0,2,1,4.1079285
Design Review,High,Mid,JavaScript,High,13,2,1,26,5,16,True,1,False,1.5,2,0,0,0,6.03453375
Feature Dev,High,Mid,Java,Low,4,4,0,8,7,14,True,3,False,4.5625,1,1,1,1,1.98261236
Client Meeting,High,Tech Lead,Other,Critical,4,2,3,8,4,17,True,0,False,2.375,1,1,0,0,2.00550328
Testing,Low,Senior,Java,Low,4,2,3,8,8,16,False,3,True,2.375,1,1,0,0,2.60021438
Client Meeting,Medium,Tech Lead,Java,Medium,4,3,3,8,4,12,False,0,True,4.16666667,1,1,0,1,1.91017292
Testing,High,Junior,JavaScript,High,10,3,0,20,8,12,True,1,False,2.66666667,1,2,0,0,4.29345
Refactoring,Medium,Senior,Other,High,12,4,0,24,8,12,False,3,True,3.4375,1,2,1,0,4.54552003
Testing,Low,Junior,Go,Medium,9,3,0,18,4,11,False,2,False,4.75,0,2,0,1,2.81865
Refactoring,Medium,Senior,Other,Low,8,4,2,16,6,11,False,0,True,3.0,2,1,1,0,3.9025525
Refactoring,Medium,Tech Lead,Java,Low,11,3,2,22,10,13,True,1,False,2.91666667,2,0,1,0,5.131203
Feature Dev,High,Tech Lead,Python,Critical,8,2,3,16,4,16,False,2,True,3.25,0,2,0,0,3.79551562
Deployment,Medium,Junior,Java,Medium,7,2,1,14,6,11,True,2,True,1.5,2,0,0,0,3.72920625
Design Review,Low,Tech Lead,Other,Low,4,4,2,8,3,10,False,0,False,3.5,2,1,0,1,1.6819275
Testing,Medium,Junior,C++,Low,5,3,1,10,7,9,False,1,False,4.33333333,1,0,2,0,2.055075
Code Review,Medium,Senior,Other,Low,8,3,1,16,1,12,False,1,True,5.58333333,0,1,1,1,3.264459
Code Review,Medium,Senior,JavaScript,High,5,5,1,10,1,17,True,1,False,3.05,2,2,1,0,1.95418322
Refactoring,Low,Mid,Python,Low,8,2,1,16,3,11,True,2,True,1.5,2,0,0,0,4.20630788
Bug Fix,High,Mid,Java,Critical,3,3,0,6,2,15,False,2,False,4.91666667,0,1,2,0,1.07831708
Code Review,High,Mid,Java,Low,2,5,1,4,8,14,True,1,False,3.95,2,1,1,1,1.12202591
Deployment,Low,Senior,Other,Critical,9,2,1,18,1,14,False,0,False,3.25,0,2,0,0,2.70140625
Feature Dev,High,Mid,C++,Low,2,3,1,4,3,11,True,0,True,4.16666667,1,1,0,1,1.15155473
Testing,High,Junior,Other,Critical,8,3,0,16,1,18,False,0,True,2.66666667,1,2,0,0,3.32610667
Testing,Medium,Mid,C++,Critical,12,4,3,24,5,10,False,3,True,2.375,2,2,0,0,5.09195156
Bug Fix,Low,Senior,Java,Critical,6,2,0,12,10,11,False,0,True,1.5,2,0,0,0,2.07009
Bug Fix,Medium,Tech Lead,Go,Critical,13,2,0,26,4,13,False,1,False,3.25,0,2,0,0,4.2234375
Bug Fix,Low,Senior,Other,Low,9,4,1,18,9,13,False,3,False,2.375,2,2,0,0,3.98289375
Refactoring,Medium,Senior,Python,Critical,10,4,3,20,10,12,False,3,True,3.0,2,1,1,0,4.09261188
Client Meeting,Medium,Tech Lead,JavaScript,Medium,11,2,3,22,8,11,False,2,False,2.375,1,1,0,0,4.9553125
Deployment,High,Junior,Python,Low,3,3,3,6,4,15,True,0,False,2.08333333,2,1,0,0,2.10484313
Client Meeting,Medium,Junior,Other,Critical,10,2,0,20,2,16,True,3,False,3.625,1,0,1,0,3.42015483
Testing,High,Junior,Python,Medium,13,4,2,26,2,16,True,0,False,3.625,2,0,2,0,5.69474325
Feature Dev,Medium,Junior,Python,Medium,6,3,2,12,4,10,False,3,False,2.91666667,2,0,1,0,2.776625
Design Review,High,Tech Lead,Java,High,5,3,2,10,5,11,False,2,False,4.16666667,1,1,0,1,2.13465
Documentation,Low,Tech Lead,Java,Critical,1,2,0,2,7,10,False,3,True,2.375,1,1,0,0,0.60552938
Deployment,High,Senior,Go,Critical,7,4,0,14,10,13,False,3,False,3.4375,1,2,1,0,2.6936415
Code Review,Medium,Junior,Java,High,2,4,3,4,1,16,True,3,False,2.375,2,2,0,0,1.43728594
Design Review,Low,Tech Lead,C++,Critical,4,3,0,8,7,10,True,1,True,2.08333333,2,1,0,0,1.50559544
Testing,Low,Tech Lead,Go,High,5,5,1,10,5,10,False,0,False,3.45,2,2,0,1,1.54637438
Deployment,High,Tech Lead,Python,High,3,2,2,6,8,17,True,2,False,3.25,0,2,0,0,1.6655625
Bug Fix,High,Junior,Other,Critical,10,2,3,20,1,12,False,3,False,2.375,1,1,0,0,4.46223438
Feature Dev,Low,Junior,C++,Critical,4,5,0,8,5,13,True,1,True,3.1,3,1,0,1,1.35730374
Refactoring,Medium,Tech Lead,Java,High,2,5,3,4,3,17,False,1,False,2.35,4,0,1,0,1.15792538
Feature Dev,Medium,Junior,JavaScript,Low,7,3,2,14,10,12,True,2,False,3.58333333,2,0,0,1,3.33426844
Refactoring,High,Junior,Other,High,8,5,0,16,7,13,False,2,False,3.8,1,3,0,1,3.018834
Refactoring,Medium,Mid,Python,Critical,2,5,0,4,7,11,False,2,False,2.7,3,1,1,0,0.7956425
Bug Fix,High,Mid,Go,Critical,5,3,2,10,7,12,True,0,True,4.33333333,1,0,2,0,2.11946735
Feature Dev,High,Senior,JavaScript,Low,4,2,3,8,3,17,True,3,True,2.375,1,1,0,0,3.22889634
Feature Dev,Medium,Senior,Java,Low,5,4,3,10,10,14,True,0,False,3.875,0,3,1,0,2.48752711
Code Review,Low,Junior,Go,Critical,1,3,0,2,7,18,False,1,False,2.08333333,2,1,0,0,0.5
Testing,High,Mid,Other,Low,11,4,2,22,3,11,False,2,True,3.0,2,1,1,0,6.1994834
Deployment,Medium,Tech Lead,Java,Critical,3,4,1,6,8,18,True,0,False,3.25,0,4,0,0,1.12957031
Documentation,High,Mid,C++,Low,13,5,0,26,4,15,False,2,False,3.4,1,3,1,0,6.1324758
Testing,High,Junior,C++,Medium,7,5,1,14,7,11,True,1,True,3.95,2,1,1,1,3.32771786
Client Meeting,Low,Tech Lead,Python,High,8,5,0,16,7,16,True,2,True,1.85,4,1,0,0,3.22567245
Bug Fix,Low,Mid,JavaScript,High,11,4,1,22,2,17,False,0,False,2.375,2,2,0,0,3.62964375
Documentation,High,Mid,Java,Critical,1,5,2,2,9,15,False,3,True,3.45,2,2,0,1,0.87328299
Client Meeting,Medium,Senior,Java,Critical,10,3,3,20,8,10,False,2,True,5.0,1,0,1,1,3.3999405
Bug Fix,Medium,Junior,Java,Critical,1,3,3,2,1,9,False,0,True,4.08333333,0,2,1,0,0.69060464
Feature Dev,High,Senior,Python,Low,8,3,2,16,4,15,False,2,True,6.41666667,0,0,2,1,3.8262257
Refactoring,High,Tech Lead,Go,Low,12,2,3,24,9,11,True,1,True,1.5,2,0,0,0,7.90473338
Feature Dev,High,Mid,Other,Low,13,2,2,26,7,11,False,2,True,3.25,0,2,0,0,7.35075
Deployment,Medium,Mid,Go,Low,11,3,3,22,7,17,True,0,True,4.16666667,1,1,0,1,5.21966397
Feature Dev,High,Junior,Go,High,10,4,3,20,5,16,False,1,False,2.375,2,2,0,0,4.54809375
Design Review,Medium,Tech Lead,Python,Low,1,4,3,2,5,14,False,0,False,2.8125,1,3,0,0,0.89701563
Bug Fix,Medium,Tech Lead,Java,Medium,12,3,1,24,8,11,True,2,False,3.5,1,1,1,0,4.85187938
Documentation,Medium,Tech Lead,Other,High,9,4,3,18,1,13,True,1,False,2.375,2,2,0,0,3.84821719
