task_type,complexity,assignee_level,tech_stack,task_priority,story_points,team_size,num_dependencies,estimated_hours,sprint_day,created_hour,remote_work,meetings_today,blocker_flag,avg_experience,juniors,mediors,seniors,tech_leads,predicted_duration_days
Feature Dev,Low,Junior,Other,High,6,3,3,12,3,9,True,2,True,1.5,3,0,0,0,2.99401988
Design Review,Medium,Junior,Other,Low,12,2,2,24,7,14,False,2,True,4.5,0,1,1,0,5.44303375
Client Meeting,High,Senior,Java,Low,13,2,1,26,3,14,True,1,False,1.5,2,0,0,0,7.37554125
Design Review,Low,Mid,Other,Critical,10,2,3,20,6,15,True,2,False,1.5,2,0,0,0,3.88795312
Feature Dev,Medium,Junior,C++,Low,13,5,2,26,9,14,False,3,False,2.35,4,0,1,0,6.0802995
Refactoring,High,Senior,C++,Critical,2,5,2,4,7,10,True,0,True,3.4,1,3,1,0,1.08047674
Design Review,Medium,Junior,Other,Low,1,2,0,2,9,11,True,0,False,3.625,1,0,1,0,0.5
Client Meeting,Medium,Senior,C++,Medium,9,4,0,18,9,10,True,2,True,3.0,2,1,1,0,4.0444635
Bug Fix,Low,Senior,Other,Medium,3,4,2,6,9,17,False,1,False,3.5,2,1,0,1,1.30055
Code Review,Low,Junior,Python,Medium,4,4,0,8,3,17,False,0,False,3.5,2,1,0,1,1.2654
Documentation,High,Junior,JavaScript,Medium,6,3,3,12,9,16,False,1,False,4.91666667,0,1,2,0,2.65765417
Documentation,Low,Mid,Python,Critical,6,2,1,12,2,14,False,0,False,1.5,2,0,0,0,2.0125875
Feature Dev,Medium,Senior,Java,Low,10,5,0,20,9,13,True,2,False,3.55,2,1,2,0,4.20654465
Feature Dev,High,Senior,Go,Low,10,2,0,20,8,12,True,2,False,2.375,1,1,0,0,5.44005
Bug Fix,Medium,Junior,Python,High,4,2,1,8,2,14,True,0,True,5.75,0,0,2,0,1.45348088
Feature Dev,Medium,Tech Lead,Other,High,7,5,2,14,2,15,False,0,False,3.6,3,0,1,1,2.361456
Refactoring,Medium,Junior,C++,Critical,3,3,0,6,2,12,True,0,True,2.08333333,2,1,0,0,1.17319125
Refactoring,Medium,Mid,JavaScript,Medium,2,3,1,4,9,17,True,1,True,2.66666667,1,2,0,0,1.172325
Design Review,High,Mid,Other,Low,10,4,0,20,3,16,True,0,False,4.125,2,0,1,1,4.36861425
Feature Dev,Low,Senior,Java,Low,4,3,1,8,4,10,False,2,False,3.58333333,2,0,0,1,1.72246479
Deployment,Medium,Tech Lead,JavaScript,Medium,11,2,3,22,8,12,True,0,True,2.375,1,1,0,0,5.49671719
Client Meeting,Medium,Junior,Java,High,6,3,3,12,7,16,False,1,False,2.91666667,2,0,1,0,2.45731312
Bug Fix,Medium,Tech Lead,C++,Critical,2,5,2,4,1,10,False,3,True,2.55,2,3,0,0,1.2730025
Documentation,Low,Senior,Go,Low,3,3,2,6,5,15,False,1,False,2.08333333,2,1,0,0,1.62121667
Testing,High,Senior,Java,Critical,3,5,3,6,9,9,False,3,False,3.05,2,2,1,0,1.66398529
Bug Fix,High,Tech Lead,Java,Low,5,5,3,10,4,9,False,2,False,3.55,2,1,2,0,2.81390175
Refactoring,High,Senior,JavaScript,High,9,5,3,18,9,15,True,0,True,4.8,1,1,2,1,3.65195685
Deployment,Medium,Tech Lead,JavaScript,Medium,9,2,1,18,9,10,False,2,True,1.5,2,0,0,0,4.453625
Testing,Medium,Senior,JavaScript,Low,12,2,1,24,5,9,True,1,False,3.25,0,2,0,0,5.46820313
Documentation,Medium,Mid,Go,Low,6,4,3,12,10,9,True,3,False,1.9375,3,1,0,0,3.64961953
Feature Dev,Medium,Senior,Java,Medium,12,3,2,24,10,14,False,0,False,3.5,1,1,1,0,4.575975
Code Review,Low,Tech Lead,C++,High,9,5,1,18,8,12,True,1,False,2.55,2,3,0,0,3.20735363
Client Meeting,High,Junior,Python,Low,5,5,2,10,10,18,True,2,False,4.8,1,1,2,1,2.4753036
Testing,Medium,Senior,Python,Medium,12,5,2,24,10,18,False,1,False,5.15,0,2,2,1,3.9338
Refactoring,High,Senior,Python,Medium,12,3,2,24,8,18,False,3,False,5.58333333,0,1,1,1,4.78584
Design Review,Medium,Senior,Go,Medium,5,3,0,10,4,9,False,0,False,2.91666667,2,0,1,0,1.85108333
Refactoring,Medium,Tech Lead,JavaScript,Critical,4,4,2,8,4,14,False,3,False,3.0,2,1,1,0,1.723205
Client Meeting,Medium,Tech Lead,Java,Critical,4,5,0,8,1,12,False,2,False,3.6,3,0,1,1,1.294992
Feature Dev,Low,Junior,Go,Critical,2,3,2,4,1,17,False,3,True,4.16666667,1,1,0,1,1.04547025
Bug Fix,Low,Junior,Go,Medium,7,4,3,14,4,18,False,3,False,2.8125,1,3,0,0,3.13715625
Documentation,High,Junior,Python,Low,8,2,0,16,1,11,True,3,False,4.5,0,1,1,0,3.90161888
Documentation,High,Senior,C++,High,11,5,2,22,10,10,True,0,True,3.8,1,3,0,1,4.81675194
Documentation,Medium,Mid,Python,Medium,4,5,2,8,2,12,True,1,False,2.7,3,1,1,0,1.965705
Bug Fix,High,Mid,C++,Medium,6,5,3,12,8,15,True,3,False,2.55,2,3,0,0,3.58414875
Documentation,Medium,Senior,C++,High,13,5,1,26,10,18,False,1,False,2.9,1,4,0,0,4.684275
Documentation,High,Tech Lead,C++,Medium,9,4,1,18,2,15,False,0,False,3.0,2,1,1,0,3.953235
Feature Dev,High,Senior,Python,Low,12,2,3,24,10,12,False,0,False,3.625,1,0,1,0,5.85242831
Client Meeting,Medium,Senior,C++,Medium,4,5,0,8,9,11,False,1,False,3.4,1,3,1,0,1.53357
Code Review,Medium,Tech Lead,Java,Critical,7,3,2,14,5,13,True,2,True,3.5,1,1,1,0,2.90688812
Design Review,Medium,Tech Lead,Other,Low,6,5,2,12,7,14,False,2,True,3.9,1,2,2,0,2.9851063
Code Review,Low,Junior,Other,Low,12,3,1,24,7,14,False,3,False,2.08333333,2,1,0,0,5.2251375
Documentation,Medium,Senior,C++,Low,1,3,2,2,9,13,False,1,False,2.66666667,1,2,0,0,0.85066667
Refactoring,Medium,Tech Lead,Go,Critical,5,2,3,10,1,13,True,1,True,3.625,1,0,1,0,2.23105449
Client Meeting,High,Mid,JavaScript,Medium,11,3,3,22,3,15,True,1,False,6.41666667,0,0,2,1,4.45616325
Design Review,High,Junior,Java,Low,4,4,2,8,2,9,True,0,False,4.5625,1,1,1,1,1.98261236
Refactoring,High,Senior,Python,Low,12,2,0,24,8,15,True,2,True,4.5,0,1,1,0,6.16808693
Code Review,Medium,Mid,Java,Critical,6,3,1,12,7,15,True,0,False,2.91666667,2,0,1,0,2.10641714
Refactoring,High,Tech Lead,C++,High,10,4,1,20,2,15,True,3,False,3.0,2,1,1,0,4.39762838
Documentation,Medium,Mid,Go,Medium,10,4,2,20,3,18,True,0,False,3.5,2,1,0,1,3.96755625
Feature Dev,Medium,Mid,C++,Critical,11,3,1,22,6,9,False,1,True,2.08333333,2,1,0,0,4.32963438
Documentation,Low,Mid,Java,Critical,1,3,1,2,8,14,True,1,False,4.16666667,1,1,0,1,0.5
Bug Fix,High,Tech Lead,Go,Low,11,2,3,22,8,13,False,0,False,1.5,2,0,0,0,6.212525
Design Review,Medium,Junior,Other,Critical,6,4,0,12,1,11,False,1,False,3.4375,1,2,1,0,1.91309766
Refactoring,High,Tech Lead,JavaScript,Medium,11,2,1,22,3,13,False,0,False,2.375,1,1,0,0,5.1123125
Deployment,Medium,Junior,Python,Low,4,2,1,8,6,12,True,3,True,2.375,1,1,0,0,2.55569016
Refactoring,Medium,Senior,Go,High,9,2,1,18,3,11,False,1,False,2.375,1,1,0,0,3.40003125
Feature Dev,Medium,Tech Lead,Other,Critical,6,2,0,12,3,14,True,1,False,3.625,1,0,1,0,1.98846211
Refactoring,High,Tech Lead,Go,Medium,2,5,1,4,9,10,True,2,True,5.15,0,2,2,1,1.10967202
Bug Fix,Medium,Tech Lead,Python,High,13,5,0,26,4,9,False,1,True,2.2,3,2,0,0,5.19453
Deployment,High,Senior,Go,Medium,10,5,3,20,9,14,False,0,True,3.4,1,3,1,0,5.0111655
Feature Dev,Medium,Senior,C++,High,8,2,1,16,5,13,False,1,False,2.375,1,1,0,0,3.04678125
Deployment,High,Senior,JavaScript,Medium,13,5,3,26,8,10,True,3,True,2.55,2,3,0,0,7.55938838
Documentation,Medium,Mid,Java,Medium,3,4,2,6,5,11,True,1,True,3.875,0,3,1,0,1.6245075
Documentation,Low,Senior,Python,Medium,10,2,3,20,4,18,True,3,False,2.375,1,1,0,0,4.48185938
Code Review,Low,Junior,Python,Low,8,3,2,16,2,9,False,0,False,3.58333333,2,0,0,1,3.06002125
Bug Fix,Low,Tech Lead,Go,Critical,2,4,1,4,1,15,True,3,True,2.375,2,2,0,0,1.12711036
Code Review,Medium,Senior,Go,High,1,3,1,2,9,16,True,2,False,5.58333333,0,1,1,1,0.5542425
Feature Dev,High,Junior,Python,Medium,1,4,3,2,10,17,False,1,False,3.0,2,1,1,0,0.930715
Refactoring,Medium,Senior,Python,Low,6,2,3,12,4,11,False,2,True,3.625,1,0,1,0,3.28892747
Documentation,Medium,Mid,C++,Low,8,4,2,16,6,18,False,2,True,3.0,2,1,1,0,4.1255555
Client Meeting,High,Senior,JavaScript,Medium,4,5,1,8,8,9,True,3,False,3.05,2,2,1,0,2.20991584
Documentation,High,Senior,Go,High,9,4,1,18,8,10,False,3,False,3.9375,1,2,0,1,3.54426891
Feature Dev,High,Junior,Go,Medium,1,2,0,2,10,16,True,3,True,2.375,1,1,0,0,0.86134125
Feature Dev,High,Junior,Go,Critical,9,5,1,18,1,15,True,3,True,3.9,1,2,2,0,3.83345199
Refactoring,Medium,Senior,JavaScript,Low,10,5,0,20,4,15,False,1,False,3.1,3,1,0,1,4.0488525
Testing,Medium,Tech Lead,C++,Medium,8,5,2,16,6,11,False,3,False,4.45,2,0,2,1,2.967705
Documentation,Low,Senior,Go,Critical,8,3,1,16,2,10,False,0,False,4.16666667,1,1,0,1,2.18166312
Testing,High,Mid,JavaScript,Critical,12,3,0,24,8,12,False,0,False,2.66666667,1,2,0,0,4.5356
Deployment,Medium,Junior,Java,Medium,1,5,1,2,4,10,True,0,False,3.45,2,2,0,1,0.50884969
Bug Fix,High,Senior,Other,High,13,3,3,26,6,9,False,2,True,3.5,1,1,1,0,5.88927982
Testing,Medium,Mid,JavaScript,Critical,5,4,0,10,8,13,True,2,False,4.125,2,0,1,1,1.61448788
Bug Fix,Low,Junior,Other,High,10,2,1,20,2,10,False,2,True,1.5,2,0,0,0,4.0082625
Refactoring,Medium,Mid,Go,Low,12,4,2,24,1,14,False,1,False,2.375,2,2,0,0,5.61275
Deployment,Medium,Junior,JavaScript,Critical,12,3,1,24,9,10,False,0,False,4.33333333,1,0,2,0,3.4936275
Refactoring,Low,Mid,Go,Medium,4,2,2,8,8,16,True,3,True,1.5,2,0,0,0,2.415105
Bug Fix,High,Junior,Python,Low,12,2,2,24,7,14,False,0,True,2.375,1,1,0,0,6.91015875
Design Review,Medium,Senior,JavaScript,Medium,13,2,1,26,4,14,True,1,False,2.375,1,1,0,0,5.61520313
Deployment,High,Senior,C++,Critical,11,3,3,22,5,16,True,0,False,5.58333333,0,1,1,1,3.84562185
Code Review,Medium,Tech Lead,JavaScript,Medium,7,4,0,14,10,12,False,3,False,4.0625,1,1,2,0,2.61349375
Feature Dev,High,Tech Lead,JavaScript,Low,1,4,3,2,10,18,False,0,False,3.875,0,3,1,0,0.87994156
Documentation,Low,Senior,C++,Low,11,2,2,22,9,18,True,3,False,2.375,1,1,0,0,5.1680475
Documentation,High,Senior,Other,Critical,9,2,0,18,9,16,False,3,True,2.375,1,1,0,0,4.07356125
Documentation,Medium,Tech Lead,Python,Medium,11,2,0,22,1,14,True,0,False,2.375,1,1,0,0,4.533375
Testing,High,Senior,Other,Medium,7,2,3,14,7,14,False,1,False,1.5,2,0,0,0,3.86425
Documentation,Medium,Mid,Other,High,8,3,0,16,7,14,True,3,True,1.5,3,0,0,0,3.72920625
Code Review,Medium,Senior,C++,Low,12,2,1,24,5,9,True,1,False,4.5,0,1,1,0,4.95054656
Feature Dev,Medium,Mid,C++,Medium,7,4,2,14,9,13,True,2,True,3.875,0,3,1,0,3.35054672
Client Meeting,Medium,Senior,C++,Medium,2,2,2,4,10,16,False,0,False,2.375,1,1,0,0,1.079375
Feature Dev,High,Tech Lead,JavaScript,High,9,3,2,18,3,18,False,2,False,4.16666667,1,1,0,1,3.53742
Refactoring,Low,Senior,Go,Critical,4,3,0,8,4,18,False,1,True,1.5,3,0,0,0,1.4758975
Bug Fix,High,Senior,C++,Critical,12,4,3,24,10,14,True,0,False,5.0,0,2,1,1,4.16667195
Refactoring,High,Senior,JavaScript,Low,6,4,1,12,4,14,False,2,True,3.0,2,1,1,0,3.46769665
Client Meeting,High,Tech Lead,Java,Critical,13,5,1,26,9,18,False,0,False,3.4,1,3,1,0,4.70039205
Feature Dev,Low,Mid,C++,High,13,3,3,26,1,11,True,1,False,2.66666667,1,2,0,0,4.777605
Documentation,Medium,Junior,Other,Medium,8,5,0,16,9,17,True,3,True,3.4,1,3,1,0,3.64673925
Feature Dev,High,Mid,Go,Medium,9,5,1,18,2,17,True,0,False,3.95,2,1,1,1,3.74008635
Refactoring,Medium,Tech Lead,Go,Critical,5,3,0,10,3,18,False,3,False,2.66666667,1,2,0,0,1.88983333
Documentation,Low,Senior,Java,High,13,4,1,26,1,14,True,1,False,2.375,2,2,0,0,4.57149656
Bug Fix,Medium,Junior,JavaScript,Low,10,4,3,20,5,15,True,1,True,3.4375,1,2,1,0,5.20432334
Client Meeting,Medium,Senior,C++,Low,1,5,1,2,10,13,False,3,False,2.55,2,3,0,0,0.9092875
Testing,Low,Tech Lead,Other,Medium,6,4,2,12,10,16,True,2,False,2.8125,1,3,0,0,2.67953438
Testing,High,Junior,Other,High,3,4,2,6,10,18,False,3,False,3.0,2,1,1,0,1.642113
Design Review,Medium,Tech Lead,Python,Low,10,3,3,20,4,14,False,2,True,4.16666667,1,1,0,1,4.76611437
Refactoring,Low,Junior,Python,Critical,6,4,0,12,3,16,True,0,True,2.8125,1,3,0,0,2.03443144
Client Meeting,Medium,Tech Lead,Other,Critical,11,4,0,22,9,13,False,3,False,3.625,2,0,2,0,3.45018188
Client Meeting,Medium,Mid,C++,Critical,2,4,1,4,2,13,False,2,False,4.0625,1,1,2,0,0.82409359
Bug Fix,Medium,Mid,Python,High,3,3,1,6,8,17,True,2,False,3.5,1,1,1,0,1.31424694
Testing,Medium,Junior,C++,Critical,9,3,1,18,7,9,False,1,True,5.0,1,0,1,1,2.8150045
Feature Dev,High,Tech Lead,Python,Low,2,3,3,4,10,16,False,2,False,2.66666667,1,2,0,0,1.66943333
Refactoring,High,Junior,JavaScript,Critical,7,5,2,14,5,11,False,1,False,3.45,2,2,0,1,2.71122163
Refactoring,High,Junior,Go,Low,8,5,1,16,2,13,False,1,False,3.55,2,1,2,0,3.74868945
Deployment,High,Junior,JavaScript,Critical,4,4,0,8,4,17,False,1,False,3.0,2,1,1,0,1.5195535
Bug Fix,High,Tech Lead,C++,Critical,2,4,0,4,6,11,False,3,False,3.0,2,1,1,0,0.9555955
Client Meeting,High,Mid,Java,High,2,3,0,4,10,13,False,1,False,3.5,1,1,1,0,0.8236755
Feature Dev,Low,Senior,Python,Medium,3,5,0,6,7,17,True,2,False,3.8,1,3,0,1,1.161888
Design Review,High,Mid,Python,Medium,12,2,3,24,10,14,False,2,False,4.5,0,1,1,0,5.2367875
Feature Dev,Medium,Senior,Go,Medium,2,3,0,4,9,10,True,2,False,3.5,1,1,1,0,0.9421125
Design Review,High,Mid,Java,Low,7,5,0,14,7,18,False,0,False,4.45,2,0,2,1,2.76621345
Client Meeting,High,Junior,C++,Critical,1,4,3,2,8,14,False,1,False,3.4375,1,2,1,0,0.77289145
Feature Dev,Medium,Senior,C++,Low,4,5,0,8,3,17,True,2,False,3.95,2,1,1,1,1.7261937
Code Review,Medium,Tech Lead,Go,Critical,5,5,3,10,9,16,False,3,False,3.2,3,0,2,0,2.065415
Feature Dev,Medium,Tech Lead,JavaScript,Medium,8,5,3,16,2,17,False,0,False,3.95,2,1,1,1,3.030595
Testing,Low,Mid,Python,High,7,2,1,14,2,12,False,2,False,2.375,1,1,0,0,2.53456875
Deployment,High,Senior,Python,High,10,2,1,20,7,11,True,0,False,3.625,1,0,1,0,4.00031789
Design Review,Medium,Mid,JavaScript,Medium,5,3,3,10,2,15,False,0,False,4.16666667,1,1,0,1,2.07535417
Design Review,Medium,Mid,C++,Low,13,4,1,26,10,9,False,0,True,1.9375,3,1,0,0,6.49372969
Feature Dev,High,Tech Lead,C++,High,2,2,3,4,5,18,True,3,True,2.375,1,1,0,0,1.70341566
Testing,High,Senior,C++,Low,13,2,3,26,6,9,False,0,False,3.25,0,2,0,0,6.6309375
Refactoring,High,Tech Lead,Other,Low,12,3,0,24,8,15,False,1,False,3.25,0,3,0,0,5.795625
Testing,Low,Senior,Java,Medium,4,3,0,8,10,17,False,1,False,3.25,0,3,0,0,1.44375
Refactoring,Medium,Senior,Go,High,10,2,1,20,4,17,True,0,True,2.375,1,1,0,0,4.23303891
Deployment,High,Junior,JavaScript,Low,10,3,3,20,2,10,False,3,False,4.33333333,1,0,2,0,4.88651167
Deployment,Medium,Senior,JavaScript,Low,13,4,1,26,5,12,True,1,False,2.8125,1,3,0,0,6.03902578
Documentation,Medium,Mid,Go,Low,9,2,0,18,8,10,True,1,False,3.625,1,0,1,0,3.80848978
Design Review,Medium,Mid,JavaScript,High,12,5,3,24,10,12,False,3,True,3.45,2,2,0,1,4.84134131
Bug Fix,High,Mid,Go,High,10,3,0,20,1,9,True,1,False,5.0,1,0,1,1,3.473253
Deployment,High,Mid,Java,High,12,3,0,24,8,15,False,2,False,2.08333333,2,1,0,0,5.12655
Testing,Low,Mid,Python,Low,4,4,0,8,2,15,True,2,False,3.0625,3,0,0,1,1.70389209
Code Review,Medium,Tech Lead,Go,Medium,11,5,2,22,9,16,False,1,False,4.3,1,2,1,1,3.90816
Code Review,High,Mid,Python,High,1,4,1,2,7,10,False,3,False,2.375,2,2,0,0,0.80364375
Feature Dev,High,Tech Lead,JavaScript,Critical,13,4,2,26,2,14,True,1,True,3.0,2,1,1,0,5.77187515
Deployment,Medium,Senior,Java,Medium,8,3,3,16,1,17,True,3,True,4.08333333,0,2,1,0,3.96440516
Refactoring,Medium,Mid,Other,Low,4,3,1,8,1,15,True,1,False,4.91666667,0,1,2,0,1.71563219
Refactoring,High,Junior,Java,High,3,5,1,6,3,12,True,0,True,5.15,0,2,2,1,1.20316408
Design Review,Medium,Junior,JavaScript,Medium,8,5,2,16,5,10,True,2,False,3.55,2,1,2,0,3.36887775
Bug Fix,High,Mid,Go,Medium,12,2,1,24,8,9,False,1,False,4.5,0,1,1,0,4.8972875
Client Meeting,Low,Senior,C++,Low,9,2,1,18,1,10,True,3,False,1.5,2,0,0,0,4.36849875
Feature Dev,Medium,Senior,Other,Medium,7,5,2,14,8,15,False,3,False,3.8,1,3,0,1,2.9393
Code Review,Low,Junior,Go,Critical,7,4,1,14,9,12,False,3,False,3.5,2,1,0,1,2.21840438
Testing,Medium,Mid,JavaScript,Low,7,2,2,14,5,11,True,3,False,5.75,0,0,2,0,3.137673
Refactoring,High,Mid,Python,Medium,8,4,0,16,9,9,False,2,False,3.9375,1,2,0,1,3.32891875
Code Review,Medium,Mid,Other,Medium,1,3,1,2,8,13,False,1,False,2.08333333,2,1,0,0,0.64729167
Testing,High,Mid,JavaScript,Critical,4,4,1,8,10,14,False,1,True,5.0,0,2,1,1,1.5281453
Testing,High,Senior,Java,Low,4,3,2,8,9,15,False,3,False,2.66666667,1,2,0,0,2.59453333
Bug Fix,Low,Junior,Java,Medium,13,4,2,26,8,18,True,2,False,1.5,4,0,0,0,5.574975
Bug Fix,Medium,Junior,Python,Low,11,3,2,22,9,9,False,2,False,5.0,1,0,1,1,4.21498
Refactoring,Medium,Mid,Other,High,11,4,2,22,9,14,True,3,False,2.375,2,2,0,0,4.63640625
Bug Fix,Medium,Mid,Java,Low,1,2,1,2,7,13,True,1,False,2.375,1,1,0,0,0.73667344
Client Meeting,Low,Mid,Java,Medium,6,2,2,12,10,16,True,3,True,1.5,2,0,0,0,3.267495
Design Review,Medium,Senior,Other,Medium,13,5,0,26,4,13,True,1,True,2.2,3,2,0,0,6.060285
Design Review,High,Tech Lead,JavaScript,Critical,3,4,0,6,10,15,True,2,False,2.8125,1,3,0,0,1.35286266
Documentation,Low,Mid,JavaScript,Low,1,4,3,2,6,13,False,1,False,2.375,2,2,0,0,0.98223125
Feature Dev,Low,Mid,Go,High,9,3,2,18,8,12,True,0,False,2.66666667,1,2,0,0,3.23379
Feature Dev,Medium,Senior,Java,Medium,1,5,0,2,10,15,False,0,False,3.6,3,0,1,1,0.5
Bug Fix,High,Junior,Other,Low,8,2,3,16,7,11,False,0,True,3.625,1,0,1,0,4.45353129
Testing,Medium,Tech Lead,C++,Low,10,2,2,20,5,13,False,2,False,2.375,1,1,0,0,4.8571875
Design Review,High,Tech Lead,Other,Critical,5,4,1,10,1,18,True,0,True,3.4375,1,2,1,0,2.16543524
Client Meeting,Low,Mid,Java,Critical,11,3,3,22,9,13,False,1,True,2.66666667,1,2,0,0,4.07628833
Feature Dev,Medium,Junior,Other,Critical,12,5,0,24,9,17,False,3,False,3.55,2,1,2,0,3.75909525
Refactoring,High,Senior,Go,Low,10,3,1,20,9,11,True,0,True,6.41666667,0,0,2,1,4.56538294
Documentation,High,Mid,JavaScript,Medium,3,3,1,6,10,13,False,2,False,3.5,1,1,1,0,1.5522425
Deployment,High,Junior,Go,High,13,4,2,26,4,9,False,2,False,3.0,2,1,1,0,5.374188
Testing,Medium,Junior,Java,Medium,6,2,2,12,3,13,False,1,False,3.625,1,0,1,0,2.495325
Design Review,High,Mid,Python,Medium,12,5,2,24,4,12,False,2,False,2.55,2,3,0,0,5.85445
Bug Fix,Low,Tech Lead,Go,Low,7,3,0,14,2,17,False,1,False,2.08333333,2,1,0,0,2.86999167
Code Review,Medium,Mid,Python,Medium,10,5,2,20,1,11,False,3,False,4.45,2,0,2,1,3.592485
Code Review,Medium,Mid,Other,High,11,2,2,22,7,16,True,2,True,2.375,1,1,0,0,4.99804594
Testing,Medium,Junior,C++,Low,6,4,0,12,5,13,False,3,False,3.4375,1,2,1,0,2.67383531
Code Review,High,Junior,JavaScript,Critical,11,2,0,22,8,12,False,2,False,3.625,1,0,1,0,3.98449931
Client Meeting,Low,Senior,Java,Medium,5,4,2,10,3,11,True,2,False,3.9375,1,2,0,1,2.07199453
Refactoring,High,Senior,C++,Critical,3,4,0,6,4,14,True,1,True,4.125,2,0,1,1,1.19472103
Refactoring,Medium,Mid,Go,Critical,12,3,3,24,7,16,False,2,False,4.75,0,2,0,1,3.79575469
Code Review,Medium,Tech Lead,JavaScript,Low,4,2,0,8,7,9,False,2,False,3.625,1,0,1,0,1.76455125
Testing,Medium,Tech Lead,JavaScript,High,5,5,0,10,2,17,False,0,False,3.55,2,1,2,0,1.56087
Code Review,Low,Mid,Python,Low,10,3,0,20,7,12,True,0,False,4.16666667,1,1,0,1,3.5221725
Design Review,Low,Junior,Java,Critical,10,5,1,20,9,12,True,1,False,3.1,3,1,0,1,3.08478122
Code Review,Medium,Mid,Java,Medium,10,5,1,20,3,18,False,1,False,3.6,3,0,1,1,3.5972
Documentation,High,Tech Lead,Go,Medium,8,3,1,16,1,10,True,1,False,2.08333333,2,1,0,0,4.10930625
Deployment,Medium,Tech Lead,Python,Critical,6,2,2,12,3,15,False,1,True,3.625,1,0,1,0,2.33312888
Testing,High,Junior,Java,Medium,7,5,2,14,9,11,True,2,False,3.8,1,3,0,1,3.376737
Client Meeting,Medium,Mid,C++,Critical,4,5,1,8,10,15,False,0,False,3.75,0,4,1,0,1.31662344
Feature Dev,Medium,Senior,JavaScript,Medium,2,3,3,4,5,16,False,1,False,3.5,1,1,1,0,1.2112875
Documentation,Medium,Mid,Other,Critical,3,3,1,6,6,17,True,3,False,2.91666667,2,0,1,0,1.3629758
Bug Fix,High,Junior,JavaScript,Medium,9,2,3,18,3,11,True,3,False,1.5,2,0,0,0,5.2628625
Code Review,High,Mid,JavaScript,Low,2,4,1,4,4,9,True,2,False,4.0625,1,1,2,0,1.23664623
Refactoring,Medium,Mid,C++,High,4,5,1,8,3,11,True,0,False,4.8,1,1,2,1,1.26578025
Code Review,Low,Tech Lead,Go,Medium,4,3,1,8,5,14,True,2,False,3.25,0,3,0,0,1.76203125
Testing,High,Mid,Java,Critical,6,4,2,12,7,12,False,1,False,3.625,2,0,2,0,2.31969675
Design Review,Medium,Senior,Go,Critical,7,2,3,14,10,15,False,1,False,4.5,0,1,1,0,2.41681562
Bug Fix,High,Junior,JavaScript,Critical,10,5,1,20,8,15,False,2,True,3.95,2,1,1,1,3.84283598
Feature Dev,Medium,Senior,Python,Low,10,2,1,20,6,10,False,3,False,4.5,0,1,1,0,4.15463125
Client Meeting,Low,Senior,Go,Low,10,4,0,20,2,13,False,2,False,3.9375,1,2,0,1,3.58630938
Deployment,High,Junior,Java,High,8,3,0,16,3,11,False,0,False,4.16666667,1,1,0,1,2.80554
Client Meeting,Low,Mid,Java,Medium,8,3,3,16,2,14,False,3,False,1.5,3,0,0,0,3.72075
Client Meeting,Medium,Junior,Go,Critical,5,2,3,10,3,13,False,1,False,2.375,1,1,0,0,2.12685938
Refactoring,Low,Senior,Go,Medium,13,5,0,26,7,18,False,2,False,2.2,3,2,0,0,4.8312
Design Review,Medium,Mid,Java,High,7,3,0,14,4,9,False,1,True,3.58333333,2,0,0,1,2.51152688
Refactoring,Low,Mid,Python,Low,4,2,2,8,3,17,False,3,True,3.25,0,2,0,0,2.314125
Deployment,High,Senior,Go,Medium,5,3,1,10,6,13,True,2,False,2.66666667,1,2,0,0,2.68975
Client Meeting,Medium,Junior,Java,Critical,3,2,2,6,4,10,False,1,False,3.625,1,0,1,0,1.212015
Testing,High,Senior,JavaScript,Critical,7,4,1,14,9,13,True,0,False,3.4375,1,2,1,0,2.70779842
Bug Fix,High,Senior,Python,Low,11,3,3,22,5,11,False,3,False,2.91666667,2,0,1,0,5.91513679
Code Review,Low,Tech Lead,Python,High,5,2,2,10,8,10,True,2,False,2.375,1,1,0,0,2.13274688
Design Review,High,Mid,JavaScript,Medium,4,2,1,8,4,18,True,3,False,3.625,1,0,1,0,2.14286034
Refactoring,Low,Senior,Go,Critical,2,4,1,4,8,11,True,3,False,2.8125,1,3,0,0,1.00180336
Design Review,Low,Junior,Go,Low,3,2,1,6,3,16,False,2,True,1.5,2,0,0,0,1.7735575
Documentation,Medium,Junior,C++,Medium,7,4,2,14,2,16,False,0,False,3.9375,1,2,0,1,2.65970312
Bug Fix,Low,Mid,JavaScript,Medium,3,4,0,6,7,16,False,3,False,1.9375,3,1,0,0,1.3843125
Testing,Medium,Mid,C++,High,6,4,1,12,9,15,True,1,False,2.375,2,2,0,0,2.45729531
Design Review,High,Junior,Go,Low,3,2,3,6,10,9,False,2,True,3.25,0,2,0,0,2.30278125
Code Review,Medium,Mid,Other,Critical,2,2,3,4,10,9,True,3,True,3.625,1,0,1,0,1.35613116
Bug Fix,Medium,Junior,Python,High,6,4,0,12,1,16,False,1,True,2.375,2,2,0,0,2.42859375
Client Meeting,High,Mid,JavaScript,Critical,10,2,0,20,7,13,False,3,False,3.625,1,0,1,0,3.71179594
Bug Fix,Medium,Junior,JavaScript,Critical,8,5,1,16,2,18,True,3,True,1.85,4,1,0,0,3.61026291
Deployment,Medium,Tech Lead,Python,Medium,13,5,1,26,4,14,False,0,False,2.7,3,1,1,0,5.0078675
Deployment,Medium,Mid,Java,Medium,2,5,3,4,9,11,False,0,False,3.1,3,1,0,1,1.1221875
Code Review,Medium,Senior,Python,Medium,2,2,3,4,9,17,False,1,False,1.5,2,0,0,0,1.38375
Bug Fix,Medium,Junior,Java,Low,7,4,3,14,7,13,True,2,False,3.4375,1,2,1,0,3.58739571
Feature Dev,Medium,Mid,Java,Critical,7,4,2,14,3,11,True,1,False,5.1875,1,0,2,1,2.160564
Feature Dev,Low,Tech Lead,Java,High,7,3,3,14,6,17,False,0,True,4.16666667,1,1,0,1,2.49067912
Design Review,High,Junior,Python,Medium,8,3,3,16,2,16,False,3,False,5.58333333,0,1,1,1,3.46426
Client Meeting,High,Tech Lead,C++,Medium,2,5,2,4,8,17,True,1,False,3.05,2,2,1,0,1.27383795
Feature Dev,Medium,Tech Lead,C++,Medium,4,4,1,8,5,10,True,0,True,4.0625,1,1,2,0,1.70404008
Documentation,Low,Tech Lead,Python,High,12,4,2,24,2,12,True,1,False,2.8125,1,3,0,0,4.27919625
Feature Dev,High,Junior,Go,High,4,2,3,8,4,11,True,2,False,4.5,0,1,1,0,1.99715119
Bug Fix,High,Mid,C++,Medium,1,5,0,2,4,11,True,3,False,3.95,2,1,1,1,0.6625794
Bug Fix,High,Junior,C++,High,9,2,1,18,8,11,False,0,False,3.625,1,0,1,0,3.44087494
Code Review,High,Tech Lead,Python,Critical,5,4,3,10,10,12,False,3,False,3.25,0,4,0,0,2.43046875
Deployment,Low,Tech Lead,Other,Low,3,3,1,6,2,18,False,3,False,3.25,0,3,0,0,1.5778125
Deployment,High,Junior,Other,Low,10,3,1,20,1,9,False,3,False,5.58333333,0,1,1,1,4.34401
Bug Fix,High,Junior,Java,Critical,8,3,2,16,4,9,False,2,True,2.66666667,1,2,0,0,3.77802333
Testing,Medium,Senior,JavaScript,High,4,4,3,8,10,13,True,2,False,3.0,2,1,1,0,1.95933938
Documentation,Medium,Senior,Python,Critical,3,2,0,6,1,10,False,0,False,5.75,0,0,2,0,0.81498
Design Review,Medium,Mid,Go,Critical,1,5,1,2,10,9,True,2,True,3.95,2,1,1,1,0.61136027
Bug Fix,Medium,Tech Lead,Other,Medium,4,4,3,8,6,9,False,1,False,4.5625,1,1,1,1,1.72456875
Refactoring,High,Junior,JavaScript,High,12,2,0,24,2,9,False,1,False,3.625,1,0,1,0,4.50762638
Testing,Medium,Senior,Other,Medium,4,4,1,8,4,15,True,2,True,2.5625,3,0,1,0,2.1232383
Testing,Low,Senior,Go,Low,10,3,1,20,9,14,True,0,False,4.16666667,1,1,0,1,3.66892969
Feature Dev,Medium,Junior,Go,Critical,12,2,2,24,2,14,False,3,True,3.625,1,0,1,0,4.49960569
Code Review,High,Tech Lead,Other,Low,2,3,1,4,9,15,False,3,True,2.08333333,2,1,0,0,1.65079292
Feature Dev,High,Senior,C++,Critical,3,2,3,6,6,17,False,3,False,2.375,1,1,0,0,1.77655313
Design Review,Medium,Tech Lead,JavaScript,High,5,3,0,10,2,12,True,0,False,4.75,0,2,0,1,1.54861875
Client Meeting,Low,Mid,Go,High,12,5,2,24,1,13,True,1,True,2.9,1,4,0,0,4.6856502
Documentation,High,Tech Lead,JavaScript,High,7,5,3,14,6,13,False,3,True,3.95,2,1,1,1,3.26332809
Documentation,High,Tech Lead,Other,Low,11,4,0,22,8,16,False,3,False,3.0,2,1,1,0,5.433164
Testing,Medium,Junior,Python,Low,13,5,1,26,5,14,False,0,True,3.45,2,2,0,1,5.70396269
Testing,High,Junior,Other,Medium,2,4,2,4,7,14,True,3,False,4.5,0,2,2,0,1.31271
Refactoring,Medium,Tech Lead,JavaScript,Medium,11,2,0,22,6,12,False,2,False,1.5,2,0,0,0,4.715
Feature Dev,Medium,Senior,JavaScript,Critical,10,4,1,20,6,12,False,1,False,2.5625,3,0,1,0,3.40557148
Testing,Low,Tech Lead,JavaScript,Critical,9,5,3,18,6,17,False,1,False,3.1,3,1,0,1,2.89210163
Testing,High,Junior,Python,Low,10,2,0,20,2,16,True,0,False,2.375,1,1,0,0,5.21338125
Documentation,High,Tech Lead,Other,Critical,2,5,1,4,8,17,False,2,False,4.45,2,0,2,1,0.84306251
Code Review,High,Junior,Other,Medium,11,2,2,22,8,17,False,0,False,2.375,1,1,0,0,5.2595
Deployment,Medium,Tech Lead,Go,Critical,4,3,1,8,9,15,True,2,True,3.58333333,2,0,0,1,1.6747121
Documentation,High,Junior,Java,Low,10,5,2,20,10,13,True,2,False,3.9,1,2,2,0,5.01104835
Deployment,Medium,Junior,Go,Critical,11,4,0,22,2,9,True,1,False,4.0625,1,1,2,0,3.38594977
Code Review,Low,Tech Lead,Python,Low,11,4,1,22,7,12,False,1,False,2.8125,1,3,0,0,4.44286563
Design Review,Medium,Junior,Other,High,2,3,0,4,1,13,False,0,False,3.5,1,1,1,0,0.64602
Feature Dev,Medium,Senior,JavaScript,Critical,2,5,0,4,5,15,True,1,True,2.7,3,1,1,0,0.82707038
Client Meeting,Medium,Junior,Java,Low,1,2,1,2,6,16,True,3,False,5.75,0,0,2,0,0.78441825
Documentation,High,Junior,Python,High,7,2,3,14,5,9,False,2,False,4.5,0,1,1,0,2.95619625
Refactoring,Medium,Mid,Java,High,8,2,3,16,6,16,False,0,True,1.5,2,0,0,0,3.7038375
Design Review,Medium,Mid,Other,High,6,4,0,12,2,9,False,1,False,3.625,2,0,2,0,1.94315625
Client Meeting,Medium,Mid,Java,High,7,4,2,14,7,9,False,3,False,3.625,2,0,2,0,2.6426925
Deployment,High,Mid,Python,Medium,5,3,1,10,5,9,False,3,False,3.5,1,1,1,0,2.4674375
Deployment,High,Mid,Go,Critical,4,2,0,8,10,14,True,0,False,3.625,1,0,1,0,1.46350811
Code Review,Medium,Senior,C++,Medium,9,3,0,18,1,16,False,1,False,3.58333333,2,0,0,1,3.23672917
Documentation,Medium,Tech Lead,C++,Low,1,5,1,2,6,12,True,3,False,4.3,1,2,1,1,0.79934085
Feature Dev,Medium,Junior,C++,Low,8,5,0,16,1,13,True,1,False,3.05,2,2,1,0,3.50305436
Deployment,High,Senior,C++,Low,7,3,2,14,8,15,True,2,False,2.66666667,1,2,0,0,4.15338
Code Review,Medium,Tech Lead,Go,Critical,2,4,3,4,6,14,True,0,False,3.0,2,1,1,0,1.02804844
Code Review,Medium,Junior,Python,Low,9,2,3,18,4,16,True,0,False,2.375,1,1,0,0,4.59004219
Client Meeting,Medium,Mid,Go,Critical,4,3,3,8,1,16,False,2,False,2.66666667,1,2,0,0,1.84875
Bug Fix,Medium,Tech Lead,Other,Critical,11,4,2,22,2,14,False,0,True,3.9375,1,2,0,1,3.77034367
Design Review,High,Tech Lead,Python,Critical,5,4,0,10,8,17,False,0,False,3.625,2,0,2,0,1.68838688
Feature Dev,Medium,Mid,Python,Medium,13,4,3,26,4,13,False,2,True,3.9375,1,2,0,1,5.52102891
Feature Dev,Low,Tech Lead,Go,Critical,7,2,1,14,5,10,False,2,False,3.25,0,2,0,0,2.28703125
Documentation,High,Mid,JavaScript,Low,10,4,1,20,1,16,False,1,False,3.5,2,1,0,1,4.68813125
Feature Dev,High,Junior,Python,Critical,2,2,1,4,10,18,False,3,True,3.625,1,0,1,0,1.14156663
Refactoring,High,Tech Lead,C++,High,7,3,3,14,5,18,True,2,False,4.08333333,0,2,1,0,3.17791097
Feature Dev,High,Mid,Java,Medium,1,3,3,2,4,17,True,3,True,3.25,0,3,0,0,1.31020313
Client Meeting,Low,Tech Lead,C++,Critical,3,3,0,6,4,18,False,2,False,1.5,3,0,0,0,1.1152
Refactoring,High,Mid,Other,Critical,8,3,1,16,7,17,True,2,False,2.91666667,2,0,1,0,3.32896513
Testing,Medium,Junior,Java,Medium,6,5,2,12,3,10,True,0,False,2.7,3,1,1,0,2.65370175
Deployment,Low,Junior,Python,Critical,4,4,2,8,10,18,False,3,True,3.0625,3,0,0,1,1.71576591
Bug Fix,High,Senior,Python,Medium,10,4,1,20,1,13,False,2,False,2.375,2,2,0,0,4.8571875
Feature Dev,Medium,Senior,Java,Medium,11,3,2,22,3,18,False,2,False,5.58333333,0,1,1,1,3.8318
Client Meeting,High,Junior,JavaScript,Low,11,4,3,22,3,13,False,0,True,2.8125,1,3,0,0,6.39624906
Client Meeting,Medium,Junior,JavaScript,Medium,8,3,2,16,8,17,False,3,False,2.66666667,1,2,0,0,3.67333333
Bug Fix,Low,Junior,Other,Critical,6,4,1,12,1,11,False,0,False,2.375,2,2,0,0,1.92668438
Design Review,Medium,Mid,Python,Critical,11,4,3,22,6,18,True,0,True,3.5,2,1,0,1,4.18415714
Feature Dev,Medium,Senior,Other,High,10,4,3,20,4,17,False,1,False,3.0,2,1,1,0,3.7735425
Bug Fix,High,Mid,Other,Critical,5,4,0,10,10,10,True,2,True,3.0,2,1,1,0,2.26170656
Deployment,Medium,Senior,JavaScript,High,7,5,1,14,8,17,True,1,False,2.7,3,1,1,0,2.69793011
Documentation,Medium,Senior,Java,Low,13,5,1,26,2,15,True,0,False,3.4,1,3,1,0,5.57430143
Refactoring,High,Junior,Other,Critical,6,2,0,12,7,12,False,0,False,4.5,0,1,1,0,1.9911675
Code Review,High,Senior,Other,Low,5,2,2,10,6,12,False,1,False,3.625,1,0,1,0,2.64682688
Client Meeting,Low,Mid,Go,Medium,12,5,1,24,3,11,True,3,False,3.8,1,3,0,1,4.32984825
Documentation,High,Junior,Java,Critical,8,2,2,16,7,16,False,1,True,1.5,2,0,0,0,3.91017
Client Meeting,High,Junior,Java,High,4,3,2,8,2,10,False,1,False,4.75,0,2,0,1,1.65186
Feature Dev,Medium,Mid,Python,Medium,6,4,3,12,3,12,False,3,True,3.9375,1,2,0,1,2.97286172
Documentation,Medium,Mid,Java,Medium,2,4,2,4,6,12,False,1,False,2.375,2,2,0,0,1.1775
Refactoring,Medium,Tech Lead,Other,Critical,13,4,3,26,10,13,True,2,True,3.0625,3,0,0,1,5.16622161
Design Review,Medium,Senior,JavaScript,Low,13,3,0,26,3,18,True,1,False,2.08333333,2,1,0,0,6.09599375
Feature Dev,High,Junior,Python,Low,4,2,3,8,6,10,False,1,True,2.375,1,1,0,0,2.83767688
Deployment,High,Junior,JavaScript,Medium,3,4,3,6,9,9,True,3,True,2.375,2,2,0,0,2.41402219
Testing,Medium,Mid,Python,Critical,1,5,3,2,8,14,False,1,True,4.25,0,3,2,0,0.74102256
Deployment,High,Junior,C++,High,8,4,1,16,3,14,False,0,True,2.375,2,2,0,0,3.72060563
Testing,Medium,Junior,C++,High,2,5,3,4,7,12,False,1,False,4.8,1,1,2,1,0.929961
Testing,High,Mid,C++,Medium,11,5,3,22,8,10,True,3,True,3.45,2,2,0,1,5.91283337
Documentation,Medium,Tech Lead,Java,Medium,6,5,1,12,3,15,False,0,False,2.55,2,3,0,0,2.479875
Bug Fix,Medium,Mid,Java,High,6,4,2,12,1,15,True,2,False,1.9375,3,1,0,0,2.74906406
Refactoring,High,Tech Lead,Other,High,8,3,0,16,4,18,False,1,False,4.16666667,1,1,0,1,2.8817775
Design Review,High,Senior,Go,Medium,7,3,3,14,3,13,False,0,False,2.66666667,1,2,0,0,3.54766667
Client Meeting,High,Mid,Python,Critical,4,2,3,8,7,11,False,1,False,3.625,1,0,1,0,1.81044741
Client Meeting,High,Senior,C++,Low,2,4,3,4,8,14,True,3,False,2.375,2,2,0,0,1.89268406
Deployment,Medium,Junior,Go,Critical,8,4,0,16,8,18,True,2,True,4.5625,1,1,1,1,2.67745314
Code Review,Medium,Tech Lead,C++,High,10,5,2,20,9,18,True,3,False,3.9,1,2,2,0,3.6979929
Client Meeting,Medium,Junior,Java,Low,10,4,3,20,2,15,False,0,True,4.5625,1,1,1,1,4.31904206
Refactoring,Medium,Senior,Other,Low,11,2,1,22,7,16,True,1,False,2.375,1,1,0,0,5.27004844
Documentation,Medium,Tech Lead,Python,Critical,12,5,2,24,3,14,False,0,False,3.45,2,2,0,1,3.81967688
Documentation,Medium,Senior,Python,Medium,1,4,3,2,3,15,False,0,True,1.9375,3,1,0,0,0.93792188
Testing,Medium,Senior,Java,High,5,4,3,10,1,11,False,2,False,3.0,2,1,1,0,2.1977775
Refactoring,High,Senior,Other,Critical,4,4,3,8,4,15,True,2,False,3.5,2,1,0,1,1.95286809
Code Review,High,Senior,Java,High,12,3,3,24,8,18,True,3,False,4.08333333,0,2,1,0,5.14870847
Client Meeting,Medium,Junior,Go,Medium,13,3,1,26,4,13,False,2,False,2.91666667,2,0,1,0,5.13675625
Testing,Low,Tech Lead,Other,High,4,3,0,8,1,14,True,3,False,3.58333333,2,0,0,1,1.43841994
Deployment,Low,Junior,Python,High,8,3,1,16,9,10,True,2,False,2.66666667,1,2,0,0,2.950605
Code Review,Medium,Senior,C++,High,3,4,1,6,7,10,False,3,False,1.9375,3,1,0,0,1.48964062
Design Review,High,Senior,Java,Medium,12,3,2,24,4,16,False,0,False,4.08333333,0,2,1,0,5.0573375
Refactoring,Medium,Mid,JavaScript,High,10,3,2,20,4,16,False,0,False,3.25,0,3,0,0,3.628125
Code Review,High,Senior,Java,Low,5,5,1,10,2,10,True,2,True,3.8,1,3,0,1,2.91062021
Testing,High,Mid,JavaScript,Low,3,4,2,6,10,11,False,3,False,4.5625,1,1,1,1,1.74702825
Design Review,High,Junior,JavaScript,Low,12,5,1,24,5,11,False,2,False,3.8,1,3,0,1,5.5820765
Deployment,Medium,Mid,Java,Medium,5,4,1,10,4,12,False,3,True,4.5,0,2,2,0,2.2166375
Refactoring,Medium,Tech Lead,Python,Critical,11,3,2,22,8,12,False,3,False,2.66666667,1,2,0,0,4.10833333
Client Meeting,High,Senior,Go,Low,1,3,1,2,9,13,False,2,False,3.5,1,1,1,0,0.79944975
Documentation,Medium,Tech Lead,Go,High,6,3,3,12,4,11,False,0,False,2.08333333,2,1,0,0,2.5543125
Deployment,Low,Mid,JavaScript,Low,13,3,3,26,5,11,True,1,False,3.58333333,2,0,0,1,5.28431028
Client Meeting,High,Junior,Java,Medium,1,4,1,2,5,18,False,1,False,4.125,2,0,1,1,0.5837975
Bug Fix,High,Mid,Go,Low,11,5,0,22,2,18,True,0,True,3.05,2,2,1,0,5.90848502
Feature Dev,Medium,Mid,Other,Medium,7,4,0,14,4,18,True,3,False,2.375,2,2,0,0,3.19396875
Feature Dev,Medium,Junior,C++,Critical,10,5,3,20,8,15,False,3,True,3.45,2,2,0,1,3.91329641
Code Review,High,Mid,JavaScript,Low,11,2,2,22,4,12,False,2,False,1.5,2,0,0,0,6.2689
Refactoring,Low,Senior,Other,Medium,9,2,0,18,9,14,False,0,True,1.5,2,0,0,0,3.6531
Design Review,Medium,Junior,Java,Critical,3,5,1,6,3,18,False,1,False,1.85,4,1,0,0,1.24174375
Code Review,Low,Junior,Python,Low,3,2,1,6,5,14,False,3,False,1.5,2,0,0,0,1.725075
Design Review,High,Junior,Java,Low,12,3,1,24,9,12,True,1,False,4.16666667,1,1,0,1,5.64525981
Deployment,Low,Junior,Go,Medium,11,2,0,22,7,18,True,3,True,3.25,0,2,0,0,4.61278125
Code Review,Medium,Tech Lead,JavaScript,Medium,5,2,0,10,8,13,False,3,False,4.5,0,1,1,0,1.952125
Design Review,High,Senior,Go,High,2,2,2,4,7,13,False,2,False,1.5,2,0,0,0,1.30995
Testing,Medium,Junior,JavaScript,High,8,5,1,16,6,13,True,3,False,3.4,1,3,1,0,3.11156843
Client Meeting,Medium,Tech Lead,Go,Critical,2,3,1,4,10,18,True,0,False,2.66666667,1,2,0,0,0.8196125
Deployment,Low,Mid,Java,Critical,12,4,2,24,5,15,False,1,False,3.25,0,4,0,0,3.76125
Bug Fix,Low,Mid,Go,Medium,10,2,0,20,5,15,True,3,False,2.375,1,1,0,0,4.01821875
Testing,Medium,Tech Lead,JavaScript,Low,6,3,0,12,3,16,False,0,False,2.66666667,1,2,0,0,2.552
Code Review,Low,Mid,C++,High,12,3,0,24,3,16,False,3,False,3.58333333,2,0,0,1,3.63738375
Bug Fix,Low,Junior,C++,Medium,3,3,2,6,8,12,False,0,True,2.66666667,1,2,0,0,1.4674
Bug Fix,Medium,Junior,Java,Medium,9,4,1,18,9,9,False,2,False,3.4375,1,2,1,0,3.55611094
Client Meeting,Medium,Senior,JavaScript,Low,5,2,3,10,6,13,False,3,False,3.625,1,0,1,0,2.69584219
Feature Dev,Medium,Tech Lead,Other,Low,1,5,1,2,1,13,True,3,True,1.85,4,1,0,0,1.08802444
Refactoring,High,Senior,JavaScript,High,3,3,0,6,6,11,False,1,True,2.91666667,2,0,1,0,1.35610365
Code Review,High,Tech Lead,JavaScript,Medium,2,5,3,4,7,11,False,3,False,3.45,2,2,0,1,1.47147875
Documentation,Medium,Junior,Java,Critical,9,2,3,18,4,16,False,1,False,2.375,1,1,0,0,3.46135938
Client Meeting,High,Junior,Other,Critical,1,3,3,2,2,16,True,0,False,3.25,0,3,0,0,0.76141406
Documentation,High,Senior,JavaScript,Critical,13,5,3,26,1,15,False,2,False,3.9,1,2,2,0,4.79411985
Design Review,High,Junior,Other,Critical,7,5,3,14,2,12,True,2,False,4.3,1,2,1,1,2.81222645
Feature Dev,High,Mid,Java,Medium,6,5,0,12,6,13,True,3,False,3.9,1,2,2,0,2.7332991
Deployment,Low,Mid,Python,Critical,6,2,0,12,10,14,True,1,False,2.375,1,1,0,0,1.97923031
Code Review,High,Senior,Go,Low,6,2,2,12,3,17,False,3,False,2.375,1,1,0,0,3.6267
Bug Fix,Medium,Mid,Other,Medium,12,2,0,24,3,10,True,3,False,4.5,0,1,1,0,4.54505625
Documentation,High,Tech Lead,Other,Critical,8,5,0,16,9,13,False,0,False,3.8,1,3,0,1,2.704156
Refactoring,Low,Tech Lead,Python,High,3,3,1,6,5,11,False,0,False,2.08333333,2,1,0,0,1.1023875
Bug Fix,Medium,Senior,Python,High,11,4,0,22,8,17,False,2,False,4.375,0,3,0,1,3.46595625
Feature Dev,High,Senior,C++,Medium,10,3,3,20,8,18,False,3,False,4.75,0,2,0,1,4.38365625
Refactoring,Medium,Tech Lead,C++,High,8,4,3,16,5,11,True,0,False,4.5625,1,1,1,1,2.76672966
Code Review,High,Tech Lead,JavaScript,Medium,5,5,2,10,8,17,False,0,False,4.65,0,3,1,1,2.07506
Feature Dev,Low,Tech Lead,Other,High,13,2,2,26,9,14,False,1,False,1.5,2,0,0,0,4.6863
Design Review,High,Tech Lead,Other,High,7,5,0,14,10,13,True,1,False,3.95,2,1,1,1,2.60498322
Documentation,Medium,Senior,Java,High,12,2,2,24,7,12,False,3,False,2.375,1,1,0,0,4.768875
Documentation,Medium,Mid,JavaScript,High,5,4,0,10,1,11,True,3,False,1.9375,3,1,0,0,2.18029219
Bug Fix,Medium,Mid,Python,Medium,3,3,0,6,6,13,False,2,False,1.5,3,0,0,0,1.435
Testing,High,Senior,Python,Low,11,5,1,22,10,14,False,2,True,2.55,2,3,0,0,6.36608225
Client Meeting,High,Mid,Java,Medium,3,2,3,6,8,10,True,1,True,1.5,2,0,0,0,2.28487875
Bug Fix,High,Junior,Other,High,4,3,2,8,6,18,False,2,True,4.91666667,0,1,2,0,1.86003675
Feature Dev,High,Mid,JavaScript,Critical,2,2,2,4,10,17,False,0,False,2.375,1,1,0,0,1.01755625
Feature Dev,Medium,Tech Lead,JavaScript,Low,10,5,2,20,5,16,True,1,True,3.2,3,0,2,0,4.93950072
Deployment,High,Senior,Python,Medium,12,4,0,24,1,14,True,0,False,3.875,0,3,1,0,5.09504625
Testing,Medium,Senior,C++,High,13,4,1,26,8,9,False,1,False,3.0,2,1,1,0,4.5199575
Testing,Medium,Junior,Go,Low,9,5,2,18,6,18,False,2,True,2.2,3,2,0,0,4.91139
Feature Dev,Low,Junior,C++,High,6,3,0,12,4,12,False,0,False,2.08333333,2,1,0,0,1.9359
Bug Fix,High,Junior,Other,Low,4,2,1,8,1,11,False,2,True,2.375,1,1,0,0,2.60021438
Bug Fix,Medium,Tech Lead,Python,High,11,5,3,22,1,15,False,3,True,4.3,1,2,1,1,4.1511987
Documentation,Medium,Junior,Go,Critical,8,3,3,16,2,15,True,2,True,2.08333333,2,1,0,0,3.76398859
Feature Dev,Medium,Mid,JavaScript,Medium,13,5,3,26,5,18,True,1,False,3.1,3,1,0,1,5.42016562
Code Review,Medium,Mid,Go,Low,13,5,2,26,9,13,True,1,True,3.05,2,2,1,0,6.53903481
Client Meeting,High,Senior,Python,Low,3,3,2,6,9,16,True,3,False,6.41666667,0,0,2,1,1.73003985
Testing,High,Senior,Other,Low,2,2,1,4,5,9,True,2,False,4.5,0,1,1,0,1.24498894
Documentation,Medium,Senior,Java,Medium,2,3,0,4,1,9,True,0,True,3.58333333,2,0,0,1,0.8083075
Documentation,High,Mid,JavaScript,Medium,2,3,3,4,10,12,True,0,False,2.08333333,2,1,0,0,1.43250625
Feature Dev,Low,Junior,Java,Medium,2,2,1,4,6,16,True,2,False,2.375,1,1,0,0,1.10243438
Documentation,Low,Senior,JavaScript,Low,11,5,1,22,9,18,False,1,False,2.9,1,4,0,0,4.422605
Design Review,Low,Senior,Other,Critical,9,5,1,18,6,18,False,1,False,1.85,4,1,0,0,2.98874875
Client Meeting,Medium,Senior,C++,High,6,5,3,12,10,15,True,0,False,4.3,1,2,1,1,2.19284415
Testing,Medium,Senior,JavaScript,Low,2,5,3,4,1,18,False,0,True,1.85,4,1,0,0,1.52384375
Testing,Medium,Junior,Python,Critical,1,3,1,2,4,12,True,0,False,3.5,1,1,1,0,0.5
Code Review,High,Mid,Java,Medium,4,3,1,8,8,14,False,2,False,5.58333333,0,1,1,1,1.71258
Documentation,Low,Junior,Go,Low,6,3,1,12,4,15,False,2,False,3.58333333,2,0,0,1,2.41529979
Feature Dev,Medium,Senior,Python,Low,11,5,2,22,5,9,False,3,True,3.05,2,2,1,0,5.56040375
Refactoring,Low,Tech Lead,Python,Critical,3,5,3,6,9,9,False,3,False,3.1,3,1,0,1,1.39645012
Deployment,Medium,Tech Lead,Python,Medium,6,4,3,12,8,18,False,2,False,3.625,2,0,2,0,2.63405625
Documentation,Medium,Tech Lead,JavaScript,Critical,11,3,3,22,8,9,False,0,False,2.08333333,2,1,0,0,4.10532292
Testing,Low,Tech Lead,JavaScript,High,12,2,1,24,5,11,False,2,False,1.5,2,0,0,0,4.308075
Client Meeting,High,Junior,Other,Low,3,4,2,6,5,12,False,0,False,4.125,2,0,1,1,1.519518
Deployment,High,Senior,Go,High,2,3,3,4,6,11,False,0,True,5.58333333,0,1,1,1,1.0606266
Documentation,Medium,Senior,Other,Critical,12,5,2,24,9,17,False,2,True,3.9,1,2,2,0,4.21564385
Refactoring,Medium,Junior,Other,High,12,5,3,24,5,12,False,1,False,3.9,1,2,2,0,4.0961205
Deployment,High,Senior,Java,Critical,1,5,3,2,9,9,True,1,False,3.95,2,1,1,1,0.74845318
Code Review,High,Senior,Python,High,13,4,2,26,3,10,False,2,False,2.375,2,2,0,0,5.72265
Design Review,High,Senior,Go,High,7,5,2,14,2,9,False,0,False,3.05,2,2,1,0,2.9116296
Testing,High,Tech Lead,Java,Critical,5,4,0,10,2,13,False,1,False,3.625,2,0,2,0,1.761795
Refactoring,High,Senior,Go,Critical,2,3,3,4,9,16,False,0,True,3.58333333,2,0,0,1,1.12056439
Client Meeting,Low,Senior,Python,Low,10,4,2,20,9,16,False,0,False,2.375,2,2,0,0,4.2095625
Feature Dev,Medium,Mid,Other,Low,9,5,2,18,5,16,False,0,True,1.85,4,1,0,0,4.7543925
Client Meeting,Low,Tech Lead,C++,Critical,11,5,1,22,9,9,False,3,False,2.55,2,3,0,0,3.64541625
Deployment,Low,Mid,C++,Medium,6,3,3,12,6,9,False,2,False,2.08333333,2,1,0,0,2.79829167
Deployment,Low,Mid,Python,High,10,5,3,20,6,18,True,3,False,2.2,3,2,0,0,4.0696425
Design Review,Medium,Tech Lead,Other,Critical,5,2,1,10,7,15,False,3,False,3.625,1,0,1,0,1.85589797
Deployment,Low,Tech Lead,JavaScript,Critical,7,3,0,14,2,11,True,2,False,3.25,0,3,0,0,2.275875
Code Review,High,Senior,Java,High,11,3,3,22,7,12,True,2,False,2.08333333,2,1,0,0,5.37346688
Testing,Medium,Tech Lead,C++,Medium,5,3,0,10,1,10,False,0,False,2.08333333,2,1,0,0,1.99166667
Refactoring,Medium,Junior,Java,High,5,5,3,10,8,12,True,0,False,3.05,2,2,1,0,2.12788839
Refactoring,Medium,Tech Lead,C++,Medium,7,3,3,14,8,16,False,0,False,4.16666667,1,1,0,1,2.75302083
Client Meeting,Low,Tech Lead,Other,Low,13,4,3,26,9,15,False,1,True,3.5,2,1,0,1,5.56099363
Bug Fix,Medium,Mid,Java,Critical,12,3,1,24,5,14,False,0,False,4.16666667,1,1,0,1,3.56410312
Refactoring,Medium,Tech Lead,Java,Critical,8,4,1,16,8,13,True,1,True,4.5,0,2,2,0,2.78583834
Deployment,Medium,Tech Lead,Other,Medium,13,3,2,26,1,15,False,1,False,3.25,0,3,0,0,5.25
Documentation,High,Tech Lead,JavaScript,Medium,7,4,2,14,7,10,False,0,False,3.4375,1,2,1,0,3.16899
Testing,Medium,Junior,C++,Critical,11,3,3,22,1,9,False,0,False,4.33333333,1,0,2,0,3.42304917
Refactoring,High,Junior,Python,Critical,6,4,1,12,7,15,False,0,False,3.0,2,1,1,0,2.27933025
Code Review,Low,Junior,JavaScript,Low,4,3,1,8,4,15,False,1,False,3.58333333,2,0,0,1,1.62623771
Testing,High,Mid,Java,Low,13,4,2,26,7,12,False,1,True,2.8125,1,3,0,0,7.40618312
Code Review,High,Mid,Python,High,12,2,3,24,6,13,False,0,False,2.375,1,1,0,0,5.27225625
Bug Fix,Low,Senior,C++,Low,9,3,0,18,2,10,False,0,False,2.66666667,1,2,0,0,3.4452
Code Review,High,Mid,Python,Critical,5,5,3,10,4,16,False,1,False,2.55,2,3,0,0,2.35588125
Documentation,Medium,Junior,C++,High,11,5,2,22,6,13,False,3,False,3.05,2,2,1,0,4.1358375
Design Review,Medium,Senior,Java,Medium,8,3,2,16,2,14,False,0,False,3.58333333,2,0,0,1,3.06177083
Code Review,Low,Tech Lead,Go,High,6,3,2,12,4,15,False,2,False,4.16666667,1,1,0,1,2.0279175
Refactoring,Low,Senior,Java,Medium,10,3,2,20,4,14,False,0,False,1.5,3,0,0,0,3.9975
Documentation,High,Tech Lead,Python,Low,12,4,0,24,7,17,False,2,False,3.4375,1,2,1,0,5.66456963
Design Review,Medium,Junior,Other,Medium,8,3,1,16,4,12,True,0,False,5.0,1,0,1,1,2.750685
Deployment,High,Tech Lead,Java,Critical,1,5,0,2,4,17,False,0,True,4.3,1,2,1,1,0.5
Bug Fix,High,Mid,Go,High,7,4,1,14,9,9,True,2,True,2.8125,1,3,0,0,3.56025502
Documentation,High,Tech Lead,Java,Critical,10,3,3,20,6,10,True,1,False,2.08333333,2,1,0,0,4.57722344
Refactoring,Low,Tech Lead,Python,Low,7,4,3,14,5,18,True,1,False,2.8125,1,3,0,0,3.40179984
Deployment,Medium,Junior,Other,High,12,5,1,24,4,18,True,0,True,2.9,1,4,0,0,4.91397638
Feature Dev,Medium,Senior,C++,High,13,4,1,26,10,16,False,1,False,3.0,2,1,1,0,4.5199575
Refactoring,High,Tech Lead,Java,Low,10,5,1,20,7,11,True,2,False,3.05,2,2,1,0,5.25458154
Refactoring,Low,Mid,JavaScript,Medium,12,2,2,24,4,12,False,3,False,1.5,2,0,0,0,5.043
Code Review,Medium,Mid,Python,Critical,13,5,0,26,9,16,True,3,True,3.45,2,2,0,1,4.75774458
Testing,Medium,Senior,Other,Critical,9,4,2,18,3,9,True,2,False,3.0,2,1,1,0,3.37199887
Client Meeting,High,Senior,Other,Low,10,3,1,20,1,10,False,3,False,5.58333333,0,1,1,1,4.34401
Client Meeting,Low,Junior,Other,Low,2,4,2,4,8,11,False,1,False,3.9375,1,2,0,1,1.0570175
Documentation,Medium,Tech Lead,Java,Critical,13,4,0,26,4,18,True,3,False,2.375,2,2,0,0,4.81671094
Documentation,Medium,Tech Lead,Go,Critical,12,4,2,24,6,11,False,3,False,3.4375,1,2,1,0,4.13229094
Deployment,Low,Junior,Other,Critical,8,2,0,16,5,15,True,1,False,1.5,2,0,0,0,2.72614125
Testing,High,Mid,C++,Low,8,2,1,16,1,15,True,1,False,4.5,0,1,1,0,3.85260356
Testing,Medium,Mid,C++,High,10,3,2,20,10,16,False,3,True,3.5,1,1,1,0,4.0860765
Documentation,High,Mid,Other,Medium,8,2,3,16,2,18,False,1,False,3.625,1,0,1,0,3.76972312
Deployment,Medium,Mid,JavaScript,Medium,6,5,3,12,2,15,False,0,False,3.9,1,2,2,0,2.424495
Testing,Low,Junior,Java,Critical,6,4,1,12,10,15,False,3,False,3.5,2,1,0,1,1.94950688
Design Review,High,Mid,C++,Medium,2,5,3,4,4,15,True,2,False,3.05,2,2,1,0,1.51509514
Code Review,Medium,Tech Lead,C++,Low,3,4,0,6,2,18,True,0,False,3.9375,1,2,0,1,1.18914469
Testing,Medium,Senior,Java,Medium,4,4,2,8,2,15,True,2,False,5.625,0,1,2,1,1.6680825
Documentation,Medium,Mid,Go,Medium,12,3,0,24,9,18,False,1,True,2.66666667,1,2,0,0,5.21033333
Design Review,Low,Junior,Other,Medium,1,4,3,2,3,18,True,1,False,3.0625,3,0,0,1,0.85950211
Client Meeting,Medium,Tech Lead,C++,Critical,2,3,1,4,4,18,False,1,True,2.08333333,2,1,0,0,0.97765938
Documentation,Low,Senior,JavaScript,Low,9,3,2,18,3,13,False,3,False,2.08333333,2,1,0,0,4.2064
Deployment,Medium,Senior,C++,Medium,9,2,2,18,9,12,False,2,True,2.375,1,1,0,0,4.4254375
Documentation,Low,Mid,Go,High,5,4,1,10,9,14,False,2,True,3.5,2,1,0,1,1.87041938
Feature Dev,High,Senior,Go,Low,9,2,2,18,4,14,True,0,False,3.625,1,0,1,0,4.57018774
Feature Dev,High,Senior,Python,High,5,2,1,10,3,9,True,1,False,1.5,2,0,0,0,2.46999375
Refactoring,Medium,Junior,Python,Low,2,3,1,4,6,11,False,0,False,4.16666667,1,1,0,1,0.88520208
Design Review,High,Junior,C++,Medium,11,4,2,22,1,14,True,1,False,3.4375,1,2,1,0,5.16131241
Documentation,Medium,Senior,JavaScript,High,7,3,2,14,10,13,False,3,True,4.75,0,2,0,1,2.75801625
Code Review,High,Mid,Other,Low,12,4,2,24,9,17,False,2,False,4.375,0,3,0,1,5.54385563
Feature Dev,Medium,Tech Lead,Other,Medium,1,4,1,2,8,17,True,2,True,2.375,2,2,0,0,0.85000781
Testing,Low,Tech Lead,Other,Medium,2,3,3,4,6,17,False,0,False,3.25,0,3,0,0,1.096875
Bug Fix,Medium,Senior,Other,Medium,1,2,0,2,4,12,False,1,False,4.5,0,1,1,0,0.5
Feature Dev,High,Tech Lead,Go,Critical,7,2,2,14,5,18,False,1,False,1.5,2,0,0,0,3.153925
Deployment,Medium,Tech Lead,C++,Medium,2,4,3,4,2,10,False,0,False,1.9375,3,1,0,0,1.25390625
Code Review,Medium,Junior,Java,High,6,2,1,12,9,9,True,2,False,3.25,0,2,0,0,2.43632813
Refactoring,Medium,Senior,Python,Low,10,5,2,20,1,18,False,1,False,3.95,2,1,1,1,4.018652
Testing,Medium,Senior,Other,High,5,3,3,10,10,12,False,0,False,2.91666667,2,0,1,0,2.04081937
Testing,High,Mid,Java,Critical,8,3,3,16,6,12,False,1,False,4.33333333,1,0,2,0,2.9854635
Refactoring,Medium,Mid,Java,High,8,3,1,16,9,14,True,3,False,2.08333333,2,1,0,0,3.43487813
Deployment,High,Tech Lead,C++,High,11,5,3,22,7,15,False,2,False,4.3,1,2,1,1,4.1841738
Client Meeting,High,Junior,Other,High,3,2,2,6,3,10,False,1,False,3.625,1,0,1,0,1.42768238
Documentation,High,Junior,Other,Low,13,4,2,26,2,11,True,0,False,3.25,0,4,0,0,6.8000625
Code Review,High,Mid,Other,Medium,12,2,3,24,8,13,True,2,False,4.5,0,1,1,0,5.49862688
Deployment,Medium,Mid,Java,Critical,11,4,2,22,8,10,True,1,False,4.375,0,3,0,1,3.58651125
Feature Dev,High,Tech Lead,Go,High,10,3,3,20,7,18,False,3,False,5.0,1,0,1,1,3.76533
Design Review,Low,Junior,C++,Low,10,3,1,20,8,12,False,2,False,1.5,3,0,0,0,4.453625
Design Review,High,Tech Lead,Other,Medium,12,4,0,24,2,13,True,2,False,3.0,2,1,1,0,5.534529
Documentation,High,Tech Lead,JavaScript,High,12,3,0,24,3,10,False,2,True,3.5,1,1,1,0,5.0809473
Bug Fix,Low,Tech Lead,Python,Critical,5,4,0,10,9,15,False,0,False,2.375,2,2,0,0,1.5013125
Feature Dev,Medium,Mid,C++,Critical,9,4,3,18,3,15,True,3,False,4.5625,1,1,1,1,3.11415005
Design Review,High,Senior,Python,High,1,5,1,2,10,13,False,1,True,3.05,2,2,1,0,0.64601782
Bug Fix,Low,Tech Lead,JavaScript,Critical,2,5,2,4,7,10,False,3,True,1.5,5,0,0,0,1.265055
Client Meeting,Medium,Junior,JavaScript,High,7,2,2,14,4,13,False,0,True,3.625,1,0,1,0,2.73505444
Testing,High,Tech Lead,Go,Low,4,3,1,8,4,12,False,1,False,2.66666667,1,2,0,0,2.22236667
Design Review,High,Senior,C++,High,12,2,0,24,6,13,True,3,True,3.25,0,2,0,0,5.67177188
Testing,High,Senior,Other,Medium,6,2,2,12,1,18,False,2,True,3.625,1,0,1,0,3.19579838
Testing,Medium,Mid,Other,Critical,5,5,2,10,4,9,True,0,False,4.3,1,2,1,1,1.67134905
Client Meeting,High,Senior,Python,Medium,11,2,3,22,10,16,False,1,False,2.375,1,1,0,0,5.5048125
Documentation,Low,Mid,Go,Medium,8,2,3,16,10,18,True,3,False,3.25,0,2,0,0,3.57328125
Documentation,High,Mid,Python,Medium,7,3,0,14,8,10,False,2,False,4.16666667,1,1,0,1,2.897025
Testing,High,Junior,Java,High,7,2,2,14,7,16,True,1,False,5.75,0,0,2,0,2.7332991
Design Review,Low,Tech Lead,Go,High,6,3,0,12,5,18,True,0,True,2.08333333,2,1,0,0,2.2359645
Code Review,Medium,Junior,Java,Critical,8,3,2,16,1,11,False,3,False,2.91666667,2,0,1,0,2.98949958
Deployment,Low,Senior,Java,High,7,2,0,14,8,15,True,3,False,1.5,2,0,0,0,2.7315225
Design Review,Medium,Senior,Other,High,4,3,0,8,5,14,False,1,True,3.5,1,1,1,0,1.51007175
Bug Fix,High,Senior,Other,Critical,3,2,0,6,3,16,True,3,False,4.5,0,1,1,0,1.27261575
Feature Dev,High,Senior,Go,Critical,4,3,0,8,3,12,False,1,False,2.91666667,2,0,1,0,1.52621821
Design Review,Low,Mid,C++,Critical,1,2,0,2,10,18,True,3,False,1.5,2,0,0,0,0.60377625
Design Review,High,Senior,Go,Medium,12,3,0,24,6,17,True,1,False,3.25,0,3,0,0,5.5321875
Documentation,High,Mid,JavaScript,Medium,8,4,2,16,6,14,False,1,False,2.375,2,2,0,0,4.0035
Documentation,Medium,Junior,C++,High,6,3,1,12,1,10,True,2,False,4.33333333,1,0,2,0,2.15782875
Feature Dev,High,Junior,Java,Critical,10,3,3,20,4,10,False,2,False,5.0,1,0,1,1,3.489675
Refactoring,Medium,Tech Lead,Other,High,12,2,2,24,9,17,False,3,True,3.625,1,0,1,0,4.76428838
Feature Dev,High,Junior,Other,High,12,4,1,24,8,16,False,0,False,3.0,2,1,1,0,4.7024145
Documentation,High,Senior,Other,Low,3,3,1,6,3,12,False,1,True,3.5,1,1,1,0,1.76964618
Documentation,High,Senior,C++,Medium,12,2,2,24,1,11,True,0,False,4.5,0,1,1,0,5.18671125
Refactoring,High,Tech Lead,Java,Critical,13,3,3,26,5,18,False,2,False,2.91666667,2,0,1,0,5.21589006
Refactoring,Medium,Junior,C++,Low,7,4,0,14,4,9,False,1,False,1.5,4,0,0,0,3.26975
Refactoring,High,Senior,Other,Critical,9,3,2,18,3,17,True,1,False,3.5,1,1,1,0,3.63561214
Documentation,Medium,Junior,Python,High,1,4,1,2,1,15,True,3,True,4.5625,1,1,1,1,0.7087376
Feature Dev,Medium,Tech Lead,C++,Medium,3,4,2,6,6,11,False,3,False,3.9375,1,2,0,1,1.54434375
Feature Dev,High,Senior,Go,Medium,8,2,3,16,7,13,False,1,True,2.375,1,1,0,0,4.56575625
Feature Dev,Low,Tech Lead,Go,High,11,5,3,22,3,11,False,0,True,1.5,5,0,0,0,4.4750475
Design Review,Medium,Tech Lead,JavaScript,Medium,12,4,3,24,7,15,True,2,False,3.9375,1,2,0,1,4.90972617
Feature Dev,High,Junior,C++,Medium,6,3,3,12,3,15,False,2,False,4.16666667,1,1,0,1,2.88855417
Code Review,High,Junior,JavaScript,Low,7,4,1,14,10,15,True,0,True,3.5,2,1,0,1,3.76244282
Client Meeting,Medium,Tech Lead,Other,Critical,8,3,2,16,1,15,True,0,False,4.08333333,0,2,1,0,2.71440859
Code Review,High,Senior,Go,Low,9,3,2,18,2,9,False,3,True,4.16666667,1,1,0,1,4.85836175
Refactoring,Medium,Tech Lead,Python,Medium,2,4,3,4,7,11,True,1,False,1.9375,3,1,0,0,1.42192969
Testing,Medium,Junior,JavaScript,High,1,3,1,2,10,12,False,1,False,3.5,1,1,1,0,0.52489125
Client Meeting,Low,Tech Lead,JavaScript,Medium,5,5,2,10,8,17,True,1,True,3.8,1,3,0,1,2.1966945
Feature Dev,High,Junior,JavaScript,High,2,3,3,4,7,13,False,3,False,5.0,1,0,1,1,1.175346
Design Review,High,Junior,C++,Medium,3,4,0,6,9,10,False,1,False,4.5625,1,1,1,1,1.187145
Code Review,Low,Mid,Other,Critical,6,3,2,12,2,9,False,3,True,2.66666667,1,2,0,0,2.49458
Testing,Low,Senior,Go,Medium,8,4,1,16,4,10,True,0,False,1.9375,3,1,0,0,3.19144219
Deployment,Low,Junior,Java,Medium,1,4,0,2,10,18,True,0,False,1.9375,3,1,0,0,0.5
Refactoring,Low,Mid,C++,High,11,2,0,22,10,10,False,0,False,2.375,1,1,0,0,3.497175
Bug Fix,Low,Junior,JavaScript,Low,6,2,2,12,5,16,True,2,False,1.5,2,0,0,0,3.1491075
Design Review,Medium,Tech Lead,C++,Medium,6,2,1,12,3,11,True,3,False,5.75,0,0,2,0,2.3910075
Testing,Low,Junior,C++,High,10,3,0,20,5,11,False,2,False,3.58333333,2,0,0,1,2.9917875
Client Meeting,Medium,Junior,Go,Critical,12,4,0,24,7,9,False,0,False,3.4375,1,2,1,0,3.6731475
Refactoring,Low,Mid,Go,Critical,1,2,0,2,6,14,False,0,False,2.375,1,1,0,0,0.5
Bug Fix,High,Junior,JavaScript,High,6,5,1,12,3,18,True,3,True,3.4,1,3,1,0,3.01012277
Documentation,Medium,Junior,Python,Low,8,5,2,16,8,14,False,2,False,3.55,2,1,2,0,3.5293005
Testing,Low,Tech Lead,Go,Low,9,3,2,18,3,17,False,2,False,2.66666667,1,2,0,0,3.97686667
Documentation,High,Mid,Python,High,6,4,3,12,1,16,False,3,False,3.5,2,1,0,1,2.77597125
Documentation,Medium,Junior,Java,High,7,5,3,14,6,11,False,3,False,3.2,3,0,2,0,2.823102
Feature Dev,High,Mid,Go,Critical,2,4,2,4,4,12,False,3,False,4.5625,1,1,1,1,1.0363455
Bug Fix,Low,Junior,Python,Low,7,3,3,14,4,12,False,3,True,1.5,3,0,0,0,4.0556175
Feature Dev,High,Junior,C++,Medium,10,2,0,20,5,17,False,0,False,2.375,1,1,0,0,4.51375
Documentation,High,Mid,JavaScript,High,9,3,3,18,6,9,True,3,False,4.91666667,0,1,2,0,3.71031806
Bug Fix,High,Senior,Go,High,11,2,1,22,9,11,True,2,False,1.5,2,0,0,0,5.24026125
Code Review,Medium,Senior,Python,Medium,8,3,3,16,10,14,False,0,False,1.5,3,0,0,0,3.74125
Refactoring,High,Junior,JavaScript,High,6,3,3,12,9,12,False,3,True,5.0,1,0,1,1,2.7173718
Feature Dev,Low,Mid,Python,Low,6,2,0,12,2,13,False,3,True,1.5,2,0,0,0,3.051015
Testing,Medium,Junior,Other,Critical,7,3,0,14,9,18,True,3,False,2.08333333,2,1,0,0,2.75522188
Feature Dev,High,Tech Lead,Go,Low,8,5,0,16,7,10,False,1,False,2.55,2,3,0,0,4.043655
Feature Dev,Low,Tech Lead,Python,High,10,2,1,20,6,15,False,2,False,1.5,2,0,0,0,3.643875
Code Review,Medium,Mid,Other,Critical,10,2,0,20,2,17,False,2,False,2.375,1,1,0,0,3.5030625
Refactoring,Low,Mid,JavaScript,Low,5,2,3,10,3,13,False,0,False,1.5,2,0,0,0,2.536875
Code Review,High,Tech Lead,Go,Medium,5,2,0,10,3,11,False,0,False,2.375,1,1,0,0,2.256875
Design Review,Low,Junior,Python,Critical,10,2,3,20,3,9,False,3,False,1.5,2,0,0,0,3.7899375
Refactoring,Medium,Mid,Other,Low,5,3,3,10,1,17,True,1,False,4.33333333,1,0,2,0,2.44553925
Bug Fix,Low,Junior,Python,Medium,5,2,1,10,8,9,True,3,True,3.25,0,2,0,0,2.43632813
Documentation,High,Mid,JavaScript,High,10,3,2,20,4,17,False,3,False,2.66666667,1,2,0,0,4.524
Deployment,High,Mid,Go,High,3,2,0,6,6,16,False,0,True,1.5,2,0,0,0,1.400355
Bug Fix,High,Tech Lead,C++,High,9,4,2,18,2,15,False,0,False,4.125,2,0,1,1,3.285711
Refactoring,Medium,Mid,Go,High,10,3,0,20,7,18,True,1,True,5.0,1,0,1,1,3.3328449
Deployment,Medium,Tech Lead,JavaScript,High,8,5,1,16,9,16,True,0,True,3.2,3,0,2,0,3.07698237
Deployment,Medium,Senior,Other,Medium,9,4,1,18,1,16,False,1,False,2.5625,3,0,1,0,3.62946719
Feature Dev,Low,Senior,JavaScript,Low,6,5,2,12,7,12,True,3,False,2.9,1,4,0,0,3.044349
Testing,High,Tech Lead,C++,Low,6,2,2,12,10,18,True,2,False,3.25,0,2,0,0,3.52996875
Design Review,Low,Junior,C++,Critical,2,4,0,4,7,9,False,0,True,2.375,2,2,0,0,0.6605775
Documentation,Medium,Senior,C++,High,11,2,0,22,1,17,False,3,False,5.75,0,0,2,0,3.37977
Refactoring,Medium,Senior,C++,Medium,8,4,2,16,9,11,True,2,False,1.9375,3,1,0,0,3.89714063
Testing,High,Tech Lead,Python,Critical,2,4,2,4,2,11,False,3,True,3.9375,1,2,0,1,1.21934519
Refactoring,Medium,Mid,JavaScript,Medium,10,4,3,20,3,10,True,0,False,3.0625,3,0,0,1,4.20305977
Design Review,Low,Mid,JavaScript,High,3,3,1,6,10,14,False,1,False,2.08333333,2,1,0,0,1.1920125
Code Review,Medium,Mid,Java,Medium,3,5,1,6,1,16,False,3,False,3.1,3,1,0,1,1.4812875
Client Meeting,High,Mid,JavaScript,Low,5,3,3,10,4,16,True,0,False,3.58333333,2,0,0,1,2.77855703
Refactoring,High,Senior,Go,High,2,4,3,4,10,15,False,2,False,3.5,2,1,0,1,1.24167375
Refactoring,Medium,Mid,JavaScript,Medium,4,5,2,8,1,10,False,3,False,3.45,2,2,0,1,1.938475
Bug Fix,Low,Junior,Python,Low,10,2,3,20,1,15,True,0,False,2.375,1,1,0,0,4.59004219
Bug Fix,High,Tech Lead,Go,Critical,7,5,2,14,5,13,False,3,False,3.45,2,2,0,1,2.86101288
Client Meeting,High,Senior,Python,Critical,2,5,2,4,8,18,False,1,False,3.9,1,2,2,0,0.9544854
Client Meeting,Medium,Mid,C++,Medium,3,2,0,6,1,10,True,1,False,2.375,1,1,0,0,1.33940625
Testing,Medium,Mid,Python,High,7,3,1,14,8,18,False,1,False,3.5,1,1,1,0,2.46295125
Client Meeting,Medium,Mid,Java,Medium,9,3,0,18,5,15,False,2,False,4.91666667,0,1,2,0,3.05108333
Feature Dev,High,Tech Lead,C++,Critical,9,2,3,18,7,18,False,2,False,3.625,1,0,1,0,3.62846991
Code Review,Low,Senior,Other,Low,1,5,2,2,3,9,False,2,False,3.25,0,5,0,0,0.886875
Code Review,High,Junior,Java,High,9,4,3,18,6,14,False,1,True,4.0625,1,1,2,0,3.91442349
Code Review,High,Mid,Other,Critical,3,3,1,6,10,12,True,0,False,3.5,1,1,1,0,1.22521731
Code Review,Medium,Tech Lead,Other,Critical,4,5,0,8,3,16,False,2,False,3.55,2,1,2,0,1.3267395
Refactoring,Medium,Mid,Python,Low,9,2,2,18,4,16,True,0,False,2.375,1,1,0,0,4.42004063
Feature Dev,Low,Senior,JavaScript,Critical,13,4,2,26,5,14,False,0,True,2.375,2,2,0,0,4.56899438
Refactoring,High,Mid,Other,High,9,3,0,18,3,10,False,1,False,5.58333333,0,1,1,1,2.984112
Design Review,Medium,Senior,Java,Critical,5,2,2,10,3,17,False,1,False,4.5,0,1,1,0,1.73145
Refactoring,Low,Junior,C++,Critical,13,2,3,26,10,9,True,0,False,2.375,1,1,0,0,4.49267766
Client Meeting,Medium,Mid,Java,Critical,10,2,3,20,8,11,True,3,False,4.5,0,1,1,0,3.59816953
Code Review,High,Junior,Python,Low,12,4,3,24,7,12,False,2,True,3.625,2,0,2,0,6.44756516
Documentation,Low,Tech Lead,JavaScript,High,4,4,1,8,6,9,True,2,False,3.9375,1,2,0,1,1.45129704
Code Review,High,Junior,Other,Medium,2,3,1,4,7,11,False,2,False,4.91666667,0,1,2,0,1.01970417
Design Review,High,Junior,C++,Critical,13,5,1,26,5,9,False,2,False,3.05,2,2,1,0,4.94508304
Client Meeting,High,Mid,Go,High,13,5,3,26,9,10,False,3,False,3.4,1,3,1,0,5.4640197
Code Review,High,Mid,Go,Critical,9,4,0,18,3,18,False,2,False,3.4375,1,2,1,0,3.32113753
Refactoring,Medium,Mid,Python,Low,2,4,0,4,9,12,True,0,False,1.9375,3,1,0,0,0.9268875
Deployment,Low,Mid,Java,Critical,4,2,0,8,7,11,False,1,False,2.375,1,1,0,0,1.28445625
Client Meeting,High,Senior,Python,Low,13,3,0,26,8,16,True,1,False,4.08333333,0,2,1,0,6.102173
Documentation,Medium,Tech Lead,JavaScript,High,5,2,2,10,8,13,True,3,False,4.5,0,1,1,0,2.08537875
Code Review,Medium,Tech Lead,Java,Critical,10,2,3,20,3,15,True,3,True,4.5,0,1,1,0,3.95798648
Bug Fix,High,Mid,C++,High,4,5,3,8,9,17,False,0,False,3.05,2,2,1,0,1.89421358
Feature Dev,Medium,Junior,JavaScript,Medium,11,4,1,22,9,16,True,1,False,4.375,0,3,0,1,4.08756797
Deployment,Medium,Mid,Python,Medium,8,3,1,16,2,10,False,3,False,3.58333333,2,0,0,1,3.19298958
Refactoring,Medium,Tech Lead,JavaScript,High,3,5,0,6,9,11,False,2,True,3.05,2,2,1,0,1.27383795
Client Meeting,High,Senior,Go,High,11,3,3,22,4,9,True,3,False,4.75,0,2,0,1,4.49873747
Bug Fix,Medium,Mid,Go,Medium,1,4,3,2,7,13,True,2,False,3.5,2,1,0,1,0.96882188
Testing,High,Tech Lead,Go,Medium,3,3,1,6,3,12,False,0,True,4.75,0,2,0,1,1.37900813
Design Review,High,Tech Lead,Python,High,2,2,0,4,10,17,False,0,False,3.25,0,2,0,0,0.77625
Client Meeting,High,Junior,JavaScript,High,2,4,3,4,1,10,True,2,True,2.375,2,2,0,0,1.60141472
Documentation,Medium,Junior,Go,Critical,8,3,0,16,5,15,False,2,False,4.16666667,1,1,0,1,2.44807083
Design Review,Medium,Mid,Other,Critical,5,3,2,10,8,12,False,0,True,3.25,0,3,0,0,2.01609375
Feature Dev,Low,Junior,JavaScript,Low,6,3,0,12,7,16,True,2,True,2.08333333,2,1,0,0,2.98588675
Code Review,Medium,Mid,Java,Critical,10,5,2,20,10,18,True,1,True,2.7,3,1,1,0,4.04345518
Testing,Medium,Mid,Other,High,4,3,1,8,5,18,True,0,True,3.5,1,1,1,0,1.63220991
Design Review,High,Mid,Python,Low,5,2,1,10,4,14,True,1,False,2.375,1,1,0,0,2.89002656
Design Review,Medium,Junior,Python,Critical,10,5,3,20,6,15,True,1,False,3.55,2,1,2,0,3.52138776
Bug Fix,Low,Tech Lead,Java,Medium,10,4,3,20,9,12,False,0,False,1.5,4,0,0,0,4.15125
Feature Dev,Low,Tech Lead,Other,Low,8,5,1,16,5,14,True,3,False,2.2,3,2,0,0,3.8076885
Client Meeting,High,Junior,Python,Low,8,3,3,16,9,10,True,1,True,5.0,1,0,1,1,4.20263613
Bug Fix,High,Senior,Python,High,1,3,2,2,10,15,False,2,False,2.08333333,2,1,0,0,0.8604
Documentation,Medium,Senior,JavaScript,Medium,13,2,1,26,4,15,True,1,True,2.375,1,1,0,0,6.17672344
Client Meeting,Medium,Tech Lead,C++,Low,12,4,1,24,2,16,True,1,False,1.9375,3,1,0,0,5.85097734
Code Review,Medium,Mid,Java,Medium,6,3,2,12,9,16,False,0,False,2.08333333,2,1,0,0,2.68875
Feature Dev,Low,Junior,Python,Critical,11,3,2,22,6,14,True,3,False,2.08333333,2,1,0,0,4.0528425
Feature Dev,Medium,Tech Lead,Python,Medium,7,3,0,14,8,12,True,2,False,4.33333333,1,0,2,0,2.61555
Documentation,High,Tech Lead,Go,Critical,6,3,3,12,4,9,True,3,False,4.16666667,1,1,0,1,2.65363678
Bug Fix,Low,Senior,JavaScript,Critical,10,3,1,20,1,13,True,3,False,1.5,3,0,0,0,3.70499062
Refactoring,Medium,Senior,Other,Critical,10,4,3,20,7,18,False,0,False,1.9375,3,1,0,0,3.79432031
Client Meeting,Medium,Junior,Go,Medium,2,4,2,4,3,14,False,0,False,5.1875,1,0,2,1,0.83215
Feature Dev,High,Mid,Other,Medium,12,2,2,24,9,11,True,3,False,4.5,0,1,1,0,5.4540675
Refactoring,Medium,Mid,Python,Medium,4,3,1,8,10,17,True,3,False,4.75,0,2,0,1,1.76370469
Testing,High,Tech Lead,Python,Medium,3,2,0,6,1,18,True,0,False,3.625,1,0,1,0,1.29133069
Client Meeting,High,Senior,C++,Low,2,4,1,4,6,13,False,0,False,3.4375,1,2,1,0,1.05963103
Documentation,High,Senior,Go,Low,3,2,3,6,4,17,True,0,False,4.5,0,1,1,0,1.79396044
Client Meeting,Medium,Junior,Go,Critical,12,3,0,24,10,11,False,0,False,2.91666667,2,0,1,0,3.77621
Documentation,High,Senior,JavaScript,High,5,2,3,10,9,15,False,1,False,2.375,1,1,0,0,2.51690625
Bug Fix,High,Junior,C++,Medium,13,4,1,26,10,16,True,0,False,3.625,2,0,2,0,5.55872231
Documentation,Low,Senior,C++,Low,10,3,0,20,7,9,True,1,True,2.08333333,2,1,0,0,4.68126313
Client Meeting,Low,Tech Lead,Go,Critical,13,4,0,26,7,17,False,1,False,3.25,0,4,0,0,3.8090625
Testing,Medium,Mid,Java,Critical,6,2,1,12,3,13,False,1,True,3.25,0,2,0,0,2.32289063
Documentation,High,Mid,C++,Medium,3,4,3,6,9,13,True,0,False,3.875,0,3,1,0,1.68911859
Design Review,Medium,Tech Lead,C++,Medium,8,2,1,16,6,11,False,3,False,2.375,1,1,0,0,3.5815625
Feature Dev,Medium,Junior,Python,Medium,3,4,1,6,2,17,True,0,False,4.5,0,2,2,0,1.16589375
Code Review,Medium,Tech Lead,Python,Medium,4,3,3,8,7,12,False,3,False,2.91666667,2,0,1,0,2.17502292
Design Review,Low,Mid,Other,Medium,13,4,2,26,8,13,False,0,True,2.8125,1,3,0,0,5.25545625
Bug Fix,Medium,Junior,Python,Low,5,3,1,10,7,11,False,1,False,2.91666667,2,0,1,0,2.29071562
Client Meeting,Medium,Senior,Go,High,2,4,2,4,7,10,False,3,False,3.5,2,1,0,1,1.107225
Refactoring,Medium,Junior,Java,Low,4,2,2,8,6,15,False,0,True,1.5,2,0,0,0,2.356475
Code Review,High,Tech Lead,Go,Critical,7,3,3,14,9,11,True,0,False,5.0,1,0,1,1,2.56142145
Bug Fix,High,Mid,Other,Low,12,3,2,24,8,14,False,1,False,4.33333333,1,0,2,0,5.40713067
Feature Dev,High,Junior,Java,High,8,3,1,16,9,13,False,1,False,4.08333333,0,2,1,0,3.07350563
Refactoring,Medium,Mid,Java,Medium,1,5,2,2,9,11,False,2,False,2.9,1,4,0,0,0.8595
Documentation,Medium,Mid,Java,Low,3,3,0,6,8,17,False,1,True,2.91666667,2,0,1,0,1.45587704
Bug Fix,Medium,Tech Lead,Java,High,3,3,0,6,3,11,True,1,False,5.58333333,0,1,1,1,0.960687
Deployment,Medium,Mid,C++,Low,13,3,1,26,5,15,False,0,False,5.58333333,0,1,1,1,4.60207
Deployment,Medium,Senior,Other,Low,13,3,3,26,5,16,False,0,False,4.16666667,1,1,0,1,5.26462292
Code Review,Medium,Tech Lead,Go,Medium,13,2,1,26,10,12,True,0,False,2.375,1,1,0,0,5.51217188
Deployment,High,Mid,JavaScript,Medium,5,3,1,10,1,12,False,0,False,2.91666667,2,0,1,0,2.26757708
Refactoring,High,Senior,JavaScript,Medium,13,3,1,26,3,17,False,0,False,4.91666667,0,1,2,0,4.92187917
Feature Dev,Medium,Mid,Other,Critical,3,2,3,6,3,11,False,2,False,3.25,0,2,0,0,1.47421875
Documentation,Low,Tech Lead,Go,Critical,3,4,1,6,6,15,True,3,False,1.5,4,0,0,0,1.39966313
Client Meeting,Medium,Tech Lead,Java,High,7,3,3,14,1,9,False,0,False,2.66666667,1,2,0,0,2.8275
Refactoring,High,Junior,Go,Low,7,2,0,14,4,9,False,0,False,4.5,0,1,1,0,3.0062725
Code Review,Medium,Senior,Other,High,1,2,1,2,7,16,False,3,False,2.375,1,1,0,0,0.75065625
Bug Fix,Medium,Mid,JavaScript,Medium,7,2,3,14,1,17,False,0,False,2.375,1,1,0,0,3.1890625
Feature Dev,Medium,Mid,Python,Low,6,5,2,12,10,13,True,3,False,3.05,2,2,1,0,3.18459488
Bug Fix,Low,Junior,JavaScript,Medium,10,5,0,20,10,14,True,2,False,2.2,3,2,0,0,3.9501
Refactoring,High,Junior,Go,High,1,5,2,2,3,17,False,2,False,4.45,2,0,2,1,0.6747624
Deployment,Low,Tech Lead,Go,Low,12,2,2,24,2,14,False,0,True,2.375,1,1,0,0,5.48538375
Design Review,Low,Mid,Go,Low,4,2,1,8,5,12,True,0,True,2.375,1,1,0,0,1.98221822
Deployment,High,Senior,Java,Low,6,5,0,12,4,9,False,1,False,3.9,1,2,2,0,2.6763022
Client Meeting,Low,Junior,JavaScript,Critical,4,2,3,8,9,14,True,1,False,2.375,1,1,0,0,1.74277359
Deployment,Low,Senior,JavaScript,High,5,3,1,10,8,14,False,1,False,2.08333333,2,1,0,0,1.8373125
Code Review,Medium,Mid,Python,High,1,4,1,2,9,9,False,2,True,2.5625,3,0,1,0,0.69996867
Code Review,Medium,Junior,Go,Low,13,3,0,26,9,9,False,1,False,3.5,1,1,1,0,5.2309675
Design Review,High,Junior,C++,High,2,5,1,4,10,15,False,0,True,4.8,1,1,2,1,0.81078822
Feature Dev,Medium,Tech Lead,Java,High,9,5,2,18,1,9,False,2,True,3.95,2,1,1,1,3.3701877
Bug Fix,Medium,Senior,Go,High,12,4,0,24,6,17,False,0,True,3.875,0,3,1,0,4.177305
Design Review,Medium,Mid,Java,High,12,2,0,24,3,14,False,1,False,1.5,2,0,0,0,4.52025
Design Review,High,Mid,C++,Low,2,5,2,4,8,10,False,2,True,3.9,1,2,2,0,1.46167274
Testing,High,Mid,Java,High,2,2,1,4,1,16,False,3,False,4.5,0,1,1,0,1.04650875
Design Review,Low,Tech Lead,C++,Medium,10,4,3,20,3,17,False,2,False,3.0625,3,0,0,1,3.82300781
Design Review,High,Senior,Python,High,3,2,0,6,7,9,False,1,False,2.375,1,1,0,0,1.307025
Documentation,Medium,Mid,C++,Low,4,4,1,8,4,9,True,3,True,4.0625,1,1,2,0,2.19577736
Design Review,High,Junior,C++,High,11,4,0,22,10,10,False,0,False,3.0,2,1,1,0,4.196511
Refactoring,Medium,Mid,JavaScript,Medium,13,4,0,26,10,15,True,2,False,4.0625,1,1,2,0,4.78016438
Testing,High,Mid,JavaScript,Low,9,4,3,18,3,13,False,3,False,3.625,2,0,2,0,4.64543888
Deployment,High,Mid,Other,High,13,2,1,26,6,15,False,1,False,4.5,0,1,1,0,4.75894125
Client Meeting,Low,Mid,Java,Low,2,5,1,4,4,10,True,2,False,3.1,3,1,0,1,1.10948434
Deployment,High,Tech Lead,Python,Critical,4,4,2,8,8,18,False,1,False,3.0,2,1,1,0,1.754536
Documentation,High,Tech Lead,Python,Low,10,4,2,20,1,12,False,3,False,4.0625,1,1,2,0,4.8223175
Code Review,High,Mid,C++,Low,6,2,2,12,5,18,False,0,False,5.75,0,0,2,0,2.689434
Testing,High,Tech Lead,Python,Medium,10,2,3,20,6,14,False,3,False,4.5,0,1,1,0,4.5408125
Refactoring,High,Tech Lead,JavaScript,Low,9,2,2,18,2,16,True,1,True,3.25,0,2,0,0,5.40756563
Design Review,High,Senior,Python,Medium,7,3,2,14,4,13,True,3,False,4.08333333,0,2,1,0,3.48539188
Bug Fix,High,Tech Lead,Java,Medium,6,3,3,12,4,15,True,1,False,4.08333333,0,2,1,0,3.02006469
Bug Fix,Low,Senior,Other,Critical,5,3,1,10,4,12,True,0,True,4.16666667,1,1,0,1,1.62166692
Testing,High,Mid,C++,Critical,12,4,1,24,1,18,True,3,True,3.4375,1,2,1,0,5.27659117
Testing,High,Mid,Other,Critical,11,5,1,22,2,14,True,1,False,3.05,2,2,1,0,4.35565726
Client Meeting,Medium,Junior,JavaScript,Low,1,3,2,2,10,12,False,0,False,1.5,3,0,0,0,0.78925
Refactoring,Medium,Junior,Java,Critical,13,3,2,26,10,17,False,0,False,3.5,1,1,1,0,4.19464375
Bug Fix,Low,Tech Lead,JavaScript,Critical,4,5,2,8,2,10,True,3,False,2.2,3,2,0,0,1.802493
Feature Dev,Medium,Senior,JavaScript,High,13,2,2,26,10,16,True,0,False,1.5,2,0,0,0,5.3274375
Feature Dev,High,Tech Lead,Other,Low,11,3,2,22,6,14,True,0,False,3.58333333,2,0,0,1,5.41566025
Client Meeting,Medium,Senior,Python,Low,12,3,3,24,2,13,False,3,False,3.5,1,1,1,0,5.47771125
Client Meeting,High,Mid,Go,High,10,4,2,20,6,13,False,0,False,3.0,2,1,1,0,4.063815
Testing,Medium,Senior,JavaScript,Low,1,4,0,2,4,17,True,1,False,1.9375,3,1,0,0,0.57930469
Code Review,Medium,Senior,JavaScript,Critical,2,5,0,4,4,12,False,2,False,3.9,1,2,2,0,0.723095
Code Review,High,Tech Lead,Other,High,13,4,1,26,9,11,False,3,False,3.9375,1,2,0,1,4.96506516
Code Review,Low,Junior,JavaScript,Low,7,2,3,14,2,14,False,1,False,2.375,1,1,0,0,3.31368125
Code Review,Medium,Mid,JavaScript,Low,9,3,2,18,3,11,False,1,False,2.66666667,1,2,0,0,4.25333333
Documentation,Low,Senior,Go,Critical,7,2,2,14,5,17,True,0,False,2.375,1,1,0,0,2.46965906
Documentation,High,Senior,JavaScript,High,2,5,1,4,9,12,True,2,True,4.3,1,2,1,1,1.07487834
Bug Fix,High,Tech Lead,Other,Low,5,2,1,10,7,13,True,1,False,2.375,1,1,0,0,2.89002656
Feature Dev,Low,Tech Lead,Java,Medium,5,2,2,10,1,9,False,3,False,2.375,1,1,0,0,2.355
Design Review,High,Senior,Java,Medium,5,3,3,10,8,10,True,2,False,2.66666667,1,2,0,0,2.99425
Documentation,High,Junior,Go,Critical,8,2,2,16,2,12,False,1,False,3.625,1,0,1,0,3.09063825
Refactoring,Medium,Junior,Other,Low,12,2,2,24,4,15,True,3,False,5.75,0,0,2,0,4.983363
Documentation,Medium,Junior,Other,Low,1,4,2,2,3,15,False,0,False,3.0625,3,0,0,1,0.69263906
Deployment,Medium,Tech Lead,Go,Critical,5,5,3,10,4,18,True,3,True,4.3,1,2,1,1,2.19818734
Feature Dev,High,Senior,Other,Medium,8,3,0,16,10,10,True,3,False,5.0,1,0,1,1,3.267978
Documentation,Medium,Senior,Python,Critical,5,5,0,10,5,11,False,3,False,4.8,1,1,2,1,1.496357
Client Meeting,Low,Junior,Python,Low,5,2,3,10,2,11,False,0,False,1.5,2,0,0,0,2.536875
Feature Dev,High,Mid,Other,High,10,2,0,20,8,10,True,1,False,5.75,0,0,2,0,3.5487585
Code Review,High,Mid,Go,Medium,12,5,2,24,2,10,True,3,False,5.15,0,2,2,1,4.861269
Refactoring,Medium,Junior,Other,Medium,10,4,0,20,10,9,False,2,False,4.125,2,0,1,1,3.45345
Design Review,Low,Junior,C++,Critical,12,3,1,24,5,10,False,1,False,1.5,3,0,0,0,3.9816125
Documentation,Medium,Mid,C++,Low,13,5,2,26,4,9,False,2,False,4.3,1,2,1,1,5.105034
Design Review,Medium,Tech Lead,Go,Medium,10,4,3,20,10,17,False,1,True,2.375,2,2,0,0,4.91115625
Documentation,High,Tech Lead,C++,Low,2,4,1,4,3,10,True,3,True,2.375,2,2,0,0,1.70794903
Code Review,Medium,Tech Lead,Other,Critical,8,4,0,16,1,13,True,1,True,3.625,2,0,2,0,2.79795068
Code Review,High,Tech Lead,JavaScript,Medium,1,5,2,2,6,9,False,2,False,4.65,0,3,1,1,0.766176
Documentation,Low,Junior,JavaScript,Low,1,2,1,2,9,12,True,0,False,3.25,0,2,0,0,0.55223438
Documentation,High,Tech Lead,Other,Critical,4,5,3,8,4,13,False,3,False,2.9,1,4,0,0,2.1024325
Refactoring,High,Mid,Other,Low,12,5,1,24,10,17,False,2,False,2.55,2,3,0,0,6.2794325
Design Review,Medium,Mid,Other,Medium,9,3,3,18,2,13,True,0,False,2.08333333,2,1,0,0,4.23478125
Deployment,Low,Tech Lead,C++,Low,11,2,2,22,3,16,False,2,False,2.375,1,1,0,0,4.8140125
Feature Dev,Medium,Mid,JavaScript,Critical,1,2,3,2,6,18,True,3,False,3.25,0,2,0,0,0.96222656
Refactoring,High,Senior,Other,Medium,8,3,2,16,6,14,True,2,False,4.16666667,1,1,0,1,3.71784875
Deployment,High,Senior,C++,High,8,4,0,16,9,10,True,1,False,3.0,2,1,1,0,3.29169015
Feature Dev,High,Tech Lead,Other,Low,4,2,0,8,5,16,False,2,False,3.625,1,0,1,0,1.99982475
Deployment,Low,Tech Lead,JavaScript,High,4,2,0,8,8,9,False,3,False,3.25,0,2,0,0,1.468125
Bug Fix,Low,Tech Lead,C++,Medium,7,3,3,14,5,13,True,1,False,2.66666667,1,2,0,0,3.11605
Deployment,Low,Junior,Python,Medium,7,2,2,14,5,15,False,1,False,2.375,1,1,0,0,2.86525
Client Meeting,High,Junior,Python,High,1,4,0,2,7,11,False,3,True,4.5625,1,1,1,1,0.60351885
Deployment,Low,Mid,JavaScript,High,3,4,3,6,4,11,False,0,False,1.9375,3,1,0,0,1.38130313
Documentation,Medium,Mid,Go,High,5,4,3,10,7,10,False,2,True,2.8125,1,3,0,0,2.51692031
Documentation,Medium,Tech Lead,Go,Low,1,5,2,2,3,16,False,1,False,3.45,2,2,0,1,0.77539
Testing,Medium,Junior,Python,Medium,12,4,3,24,7,13,False,3,False,3.0625,3,0,0,1,4.99239844
Client Meeting,Low,Junior,C++,Critical,6,3,2,12,9,12,True,2,False,4.16666667,1,1,0,1,2.01101819
Design Review,Low,Tech Lead,Go,High,5,3,2,10,6,15,False,0,False,4.16666667,1,1,0,1,1.6009875
Code Review,Medium,Junior,Python,Medium,9,4,2,18,6,15,True,1,True,3.0,2,1,1,0,4.25733
Testing,Low,Senior,Java,Medium,1,4,3,2,4,12,False,1,False,1.9375,3,1,0,0,0.91284375
Bug Fix,High,Tech Lead,Go,Critical,10,4,1,20,1,14,False,2,False,4.5625,1,1,1,1,3.37494094
Testing,Medium,Senior,JavaScript,Low,12,3,3,24,8,13,False,0,False,3.58333333,2,0,0,1,5.05192188
Deployment,Medium,Senior,Go,High,7,3,0,14,10,13,True,3,True,5.0,1,0,1,1,2.5199559
Bug Fix,Low,Junior,JavaScript,Critical,9,4,1,18,9,13,False,1,False,2.375,2,2,0,0,2.91087813
Feature Dev,Low,Tech Lead,Python,Medium,7,3,1,14,1,18,True,1,True,2.08333333,2,1,0,0,3.18601938
Code Review,Medium,Mid,Go,High,6,5,1,12,7,16,True,2,False,3.05,2,2,1,0,2.38844616
Documentation,High,Senior,Python,High,2,5,3,4,6,18,False,3,True,3.95,2,1,1,1,1.37273499
Code Review,Medium,Tech Lead,Java,High,13,3,1,26,3,16,False,3,True,2.91666667,2,0,1,0,5.17701731
Design Review,Medium,Tech Lead,JavaScript,Low,8,5,2,16,4,15,False,2,False,3.1,3,1,0,1,3.6538425
Deployment,Medium,Mid,JavaScript,Critical,1,3,2,2,3,10,False,2,True,2.66666667,1,2,0,0,0.81345
Documentation,High,Junior,Java,Medium,9,4,1,18,4,12,False,3,False,5.1875,1,0,2,1,3.472335
Client Meeting,High,Junior,Go,Critical,12,2,2,24,1,11,True,0,False,1.5,2,0,0,0,5.32420875
Client Meeting,High,Mid,Python,Low,4,4,0,8,5,9,False,3,True,3.0,2,1,1,0,2.3861321
Deployment,Medium,Senior,Python,Critical,7,3,3,14,8,18,True,0,False,2.08333333,2,1,0,0,2.88853906
Testing,Medium,Senior,C++,Low,6,5,2,12,10,13,False,2,False,3.4,1,3,1,0,2.877699
Code Review,Medium,Senior,Other,High,10,2,0,20,2,15,True,3,True,4.5,0,1,1,0,3.79378519
Deployment,High,Tech Lead,Java,Low,3,5,1,6,4,15,True,3,True,4.8,1,1,2,1,1.77956648
Refactoring,Low,Junior,JavaScript,Medium,4,3,2,8,1,15,False,2,True,3.58333333,2,0,0,1,1.86680542
Documentation,Medium,Mid,Python,High,1,4,2,2,6,18,False,1,True,3.0,2,1,1,0,0.729828
Client Meeting,Low,Mid,C++,Medium,1,3,0,2,9,13,False,1,False,3.58333333,2,0,0,1,0.5
Feature Dev,Medium,Tech Lead,Python,High,4,5,2,8,7,11,True,0,True,2.7,3,1,1,0,1.84874555
Bug Fix,High,Junior,Java,Critical,4,5,2,8,2,15,True,1,False,4.3,1,2,1,1,1.62774864
Client Meeting,Medium,Mid,Java,Medium,10,2,3,20,3,17,True,1,False,3.25,0,2,0,0,4.47890625
Deployment,High,Mid,C++,Low,12,3,1,24,4,10,False,1,False,2.91666667,2,0,1,0,5.87441296
Deployment,Medium,Junior,Other,Low,13,4,1,26,1,11,False,3,True,3.5,2,1,0,1,6.00757438
Code Review,High,Tech Lead,Go,High,6,5,1,12,10,14,False,3,False,4.8,1,1,2,1,2.2112406
Design Review,High,Junior,Java,Low,1,5,3,2,5,13,False,1,False,3.45,2,2,0,1,0.97892988
Refactoring,Medium,Senior,Java,Medium,6,4,3,12,1,17,False,2,False,1.9375,3,1,0,0,3.05953125
Bug Fix,Low,Junior,C++,Low,8,2,2,16,5,14,False,3,True,1.5,2,0,0,0,4.31607
Testing,Medium,Junior,Go,Low,1,4,1,2,2,10,False,2,False,4.0625,1,1,2,0,0.69552656
Design Review,Medium,Mid,Python,Medium,5,4,2,10,6,9,False,2,False,3.4375,1,2,1,0,2.25070313
Testing,Medium,Senior,Other,Medium,1,4,1,2,9,17,False,1,True,4.125,2,0,1,1,0.58790875
Documentation,High,Senior,Java,Critical,9,2,1,18,7,11,False,2,True,3.625,1,0,1,0,3.7413388
Testing,Low,Senior,Python,Critical,13,2,0,26,1,11,False,0,False,1.5,2,0,0,0,4.07745
Documentation,Low,Mid,Python,High,12,4,2,24,4,18,True,1,False,2.8125,1,3,0,0,4.27919625
Design Review,Medium,Tech Lead,Java,Low,10,4,2,20,8,11,False,0,False,2.5625,3,0,1,0,4.45905969
Bug Fix,High,Junior,Java,Medium,3,4,3,6,3,17,False,1,False,4.5625,1,1,1,1,1.54810125
Code Review,Low,Senior,C++,Low,6,4,3,12,4,18,True,0,False,3.5,2,1,0,1,2.64903581
Code Review,High,Senior,C++,Critical,13,5,3,26,4,10,True,0,True,2.9,1,4,0,0,6.02858314
Refactoring,Medium,Mid,JavaScript,Critical,5,2,0,10,2,17,False,1,True,1.5,2,0,0,0,2.0125875
Client Meeting,Low,Tech Lead,Other,Low,4,4,0,8,3,17,False,1,False,3.0625,3,0,0,1,1.52380594
Design Review,High,Tech Lead,Other,High,4,2,0,8,7,9,True,1,False,2.375,1,1,0,0,1.79892562
Client Meeting,Medium,Mid,Other,Critical,9,4,2,18,7,11,False,0,False,3.9375,1,2,0,1,2.84416641
Bug Fix,Medium,Tech Lead,JavaScript,Low,5,2,3,10,6,11,False,2,False,1.5,2,0,0,0,2.987875
Bug Fix,Medium,Junior,C++,Medium,6,5,1,12,9,11,False,3,False,3.55,2,1,2,0,2.4713775
Feature Dev,High,Mid,Java,Low,7,4,3,14,1,15,True,3,False,3.0,2,1,1,0,4.22540003
Deployment,High,Senior,JavaScript,Medium,3,5,3,6,10,17,False,0,True,3.55,2,1,2,0,1.74557295
Bug Fix,High,Tech Lead,C++,High,3,4,0,6,1,17,True,0,False,2.375,2,2,0,0,1.27964813
Deployment,Low,Mid,Python,Medium,1,4,3,2,5,9,False,0,False,1.9375,3,1,0,0,0.81253125
Refactoring,Medium,Tech Lead,JavaScript,Low,13,2,2,26,8,11,False,0,False,4.5,0,1,1,0,5.1349375
Feature Dev,Low,Senior,C++,High,4,3,0,8,10,10,False,3,False,2.66666667,1,2,0,0,1.5138
Client Meeting,Medium,Senior,JavaScript,Medium,13,5,2,26,1,17,True,2,False,3.9,1,2,2,0,5.0914395
Testing,Medium,Senior,Java,Low,12,4,3,24,1,12,True,0,False,3.0,2,1,1,0,5.58774563
Refactoring,High,Tech Lead,JavaScript,Low,8,4,0,16,4,17,True,2,True,2.8125,1,3,0,0,4.72927744
Documentation,High,Senior,Python,High,7,2,2,14,8,14,False,2,False,1.5,2,0,0,0,3.4317
Design Review,Medium,Senior,Other,Medium,2,3,0,4,8,9,False,2,False,2.08333333,2,1,0,0,0.99583333
Code Review,Medium,Junior,JavaScript,Low,11,4,3,22,3,12,False,1,True,3.4375,1,2,1,0,5.39223455
Testing,Low,Junior,Python,Critical,11,4,2,22,4,12,False,1,True,3.9375,1,2,0,1,3.49759541
Documentation,Medium,Junior,JavaScript,Critical,5,3,3,10,5,14,False,0,True,4.08333333,0,2,1,0,1.9905663
Feature Dev,Low,Tech Lead,JavaScript,High,12,2,0,24,7,18,False,1,False,3.25,0,2,0,0,3.729375
Refactoring,High,Tech Lead,C++,Medium,1,4,0,2,1,10,True,1,False,3.4375,1,2,1,0,0.52936537
Documentation,Medium,Senior,Java,Critical,5,4,2,10,5,15,False,0,False,4.375,0,3,0,1,1.63670156
Deployment,Medium,Tech Lead,Other,High,13,5,1,26,6,9,False,0,True,2.2,3,2,0,0,5.243535
Client Meeting,Medium,Senior,Java,High,3,5,3,6,4,9,False,2,False,3.1,3,1,0,1,1.49475375
Design Review,High,Junior,Java,High,13,2,2,26,6,18,True,0,True,3.25,0,2,0,0,6.12005625
Refactoring,High,Tech Lead,Other,Medium,7,2,3,14,6,11,False,3,False,1.5,2,0,0,0,4.06925
Deployment,High,Mid,C++,Critical,8,3,3,16,4,12,False,0,False,4.91666667,0,1,2,0,2.81863896
Feature Dev,Medium,Senior,JavaScript,High,5,4,2,10,5,15,True,3,True,3.875,0,3,1,0,2.37584222
Refactoring,Low,Tech Lead,Java,Critical,11,3,3,22,7,10,False,3,True,4.16666667,1,1,0,1,3.73042794
Testing,Medium,Tech Lead,Go,Low,13,2,2,26,4,15,False,1,False,3.625,1,0,1,0,5.489715
Deployment,High,Tech Lead,JavaScript,High,11,3,0,22,8,9,True,2,False,2.66666667,1,2,0,0,4.80501
Client Meeting,High,Senior,JavaScript,Critical,2,3,0,4,8,12,False,0,False,5.0,1,0,1,1,0.611524
Testing,Medium,Junior,Other,Medium,9,4,0,18,7,11,True,0,True,2.375,2,2,0,0,4.0800375
Feature Dev,Medium,Mid,JavaScript,Critical,9,4,2,18,6,11,False,1,True,4.0625,1,1,2,0,3.15305375
Documentation,Medium,Mid,Java,High,6,4,2,12,8,14,False,0,False,3.0,2,1,1,0,2.239245
Deployment,Medium,Senior,Go,Medium,4,2,3,8,4,10,False,1,False,2.375,1,1,0,0,2.1096875
Deployment,Medium,Senior,Java,Critical,5,2,1,10,5,14,True,0,False,1.5,2,0,0,0,1.96684688
Client Meeting,Medium,Senior,C++,Medium,5,4,1,10,1,14,True,3,False,4.125,2,0,1,1,2.11523813
Design Review,High,Mid,Java,Critical,1,4,1,2,7,14,False,3,True,4.0625,1,1,2,0,0.71731973
Design Review,Low,Junior,Other,Critical,9,3,2,18,5,17,False,3,True,2.66666667,1,2,0,0,3.47072
Documentation,Medium,Junior,JavaScript,Medium,7,3,0,14,7,10,False,2,False,2.91666667,2,0,1,0,2.776625
Testing,Low,Mid,Java,Low,6,3,0,12,6,17,False,3,False,4.16666667,1,1,0,1,2.2922075
Bug Fix,Medium,Mid,Go,Medium,5,4,0,10,10,9,False,2,False,4.5625,1,1,1,1,1.764675
Deployment,Medium,Senior,JavaScript,High,3,2,1,6,2,16,True,2,True,1.5,2,0,0,0,1.65150563
Documentation,High,Tech Lead,C++,Medium,9,4,3,18,6,10,False,1,True,3.0,2,1,1,0,4.7540185
Refactoring,Medium,Mid,JavaScript,High,10,5,3,20,10,14,True,0,False,3.45,2,2,0,1,3.70535091
Bug Fix,High,Tech Lead,Java,Low,4,5,0,8,9,15,False,1,True,3.4,1,3,1,0,2.11758954
Client Meeting,Medium,Senior,Java,Critical,8,3,0,16,9,9,False,0,False,1.5,3,0,0,0,2.788
Bug Fix,Medium,Mid,Python,Medium,4,4,3,8,9,11,False,3,False,4.5625,1,1,1,1,1.88499375
Design Review,High,Junior,JavaScript,Critical,10,5,3,20,4,13,False,1,False,3.55,2,1,2,0,3.79594912
Design Review,High,Senior,Other,High,2,4,0,4,9,17,False,0,False,2.8125,1,3,0,0,0.7943625
Testing,Medium,Senior,C++,Low,1,3,1,2,2,9,False,3,True,3.58333333,2,0,0,1,0.89972323
Design Review,High,Tech Lead,C++,Medium,12,2,3,24,10,17,False,1,False,2.375,1,1,0,0,5.9561875
Design Review,Low,Senior,JavaScript,Critical,13,2,1,26,7,12,True,2,True,3.25,0,2,0,0,4.62956484
Testing,Low,Senior,JavaScript,High,9,3,2,18,4,9,False,3,False,1.5,3,0,0,0,3.5424
Documentation,Low,Tech Lead,JavaScript,Low,2,3,3,4,9,11,True,1,True,2.08333333,2,1,0,0,1.60681194
Refactoring,Low,Mid,Java,Medium,2,2,1,4,4,9,False,3,False,3.25,0,2,0,0,1.096875
Code Review,High,Junior,Go,Critical,8,2,1,16,8,14,False,2,False,1.5,2,0,0,0,3.5111375
Deployment,High,Senior,JavaScript,Medium,2,2,0,4,1,12,False,3,False,2.375,1,1,0,0,1.197125
Design Review,Medium,Tech Lead,C++,Critical,6,4,1,12,5,15,False,2,True,3.4375,1,2,1,0,2.31484816
Documentation,High,Junior,Go,Low,9,5,0,18,9,11,False,0,False,4.45,2,0,2,1,3.55656015
Testing,Medium,Tech Lead,Java,Medium,12,2,2,24,4,14,True,1,False,2.375,1,1,0,0,5.357625
Feature Dev,Medium,Mid,Go,Low,6,5,2,12,9,11,True,3,False,4.45,2,0,2,1,2.70607838
Bug Fix,Medium,Mid,C++,Low,13,3,3,26,2,9,False,3,False,2.91666667,2,0,1,0,6.05767021
Feature Dev,High,Senior,JavaScript,Critical,12,3,0,24,4,16,False,3,True,3.5,1,1,1,0,4.88256533
Client Meeting,High,Junior,Go,High,13,3,1,26,5,17,False,3,False,4.16666667,1,1,0,1,4.90207125
Testing,High,Junior,JavaScript,Low,13,4,1,26,3,16,True,0,False,3.5,2,1,0,1,6.22168181
Client Meeting,High,Tech Lead,Python,Critical,13,4,2,26,8,10,False,2,False,3.0,2,1,1,0,5.075622
Documentation,Medium,Mid,JavaScript,Critical,11,2,2,22,1,9,False,0,False,3.625,1,0,1,0,3.56029406
Bug Fix,Medium,Junior,Other,Medium,2,2,2,4,9,9,False,2,False,3.625,1,0,1,0,1.15854375
Code Review,Low,Senior,Java,Low,12,2,1,24,6,15,False,2,False,1.5,2,0,0,0,5.265425
Client Meeting,Medium,Mid,JavaScript,Critical,5,4,2,10,5,16,True,3,False,3.4375,1,2,1,0,2.08910264
Design Review,Medium,Tech Lead,Go,High,10,5,3,20,2,15,False,1,False,3.05,2,2,1,0,3.76361213
Testing,High,Junior,Other,Medium,6,5,2,12,7,18,True,0,False,3.55,2,1,2,0,2.78615295
Client Meeting,Medium,Senior,Other,High,9,5,3,18,6,9,False,3,True,3.05,2,2,1,0,3.95799649
Feature Dev,Medium,Senior,Python,Low,5,4,3,10,5,18,True,2,False,2.5625,3,0,1,0,2.88542641
Deployment,Medium,Junior,Java,Medium,1,2,1,2,1,9,False,1,False,2.375,1,1,0,0,0.6378125
Design Review,Medium,Senior,Python,Low,11,3,3,22,1,11,False,1,False,2.08333333,2,1,0,0,5.4223125
Design Review,Low,Junior,C++,Low,6,3,3,12,7,14,False,1,False,3.58333333,2,0,0,1,2.60775396
Bug Fix,Low,Mid,Python,Medium,12,2,1,24,2,9,True,2,True,1.5,2,0,0,0,5.52869625
Documentation,High,Junior,C++,Low,8,5,2,16,2,11,False,0,False,4.25,0,3,2,0,3.6523465
Refactoring,High,Junior,JavaScript,Critical,3,4,2,6,3,14,False,3,False,4.0625,1,1,2,0,1.41887419
Bug Fix,High,Tech Lead,JavaScript,High,5,5,1,10,4,10,False,3,False,4.3,1,2,1,1,2.015145
Bug Fix,Medium,Mid,Java,Low,13,2,3,26,6,14,True,2,True,1.5,2,0,0,0,7.61823563
Code Review,Medium,Junior,Python,Low,2,4,1,4,6,16,True,2,False,3.0,2,1,1,0,1.22398238
Client Meeting,Medium,Mid,C++,Critical,1,3,3,2,3,10,True,1,False,1.5,3,0,0,0,0.86907188
Code Review,Low,Mid,Java,Medium,5,2,1,10,5,9,False,1,False,2.375,1,1,0,0,2.0115625
Client Meeting,High,Tech Lead,Other,Medium,13,5,3,26,2,14,False,3,False,4.8,1,1,2,1,5.151142
Deployment,Medium,Tech Lead,Other,Medium,7,5,3,14,3,9,False,2,False,2.7,3,1,1,0,3.2293725
Code Review,Medium,Senior,Java,Critical,12,4,0,24,2,16,False,1,False,2.5625,3,0,1,0,3.92642359
Feature Dev,High,Tech Lead,JavaScript,Critical,9,2,3,18,2,18,True,1,False,3.625,1,0,1,0,3.73035492
Deployment,Medium,Senior,Java,Low,1,3,2,2,8,18,False,2,False,4.33333333,1,0,2,0,0.82203
Documentation,Medium,Senior,Python,High,4,3,2,8,4,12,False,2,False,2.08333333,2,1,0,0,1.882125
Deployment,Medium,Senior,JavaScript,Critical,12,2,3,24,2,12,False,3,True,1.5,2,0,0,0,5.31898125
Deployment,Medium,Tech Lead,Go,Low,13,2,1,26,9,15,False,1,False,2.375,1,1,0,0,5.88259375
Deployment,Low,Tech Lead,Go,Low,2,2,2,4,8,12,True,3,False,1.5,2,0,0,0,1.562715
Deployment,Medium,Mid,Other,Medium,9,3,1,18,10,11,False,2,False,4.91666667,0,1,2,0,3.17152083
Documentation,Medium,Tech Lead,Go,High,2,3,1,4,8,9,False,3,True,3.25,0,3,0,0,1.16015625
Refactoring,High,Tech Lead,Go,Medium,4,3,0,8,7,10,True,3,False,2.08333333,2,1,0,0,2.2376375
Client Meeting,Low,Junior,Java,Critical,2,5,0,4,5,12,False,0,False,2.2,3,2,0,0,0.60588
Client Meeting,High,Junior,JavaScript,Medium,8,4,1,16,3,13,True,1,False,5.1875,1,0,2,1,3.12169725
Design Review,Medium,Tech Lead,C++,High,2,5,3,4,9,9,True,1,False,3.75,0,4,1,0,1.12919822
Deployment,Medium,Tech Lead,Java,Medium,3,3,2,6,2,17,True,2,False,6.41666667,0,0,2,1,1.3503525
Client Meeting,High,Junior,Other,Critical,5,4,0,10,4,12,False,0,False,4.125,2,0,1,1,1.60749875
Testing,High,Junior,C++,High,7,3,3,14,5,11,False,3,False,3.58333333,2,0,0,1,3.12563063
Feature Dev,High,Tech Lead,Other,Critical,7,5,1,14,1,12,True,2,False,3.9,1,2,2,0,2.71052161
Code Review,High,Tech Lead,JavaScript,Medium,3,5,1,6,8,18,True,0,False,3.55,2,1,2,0,1.39307648
Refactoring,Low,Junior,Other,Low,5,3,3,10,1,18,False,0,False,2.08333333,2,1,0,0,2.4646875
Code Review,High,Senior,JavaScript,Critical,4,2,1,8,8,9,False,1,False,3.625,1,0,1,0,1.58319459
Design Review,Low,Junior,C++,High,7,5,2,14,9,16,True,3,True,1.85,4,1,0,0,3.2675643
Bug Fix,Medium,Senior,C++,Low,6,2,2,12,4,10,True,1,True,2.375,1,1,0,0,3.49069875
Design Review,Low,Mid,Java,High,11,4,0,22,1,12,False,0,False,1.9375,3,1,0,0,3.5751375
Testing,High,Mid,Python,Low,4,3,1,8,1,14,False,3,False,4.75,0,2,0,1,2.06400563
Client Meeting,Medium,Tech Lead,C++,Medium,1,4,2,2,9,10,False,0,False,3.0625,3,0,0,1,0.62967188
Bug Fix,Medium,Junior,Go,Low,1,2,1,2,9,13,False,2,False,1.5,2,0,0,0,0.845625
Design Review,Medium,Junior,JavaScript,Critical,8,3,2,16,8,18,False,1,True,2.08333333,2,1,0,0,3.351975
Bug Fix,Low,Tech Lead,Other,Low,6,2,3,12,6,13,False,3,True,1.5,2,0,0,0,3.6091275
Feature Dev,Low,Junior,Go,High,9,4,0,18,10,16,True,1,True,2.375,2,2,0,0,3.40683131
Deployment,Low,Senior,C++,High,11,3,2,22,6,15,False,0,True,2.66666667,1,2,0,0,4.07682
Bug Fix,High,Mid,Java,Medium,13,3,1,26,5,14,False,0,True,2.08333333,2,1,0,0,6.71490417
Testing,High,Junior,Java,Critical,9,5,1,18,3,18,False,2,True,3.55,2,1,2,0,3.64042577
Testing,High,Mid,Python,Low,5,3,2,10,7,10,True,0,False,4.16666667,1,1,0,1,2.54379125
Feature Dev,High,Senior,Other,High,8,3,2,16,1,16,False,0,False,2.66666667,1,2,0,0,3.4626
Bug Fix,High,Junior,Other,Critical,4,2,1,8,1,11,False,2,True,1.5,2,0,0,0,2.09884125
Code Review,Medium,Mid,Go,Low,10,3,1,20,1,16,True,3,True,4.33333333,1,0,2,0,4.69447633
Refactoring,Medium,Senior,Go,Low,2,5,2,4,1,17,False,0,False,3.05,2,2,1,0,1.11208075
Client Meeting,Medium,Junior,Go,Critical,1,2,2,2,3,13,False,2,False,2.375,1,1,0,0,0.75065625
Feature Dev,High,Junior,Python,High,6,2,3,12,5,11,False,2,False,1.5,2,0,0,0,3.145725
Testing,Medium,Mid,Java,Medium,9,3,2,18,6,11,False,0,False,2.91666667,2,0,1,0,3.6096125
Client Meeting,Medium,Junior,Other,High,9,2,2,18,7,14,False,0,True,3.25,0,2,0,0,3.6196875
Documentation,Low,Mid,Java,Critical,9,3,3,18,5,12,False,3,True,3.58333333,2,0,0,1,3.26354153
Bug Fix,High,Tech Lead,Go,Medium,6,2,1,12,7,11,False,0,False,2.375,1,1,0,0,2.8554375
Feature Dev,Low,Senior,Other,Medium,1,5,2,2,2,15,False,3,False,2.2,3,2,0,0,0.9504
Refactoring,Medium,Mid,Other,Low,12,3,0,24,5,13,True,0,False,2.66666667,1,2,0,0,5.3592
Client Meeting,Medium,Tech Lead,Go,Low,8,2,1,16,1,15,False,2,False,5.75,0,0,2,0,3.120095
Code Review,Medium,Mid,JavaScript,Low,13,3,1,26,5,18,False,2,False,3.5,1,1,1,0,5.47771125
Documentation,Low,Tech Lead,C++,Critical,8,2,0,16,1,18,False,1,False,1.5,2,0,0,0,2.596325
Client Meeting,Medium,Mid,JavaScript,High,9,4,1,18,2,16,True,2,False,2.5625,3,0,1,0,3.51893341
Deployment,Low,Tech Lead,Python,Critical,10,4,0,20,7,12,False,0,False,3.5,2,1,0,1,2.688975
Design Review,High,Senior,Other,Medium,2,4,0,4,8,10,False,3,False,5.625,0,1,2,1,0.92293
Refactoring,Medium,Junior,Go,Medium,2,3,0,4,6,18,False,0,True,2.08333333,2,1,0,0,0.87633333
Client Meeting,High,Tech Lead,Python,Low,2,2,1,4,10,9,False,2,False,5.75,0,0,2,0,1.116203
Design Review,Medium,Junior,Other,Medium,10,5,0,20,7,13,True,0,False,2.55,2,3,0,0,4.0845
Design Review,High,Tech Lead,Other,Medium,9,4,1,18,8,9,False,3,False,5.1875,1,0,2,1,3.472335
Client Meeting,Medium,Mid,Go,Low,4,2,0,8,8,10,True,1,False,2.375,1,1,0,0,1.92668438
Documentation,High,Mid,Go,Critical,13,5,3,26,6,16,False,0,False,4.3,1,2,1,1,4.4500101
Deployment,Low,Tech Lead,Python,Medium,8,2,3,16,6,13,False,2,False,3.25,0,2,0,0,3.309375
Testing,Medium,Junior,Java,Low,5,2,0,10,9,16,True,3,True,3.25,0,2,0,0,2.73951563
Client Meeting,Low,Tech Lead,JavaScript,Critical,12,2,1,24,9,9,False,3,True,2.375,1,1,0,0,4.37632594
Documentation,Medium,Senior,Go,Low,7,2,1,14,2,17,True,3,False,3.625,1,0,1,0,3.34529508
Code Review,Medium,Mid,Other,Critical,6,5,3,12,10,14,True,0,False,2.9,1,4,0,0,2.42916188
Feature Dev,Low,Mid,JavaScript,High,5,4,2,10,4,17,True,0,True,1.9375,3,1,0,0,2.18977172
Deployment,Medium,Senior,Java,Low,2,3,3,4,1,14,False,3,True,4.16666667,1,1,0,1,1.58870479
Deployment,Medium,Mid,Other,Low,1,3,3,2,1,10,True,3,False,4.91666667,0,1,2,0,1.06647406
Code Review,Medium,Junior,Python,High,5,5,1,10,8,13,False,1,False,3.8,1,3,0,1,1.7506125
Code Review,Medium,Tech Lead,Go,Medium,5,4,3,10,5,17,True,2,False,4.5625,1,1,1,1,2.23191281
Bug Fix,Medium,Senior,C++,Low,7,3,0,14,5,13,True,3,False,5.0,1,0,1,1,2.799951
Refactoring,Medium,Junior,Java,Low,12,2,3,24,7,12,False,0,True,4.5,0,1,1,0,5.39168438
Code Review,High,Senior,Go,Low,7,4,3,14,5,18,False,2,False,5.625,0,1,2,1,3.2204205
Client Meeting,High,Tech Lead,C++,Critical,3,4,3,6,4,11,True,1,False,4.0625,1,1,2,0,1.45219623
Design Review,High,Junior,Java,Critical,13,2,2,26,9,15,False,3,False,2.375,1,1,0,0,5.48813125
Documentation,High,Senior,Go,Critical,2,4,1,4,1,14,False,0,False,3.5,2,1,0,1,0.79922312
Client Meeting,Low,Senior,Python,Critical,7,3,3,14,2,11,True,3,True,3.58333333,2,0,0,1,2.80836337
Testing,Medium,Junior,JavaScript,High,3,3,3,6,4,9,True,2,False,4.33333333,1,0,2,0,1.45163025
Code Review,High,Mid,Java,Medium,1,4,0,2,5,13,True,3,False,3.625,2,0,2,0,0.68917275
Bug Fix,Medium,Tech Lead,JavaScript,Critical,7,5,0,14,4,9,True,2,False,5.15,0,2,2,1,2.02552875
Bug Fix,Low,Senior,Other,Medium,13,5,2,26,6,9,False,3,False,3.45,2,2,0,1,4.65234
Client Meeting,Medium,Mid,Other,High,8,4,1,16,6,17,True,1,True,3.9375,1,2,0,1,3.07691188
Testing,Medium,Mid,C++,High,12,3,0,24,8,10,False,0,False,5.58333333,0,1,1,1,3.37824
Design Review,High,Tech Lead,Java,High,6,2,0,12,1,11,False,0,True,1.5,2,0,0,0,2.80071
Design Review,Medium,Mid,JavaScript,Medium,4,3,0,8,9,15,False,0,False,5.58333333,0,1,1,1,1.2512
Code Review,High,Senior,JavaScript,Critical,3,3,2,6,10,15,False,0,True,3.5,1,1,1,0,1.4094003
Documentation,Low,Junior,Go,Critical,9,5,3,18,5,12,True,3,False,3.45,2,2,0,1,3.13775221
Design Review,High,Senior,C++,Critical,12,5,1,24,2,18,True,2,True,3.05,2,2,1,0,5.29651204
Feature Dev,Low,Mid,Java,Medium,8,2,2,16,6,9,False,2,False,1.5,2,0,0,0,3.4645
Deployment,Low,Mid,Java,High,13,3,2,26,4,12,True,1,True,2.66666667,1,2,0,0,5.104638
Documentation,Medium,Tech Lead,Python,High,13,2,2,26,9,12,True,2,False,3.625,1,0,1,0,4.80038147
Design Review,High,Tech Lead,Go,Critical,3,2,0,6,5,15,False,0,False,1.5,2,0,0,0,1.202325
Testing,High,Junior,Java,Low,8,2,2,16,8,15,False,3,False,2.375,1,1,0,0,4.619725
Feature Dev,High,Junior,C++,High,9,3,3,18,5,11,True,0,False,2.91666667,2,0,1,0,4.01458326
Bug Fix,High,Mid,JavaScript,Critical,2,2,3,4,6,16,False,3,False,3.625,1,0,1,0,1.26504066
Refactoring,High,Mid,C++,Critical,2,5,1,4,5,18,False,2,False,4.8,1,1,2,1,0.8262493
Bug Fix,High,Mid,Java,Low,1,3,2,2,8,14,False,1,True,2.08333333,2,1,0,0,1.03626417
Design Review,High,Junior,Python,Medium,2,4,2,4,1,15,False,0,False,2.8125,1,3,0,0,1.1704375
Client Meeting,High,Junior,Python,Critical,7,2,0,14,7,9,False,1,False,5.75,0,0,2,0,2.254778
Feature Dev,High,Tech Lead,Go,High,2,4,3,4,8,12,False,2,False,3.5,2,1,0,1,1.24167375
Documentation,High,Tech Lead,C++,High,5,3,2,10,2,12,True,3,False,2.66666667,1,2,0,0,2.64915
Refactoring,Low,Senior,Python,High,5,2,2,10,1,13,False,0,False,3.25,0,2,0,0,1.771875
Documentation,High,Senior,Other,Low,9,2,2,18,9,16,True,3,False,3.25,0,2,0,0,5.13253125
Documentation,High,Senior,Java,High,3,5,1,6,5,10,False,0,False,4.8,1,1,2,1,1.0539558
Testing,Medium,Senior,Java,High,1,2,2,2,6,11,False,1,False,2.375,1,1,0,0,0.7065
Code Review,Medium,Tech Lead,Go,High,7,5,3,14,9,10,True,0,False,2.35,4,0,1,0,2.92697803
Code Review,Low,Mid,C++,High,2,2,0,4,9,11,True,3,False,2.375,1,1,0,0,0.94582688
Deployment,Low,Junior,Python,Low,8,2,0,16,6,13,True,2,False,2.375,1,1,0,0,3.49069875
Feature Dev,Medium,Tech Lead,C++,Medium,4,3,3,8,6,16,False,2,False,3.5,1,1,1,0,2.0188125
Documentation,High,Junior,Other,Critical,7,4,3,14,6,11,False,3,False,3.0,2,1,1,0,3.10960175
Testing,Medium,Tech Lead,Python,Critical,2,4,1,4,5,18,True,3,False,3.0,2,1,1,0,1.02804844
Bug Fix,Medium,Junior,C++,Low,8,5,0,16,3,15,False,0,False,2.2,3,2,0,0,3.4848
Documentation,Low,Mid,C++,Low,12,3,1,24,8,10,False,1,False,1.5,3,0,0,0,5.152675
Client Meeting,Medium,Tech Lead,Python,High,3,2,0,6,3,15,False,2,False,1.5,2,0,0,0,1.2915
Testing,Medium,Tech Lead,Other,Low,3,4,1,6,3,18,True,3,False,1.9375,3,1,0,0,1.91170547
Documentation,High,Senior,JavaScript,High,11,4,0,22,6,9,False,2,False,4.5,0,2,2,0,3.893715
Client Meeting,Medium,Junior,Java,Critical,3,5,0,6,7,17,True,2,False,3.2,3,0,2,0,1.1040582
Code Review,High,Senior,Go,High,9,3,3,18,2,15,False,0,False,3.5,1,1,1,0,3.70653975
Refactoring,High,Mid,JavaScript,Critical,8,5,2,16,9,9,False,2,True,3.05,2,2,1,0,3.59202082
Refactoring,Medium,Senior,Python,Medium,2,3,1,4,8,12,False,2,True,2.08333333,2,1,0,0,1.25972917
Refactoring,Medium,Junior,Python,Low,3,3,0,6,7,16,False,0,False,3.5,1,1,1,0,1.18437
Client Meeting,Medium,Junior,JavaScript,High,9,3,2,18,4,10,False,1,True,4.33333333,1,0,2,0,3.28812
Code Review,High,Senior,Go,High,1,2,0,2,9,12,True,1,False,1.5,2,0,0,0,0.54243
Documentation,High,Senior,Python,Medium,5,2,1,10,1,15,False,1,True,4.5,0,1,1,0,2.38074375
Deployment,Medium,Tech Lead,Python,Critical,12,2,0,24,3,18,False,1,True,3.625,1,0,1,0,4.08297553
Bug Fix,Low,Mid,Other,Medium,7,2,3,14,4,16,True,3,False,2.375,1,1,0,0,3.36912188
Refactoring,High,Mid,Python,High,7,2,0,14,3,14,True,0,False,3.625,1,0,1,0,2.71179444
Design Review,Medium,Mid,Python,High,2,5,1,4,1,18,False,1,False,3.05,2,2,1,0,0.86852588
Code Review,High,Senior,Go,Low,2,3,3,4,10,11,False,2,True,4.16666667,1,1,0,1,1.60920421
Client Meeting,Medium,Senior,JavaScript,Critical,10,4,1,20,5,17,False,2,True,4.125,2,0,1,1,3.34429631
Refactoring,Medium,Tech Lead,C++,Low,9,3,1,18,3,11,False,3,False,3.58333333,2,0,0,1,3.89719688
Refactoring,Medium,Mid,Other,High,4,4,3,8,2,14,False,3,False,4.5,0,2,2,0,1.7395875
Documentation,Low,Junior,Go,Low,4,4,2,8,4,18,False,1,False,2.375,2,2,0,0,1.98605
Feature Dev,Low,Mid,Java,Low,10,2,2,20,3,9,True,0,False,2.375,1,1,0,0,4.42004063
Client Meeting,High,Senior,Java,Low,13,3,0,26,9,14,False,2,False,3.5,1,1,1,0,6.0995055
Bug Fix,High,Tech Lead,C++,Low,2,2,1,4,1,9,True,0,False,3.625,1,0,1,0,1.10137407
Refactoring,Low,Junior,Go,Medium,2,4,2,4,6,14,True,3,True,3.5,2,1,0,1,1.33974225
Code Review,Medium,Junior,Python,Low,11,2,2,22,2,10,False,2,False,2.375,1,1,0,0,5.2889375
Client Meeting,Medium,Tech Lead,Java,Low,4,3,2,8,1,18,True,1,False,3.5,1,1,1,0,2.0726475
Feature Dev,Medium,Mid,Python,Low,1,3,1,2,3,9,True,2,False,1.5,3,0,0,0,0.88790625
Refactoring,Low,Tech Lead,JavaScript,Medium,3,2,0,6,6,15,True,1,False,1.5,2,0,0,0,1.269975
Feature Dev,Low,Mid,Other,Critical,3,3,2,6,5,13,True,1,False,2.66666667,1,2,0,0,1.27687
Code Review,Low,Junior,Java,Critical,2,2,3,4,1,15,True,3,True,2.375,1,1,0,0,1.41611302
Bug Fix,Low,Tech Lead,Java,Critical,3,2,1,6,7,10,False,3,False,2.375,1,1,0,0,1.27611563
Feature Dev,Medium,Mid,Other,Low,11,5,3,22,5,13,False,1,False,2.7,3,1,1,0,5.09679225
Refactoring,Medium,Junior,C++,Low,8,4,2,16,6,13,False,0,False,4.5625,1,1,1,1,3.08818125
Bug Fix,Medium,Tech Lead,Other,Critical,4,3,1,8,8,17,False,3,False,2.91666667,2,0,1,0,1.61275635
Deployment,Medium,Senior,Python,Critical,12,4,3,24,1,9,True,2,False,2.375,2,2,0,0,4.77292266
Testing,Medium,Senior,Python,Medium,9,5,1,18,2,17,False,3,False,3.05,2,2,1,0,3.72225375
Feature Dev,Low,Senior,Java,Medium,2,4,0,4,5,18,False,2,False,2.375,2,2,0,0,0.90275
Documentation,Low,Senior,Java,Critical,4,2,1,8,4,17,False,3,True,1.5,2,0,0,0,1.81132875
Client Meeting,Low,Junior,Other,High,1,3,0,2,2,10,False,3,True,4.16666667,1,1,0,1,0.55348425
Code Review,High,Junior,C++,Medium,10,5,0,20,7,15,False,1,True,2.55,2,3,0,0,5.027825
Feature Dev,Medium,Senior,C++,Low,13,3,3,26,6,17,True,0,True,1.5,3,0,0,0,7.35778313
Bug Fix,Low,Senior,Other,Critical,9,5,1,18,3,18,False,2,True,2.55,2,3,0,0,3.26434213
Refactoring,Low,Senior,Java,Critical,11,4,2,22,8,10,True,3,True,1.9375,3,1,0,0,4.49076994
Refactoring,Medium,Junior,Go,Critical,3,2,3,6,2,12,True,3,False,3.25,0,2,0,0,1.63160156
Code Review,Low,Junior,Python,Medium,2,4,1,4,10,13,False,0,True,1.9375,3,1,0,0,0.95999063
Testing,High,Mid,Go,Critical,10,2,0,20,3,11,True,1,False,2.375,1,1,0,0,4.11609844
Code Review,Low,Junior,C++,High,8,5,0,16,7,12,True,1,False,3.1,3,1,0,1,2.52815378
Feature Dev,Medium,Senior,JavaScript,Low,1,3,3,2,5,18,False,2,True,4.75,0,2,0,1,1.04101594
Design Review,Low,Senior,Other,Low,2,4,2,4,8,18,False,3,True,4.375,0,3,0,1,1.33715588
Feature Dev,Medium,Junior,Python,Critical,2,4,1,4,3,16,False,1,False,4.0625,1,1,2,0,0.75243328
Design Review,Low,Junior,C++,Low,4,4,2,8,2,10,False,1,False,3.0625,3,0,0,1,1.82065125
Deployment,Medium,Junior,JavaScript,Critical,13,2,3,26,6,11,False,3,False,3.625,1,0,1,0,4.50718078
Client Meeting,Low,Tech Lead,JavaScript,High,9,4,0,18,9,18,True,3,False,3.5,2,1,0,1,2.93968238
Feature Dev,Medium,Mid,C++,Medium,9,2,3,18,4,17,True,2,False,2.375,1,1,0,0,4.37882813
Bug Fix,High,Senior,Java,Low,8,4,1,16,10,9,False,0,False,3.4375,1,2,1,0,3.79288491
Design Review,Medium,Senior,Other,Medium,11,3,3,22,10,10,False,1,False,3.5,1,1,1,0,4.4413875
Client Meeting,High,Mid,JavaScript,Critical,4,3,0,8,6,15,True,0,False,2.91666667,2,0,1,0,1.51992452
Code Review,High,Tech Lead,JavaScript,Critical,8,5,2,16,2,15,False,1,False,3.05,2,2,1,0,3.1873521
Design Review,Medium,Mid,C++,Low,1,3,2,2,10,13,True,2,False,2.66666667,1,2,0,0,1.00485
Client Meeting,Medium,Junior,C++,High,3,5,1,6,8,17,False,2,False,2.35,4,0,1,0,1.32946988
Code Review,High,Junior,JavaScript,Low,3,2,3,6,3,18,True,3,False,2.375,1,1,0,0,2.41402219
Client Meeting,Medium,Tech Lead,C++,High,3,3,0,6,1,17,True,1,False,4.75,0,2,0,1,1.00660219
Testing,Medium,Mid,Go,High,4,5,2,8,9,15,False,2,True,3.05,2,2,1,0,1.91075693
Client Meeting,High,Tech Lead,Python,Medium,8,5,0,16,5,14,True,2,True,4.8,1,1,2,1,3.43006356
Design Review,Medium,Mid,Other,Critical,7,4,3,14,8,10,True,2,False,4.125,2,0,1,1,2.53181053
Documentation,Low,Mid,Other,Low,7,5,3,14,4,12,False,3,False,2.55,2,3,0,0,3.4980825
Design Review,Low,Junior,Python,Medium,1,3,3,2,10,13,True,3,False,2.08333333,2,1,0,0,1.16064375
Feature Dev,High,Senior,Python,Critical,13,2,1,26,5,9,True,2,True,2.375,1,1,0,0,6.09795605
Code Review,High,Junior,Python,High,12,3,2,24,7,17,False,1,False,3.58333333,2,0,0,1,4.66089
Client Meeting,Low,Junior,Go,High,4,4,0,8,8,16,False,0,True,1.9375,3,1,0,0,1.430055
Testing,High,Tech Lead,Other,Medium,7,3,0,14,5,9,True,1,False,3.5,1,1,1,0,3.1278135
Bug Fix,High,Junior,Python,Medium,11,4,0,22,1,12,False,0,False,3.4375,1,2,1,0,4.55542312
Bug Fix,Medium,Junior,Other,High,3,3,3,6,6,15,True,3,False,2.08333333,2,1,0,0,1.83507188
Documentation,Medium,Mid,Other,Low,10,2,1,20,5,18,False,0,False,4.5,0,1,1,0,3.87454375
Design Review,Low,Senior,C++,Low,2,4,0,4,8,10,False,1,True,3.5,2,1,0,1,0.87189575
Bug Fix,High,Senior,Java,Low,3,2,2,6,6,12,False,1,False,1.5,2,0,0,0,2.00695
Testing,Medium,Mid,Other,Medium,1,3,1,2,6,18,True,0,False,2.08333333,2,1,0,0,0.57509375
Code Review,Low,Mid,Python,Critical,5,4,0,10,7,16,False,2,False,1.9375,3,1,0,0,1.7053125
Design Review,Low,Junior,C++,Critical,7,5,3,14,4,14,True,1,False,2.55,2,3,0,0,2.66462569
Testing,High,Senior,Other,Low,7,3,2,14,1,9,False,1,False,3.5,1,1,1,0,3.5728495
Documentation,High,Senior,JavaScript,Low,3,3,1,6,8,15,False,2,True,2.08333333,2,1,0,0,2.08457792
Bug Fix,Medium,Junior,Other,High,4,5,2,8,4,18,False,2,False,2.35,4,0,1,0,1.80121725
Feature Dev,Medium,Senior,Other,High,1,2,1,2,1,17,False,0,False,2.375,1,1,0,0,0.5
Client Meeting,Medium,Tech Lead,JavaScript,High,10,2,1,20,9,11,True,1,False,3.625,1,0,1,0,3.5792318
Design Review,Medium,Senior,Go,Critical,6,5,0,12,9,15,True,0,False,3.95,2,1,1,1,1.7785026
Refactoring,High,Senior,C++,Medium,6,5,2,12,7,14,False,3,True,3.55,2,1,2,0,3.2049864
Design Review,High,Tech Lead,JavaScript,High,11,2,0,22,5,10,True,1,False,3.625,1,0,1,0,4.34560849
Deployment,Medium,Junior,Go,Critical,11,4,0,22,7,11,True,3,False,2.8125,1,3,0,0,4.02433828
Bug Fix,High,Senior,Go,High,1,3,1,2,5,11,True,1,False,4.08333333,0,2,1,0,0.58302759
Code Review,Low,Mid,C++,Medium,12,4,3,24,5,12,False,3,False,3.9375,1,2,0,1,4.34990156
Refactoring,High,Mid,Java,High,5,5,3,10,10,9,True,0,False,3.95,2,1,1,1,2.15774213
Testing,Medium,Senior,Java,Medium,8,3,3,16,4,10,True,1,False,4.75,0,2,0,1,3.22628906
Design Review,Low,Senior,C++,Critical,12,3,0,24,9,16,False,1,False,2.66666667,1,2,0,0,3.63176667
Client Meeting,High,Senior,Other,Critical,6,5,3,12,10,16,False,2,True,2.55,2,3,0,0,3.10067038
Design Review,High,Tech Lead,JavaScript,Medium,7,5,1,14,7,17,False,1,False,2.9,1,4,0,0,3.31385
Testing,Medium,Mid,JavaScript,Low,6,5,3,12,8,12,True,0,False,1.85,4,1,0,0,3.31643813
Code Review,Medium,Senior,JavaScript,Low,7,4,2,14,3,16,True,0,False,2.5625,3,0,1,0,3.37540448
Client Meeting,Medium,Senior,Other,Critical,9,5,2,18,5,16,False,2,False,3.95,2,1,1,1,2.8935955
Code Review,Medium,Tech Lead,C++,Medium,11,4,0,22,8,14,True,1,False,5.1875,1,0,2,1,3.5744625
Design Review,Medium,Senior,Java,Medium,11,5,2,22,9,17,False,2,False,2.35,4,0,1,0,4.6698225
Client Meeting,Medium,Junior,Go,Medium,10,2,1,20,10,11,False,2,False,1.5,2,0,0,0,4.45875
Testing,High,Mid,Python,Low,13,4,0,26,7,14,False,3,False,3.9375,1,2,0,1,5.92684812
Testing,Low,Mid,Python,Low,12,5,0,24,7,10,False,3,False,2.2,3,2,0,0,5.03118
Refactoring,Medium,Senior,Other,High,12,4,0,24,3,11,True,3,False,5.1875,1,0,2,1,3.64595175
Documentation,Medium,Tech Lead,C++,High,13,3,1,26,2,18,False,0,True,4.91666667,0,1,2,0,4.25264812
Testing,High,Mid,Other,High,3,5,1,6,9,12,False,0,False,4.8,1,1,2,1,1.0539558
Feature Dev,High,Senior,JavaScript,Medium,6,2,0,12,1,16,False,0,False,1.5,2,0,0,0,2.829
Testing,Medium,Junior,Other,Low,5,4,0,10,1,16,True,0,False,2.375,2,2,0,0,2.2666875
Refactoring,Medium,Tech Lead,Other,Low,11,5,2,22,1,9,True,3,False,4.45,2,0,2,1,4.51013063
Deployment,High,Senior,Python,Medium,6,3,0,12,2,13,False,2,False,2.08333333,2,1,0,0,2.94766667
Refactoring,High,Senior,C++,Medium,3,4,2,6,10,15,True,3,False,2.8125,1,3,0,0,1.99454063
Feature Dev,High,Mid,C++,High,2,3,0,4,8,13,False,3,True,4.75,0,2,0,1,0.98964113
Design Review,High,Senior,C++,High,2,4,1,4,7,17,True,3,True,3.0,2,1,1,0,1.31232197
Testing,High,Senior,Python,Medium,4,4,0,8,1,10,True,3,False,4.5,0,2,2,0,1.8481575
Bug Fix,Medium,Mid,Go,Medium,1,2,3,2,7,11,False,1,True,2.375,1,1,0,0,1.02540625
Refactoring,Low,Mid,JavaScript,High,13,3,3,26,1,9,True,0,False,2.08333333,2,1,0,0,4.82765063
Refactoring,High,Junior,JavaScript,Critical,9,3,3,18,4,15,False,0,True,3.5,1,1,1,0,3.85068296
Code Review,High,Mid,JavaScript,Low,4,5,2,8,10,11,False,2,False,3.05,2,2,1,0,2.36569905
Refactoring,Low,Mid,Java,Critical,1,3,0,2,6,10,False,2,False,3.58333333,2,0,0,1,0.5
Code Review,Low,Tech Lead,Java,Critical,9,4,0,18,2,17,False,2,True,3.0625,3,0,0,1,2.89325231
Refactoring,Medium,Junior,Python,High,9,2,1,18,2,12,True,2,False,3.625,1,0,1,0,3.32658014
Feature Dev,Medium,Junior,Python,Medium,7,3,1,14,4,12,True,2,False,2.08333333,2,1,0,0,3.29371875
Refactoring,Low,Mid,Go,High,8,2,3,16,2,13,False,1,False,1.5,2,0,0,0,3.164175
Client Meeting,Low,Tech Lead,Java,High,8,4,3,16,2,16,True,1,False,2.375,2,2,0,0,3.18057469
Code Review,Medium,Senior,C++,High,12,5,1,24,6,13,False,2,False,3.95,2,1,1,1,3.8484405
Deployment,Low,Mid,Python,High,2,2,1,4,5,16,False,2,False,1.5,2,0,0,0,0.987075
Testing,High,Mid,Go,Low,10,5,0,20,8,16,True,2,True,3.55,2,1,2,0,5.28822756
Documentation,High,Senior,Python,High,8,4,0,16,4,11,True,0,True,2.375,2,2,0,0,3.7536345
Bug Fix,Medium,Mid,Java,Low,11,2,3,22,6,16,False,3,False,3.625,1,0,1,0,5.04857719
Documentation,Medium,Mid,C++,Medium,4,4,2,8,8,12,False,1,False,2.5625,3,0,1,0,1.8854375
Documentation,Medium,Senior,Other,Medium,4,3,0,8,10,15,True,0,False,4.91666667,0,1,2,0,1.3489
Testing,High,Junior,Go,Medium,6,3,2,12,6,16,True,1,False,4.08333333,0,2,1,0,2.88320375
Documentation,Medium,Tech Lead,Java,Low,7,5,2,14,9,11,True,3,False,4.25,0,3,2,0,3.27609975
Bug Fix,High,Senior,JavaScript,Medium,4,3,2,8,6,18,True,3,False,3.58333333,2,0,0,1,2.24121625
Code Review,High,Mid,C++,High,6,2,3,12,5,11,False,0,False,2.375,1,1,0,0,2.83483125
Client Meeting,High,Junior,JavaScript,Critical,10,5,1,20,6,11,False,2,False,3.95,2,1,1,1,3.49348725
Testing,Medium,Mid,C++,Critical,2,2,3,4,3,17,False,3,True,4.5,0,1,1,0,1.23005094
Deployment,Medium,Tech Lead,Python,Low,7,3,0,14,4,13,False,1,False,3.58333333,2,0,0,1,2.79058542
Deployment,High,Mid,C++,Medium,4,2,3,8,7,14,True,0,False,3.625,1,0,1,0,2.14286034
Testing,Low,Mid,Go,High,12,4,2,24,9,13,True,0,False,3.5,2,1,0,1,3.83653463
Design Review,Low,Junior,Go,High,3,3,2,6,4,10,False,0,False,2.66666667,1,2,0,0,1.2006
Deployment,Medium,Tech Lead,Go,Medium,7,2,3,14,8,11,False,0,False,3.25,0,2,0,0,3.046875
Design Review,High,Mid,Java,Medium,1,5,2,2,2,14,False,3,False,2.55,2,3,0,0,1.03085
Design Review,High,Senior,Other,Low,11,2,1,22,2,13,False,3,False,4.5,0,1,1,0,5.14427375
Deployment,High,Mid,Other,Critical,1,2,0,2,4,13,False,2,False,1.5,2,0,0,0,0.575025
Documentation,High,Mid,Go,Critical,2,5,1,4,1,16,True,1,True,4.25,0,3,2,0,0.95825918
Code Review,Low,Junior,Go,Medium,10,3,2,20,4,10,False,1,False,2.08333333,2,1,0,0,3.98333333
Deployment,Medium,Junior,Java,Low,8,4,1,16,3,11,False,3,False,3.0,2,1,1,0,3.6998225
Feature Dev,Medium,Mid,Other,Medium,10,3,1,20,2,9,True,2,False,2.66666667,1,2,0,0,4.41525
Testing,High,Tech Lead,Python,Medium,5,5,2,10,10,10,True,2,False,2.9,1,4,0,0,2.8077
Design Review,Medium,Junior,Go,High,13,5,3,26,8,14,True,1,False,3.05,2,2,1,0,4.99402378
Code Review,Medium,Junior,Java,Medium,12,3,0,24,10,17,False,3,False,2.91666667,2,0,1,0,4.7202625
Refactoring,Medium,Tech Lead,Java,Critical,7,2,1,14,2,14,False,0,False,3.25,0,2,0,0,2.35078125
Client Meeting,Medium,Senior,JavaScript,Critical,9,3,0,18,8,18,True,2,False,2.91666667,2,0,1,0,3.13897456
Design Review,Low,Mid,C++,High,9,3,2,18,6,15,True,3,False,1.5,3,0,0,0,3.71952
Design Review,Medium,Tech Lead,JavaScript,Critical,9,3,0,18,9,17,True,1,True,4.33333333,1,0,2,0,3.01616508
Code Review,Medium,Junior,C++,High,1,5,0,2,8,12,False,0,False,2.7,3,1,1,0,0.5
Testing,Medium,Junior,JavaScript,Low,4,5,3,8,6,12,True,3,True,3.45,2,2,0,1,2.63075288
Design Review,High,Senior,Other,High,1,4,1,2,7,14,False,0,False,3.5,2,1,0,1,0.5
Deployment,Medium,Junior,Other,Critical,9,2,1,18,6,17,True,3,False,2.375,1,1,0,0,3.54685078
Bug Fix,Medium,Mid,C++,Medium,8,4,1,16,10,10,True,1,False,4.5625,1,1,1,1,2.90569781
Client Meeting,High,Tech Lead,Go,Medium,8,2,2,16,3,12,False,2,False,3.25,0,2,0,0,3.91875
Testing,Low,Tech Lead,Other,Critical,3,4,1,6,6,14,True,1,False,1.9375,3,1,0,0,1.19073445
Deployment,Low,Senior,Python,Low,11,5,0,22,2,9,False,3,False,3.45,2,2,0,1,4.12895175
Deployment,Medium,Tech Lead,Python,Low,4,2,3,8,3,12,False,0,False,4.5,0,1,1,0,1.91393125
Documentation,Low,Senior,Other,Medium,12,3,3,24,1,18,False,0,False,2.08333333,2,1,0,0,4.750125
Design Review,Medium,Senior,C++,Medium,12,5,2,24,9,18,True,2,False,3.9,1,2,2,0,4.7341455
Client Meeting,Low,Tech Lead,JavaScript,Critical,13,2,0,26,2,16,True,2,False,1.5,2,0,0,0,4.464285
Deployment,High,Mid,C++,Critical,6,3,1,12,7,13,True,1,False,2.08333333,2,1,0,0,2.67523156
Refactoring,Medium,Mid,Go,Low,1,3,2,2,9,9,True,1,False,4.75,0,2,0,1,0.7571025
Code Review,High,Tech Lead,Other,High,9,2,1,18,3,18,False,1,False,4.5,0,1,1,0,3.35341125
Feature Dev,High,Tech Lead,JavaScript,High,11,4,0,22,3,17,True,1,True,4.5625,1,1,1,1,4.30245412
Client Meeting,Low,Junior,Go,Critical,10,2,1,20,9,12,False,3,True,2.375,1,1,0,0,3.71574844
Documentation,High,Senior,JavaScript,Medium,8,2,2,16,6,17,False,1,False,3.25,0,2,0,0,3.825
Refactoring,Low,Senior,C++,High,12,2,2,24,9,16,False,0,False,1.5,2,0,0,0,4.26195
Documentation,Medium,Tech Lead,JavaScript,Low,4,2,3,8,6,13,False,0,False,1.5,2,0,0,0,2.311375
Deployment,High,Mid,Java,High,6,4,2,12,1,14,True,3,False,3.4375,1,2,1,0,2.85857303
Bug Fix,Medium,Mid,Go,Critical,6,3,0,12,1,11,False,2,False,4.16666667,1,1,0,1,1.87205417
Deployment,High,Tech Lead,C++,High,4,4,1,8,8,11,False,1,False,4.125,2,0,1,1,1.54665225
Feature Dev,Medium,Tech Lead,C++,Low,4,3,3,8,7,17,True,1,False,2.08333333,2,1,0,0,2.47290313
Documentation,High,Mid,Other,Low,5,5,2,10,8,11,True,2,True,3.9,1,2,2,0,3.02628018
Client Meeting,Medium,Mid,Go,Medium,3,2,3,6,7,16,True,0,False,3.25,0,2,0,0,1.62421875
Testing,Medium,Tech Lead,Python,High,10,4,1,20,7,17,False,0,True,3.0,2,1,1,0,3.78598275
Refactoring,Medium,Junior,Java,Medium,4,4,2,8,1,9,True,1,False,2.375,2,2,0,0,2.060625
Refactoring,Medium,Mid,Python,Medium,11,5,1,22,2,15,False,0,False,2.2,3,2,0,0,4.5045
Design Review,High,Mid,Java,Critical,10,4,2,20,5,14,True,1,False,2.375,2,2,0,0,4.37882812
Feature Dev,High,Mid,Go,High,5,3,3,10,1,15,False,0,False,4.33333333,1,0,2,0,2.055075
Testing,Medium,Mid,JavaScript,Medium,6,3,0,12,10,16,False,0,False,2.91666667,2,0,1,0,2.2213
Client Meeting,Low,Junior,JavaScript,Critical,11,5,2,22,10,12,True,0,False,2.55,2,3,0,0,3.69749363
Bug Fix,High,Senior,Go,High,5,3,1,10,9,18,True,0,False,2.91666667,2,0,1,0,2.14286034
Client Meeting,Low,Senior,Go,Medium,9,2,2,18,6,15,True,3,False,2.375,1,1,0,0,3.9564
Documentation,Medium,Mid,Java,Critical,2,3,3,4,1,9,False,1,True,2.08333333,2,1,0,0,1.25699063
Feature Dev,Medium,Senior,JavaScript,Critical,3,2,2,6,1,17,False,1,False,4.5,0,1,1,0,1.1543
Design Review,High,Tech Lead,Java,Critical,9,2,1,18,5,9,False,2,False,4.5,0,1,1,0,3.23925438
Documentation,Medium,Senior,Other,Medium,11,2,0,22,6,12,False,2,True,2.375,1,1,0,0,4.965125
Feature Dev,High,Mid,Java,Critical,7,3,2,14,8,16,True,1,True,4.08333333,0,2,1,0,3.08822143
Testing,High,Senior,Other,Critical,11,3,2,22,5,15,True,1,False,5.58333333,0,1,1,1,3.8107251
Client Meeting,Low,Tech Lead,Java,Medium,12,2,3,24,1,10,False,2,False,1.5,2,0,0,0,5.09425
Feature Dev,High,Mid,Go,Medium,10,3,0,20,9,16,False,1,True,2.91666667,2,0,1,0,4.78505042
Documentation,Medium,Junior,C++,Critical,10,2,0,20,5,13,False,2,False,5.75,0,0,2,0,2.85243
Refactoring,Medium,Senior,Java,Low,8,3,3,16,1,11,False,1,False,3.5,1,1,1,0,3.70115625
Bug Fix,High,Junior,Other,Medium,6,2,2,12,3,13,True,3,False,5.75,0,0,2,0,2.818872
Client Meeting,Medium,Senior,Python,High,8,2,0,16,8,14,False,1,False,1.5,2,0,0,0,3.04425
Bug Fix,Medium,Junior,Go,Critical,12,2,3,24,3,10,False,1,False,3.25,0,2,0,0,4.26328125
Refactoring,High,Tech Lead,Go,Medium,1,4,2,2,4,12,True,2,False,3.0,2,1,1,0,0.928872
Bug Fix,High,Junior,JavaScript,Medium,12,5,3,24,5,16,False,1,False,3.55,2,1,2,0,5.2636005
Feature Dev,Medium,Tech Lead,Go,Critical,1,3,0,2,1,14,False,2,False,2.66666667,1,2,0,0,0.5
Bug Fix,High,Tech Lead,C++,Critical,8,5,0,16,10,13,True,2,False,3.75,0,4,1,0,3.06509936
Bug Fix,Medium,Senior,JavaScript,Critical,8,3,2,16,8,10,False,3,False,4.75,0,2,0,1,2.64658125
Design Review,Medium,Junior,C++,High,9,3,0,18,1,12,False,0,False,2.66666667,1,2,0,0,3.132
Client Meeting,Low,Mid,Python,Medium,8,2,2,16,1,12,True,3,False,2.375,1,1,0,0,3.5854875
Deployment,High,Mid,JavaScript,Low,11,4,3,22,10,12,False,0,False,2.375,2,2,0,0,5.94735625
Feature Dev,Low,Tech Lead,Go,Low,10,3,1,20,8,14,True,0,False,3.58333333,2,0,0,1,3.78894141
Design Review,Medium,Mid,Go,Medium,12,2,2,24,6,13,True,1,True,3.625,1,0,1,0,5.35247212
Deployment,Medium,Senior,Python,High,4,3,0,8,6,10,True,0,True,2.08333333,2,1,0,0,1.65627
Code Review,Medium,Mid,C++,High,3,5,1,6,2,17,True,0,False,3.95,2,1,1,1,1.05925523
Documentation,Medium,Tech Lead,Other,Medium,11,4,3,22,4,10,False,0,False,1.9375,3,1,0,0,4.86515625
Refactoring,High,Mid,Python,Low,4,3,1,8,3,11,True,1,False,4.33333333,1,0,2,0,2.00438315
Code Review,High,Mid,Other,High,6,2,1,12,7,10,False,0,False,2.375,1,1,0,0,2.56989375
Documentation,Medium,Mid,Python,Medium,13,2,1,26,9,12,False,1,False,1.5,2,0,0,0,5.58625
Client Meeting,High,Mid,Go,Medium,8,4,0,16,3,17,False,0,False,3.0,2,1,1,0,3.39112
Feature Dev,Medium,Mid,Python,Low,11,4,2,22,8,10,True,0,False,2.5625,3,0,1,0,5.11754873
Code Review,Medium,Senior,Python,Critical,3,3,3,6,1,17,True,1,False,5.58333333,0,1,1,1,1.22138625
Documentation,Medium,Mid,Java,Medium,5,2,2,10,7,15,False,1,False,2.375,1,1,0,0,2.355
Refactoring,Medium,Senior,Python,Critical,4,3,0,8,7,18,False,0,False,2.66666667,1,2,0,0,1.31466667
Deployment,Low,Tech Lead,Other,Medium,6,2,3,12,6,11,True,3,False,2.375,1,1,0,0,2.99820938
Design Review,High,Mid,Go,Low,8,3,0,16,7,9,False,0,False,2.91666667,2,0,1,0,3.74659267
Testing,Low,Junior,Other,Medium,10,4,0,20,9,16,False,0,False,2.375,2,2,0,0,3.5325
Design Review,Low,Senior,Java,Medium,11,4,2,22,1,17,False,3,False,1.9375,3,1,0,0,4.57425
Code Review,High,Senior,Go,High,9,4,3,18,8,11,False,1,False,4.0625,1,1,2,0,3.55856681
Documentation,Low,Senior,Go,High,13,5,2,26,7,11,True,2,False,3.1,3,1,0,1,4.39457603
Refactoring,Medium,Tech Lead,Python,Low,11,2,0,22,1,13,False,3,False,1.5,2,0,0,0,5.29925
Feature Dev,Medium,Mid,Other,Medium,3,2,1,6,9,13,True,3,True,4.5,0,1,1,0,1.61750531
Refactoring,High,Mid,Go,High,7,3,0,14,9,16,True,0,False,2.66666667,1,2,0,0,2.94147
Code Review,Medium,Senior,Java,Critical,4,2,1,8,8,17,False,0,True,2.375,1,1,0,0,1.60557031
Testing,High,Tech Lead,Java,Critical,5,4,2,10,4,13,True,2,False,3.625,2,0,2,0,2.15819887
Client Meeting,High,Mid,C++,Medium,3,2,0,6,10,12,False,1,True,2.375,1,1,0,0,1.597475
Testing,Low,Tech Lead,Go,Low,4,4,2,8,7,12,False,0,False,2.375,2,2,0,0,1.8781125
Feature Dev,Low,Mid,Other,Medium,7,3,1,14,5,13,True,0,False,3.25,0,3,0,0,2.62828125
Feature Dev,High,Mid,Other,Medium,8,2,0,16,6,9,True,1,True,2.375,1,1,0,0,4.28403938
Code Review,Low,Junior,C++,Low,4,5,0,8,1,11,True,0,True,2.2,3,2,0,0,1.8112248
Deployment,Low,Senior,Other,Medium,7,5,1,14,7,16,False,2,False,2.2,3,2,0,0,2.8413
Refactoring,High,Tech Lead,Python,Critical,3,5,3,6,2,9,True,2,False,3.8,1,3,0,1,1.56627949
Client Meeting,High,Junior,Go,Medium,5,4,2,10,5,17,False,0,False,4.0625,1,1,2,0,2.1919625
Bug Fix,Low,Senior,Go,Medium,2,3,3,4,1,13,False,1,True,3.25,0,3,0,0,1.3096875
Refactoring,Low,Tech Lead,Go,Medium,4,4,3,8,10,18,False,2,True,2.375,2,2,0,0,2.25589375
Deployment,High,Mid,C++,Medium,10,3,2,20,4,11,False,2,False,3.5,1,1,1,0,4.575975
Documentation,High,Mid,Go,Low,11,5,3,22,9,15,True,2,False,3.9,1,2,2,0,5.61040904
Testing,High,Senior,Java,Medium,12,3,2,24,4,9,False,1,False,4.75,0,2,0,1,4.8507
Deployment,High,Junior,Go,Medium,11,3,1,22,5,9,False,2,False,3.58333333,2,0,0,1,4.73262292
Bug Fix,High,Mid,C++,Critical,8,3,2,16,4,18,False,1,False,4.75,0,2,0,1,2.8415925
Design Review,Low,Junior,Go,High,5,4,3,10,7,15,True,3,False,1.9375,3,1,0,0,2.41728047
Bug Fix,High,Tech Lead,Python,Critical,11,3,3,22,4,16,True,1,True,2.66666667,1,2,0,0,5.32403025
Deployment,Medium,Senior,C++,Low,7,3,0,14,8,9,True,1,False,2.66666667,1,2,0,0,3.23785
Bug Fix,Low,Tech Lead,Go,High,4,4,1,8,4,14,False,0,True,1.5,4,0,0,0,1.6134525
Deployment,High,Senior,Java,Critical,7,2,1,14,5,16,True,1,False,1.5,2,0,0,0,3.17439938
Testing,Medium,Tech Lead,Go,High,7,2,3,14,5,18,False,2,False,4.5,0,1,1,0,2.63536875
Code Review,Medium,Junior,Java,Low,12,5,2,24,5,10,False,3,True,2.35,4,0,1,0,6.22706535
Documentation,Medium,Mid,Java,Medium,9,5,0,18,1,11,False,3,False,2.7,3,1,1,0,3.650595
Documentation,Medium,Junior,Java,Critical,13,2,3,26,1,10,True,2,False,3.625,1,0,1,0,4.65300134
Deployment,High,Mid,Other,Low,13,3,0,26,9,10,False,3,False,4.33333333,1,0,2,0,5.73594267
Client Meeting,Medium,Mid,JavaScript,Medium,4,2,0,8,6,17,True,2,True,2.375,1,1,0,0,2.04001875
Deployment,Low,Senior,Java,Critical,1,4,2,2,1,13,False,1,False,3.5,2,1,0,1,0.5676725
Documentation,Medium,Senior,Python,High,2,4,3,4,2,14,False,0,False,2.8125,1,3,0,0,1.07929688
Refactoring,Medium,Junior,JavaScript,Low,12,5,2,24,4,11,False,3,True,3.05,2,2,1,0,6.00523605
Testing,Medium,Tech Lead,Other,Medium,5,3,2,10,1,17,True,3,True,3.58333333,2,0,0,1,2.62699938
Bug Fix,Medium,Senior,JavaScript,Low,8,4,0,16,7,9,True,0,False,4.5625,1,1,1,1,2.964654
Design Review,High,Junior,Go,Medium,8,3,3,16,3,18,False,1,False,4.16666667,1,1,0,1,3.5831625
Client Meeting,Medium,Mid,JavaScript,Critical,5,2,1,10,4,11,False,2,True,3.625,1,0,1,0,1.95816173
Documentation,Medium,Junior,Go,Medium,2,4,0,4,9,14,True,1,False,3.0,2,1,1,0,0.8708175
Code Review,High,Senior,C++,High,6,5,2,12,5,15,False,3,False,4.15,0,4,0,1,2.563974
Feature Dev,High,Junior,Go,Critical,7,2,0,14,10,10,False,1,False,3.25,0,2,0,0,2.645625
Bug Fix,Medium,Junior,Other,Medium,12,4,1,24,10,16,False,1,False,3.0625,3,0,0,1,4.54263281
Feature Dev,High,Senior,Other,High,1,2,0,2,10,14,False,2,True,1.5,2,0,0,0,0.669735
Deployment,Low,Senior,C++,Critical,1,2,2,2,9,14,True,1,True,3.25,0,2,0,0,0.69949688
Code Review,High,Senior,JavaScript,Medium,10,2,3,20,6,12,False,0,True,2.375,1,1,0,0,5.45084375
Code Review,High,Mid,Other,Low,4,3,1,8,8,17,True,2,False,2.66666667,1,2,0,0,2.445135
Code Review,High,Junior,Java,Low,10,3,0,20,2,11,False,3,False,2.08333333,2,1,0,0,5.36754167
Feature Dev,High,Junior,Java,High,7,5,3,14,8,17,True,3,False,3.9,1,2,2,0,3.19152866
Design Review,Medium,Mid,C++,Low,3,5,0,6,5,17,False,1,False,3.1,3,1,0,1,1.2837825
Design Review,Low,Junior,C++,Critical,4,4,1,8,9,18,False,3,True,2.8125,1,3,0,0,1.69535953
Refactoring,High,Senior,Java,Medium,6,3,1,12,8,13,False,2,False,5.58333333,0,1,1,1,2.43202
Client Meeting,High,Tech Lead,C++,Low,9,2,1,18,10,13,False,3,False,2.375,1,1,0,0,4.95433125
Bug Fix,High,Tech Lead,Go,Critical,2,3,1,4,4,15,True,3,False,5.58333333,0,1,1,1,0.95617095
Bug Fix,High,Mid,Go,Critical,3,4,1,6,5,13,False,1,True,3.5,2,1,0,1,1.33925894
Testing,High,Junior,Python,Low,2,4,2,4,6,16,False,3,False,4.0625,1,1,2,0,1.4096005
Feature Dev,Medium,Junior,JavaScript,Medium,8,3,1,16,7,11,False,2,False,3.58333333,2,0,0,1,3.10551042
Deployment,Medium,Junior,C++,Low,11,4,1,22,10,9,False,1,False,4.5625,1,1,1,1,4.10286938
Client Meeting,Medium,Mid,Other,High,5,3,2,10,2,18,False,1,False,4.16666667,1,1,0,1,1.8297
Documentation,Medium,Mid,Java,Low,4,3,3,8,1,12,True,2,False,2.91666667,2,0,1,0,2.40525141
Design Review,Medium,Tech Lead,JavaScript,Low,9,2,3,18,10,17,True,1,False,3.25,0,2,0,0,4.49367188
Design Review,High,Junior,Other,High,13,3,1,26,3,9,True,0,False,3.58333333,2,0,0,1,5.06753691
Refactoring,Medium,Junior,C++,Critical,6,5,3,12,2,13,False,3,False,3.05,2,2,1,0,2.46082331
Code Review,Low,Senior,JavaScript,Critical,2,3,3,4,9,13,False,3,False,2.08333333,2,1,0,0,1.24429375
Feature Dev,High,Senior,C++,Medium,6,3,3,12,5,17,False,3,True,4.16666667,1,1,0,1,3.27058875
Deployment,High,Junior,Java,Low,1,4,3,2,4,9,True,0,True,5.625,0,1,2,1,0.87463126
Feature Dev,Medium,Junior,JavaScript,Medium,7,2,1,14,5,17,False,2,True,2.375,1,1,0,0,3.40003125
Deployment,Medium,Junior,Python,Low,13,5,3,26,3,16,False,3,True,4.3,1,2,1,1,5.8618329
Code Review,Medium,Junior,Java,Medium,7,3,3,14,10,15,True,2,False,2.66666667,1,2,0,0,3.50175
Documentation,Medium,Junior,JavaScript,Critical,5,3,0,10,4,10,True,3,True,2.08333333,2,1,0,0,2.24861656
Documentation,High,Junior,Python,Critical,8,4,3,16,6,9,False,2,False,3.4375,1,2,1,0,3.31348514
Bug Fix,Low,Senior,JavaScript,High,2,2,0,4,4,10,True,2,False,2.375,1,1,0,0,0.85309875
Deployment,Low,Mid,Other,High,9,4,3,18,10,16,False,1,False,3.5,2,1,0,1,2.99741625
Design Review,Low,Senior,Go,Low,12,3,1,24,9,18,True,2,False,2.66666667,1,2,0,0,5.214055
Bug Fix,High,Tech Lead,Java,Medium,5,4,1,10,7,11,True,2,False,3.4375,1,2,1,0,2.50503258
Deployment,Medium,Senior,Other,Low,9,5,0,18,6,14,False,3,False,3.45,2,2,0,1,3.78002625
Testing,Medium,Tech Lead,Python,Low,7,4,1,14,1,15,False,2,False,4.0625,1,1,2,0,2.92121156
Client Meeting,Medium,Tech Lead,Other,Low,9,2,3,18,7,13,False,3,True,1.5,2,0,0,0,5.3950875
Code Review,High,Junior,Python,Medium,4,4,3,8,6,17,False,0,True,2.375,2,2,0,0,2.47176875
Bug Fix,Medium,Junior,Other,Medium,1,3,3,2,4,9,False,3,False,5.58333333,0,1,1,1,0.8993
Documentation,High,Senior,JavaScript,Medium,3,2,3,6,6,15,False,2,False,1.5,2,0,0,0,2.08075
Deployment,Medium,Junior,Python,Critical,4,4,3,8,1,12,False,0,True,2.5625,3,0,1,0,1.80695616
Bug Fix,High,Mid,Go,High,5,5,1,10,2,17,False,3,False,5.15,0,2,2,1,1.8723375
Refactoring,Low,Senior,Other,High,11,4,1,22,7,9,False,2,False,3.9375,1,2,0,1,3.32806078
Testing,High,Senior,C++,Medium,4,3,1,8,9,13,False,2,True,2.66666667,1,2,0,0,2.3287
Testing,Low,Junior,Java,Critical,5,4,3,10,6,14,False,0,False,2.8125,1,3,0,0,1.83480469
Documentation,Low,Mid,JavaScript,High,1,2,1,2,8,13,True,1,False,1.5,2,0,0,0,0.59086125
Design Review,Low,Mid,C++,Low,4,4,1,8,5,17,False,0,False,3.5,2,1,0,1,1.53693375
Deployment,Medium,Tech Lead,Java,Critical,5,5,0,10,1,10,True,1,False,2.7,3,1,1,0,1.75439171
Feature Dev,Medium,Tech Lead,Python,Low,11,5,0,22,8,9,True,3,False,4.3,1,2,1,1,4.4198847
Client Meeting,High,Junior,JavaScript,Critical,7,5,0,14,4,12,True,3,False,4.25,0,3,2,0,2.6208798
Deployment,Medium,Tech Lead,JavaScript,High,5,5,1,10,9,15,False,1,False,3.8,1,3,0,1,1.7506125
Testing,Low,Senior,Other,Medium,13,3,3,26,8,13,False,3,True,4.16666667,1,1,0,1,5.05962875
Code Review,Medium,Tech Lead,Other,High,1,2,0,2,1,13,False,3,False,3.625,1,0,1,0,0.56144813
Deployment,High,Mid,Python,High,9,4,1,18,3,18,True,0,False,4.5625,1,1,1,1,3.25185486
Feature Dev,Medium,Tech Lead,Other,High,3,4,0,6,8,18,True,0,False,4.5625,1,1,1,1,0.90960975
Code Review,Medium,Mid,JavaScript,High,12,5,0,24,2,17,True,2,False,3.4,1,3,1,0,4.2624225
Feature Dev,High,Tech Lead,Go,Medium,11,3,1,22,8,13,False,3,False,5.0,1,0,1,1,4.30882
Bug Fix,Medium,Junior,JavaScript,High,6,5,2,12,8,16,False,2,False,2.9,1,4,0,0,2.49255
Deployment,High,Senior,Other,Low,10,2,3,20,10,13,False,2,False,3.625,1,0,1,0,5.14660781
Code Review,High,Mid,Java,Low,12,2,3,24,4,9,False,1,False,2.375,1,1,0,0,6.55180625
Bug Fix,Medium,Tech Lead,Java,Critical,13,3,3,26,2,14,False,2,True,2.66666667,1,2,0,0,5.287425
Client Meeting,High,Junior,C++,Low,13,4,0,26,6,14,True,2,False,4.5,0,2,2,0,5.87092275
Testing,Medium,Tech Lead,C++,Low,8,2,1,16,2,18,True,3,True,3.625,1,0,1,0,4.13272607
Code Review,High,Junior,Java,Critical,7,4,3,14,3,9,False,0,True,5.1875,1,0,2,1,2.59589192
Feature Dev,Medium,Junior,Other,Medium,7,4,2,14,3,10,False,2,False,4.0625,1,1,2,0,2.78210625
Code Review,Medium,Senior,Java,Low,9,3,3,18,6,16,False,2,False,2.66666667,1,2,0,0,4.51916667
Feature Dev,Medium,Senior,Other,High,12,5,1,24,7,16,False,3,False,3.9,1,2,2,0,4.0195575
Feature Dev,High,Junior,Go,Critical,2,4,2,4,5,17,False,2,True,4.5625,1,1,1,1,1.06498136
Client Meeting,Low,Junior,Python,Critical,7,5,0,14,10,17,False,0,False,1.85,4,1,0,0,2.158065
Documentation,High,Junior,Python,High,10,4,2,20,8,13,False,2,False,4.0625,1,1,2,0,3.86965688
Design Review,Medium,Senior,JavaScript,Medium,2,3,1,4,3,13,True,0,False,3.5,1,1,1,0,0.89500688
Documentation,Medium,Mid,Go,Low,13,2,3,26,9,9,False,2,False,3.625,1,0,1,0,5.73479156
Code Review,Medium,Junior,JavaScript,Medium,2,3,1,4,8,17,False,1,False,6.41666667,0,0,2,1,0.794325
Deployment,Medium,Mid,JavaScript,High,9,5,2,18,2,12,False,2,False,2.7,3,1,1,0,3.4540245
Code Review,Medium,Tech Lead,JavaScript,Critical,9,5,1,18,8,18,True,1,False,3.95,2,1,1,1,2.85301459
Feature Dev,High,Senior,Java,Low,8,3,1,16,8,9,False,2,True,3.58333333,2,0,0,1,4.2657466
Feature Dev,Low,Senior,Java,Low,6,3,1,12,9,9,False,1,True,2.08333333,2,1,0,0,2.90394958
Deployment,High,Mid,Java,High,12,5,2,24,9,14,True,1,True,3.95,2,1,1,1,5.10953335
Refactoring,Medium,Mid,Python,Medium,9,2,3,18,3,10,False,2,False,2.375,1,1,0,0,4.1703125
Documentation,Medium,Junior,Java,High,12,3,2,24,9,15,False,1,False,4.75,0,2,0,1,3.834675
Deployment,Low,Tech Lead,Java,Critical,9,2,0,18,5,14,True,1,False,2.375,1,1,0,0,2.92505719
Code Review,High,Senior,Other,High,1,3,2,2,1,11,False,0,True,2.91666667,2,0,1,0,0.69637755
Documentation,High,Junior,Java,High,7,4,2,14,5,11,False,1,False,4.125,2,0,1,1,2.6788905
Code Review,High,Junior,Java,High,8,4,2,16,8,10,False,3,False,3.5,2,1,0,1,3.384945
Bug Fix,High,Junior,Other,Low,4,3,2,8,8,16,False,1,False,4.08333333,0,2,1,0,2.14111333
Refactoring,Low,Mid,Python,Critical,4,2,3,8,8,16,False,3,False,1.5,2,0,0,0,1.9080375
Testing,Medium,Mid,JavaScript,Low,13,4,1,26,9,15,True,3,False,2.5625,3,0,1,0,6.15194688
Refactoring,High,Mid,C++,Critical,13,4,3,26,4,14,False,3,False,5.1875,1,0,2,1,4.32755825
Documentation,High,Tech Lead,Java,High,11,2,1,22,9,14,True,2,True,2.375,1,1,0,0,5.51825072
Client Meeting,Medium,Tech Lead,Other,Critical,11,5,2,22,8,12,False,1,False,3.05,2,2,1,0,3.749826
Bug Fix,Medium,Mid,Java,Critical,2,5,2,4,7,18,True,2,False,3.95,2,1,1,1,0.96335558
Refactoring,Medium,Tech Lead,Go,Medium,11,3,3,22,3,10,True,0,True,2.08333333,2,1,0,0,5.57840938
Client Meeting,Low,Tech Lead,JavaScript,Medium,13,4,0,26,9,13,True,3,False,2.8125,1,3,0,0,5.01657188
Feature Dev,High,Mid,Go,Critical,5,5,2,10,4,18,True,1,False,4.8,1,1,2,1,1.84442265
Design Review,High,Senior,C++,Critical,2,2,1,4,9,9,False,1,False,1.5,2,0,0,0,1.0193625
Feature Dev,Medium,Senior,Other,Critical,12,5,1,24,6,15,False,0,False,3.75,0,4,1,0,3.72416344
Refactoring,Low,Senior,Java,Low,6,5,3,12,7,14,True,0,False,2.55,2,3,0,0,2.93164988
Client Meeting,Medium,Junior,Java,Low,9,4,1,18,6,10,True,1,False,2.375,2,2,0,0,4.36337344
Deployment,High,Mid,Java,High,7,2,3,14,7,9,False,3,True,3.625,1,0,1,0,3.50263423
Refactoring,High,Senior,JavaScript,Medium,1,3,1,2,7,9,True,1,True,2.08333333,2,1,0,0,0.81663313
Code Review,Medium,Junior,JavaScript,Critical,1,2,0,2,10,11,False,3,False,3.625,1,0,1,0,0.53025656
Documentation,Medium,Junior,C++,High,3,3,2,6,10,13,True,1,False,4.33333333,1,0,2,0,1.255464
Design Review,High,Mid,C++,High,10,3,1,20,9,9,True,2,True,4.16666667,1,1,0,1,4.35868847
Bug Fix,High,Senior,Go,High,8,5,0,16,10,14,True,3,False,2.9,1,4,0,0,3.5918505
Refactoring,Medium,Senior,Java,Low,10,4,0,20,8,17,True,1,False,3.4375,1,2,1,0,4.26328186
Testing,Medium,Tech Lead,Go,Low,8,4,1,16,10,12,True,3,False,3.4375,1,2,1,0,3.79536068
Testing,Medium,Mid,Other,Medium,2,2,1,4,6,11,True,3,False,1.5,2,0,0,0,1.3453125
Design Review,High,Senior,Go,Critical,11,2,2,22,10,11,True,2,False,4.5,0,1,1,0,4.21175212
Bug Fix,High,Junior,Go,Critical,4,5,2,8,8,11,True,3,False,3.4,1,3,1,0,1.96450317
Client Meeting,Medium,Senior,Go,High,3,4,3,6,9,18,False,1,False,4.125,2,0,1,1,1.29504375
Feature Dev,Medium,Tech Lead,JavaScript,High,1,4,2,2,8,9,False,3,True,3.9375,1,2,0,1,0.84938906
Code Review,High,Mid,Python,High,11,5,0,22,7,10,True,1,True,3.05,2,2,1,0,4.92975287
Client Meeting,Low,Senior,Go,Low,9,3,1,18,9,12,False,3,False,3.25,0,3,0,0,3.8053125
Deployment,Medium,Mid,Python,Critical,5,4,1,10,7,14,False,1,False,3.625,2,0,2,0,1.65168281
Testing,High,Junior,Go,Low,13,5,2,26,7,14,False,3,False,3.9,1,2,2,0,6.1573666
Feature Dev,Medium,Mid,Java,Low,10,4,1,20,6,15,True,0,False,4.5625,1,1,1,1,3.84478566
Refactoring,Low,Junior,JavaScript,High,9,3,3,18,9,15,False,2,True,2.66666667,1,2,0,0,3.72273
Bug Fix,Medium,Tech Lead,C++,High,7,5,2,14,8,9,False,2,False,3.1,3,1,0,1,2.6663175
Design Review,Low,Mid,Java,Medium,7,3,0,14,10,11,True,3,False,3.58333333,2,0,0,1,2.59025813
Client Meeting,Low,Mid,Other,High,9,3,1,18,5,13,True,0,False,2.08333333,2,1,0,0,3.19020188
Bug Fix,Medium,Junior,Go,Low,13,2,1,26,2,18,False,1,False,1.5,2,0,0,0,6.144875
Client Meeting,Medium,Mid,Python,Medium,2,3,1,4,6,14,False,0,False,2.66666667,1,2,0,0,0.91833333
Testing,Medium,Tech Lead,JavaScript,Critical,1,5,2,2,10,13,False,2,False,3.55,2,1,2,0,0.66336975
Code Review,Low,Junior,Other,Low,12,2,0,24,9,14,True,2,False,1.5,2,0,0,0,5.351115
Deployment,High,Junior,Go,Low,4,4,2,8,4,15,True,0,False,3.625,2,0,2,0,2.13462191
Bug Fix,Low,Junior,Python,Medium,1,2,2,2,6,13,True,0,False,1.5,2,0,0,0,0.710325
Feature Dev,Medium,Tech Lead,Go,Medium,9,3,3,18,2,12,False,2,False,4.91666667,0,1,2,0,3.41239583
Documentation,Medium,Junior,Python,Low,10,3,0,20,6,12,True,0,True,4.16666667,1,1,0,1,4.3048775
Code Review,Medium,Junior,Java,Critical,7,5,3,14,2,14,True,2,False,2.2,3,2,0,0,3.04833375
Bug Fix,Medium,Tech Lead,Python,Medium,5,3,3,10,4,18,True,1,True,2.08333333,2,1,0,0,2.93297813
Code Review,Medium,Junior,C++,Low,13,4,2,26,1,10,True,0,True,3.0,2,1,1,0,6.43921162
Refactoring,Low,Senior,C++,Low,12,3,1,24,9,9,True,1,False,2.08333333,2,1,0,0,5.25635688
Deployment,Low,Junior,C++,Low,1,2,2,2,6,17,False,3,False,2.375,1,1,0,0,1.0362
Deployment,Low,Senior,Python,High,10,2,1,20,7,10,False,3,False,2.375,1,1,0,0,3.57665625
Refactoring,Low,Senior,Java,High,13,5,2,26,2,17,True,2,False,3.1,3,1,0,1,4.39457603
Deployment,Medium,Tech Lead,C++,Critical,12,5,3,24,2,17,True,2,False,4.3,1,2,1,1,3.96037058
Deployment,Medium,Mid,Python,High,1,3,2,2,3,11,True,3,False,6.41666667,0,0,2,1,0.7148925
Feature Dev,High,Junior,C++,Medium,3,4,3,6,6,18,True,3,True,4.375,0,3,0,1,2.05960683
Code Review,Low,Tech Lead,Java,Critical,13,4,2,26,4,18,False,0,False,1.9375,3,1,0,0,4.24622813
Design Review,High,Senior,C++,Medium,6,3,3,12,3,11,False,1,False,4.75,0,2,0,1,2.71213125
Code Review,High,Senior,C++,Critical,7,2,1,14,9,18,True,3,False,3.625,1,0,1,0,2.91906238
Code Review,Medium,Junior,Python,Medium,11,5,3,22,3,16,False,2,True,3.55,2,1,2,0,4.81701825
Documentation,Low,Senior,Java,Critical,8,2,0,16,9,9,True,2,False,2.375,1,1,0,0,2.69735813
Refactoring,High,Mid,C++,Medium,9,2,0,18,7,13,False,3,True,3.25,0,2,0,0,4.57875
Refactoring,High,Junior,Other,Low,4,4,0,8,7,9,False,0,False,3.0,2,1,1,0,1.865116
Refactoring,Medium,Tech Lead,Python,High,9,2,0,18,2,10,False,0,False,3.625,1,0,1,0,2.8874475
Deployment,High,Junior,C++,Critical,7,5,0,14,9,14,True,3,True,3.45,2,2,0,1,3.04495653
Design Review,Low,Tech Lead,Go,Critical,7,4,3,14,9,13,True,3,False,2.375,2,2,0,0,2.86375359
Design Review,Medium,Tech Lead,Python,Critical,10,3,0,20,6,9,False,2,False,2.91666667,2,0,1,0,3.30418375
Bug Fix,High,Senior,Go,High,3,5,2,6,1,16,True,3,False,2.55,2,3,0,0,1.81964475
Testing,High,Junior,Other,Low,13,2,0,26,10,13,False,2,False,2.375,1,1,0,0,6.6705375
Bug Fix,Low,Mid,Python,High,2,4,3,4,1,12,False,0,True,3.0625,3,0,0,1,1.04192705
Code Review,Medium,Senior,Go,Low,1,4,2,2,1,17,False,3,True,4.5625,1,1,1,1,0.97057125
Testing,Low,Junior,C++,Critical,7,2,0,14,4,11,False,3,False,2.375,1,1,0,0,2.35205625
Code Review,Medium,Junior,C++,Medium,5,2,1,10,9,13,True,1,True,4.5,0,1,1,0,2.20568906
Bug Fix,Medium,Mid,C++,Medium,5,5,0,10,6,12,False,3,False,2.7,3,1,1,0,2.152915
Deployment,Low,Senior,C++,Medium,11,3,0,22,10,10,False,2,False,3.25,0,3,0,0,3.9
Deployment,Low,Mid,Other,High,11,4,0,22,2,17,False,0,False,1.9375,3,1,0,0,3.5751375
Design Review,Medium,Junior,Other,Low,11,4,0,22,7,14,False,3,True,1.5,4,0,0,0,5.829175
Refactoring,Medium,Tech Lead,Go,High,2,3,3,4,6,16,True,2,True,2.08333333,2,1,0,0,1.50099469
Code Review,Low,Mid,JavaScript,High,8,4,2,16,5,10,False,3,True,1.9375,3,1,0,0,3.45596625
Code Review,High,Mid,Python,High,13,4,1,26,5,15,True,2,True,4.5625,1,1,1,1,5.27801057
Client Meeting,High,Senior,Java,Medium,5,3,3,10,4,10,False,0,False,2.08333333,2,1,0,0,2.73854167
Code Review,Medium,Junior,Go,Low,5,2,1,10,7,12,False,3,False,1.5,2,0,0,0,2.762375
Bug Fix,Medium,Tech Lead,JavaScript,Low,4,2,0,8,5,17,True,2,True,3.25,0,2,0,0,2.14396875
Design Review,High,Junior,C++,Medium,7,3,0,14,2,14,True,0,True,2.91666667,2,0,1,0,3.44218201
Code Review,Medium,Junior,C++,Medium,6,4,3,12,9,14,False,3,False,5.1875,1,0,2,1,2.382975
Client Meeting,High,Tech Lead,Java,Medium,6,4,0,12,5,12,False,1,False,4.5625,1,1,1,1,2.2940775
Documentation,Low,Mid,C++,Critical,12,2,2,24,7,17,True,3,False,1.5,2,0,0,0,4.5008775
Code Review,Medium,Junior,C++,High,5,4,1,10,2,14,False,0,False,3.0,2,1,1,0,1.7831025
Client Meeting,Medium,Senior,Other,Low,5,5,0,10,5,9,True,0,False,3.55,2,1,2,0,2.0031165
Refactoring,Medium,Junior,Go,Low,9,5,2,18,4,16,False,3,False,3.1,3,1,0,1,4.147605
Design Review,Medium,Junior,JavaScript,Low,1,4,2,2,5,17,False,1,True,4.5625,1,1,1,1,0.776457
Deployment,High,Senior,Java,Critical,4,2,1,8,10,12,True,1,False,3.625,1,0,1,0,1.66235432
Bug Fix,High,Senior,C++,High,3,2,0,6,3,13,False,1,False,3.625,1,0,1,0,1.18706175
Deployment,Medium,Tech Lead,Java,Critical,3,4,3,6,7,13,False,3,False,2.375,2,2,0,0,1.62642188
Documentation,Medium,Senior,C++,Low,4,5,3,8,5,10,True,2,False,3.9,1,2,2,0,2.21075662
Documentation,Low,Junior,C++,Medium,7,5,3,14,5,12,False,3,False,2.75,4,0,0,1,2.99000625
Feature Dev,High,Senior,Python,Low,5,4,3,10,5,16,False,3,False,2.375,2,2,0,0,3.29209375
Code Review,Medium,Senior,Go,Medium,9,4,0,18,5,13,True,1,False,3.625,2,0,2,0,3.35518313
Feature Dev,High,Senior,Other,Low,11,3,0,22,7,14,True,3,False,4.08333333,0,2,1,0,5.37954725
Design Review,High,Junior,Java,Critical,8,3,2,16,7,15,False,3,True,6.41666667,0,0,2,1,3.0273617
Code Review,Low,Junior,Python,Medium,5,2,1,10,6,9,False,2,False,1.5,2,0,0,0,2.20375
Design Review,Low,Senior,Java,High,5,4,3,10,7,10,False,2,False,1.9375,3,1,0,0,2.21189063
Deployment,Low,Junior,JavaScript,High,9,4,0,18,9,12,False,0,False,2.8125,1,3,0,0,2.7975375
Client Meeting,High,Tech Lead,Python,Low,11,3,1,22,4,18,False,2,True,4.08333333,0,2,1,0,5.68828815
Bug Fix,High,Junior,Go,Critical,4,3,1,8,8,9,True,3,False,2.08333333,2,1,0,0,2.03530906
Testing,Medium,Tech Lead,C++,High,1,5,2,2,1,9,True,2,False,3.6,3,0,1,1,0.7198632
Testing,Medium,Mid,Java,Low,1,2,2,2,4,18,False,1,False,4.5,0,1,1,0,0.7469
Design Review,Low,Junior,Other,Low,10,2,1,20,1,14,True,2,False,2.375,1,1,0,0,4.47670781
Design Review,High,Mid,Other,Low,11,5,2,22,8,10,True,2,False,3.9,1,2,2,0,5.46302526
Testing,Medium,Mid,JavaScript,Medium,9,4,1,18,1,9,False,3,False,3.625,2,0,2,0,3.49768125
Documentation,High,Senior,Other,High,11,2,1,22,4,17,False,0,False,3.25,0,2,0,0,4.3959375
Deployment,High,Junior,C++,Critical,1,4,0,2,5,18,True,2,True,2.8125,1,3,0,0,0.62163183
Client Meeting,Low,Senior,Other,Medium,6,5,3,12,7,17,False,0,True,3.1,3,1,0,1,2.57744025
Client Meeting,Medium,Junior,Python,Low,11,4,0,22,7,15,True,1,False,3.0,2,1,1,0,4.78949625
Feature Dev,Low,Tech Lead,Other,Low,13,3,1,26,2,18,True,0,False,4.75,0,2,0,1,4.57100634
Testing,High,Tech Lead,Other,Low,13,2,1,26,1,13,False,2,False,1.5,2,0,0,0,7.137075
Design Review,High,Junior,JavaScript,Critical,1,3,2,2,1,11,True,2,True,3.5,1,1,1,0,0.84564018
Client Meeting,High,Senior,Python,Medium,5,3,0,10,8,15,False,2,True,3.5,1,1,1,0,2.4674375
Design Review,Medium,Mid,Python,Low,7,3,0,14,10,9,True,0,False,2.91666667,2,0,1,0,2.99320175
Design Review,High,Tech Lead,C++,Low,9,2,0,18,8,18,False,1,False,3.625,1,0,1,0,4.1564985
Documentation,Low,Tech Lead,Python,Critical,12,4,2,24,1,16,False,3,True,2.375,2,2,0,0,4.51394625
Client Meeting,Medium,Tech Lead,C++,Critical,9,5,3,18,1,13,True,0,True,4.3,1,2,1,1,3.23733044
Deployment,High,Tech Lead,Python,High,8,2,1,16,7,12,True,0,False,2.375,1,1,0,0,3.55148719
Deployment,Low,Senior,Python,High,11,3,1,22,9,12,True,0,False,2.66666667,1,2,0,0,3.754485
Refactoring,High,Senior,Java,Low,7,5,3,14,7,11,False,0,True,4.65,0,3,1,1,3.54412267
Client Meeting,High,Junior,Go,Medium,6,5,3,12,4,15,False,3,False,4.3,1,2,1,1,2.857842
Feature Dev,Medium,Senior,JavaScript,Critical,12,2,3,24,8,14,False,0,False,2.375,1,1,0,0,4.37882813
Code Review,Medium,Mid,Python,Low,13,4,0,26,8,10,False,0,False,2.375,2,2,0,0,5.61275
Design Review,Medium,Tech Lead,C++,Low,3,2,3,6,8,17,False,0,False,2.375,1,1,0,0,1.78096875
Client Meeting,High,Senior,Go,High,11,4,2,22,4,9,True,1,False,4.0625,1,1,2,0,4.34994958
Testing,High,Tech Lead,JavaScript,Medium,3,3,3,6,4,14,False,3,False,4.16666667,1,1,0,1,1.8042875
Documentation,Medium,Mid,Java,Critical,4,4,2,8,10,17,True,2,False,5.1875,1,0,2,1,1.41787012
Deployment,Medium,Senior,Python,Medium,11,5,2,22,6,10,False,1,True,2.7,3,1,1,0,4.942344
Refactoring,Medium,Mid,C++,High,5,5,0,10,7,9,True,2,False,4.8,1,1,2,1,1.5912666
Design Review,High,Senior,Python,Low,7,3,1,14,10,10,False,2,False,5.0,1,0,1,1,3.070914
Feature Dev,Medium,Mid,C++,High,10,3,0,20,5,17,False,3,False,2.08333333,2,1,0,0,3.853875
Bug Fix,High,Senior,Python,High,12,2,1,24,10,14,True,2,False,2.375,1,1,0,0,5.44314094
Client Meeting,Low,Senior,JavaScript,High,2,2,3,4,6,11,False,3,False,1.5,2,0,0,0,1.356075
Refactoring,Medium,Junior,Other,High,6,2,0,12,10,12,True,1,False,2.375,1,1,0,0,2.31820313
Design Review,Medium,Mid,Java,Low,10,3,2,20,9,15,True,0,True,4.75,0,2,0,1,4.47636853
Testing,Medium,Tech Lead,Go,Critical,9,4,0,18,8,12,True,0,False,4.0625,1,1,2,0,2.70875981
Client Meeting,Medium,Junior,Go,Medium,4,4,2,8,5,10,False,2,False,1.9375,3,1,0,0,2.1065625
Bug Fix,Medium,Senior,Go,High,13,3,0,26,6,13,False,2,False,3.5,1,1,1,0,4.360635
Testing,Medium,Mid,Other,Critical,2,5,0,4,10,18,True,3,False,3.4,1,3,1,0,0.88563668
Deployment,High,Junior,Go,Low,12,2,1,24,7,17,False,1,False,1.5,2,0,0,0,6.505675
Refactoring,High,Junior,Other,Medium,8,5,3,16,6,11,True,0,False,4.8,1,1,2,1,3.3191571
Code Review,Medium,Senior,JavaScript,Critical,11,3,3,22,9,15,False,3,False,1.5,3,0,0,0,4.4869375
Testing,High,Mid,Java,Critical,10,5,2,20,3,11,True,2,False,3.45,2,2,0,1,4.01066072
Documentation,Medium,Senior,Python,Critical,6,3,3,12,9,12,False,3,False,2.66666667,1,2,0,0,2.58825
Design Review,High,Senior,C++,Critical,5,2,1,10,8,18,False,1,False,5.75,0,0,2,0,1.7318325
Deployment,Low,Mid,Go,Critical,3,4,2,6,1,14,False,3,False,3.0625,3,0,0,1,1.28453063
Bug Fix,High,Senior,Go,High,4,2,2,8,4,18,False,2,True,3.625,1,0,1,0,2.06452496
Documentation,Medium,Mid,Go,Critical,5,4,2,10,5,10,False,0,False,1.9375,3,1,0,0,1.96110938
Client Meeting,Low,Mid,Java,Low,6,4,1,12,3,12,False,3,False,1.9375,3,1,0,0,2.87997188
Deployment,Medium,Senior,C++,Medium,4,5,3,8,8,16,False,1,True,2.7,3,1,1,0,2.21375825
Deployment,High,Junior,C++,Low,3,4,2,6,6,10,False,3,False,4.0625,1,1,2,0,1.83619013
Client Meeting,High,Junior,Go,High,8,2,2,16,1,11,False,0,False,2.375,1,1,0,0,3.5148375
Bug Fix,Medium,Senior,JavaScript,Medium,11,5,1,22,6,12,True,2,False,3.45,2,2,0,1,4.39461094
Refactoring,High,Tech Lead,C++,Medium,1,5,1,2,7,11,False,0,False,3.95,2,1,1,1,0.506483
Client Meeting,Low,Senior,C++,Low,9,4,1,18,3,13,True,3,True,2.375,2,2,0,0,4.60024228
Deployment,Medium,Senior,Python,High,7,2,3,14,2,11,True,0,False,3.625,1,0,1,0,2.73705961
Design Review,Low,Senior,Java,Medium,10,4,1,20,9,16,False,0,False,3.9375,1,2,0,1,3.21738281
Bug Fix,Medium,Tech Lead,Python,Low,9,4,1,18,10,18,True,3,False,3.9375,1,2,0,1,4.01336332
Feature Dev,Low,Mid,JavaScript,Critical,9,5,3,18,4,11,False,0,False,1.85,4,1,0,0,3.16002375
Feature Dev,Low,Junior,Java,High,9,4,0,18,9,10,True,2,False,3.9375,1,2,0,1,2.78908481
Design Review,Low,Mid,JavaScript,High,9,2,3,18,4,14,False,2,False,2.375,1,1,0,0,3.43535625
Refactoring,Medium,Junior,Go,Medium,9,5,2,18,8,9,True,1,False,3.45,2,2,0,1,3.700725
Deployment,High,Junior,JavaScript,Medium,2,4,1,4,8,14,True,1,False,4.0625,1,1,2,0,1.03570228
Client Meeting,Medium,Junior,Python,Medium,10,5,3,20,1,10,True,0,False,3.55,2,1,2,0,4.05175838
Deployment,High,Senior,Other,Critical,5,3,2,10,4,16,False,3,False,2.66666667,1,2,0,0,2.38283333
Refactoring,Low,Senior,Go,Medium,11,2,0,22,8,16,False,1,False,2.375,1,1,0,0,3.983875
Bug Fix,High,Tech Lead,Java,Critical,10,4,1,20,8,18,True,0,True,5.1875,1,0,2,1,3.52779591
Testing,Low,Senior,Java,Medium,9,3,3,18,4,15,True,0,False,1.5,3,0,0,0,3.9713625
Testing,Low,Mid,Go,Medium,1,3,0,2,2,14,False,2,False,2.66666667,1,2,0,0,0.54133333
Refactoring,High,Tech Lead,Python,Low,1,5,1,2,2,13,True,0,True,2.55,2,3,0,0,0.75369236
Code Review,Medium,Junior,C++,High,8,2,2,16,9,17,True,3,False,4.5,0,1,1,0,3.04786125
Bug Fix,High,Junior,C++,Medium,10,2,0,20,3,15,True,2,False,2.375,1,1,0,0,4.9455
Testing,Medium,Tech Lead,Python,Low,4,5,3,8,7,13,False,1,False,1.5,5,0,0,0,2.424125
Client Meeting,Medium,Mid,Other,Critical,5,5,1,10,3,9,True,1,False,3.45,2,2,0,1,1.76940914
Bug Fix,High,Junior,Go,Medium,9,2,2,18,3,16,True,0,False,1.5,2,0,0,0,4.77855
Deployment,Medium,Junior,Other,High,12,3,2,24,1,18,True,2,False,3.5,1,1,1,0,4.49387663
Testing,Low,Tech Lead,C++,Medium,9,4,2,18,7,9,False,1,False,3.9375,1,2,0,1,3.12300625
Design Review,Medium,Senior,JavaScript,Critical,2,3,1,4,3,13,True,3,False,2.91666667,2,0,1,0,1.03255742
Documentation,High,Mid,Java,High,11,2,0,22,10,16,False,0,False,2.375,1,1,0,0,4.4686125
Bug Fix,Medium,Mid,Go,Low,9,2,1,18,4,13,True,1,False,1.5,2,0,0,0,4.55791875
Deployment,High,Mid,Go,Medium,5,4,0,10,5,14,False,3,False,3.625,2,0,2,0,2.245425
Client Meeting,High,Senior,Python,Medium,11,4,0,22,5,17,True,1,False,3.625,2,0,2,0,4.67912025
Testing,Medium,Senior,JavaScript,Critical,3,3,2,6,6,18,False,2,False,3.5,1,1,1,0,1.29652625
Code Review,Medium,Senior,Go,High,1,3,1,2,7,9,True,1,True,2.08333333,2,1,0,0,0.67285969
Deployment,Medium,Tech Lead,Go,High,8,4,1,16,5,9,False,3,False,4.5625,1,1,1,1,2.63498063
Feature Dev,Medium,Junior,Go,Medium,12,5,2,24,7,14,False,1,False,2.35,4,0,1,0,4.95573
Documentation,Medium,Tech Lead,C++,Critical,9,2,2,18,8,16,False,3,False,2.375,1,1,0,0,3.5030625
Client Meeting,High,Senior,JavaScript,High,4,3,0,8,6,16,False,0,False,2.08333333,2,1,0,0,1.6491
Documentation,Medium,Junior,Other,Critical,6,2,1,12,10,13,False,0,False,2.375,1,1,0,0,2.12685938
Deployment,Medium,Senior,Java,Medium,10,4,3,20,6,15,True,1,True,4.5,0,2,2,0,4.32244313
Code Review,High,Senior,JavaScript,High,9,5,2,18,1,13,False,1,True,3.9,1,2,2,0,3.82355622
Refactoring,High,Mid,Go,Low,5,3,0,10,1,10,False,1,True,2.66666667,1,2,0,0,2.8072
Bug Fix,High,Mid,JavaScript,Critical,10,4,0,20,7,18,False,0,False,3.875,0,3,1,0,3.43713438
Code Review,High,Senior,JavaScript,Medium,10,5,2,20,9,10,False,0,False,4.25,0,3,2,0,4.087825
Documentation,Medium,Mid,Go,Medium,3,2,1,6,9,15,False,1,False,1.5,2,0,0,0,1.48625
Bug Fix,Medium,Junior,Python,Critical,4,2,1,8,2,11,False,0,False,3.25,0,2,0,0,1.39453125
Client Meeting,Medium,Mid,C++,Critical,7,4,0,14,4,17,True,1,True,2.8125,1,3,0,0,2.73141258
Bug Fix,High,Tech Lead,Java,Low,13,4,3,26,10,13,True,3,True,2.375,2,2,0,0,8.0
Bug Fix,High,Senior,Other,Low,8,5,2,16,8,12,False,3,False,3.05,2,2,1,0,4.3270051
Client Meeting,Low,Mid,Java,High,9,2,2,18,7,15,False,2,False,3.25,0,2,0,0,3.155625
Testing,High,Junior,C++,High,3,5,3,6,3,18,False,3,False,3.05,2,2,1,0,1.76186678
Deployment,Medium,Senior,Java,Medium,5,5,0,10,8,11,True,0,False,3.2,3,0,2,0,1.85556
Refactoring,Low,Mid,Go,Critical,1,2,0,2,8,11,True,0,True,1.5,2,0,0,0,0.5
Client Meeting,Low,Senior,Python,Medium,7,2,2,14,9,17,False,0,False,1.5,2,0,0,0,2.8905
Client Meeting,Medium,Mid,Other,Medium,6,2,3,12,10,9,False,0,False,2.375,1,1,0,0,2.7965625
Client Meeting,Medium,Senior,Java,High,7,4,3,14,6,15,False,2,False,3.4375,1,2,1,0,2.79537328
Testing,Low,Junior,Go,Low,9,3,0,18,9,13,True,1,False,4.16666667,1,1,0,1,3.26779337
Refactoring,Medium,Tech Lead,Go,Critical,1,3,3,2,7,13,False,1,False,4.33333333,1,0,2,0,0.67049417
Deployment,High,Tech Lead,C++,High,12,2,2,24,4,9,True,2,False,2.375,1,1,0,0,5.58223313
Refactoring,High,Junior,JavaScript,Low,10,5,2,20,8,12,True,0,False,2.55,2,3,0,0,5.50386375
Code Review,High,Tech Lead,Other,Low,4,4,0,8,10,16,False,1,False,5.625,0,1,2,1,1.614371
Deployment,Medium,Junior,Other,High,4,3,1,8,3,10,True,3,False,3.25,0,3,0,0,1.81617188
Design Review,High,Senior,Other,Medium,13,5,0,26,1,12,False,2,True,2.9,1,4,0,0,6.49209
Deployment,High,Senior,Python,Low,3,2,1,6,8,18,True,0,False,2.375,1,1,0,0,1.73401594
Documentation,High,Senior,Python,Critical,5,2,0,10,10,12,False,3,True,2.375,1,1,0,0,2.38541875
Code Review,Medium,Senior,Other,Medium,7,3,0,14,5,15,False,2,True,4.75,0,2,0,1,2.7039375
Code Review,High,Tech Lead,JavaScript,High,7,4,1,14,9,11,False,1,False,2.8125,1,3,0,0,2.99612812
Testing,High,Junior,JavaScript,Critical,10,2,0,20,5,17,True,0,False,2.375,1,1,0,0,4.02852188
Design Review,High,Senior,Python,High,12,3,2,24,10,11,True,2,False,5.0,1,0,1,1,4.4487198
Documentation,High,Senior,Python,Medium,7,3,3,14,8,14,True,1,False,2.91666667,2,0,1,0,3.66375669
Testing,Medium,Mid,Python,High,5,5,1,10,2,17,True,3,True,4.45,2,0,2,1,1.98896761
Design Review,High,Mid,Other,Critical,7,4,1,14,10,9,False,2,False,3.625,2,0,2,0,2.62067006
Code Review,Low,Tech Lead,Go,Medium,1,2,3,2,4,15,False,3,False,3.25,0,2,0,0,1.040625
Deployment,High,Mid,Other,Critical,10,2,1,20,6,17,False,3,False,1.5,2,0,0,0,4.3998125
Testing,Medium,Junior,Other,Critical,9,5,3,18,5,10,False,3,False,4.15,0,4,0,1,3.13501781
Deployment,High,Junior,Other,Critical,6,4,3,12,2,14,False,3,False,4.125,2,0,1,1,2.45318288
Refactoring,High,Mid,Java,Critical,2,4,0,4,9,9,True,0,True,3.625,2,0,2,0,0.78003474
Refactoring,Medium,Senior,C++,Low,11,3,3,22,7,15,False,1,False,2.08333333,2,1,0,0,5.4223125
Client Meeting,High,Tech Lead,C++,High,11,2,1,22,9,12,True,3,False,2.375,1,1,0,0,5.10931969
Design Review,Medium,Junior,Other,Critical,5,2,3,10,4,16,False,3,False,2.375,1,1,0,0,2.29367188
Documentation,Medium,Tech Lead,C++,Low,8,5,2,16,10,16,True,1,True,3.4,1,3,1,0,4.12602498
Refactoring,Medium,Junior,Go,Medium,5,4,2,10,6,11,True,0,False,5.0,0,2,1,1,1.88853
Feature Dev,Medium,Tech Lead,Other,Critical,11,2,2,22,8,16,False,3,True,1.5,2,0,0,0,4.791875
Refactoring,High,Tech Lead,Go,Critical,10,3,0,20,2,11,False,0,False,5.58333333,0,1,1,1,3.05762
Design Review,Low,Tech Lead,Other,Low,8,3,1,16,5,11,True,0,False,2.66666667,1,2,0,0,3.382995
Documentation,High,Junior,Java,High,3,5,3,6,7,13,True,1,False,3.95,2,1,1,1,1.51434266
Documentation,High,Mid,Python,High,3,2,1,6,2,13,True,3,False,3.625,1,0,1,0,1.5411751
Code Review,Low,Mid,C++,Critical,4,2,0,8,2,9,False,3,False,2.375,1,1,0,0,1.45126875
Bug Fix,Low,Tech Lead,Java,Low,4,5,0,8,9,10,True,2,False,2.75,4,0,0,1,1.73200913
Bug Fix,High,Mid,JavaScript,Critical,6,4,3,12,5,12,False,2,True,4.5625,1,1,1,1,2.55745524
Bug Fix,Medium,Senior,C++,Medium,2,5,2,4,9,16,True,2,True,3.05,2,2,1,0,1.37999111
Bug Fix,Low,Junior,JavaScript,Critical,2,2,2,4,2,13,False,2,False,2.375,1,1,0,0,1.01755625
Refactoring,High,Tech Lead,C++,Medium,5,3,1,10,5,17,True,2,False,2.66666667,1,2,0,0,2.68975
Refactoring,High,Junior,Go,Medium,5,2,0,10,10,13,True,3,False,4.5,0,1,1,0,2.3170875
Feature Dev,High,Tech Lead,Python,Low,8,3,3,16,1,12,False,3,False,3.58333333,2,0,0,1,4.26285979
Bug Fix,High,Senior,Go,Medium,3,5,1,6,6,9,False,1,False,3.55,2,1,2,0,1.4134545
Testing,Medium,Senior,C++,Medium,5,5,2,10,10,9,True,2,False,4.8,1,1,2,1,2.009175
Refactoring,High,Junior,Java,Low,3,2,0,6,9,13,False,1,False,2.375,1,1,0,0,1.597475
Feature Dev,Medium,Junior,Other,Low,1,5,1,2,4,15,True,2,False,3.95,2,1,1,1,0.71924738
Documentation,Low,Tech Lead,Java,Low,3,2,2,6,9,13,True,0,False,2.375,1,1,0,0,1.56401438
Documentation,Medium,Junior,Python,High,3,4,0,6,7,15,True,1,True,1.9375,3,1,0,0,1.35557297
Bug Fix,High,Senior,JavaScript,High,2,3,1,4,1,18,False,2,True,3.58333333,2,0,0,1,1.09987556
Documentation,High,Senior,Java,Medium,3,4,3,6,2,18,True,3,False,4.0625,1,1,2,0,1.88550928
Bug Fix,High,Mid,Java,High,3,2,2,6,3,13,True,3,False,3.625,1,0,1,0,1.66750093
Design Review,Low,Tech Lead,Go,Low,13,5,3,26,1,14,True,0,False,3.45,2,2,0,1,5.22079779
Feature Dev,Medium,Junior,Go,Medium,5,3,2,10,4,10,False,1,False,4.16666667,1,1,0,1,2.033
Refactoring,Low,Senior,Go,High,10,5,1,20,4,11,False,1,False,3.1,3,1,0,1,3.11070375
Bug Fix,High,Mid,Other,Critical,2,2,0,4,8,17,False,0,True,3.625,1,0,1,0,0.76659949
Refactoring,High,Tech Lead,Go,Critical,2,3,2,4,10,18,True,3,False,5.0,1,0,1,1,1.0608612
Feature Dev,Low,Junior,Other,Medium,7,2,3,14,9,12,False,1,False,2.375,1,1,0,0,3.0124375
Design Review,High,Mid,C++,Critical,11,3,1,22,5,18,True,3,False,2.08333333,2,1,0,0,4.89718469
Refactoring,Low,Junior,JavaScript,High,9,2,2,18,5,9,False,1,False,3.25,0,2,0,0,3.07125
Client Meeting,High,Senior,JavaScript,Medium,2,2,2,4,10,13,True,3,False,4.5,0,1,1,0,1.354605
Client Meeting,Medium,Junior,Java,High,9,4,1,18,4,18,True,2,True,3.4375,1,2,1,0,3.69657732
Bug Fix,High,Tech Lead,Java,Medium,8,2,1,16,2,14,True,0,False,1.5,2,0,0,0,4.1220375
Bug Fix,High,Tech Lead,Other,High,6,4,0,12,4,15,False,2,False,3.5,2,1,0,1,2.34099
Code Review,Medium,Junior,Other,High,12,3,0,24,3,14,False,3,True,3.58333333,2,0,0,1,4.41682313
Deployment,Low,Tech Lead,JavaScript,Low,10,4,3,20,1,12,False,1,False,2.8125,1,3,0,0,4.37954688
Feature Dev,Medium,Mid,JavaScript,Low,6,5,1,12,7,14,False,0,False,2.35,4,0,1,0,2.67323513
Deployment,High,Senior,Python,Critical,1,3,3,2,7,15,False,1,False,4.75,0,2,0,1,0.70343344
Design Review,Medium,Senior,Go,Low,3,3,2,6,1,15,True,3,False,4.33333333,1,0,2,0,1.726263
Testing,Medium,Junior,JavaScript,High,12,5,3,24,7,18,True,0,False,3.1,3,1,0,1,4.45396219
Bug Fix,High,Senior,C++,Low,9,3,3,18,7,9,True,3,True,2.08333333,2,1,0,0,6.18685856
Documentation,Medium,Mid,Python,Low,6,2,1,12,6,15,True,1,True,2.375,1,1,0,0,3.30369703
Client Meeting,High,Mid,Python,Critical,2,4,3,4,8,9,True,1,False,3.5,2,1,0,1,1.15289803
Client Meeting,High,Junior,JavaScript,High,13,2,3,26,6,15,False,3,False,2.375,1,1,0,0,5.94343125
Refactoring,High,Mid,Python,Critical,10,4,2,20,8,15,False,2,True,3.0,2,1,1,0,4.39417275
Deployment,Medium,Junior,JavaScript,Low,9,2,1,18,6,13,True,3,False,5.75,0,0,2,0,3.73752225
Client Meeting,High,Junior,Python,Critical,12,3,3,24,2,14,True,0,False,3.5,1,1,1,0,4.78074988
Documentation,Medium,Senior,JavaScript,Low,4,4,1,8,5,10,True,1,False,4.125,2,0,1,1,1.75694269
Client Meeting,Medium,Mid,Python,High,2,2,1,4,9,11,False,1,False,2.375,1,1,0,0,0.92728125
Feature Dev,Medium,Tech Lead,JavaScript,High,13,4,2,26,7,9,True,3,False,3.0,2,1,1,0,5.0507415
Design Review,High,Senior,C++,Medium,6,4,1,12,9,10,False,3,True,3.0,2,1,1,0,3.2538165
Client Meeting,Medium,Junior,Python,Low,8,5,2,16,3,10,True,2,False,2.55,2,3,0,0,4.15597875
Client Meeting,Medium,Mid,Go,High,7,4,0,14,10,15,False,1,False,3.875,0,3,1,0,2.29435313
Bug Fix,Medium,Mid,JavaScript,Low,4,4,3,8,1,11,False,3,False,2.8125,1,3,0,0,2.47998438
Client Meeting,Medium,Mid,Go,High,1,2,3,2,1,10,False,1,True,3.625,1,0,1,0,0.83816184
Bug Fix,Medium,Junior,Python,Medium,10,4,0,20,3,14,False,1,True,1.9375,3,1,0,0,4.52409375
Code Review,Low,Junior,Go,Critical,10,3,2,20,9,11,True,0,False,2.08333333,2,1,0,0,3.46624688
Code Review,Low,Junior,Go,Critical,10,4,0,20,3,17,True,3,False,1.9375,3,1,0,0,3.49162734
Bug Fix,Low,Junior,Other,Low,1,3,0,2,4,11,True,2,False,3.58333333,2,0,0,1,0.56581525
Feature Dev,Low,Tech Lead,Java,Medium,11,4,3,22,8,10,True,1,True,2.8125,1,3,0,0,4.99743234
Code Review,High,Senior,Other,Critical,2,5,3,4,5,9,False,2,False,3.9,1,2,2,0,1.13525915
Client Meeting,Low,Mid,JavaScript,High,5,5,2,10,3,14,False,3,False,2.2,3,2,0,0,2.1384
Testing,Medium,Tech Lead,Go,High,11,5,2,22,9,11,True,2,False,4.8,1,1,2,1,3.5441847
Design Review,Medium,Junior,Other,Low,13,5,1,26,5,15,False,2,False,2.55,2,3,0,0,5.9371125
Bug Fix,Medium,Mid,Other,Medium,5,5,3,10,10,17,False,3,True,3.05,2,2,1,0,2.78020188
Bug Fix,Low,Mid,C++,Medium,9,5,2,18,8,10,True,3,False,3.8,1,3,0,1,3.485664
Design Review,High,Tech Lead,Go,Critical,9,4,2,18,9,13,False,3,True,2.375,2,2,0,0,4.34880187
Refactoring,Medium,Mid,C++,Medium,9,5,2,18,5,17,False,3,False,2.35,4,0,1,0,4.002705
Feature Dev,Medium,Mid,Python,Low,9,3,1,18,1,15,True,3,False,4.91666667,0,1,2,0,3.75584344
Documentation,Medium,Tech Lead,Go,Low,6,2,2,12,1,12,False,2,False,3.625,1,0,1,0,2.84288813
Bug Fix,High,Senior,Python,Medium,10,4,1,20,7,11,False,3,False,3.5,2,1,0,1,4.4376875
Testing,High,Junior,Python,High,8,4,2,16,1,17,True,1,True,3.9375,1,2,0,1,3.63878274
Design Review,Low,Senior,Python,Critical,8,3,3,16,8,11,True,2,False,2.66666667,1,2,0,0,3.0455075
Client Meeting,Low,Junior,Go,High,1,3,0,2,7,15,True,1,False,1.5,3,0,0,0,0.5
Testing,Medium,Tech Lead,C++,Low,6,5,3,12,2,17,True,3,True,2.75,4,0,0,1,3.65939733
Design Review,Medium,Mid,Java,High,3,3,3,6,5,17,False,1,True,3.25,0,3,0,0,1.62421875
Deployment,High,Mid,Java,Low,12,5,3,24,7,14,False,3,False,4.8,1,1,2,1,5.2789638
Design Review,High,Junior,Go,Low,6,5,2,12,7,15,True,2,False,3.95,2,1,1,1,3.12632859
Documentation,Medium,Junior,Java,Medium,4,3,2,8,8,12,True,1,False,5.0,1,0,1,1,1.6422
Feature Dev,Low,Junior,JavaScript,Low,4,5,2,8,8,12,True,1,False,2.55,2,3,0,0,2.066757
Feature Dev,High,Tech Lead,Go,High,1,3,1,2,3,9,True,3,False,2.66666667,1,2,0,0,0.831285
Documentation,Medium,Tech Lead,C++,High,2,4,3,4,7,12,False,1,True,3.5,2,1,0,1,1.17444938
Bug Fix,High,Tech Lead,Go,Low,3,5,1,6,6,14,False,3,False,3.55,2,1,2,0,1.74557295
Feature Dev,Medium,Tech Lead,JavaScript,Medium,10,3,1,20,5,15,True,1,False,2.91666667,2,0,1,0,4.13022969
Deployment,Medium,Senior,Java,High,4,2,1,8,10,13,True,0,False,3.25,0,2,0,0,1.55039062
Client Meeting,Low,Mid,Go,Low,12,2,2,24,3,18,False,1,False,3.25,0,2,0,0,4.8675
Deployment,Medium,Tech Lead,JavaScript,High,12,5,1,24,1,11,False,2,False,3.45,2,2,0,1,4.08401438
Bug Fix,Medium,Junior,Python,Low,7,5,2,14,1,16,False,2,False,4.15,0,4,0,1,3.07778625
Code Review,Medium,Junior,C++,Critical,13,5,3,26,2,11,True,2,False,3.55,2,1,2,0,4.52749854
Client Meeting,Medium,Tech Lead,C++,Critical,3,3,1,6,4,9,False,3,False,3.5,1,1,1,0,1.25839312
Testing,Medium,Tech Lead,C++,Critical,5,5,2,10,5,10,False,2,True,3.55,2,1,2,0,2.02696312
Deployment,High,Tech Lead,JavaScript,Low,11,2,1,22,7,14,True,1,False,2.375,1,1,0,0,6.01805531
Code Review,Medium,Senior,Python,Critical,3,5,3,6,4,17,True,3,True,3.4,1,3,1,0,1.72699152
Client Meeting,Low,Junior,Java,Low,5,2,3,10,9,17,False,3,False,1.5,2,0,0,0,2.875125
Deployment,High,Mid,C++,Low,6,3,3,12,10,15,False,3,True,2.91666667,2,0,1,0,3.93086801
Code Review,High,Junior,JavaScript,Low,13,2,3,26,9,18,False,2,False,1.5,2,0,0,0,7.475325
Bug Fix,Medium,Mid,Python,High,3,2,1,6,10,17,False,2,False,2.375,1,1,0,0,1.36884375
Code Review,Medium,Junior,Java,Low,6,5,2,12,8,13,False,0,False,4.8,1,1,2,1,2.273238
Design Review,High,Mid,Python,High,4,3,1,8,5,12,False,0,False,3.5,1,1,1,0,1.60697475
Testing,Medium,Senior,Other,High,13,5,0,26,2,10,False,3,False,3.05,2,2,1,0,4.54942125
Design Review,Medium,Senior,Go,Medium,3,3,0,6,6,10,False,2,False,2.91666667,2,0,1,0,1.29575833
Client Meeting,Low,Tech Lead,Other,Critical,3,2,3,6,5,13,True,3,True,2.375,1,1,0,0,1.7629162
Documentation,Medium,Senior,Other,High,8,4,0,16,1,17,False,1,False,4.125,2,0,1,1,2.4420825
Deployment,Medium,Mid,JavaScript,Medium,8,5,2,16,4,17,False,0,False,4.3,1,2,1,1,2.8497
Deployment,Medium,Junior,Python,High,6,2,3,12,6,17,False,0,False,3.25,0,2,0,0,2.4046875
Code Review,Low,Mid,Other,Critical,3,5,1,6,6,11,True,1,False,2.55,2,3,0,0,1.15438181
Documentation,Medium,Senior,JavaScript,Medium,7,5,2,14,2,10,False,0,False,4.45,2,0,2,1,2.4210225
Deployment,Medium,Tech Lead,Go,High,10,5,0,20,10,15,True,2,False,3.05,2,2,1,0,3.64780868
Client Meeting,High,Junior,Java,Critical,13,2,3,26,6,10,False,2,False,4.5,0,1,1,0,4.78313062
Testing,Medium,Tech Lead,C++,Critical,7,2,0,14,9,12,True,2,True,1.5,2,0,0,0,3.01888125
Code Review,Medium,Junior,Go,Critical,5,2,3,10,2,9,False,3,False,1.5,2,0,0,0,2.3959375
Deployment,High,Tech Lead,JavaScript,Low,4,2,2,8,8,11,False,0,False,2.375,1,1,0,0,2.3098625
Documentation,High,Mid,JavaScript,Critical,13,4,1,26,6,10,False,0,False,4.5625,1,1,1,1,4.17947231
Feature Dev,High,Junior,C++,Low,11,2,3,22,2,13,False,3,False,1.5,2,0,0,0,6.550775
Deployment,High,Tech Lead,C++,Critical,13,4,2,26,10,11,True,0,False,2.375,2,2,0,0,5.49980812
Deployment,Medium,Mid,Go,Medium,6,2,2,12,3,16,False,1,True,2.375,1,1,0,0,3.02225
Bug Fix,Low,Junior,Go,Critical,12,4,2,24,5,12,False,1,False,2.375,2,2,0,0,3.936775
Refactoring,Low,Senior,Go,Low,2,4,1,4,4,14,False,1,False,3.25,0,4,0,0,1.0003125
Testing,Low,Mid,JavaScript,Low,5,4,0,10,2,16,True,2,True,3.5,2,1,0,1,2.23290375
Design Review,Medium,Tech Lead,JavaScript,Medium,10,3,1,20,7,9,False,1,True,3.5,1,1,1,0,4.19464375
Documentation,Medium,Senior,C++,Medium,2,5,0,4,9,17,False,2,False,3.05,2,2,1,0,0.919075
Refactoring,Medium,Junior,Other,Critical,10,4,1,20,7,17,False,1,False,1.5,4,0,0,0,3.7028125
Testing,Low,Senior,Python,High,8,2,1,16,2,15,False,3,False,1.5,2,0,0,0,3.071925
Client Meeting,High,Mid,JavaScript,Medium,1,2,3,2,10,13,True,3,False,2.375,1,1,0,0,1.24667813
Feature Dev,Low,Tech Lead,Python,Medium,2,2,2,4,7,9,True,1,False,2.375,1,1,0,0,1.15395
Deployment,Medium,Junior,C++,Low,13,5,2,26,10,17,True,0,True,3.6,3,0,1,1,5.9144316
Client Meeting,Low,Senior,Other,Low,11,3,1,22,4,12,False,2,False,2.08333333,2,1,0,0,4.72124583
Code Review,Low,Mid,JavaScript,Low,10,2,2,20,3,13,True,0,False,2.375,1,1,0,0,4.42004063
Bug Fix,Medium,Mid,Java,High,4,3,2,8,6,15,True,2,False,2.08333333,2,1,0,0,1.97623125
Design Review,Low,Senior,Java,Low,7,4,1,14,10,11,False,2,True,2.375,2,2,0,0,3.40758688
Code Review,High,Tech Lead,Python,High,6,4,1,12,4,10,False,0,True,4.0625,1,1,2,0,2.42877876
Refactoring,Medium,Senior,JavaScript,Critical,4,2,0,8,3,14,False,0,False,4.5,0,1,1,0,1.1543
Documentation,High,Senior,Python,Low,11,4,1,22,3,9,False,1,False,3.9375,1,2,0,1,5.01139547
Feature Dev,Medium,Senior,Java,Low,9,4,0,18,6,12,False,1,False,3.4375,1,2,1,0,3.66414469
Design Review,Medium,Junior,C++,Low,4,3,1,8,2,18,False,2,False,4.08333333,0,2,1,0,1.86391563
Feature Dev,High,Tech Lead,Python,Medium,10,4,2,20,3,16,False,1,True,3.4375,1,2,1,0,4.95154688
Deployment,High,Senior,Python,High,2,3,2,4,5,17,False,3,False,3.5,1,1,1,0,1.227438
Deployment,Medium,Tech Lead,JavaScript,High,8,4,3,16,8,11,False,1,True,4.0625,1,1,2,0,3.12986953
Design Review,Low,Tech Lead,Other,Critical,13,3,0,26,10,14,True,1,False,1.5,3,0,0,0,4.37280375
Code Review,Medium,Mid,JavaScript,Medium,3,5,1,6,9,17,True,2,False,3.9,1,2,2,0,1.38451425
Bug Fix,Low,Senior,JavaScript,Medium,5,2,0,10,1,18,False,1,False,3.25,0,2,0,0,1.78125
Deployment,High,Junior,Java,Medium,3,4,1,6,7,10,False,0,False,4.5625,1,1,1,1,1.22725125
Refactoring,Medium,Senior,Other,Low,6,5,2,12,2,15,True,1,True,3.9,1,2,2,0,3.02628018
Code Review,Medium,Tech Lead,Java,Medium,3,4,3,6,3,11,True,3,False,2.375,2,2,0,0,2.00910938
Design Review,Medium,Mid,Python,Critical,10,5,2,20,8,10,True,3,True,2.2,3,2,0,0,4.4708895
Design Review,Medium,Junior,Go,High,4,2,0,8,3,12,True,0,True,3.25,0,2,0,0,1.55925
Deployment,High,Senior,Python,High,4,3,3,8,4,12,False,1,False,2.66666667,1,2,0,0,2.0793
Code Review,Medium,Mid,Java,High,3,2,2,6,7,17,False,0,False,2.375,1,1,0,0,1.3246875
Code Review,Medium,Junior,Java,Critical,3,5,1,6,10,18,False,1,False,3.55,2,1,2,0,1.06876238
Bug Fix,Medium,Mid,Other,Critical,1,3,1,2,8,9,False,2,True,4.16666667,1,1,0,1,0.59401719
Refactoring,Medium,Tech Lead,Go,Low,12,3,2,24,7,11,True,3,True,4.08333333,0,2,1,0,5.96166244
Refactoring,Medium,Senior,Python,Low,4,3,1,8,1,17,True,3,False,2.08333333,2,1,0,0,2.35788438
Client Meeting,Low,Mid,JavaScript,High,9,2,2,18,2,17,False,0,False,1.5,2,0,0,0,3.26565
Testing,Medium,Mid,Python,High,5,4,2,10,9,13,True,2,False,3.0,2,1,1,0,2.17704375
Bug Fix,Medium,Tech Lead,JavaScript,Medium,2,2,3,4,8,14,True,1,False,3.625,1,0,1,0,1.26325828
Bug Fix,Medium,Junior,Java,Critical,2,3,2,4,9,13,True,0,False,4.33333333,1,0,2,0,0.81517975
Refactoring,Medium,Junior,Java,High,10,4,1,20,6,12,False,2,False,2.375,2,2,0,0,3.84159375
Feature Dev,Medium,Tech Lead,Java,Medium,7,3,1,14,5,9,False,2,False,4.16666667,1,1,0,1,2.6683125
Bug Fix,High,Senior,Python,Medium,3,3,2,6,10,14,False,3,False,2.66666667,1,2,0,0,1.914
Refactoring,Medium,Tech Lead,Java,Low,6,3,3,12,7,9,True,2,False,4.33333333,1,0,2,0,2.92505675
Bug Fix,Low,Senior,Other,Medium,7,4,0,14,3,12,True,1,False,1.9375,3,1,0,0,2.75959688
Design Review,High,Senior,Python,Medium,7,5,2,14,7,12,False,0,True,3.9,1,2,2,0,3.2939104
Documentation,High,Tech Lead,Java,Low,12,3,0,24,7,14,False,3,True,3.5,1,1,1,0,6.31861395
Bug Fix,Medium,Junior,Python,Medium,12,5,2,24,9,17,False,0,False,4.45,2,0,2,1,3.9829725
Client Meeting,High,Junior,Go,Critical,5,2,1,10,1,13,False,0,False,4.5,0,1,1,0,1.76752188
Deployment,High,Mid,Go,Low,11,5,2,22,5,15,False,1,True,3.05,2,2,1,0,6.0719609
Refactoring,Low,Senior,JavaScript,Medium,12,4,3,24,8,16,True,1,True,3.9375,1,2,0,1,4.82594552
Deployment,High,Junior,C++,High,9,2,3,18,5,16,False,0,False,2.375,1,1,0,0,4.05354375
Bug Fix,High,Senior,C++,High,1,4,3,2,7,12,False,1,False,2.375,2,2,0,0,0.89195625
Design Review,Medium,Senior,Python,High,3,2,0,6,7,17,False,3,True,1.5,2,0,0,0,1.522125
Client Meeting,Low,Junior,Python,High,10,5,1,20,9,18,False,2,True,3.45,2,2,0,1,3.44563931
Code Review,Medium,Senior,C++,High,13,5,0,26,4,16,False,1,False,3.9,1,2,2,0,4.057839
Bug Fix,Medium,Senior,C++,Low,8,4,3,16,6,9,True,3,True,3.4375,1,2,1,0,4.51803895
Code Review,High,Mid,JavaScript,Low,13,2,2,26,8,16,True,1,False,3.625,1,0,1,0,6.56707157
Client Meeting,High,Tech Lead,JavaScript,Low,3,5,1,6,1,10,False,0,False,3.45,2,2,0,1,1.48293338
Code Review,Medium,Mid,JavaScript,High,5,4,3,10,10,16,True,3,False,1.9375,3,1,0,0,2.60687109
Client Meeting,High,Mid,C++,Critical,3,4,0,6,5,16,False,1,False,3.4375,1,2,1,0,1.13255381
Bug Fix,Low,Mid,JavaScript,Critical,12,5,3,24,9,13,True,0,False,3.1,3,1,0,1,3.82192374
Deployment,Medium,Tech Lead,Go,High,13,3,3,26,8,17,True,0,True,5.58333333,0,1,1,1,4.59282285
Refactoring,High,Senior,Python,Medium,9,3,1,18,2,15,True,1,False,3.5,1,1,1,0,4.13587387
Refactoring,Medium,Tech Lead,Python,High,3,3,1,6,6,14,False,0,True,4.91666667,0,1,2,0,1.07309812
Deployment,Medium,Junior,Java,Critical,3,5,3,6,4,10,False,3,True,3.1,3,1,0,1,1.63682269
Testing,Medium,Tech Lead,C++,Low,3,2,1,6,6,16,True,3,False,2.375,1,1,0,0,1.87001719
Testing,High,Junior,JavaScript,High,13,3,2,26,10,14,True,1,False,3.5,1,1,1,0,5.40960998
Documentation,Medium,Mid,Other,Low,1,2,1,2,3,12,True,0,True,2.375,1,1,0,0,0.68567297
Deployment,Medium,Senior,JavaScript,Low,1,3,1,2,10,13,True,1,False,4.33333333,1,0,2,0,0.62337275
Bug Fix,Medium,Mid,C++,Critical,11,3,3,22,9,14,False,1,False,3.25,0,3,0,0,3.94453125
Deployment,Medium,Mid,Go,Critical,2,5,3,4,4,14,True,1,False,2.9,1,4,0,0,1.15065563
Client Meeting,High,Tech Lead,Other,Medium,7,4,2,14,4,16,False,1,False,3.4375,1,2,1,0,3.25901813
Code Review,Low,Tech Lead,C++,Low,8,5,2,16,8,18,False,1,True,2.9,1,4,0,0,3.790204
Feature Dev,Medium,Tech Lead,Go,Medium,10,3,2,20,1,17,True,2,False,2.66666667,1,2,0,0,4.5675
Refactoring,Low,Mid,C++,Critical,4,2,0,8,7,15,True,0,False,3.25,0,2,0,0,1.204875
Refactoring,High,Tech Lead,Java,High,10,3,2,20,8,15,True,2,False,4.33333333,1,0,2,0,4.0017915
Bug Fix,Medium,Junior,Go,Critical,11,3,1,22,4,16,False,2,False,4.16666667,1,1,0,1,3.42009896
Client Meeting,High,Mid,Other,Critical,6,2,1,12,3,17,False,1,False,2.375,1,1,0,0,2.51052812
Documentation,Medium,Mid,Python,Low,1,4,0,2,5,18,True,0,False,2.375,2,2,0,0,0.5
Client Meeting,Medium,Mid,Go,Medium,6,4,3,12,6,14,False,1,False,1.9375,3,1,0,0,2.95921875
Design Review,High,Tech Lead,Java,Low,5,4,3,10,10,17,False,2,False,5.625,0,1,2,1,2.4548425
Feature Dev,Medium,Junior,C++,Critical,10,4,1,20,2,16,False,0,True,4.125,2,0,1,1,3.19053556
Design Review,High,Junior,Python,Low,3,3,1,6,6,17,True,2,True,4.16666667,1,1,0,1,1.86185952
Feature Dev,Medium,Tech Lead,JavaScript,Critical,1,5,3,2,3,16,False,1,False,3.95,2,1,1,1,0.67046725
Bug Fix,Medium,Senior,Python,High,7,5,2,14,7,17,True,2,False,3.55,2,1,2,0,2.70420728
Feature Dev,High,Senior,Python,High,6,4,0,12,9,17,False,0,True,2.375,2,2,0,0,2.6811675
Design Review,High,Senior,Other,Medium,3,4,1,6,6,13,True,0,False,4.5625,1,1,1,1,1.28861381
Code Review,Medium,Junior,Java,High,3,2,1,6,6,12,False,3,False,1.5,2,0,0,0,1.522125
Deployment,Medium,Junior,Java,Critical,6,5,1,12,7,12,False,0,False,2.2,3,2,0,0,2.145825
Refactoring,Medium,Mid,C++,Critical,6,5,1,12,5,18,True,2,False,3.1,3,1,0,1,2.20341516
Bug Fix,High,Senior,Python,Medium,1,2,1,2,9,11,True,2,False,1.5,2,0,0,0,0.8717625
Design Review,High,Mid,Go,Medium,4,3,0,8,2,14,True,1,False,4.75,0,2,0,1,1.66906688
Design Review,Medium,Tech Lead,Python,Low,1,3,0,2,3,14,True,2,False,3.5,1,1,1,0,0.62179425
Bug Fix,Low,Mid,Java,Critical,13,2,1,26,3,18,False,2,False,2.375,1,1,0,0,4.19533438
Deployment,Medium,Senior,Go,Critical,7,2,1,14,2,15,False,1,False,5.75,0,0,2,0,2.0714075
Deployment,Low,Junior,Java,High,6,3,2,12,9,10,False,0,True,1.5,3,0,0,0,2.496285
Testing,High,Tech Lead,C++,Critical,2,3,3,4,2,18,True,2,True,3.5,1,1,1,0,1.38297404
Design Review,Low,Junior,Python,Critical,8,2,1,16,1,14,True,2,False,3.25,0,2,0,0,2.70260156
Refactoring,High,Mid,C++,Critical,7,2,0,14,4,15,False,1,True,2.375,1,1,0,0,3.04599625
Documentation,High,Mid,Java,Medium,6,2,2,12,3,16,True,1,True,3.25,0,2,0,0,3.4216875
Code Review,Medium,Senior,Python,Medium,4,2,3,8,5,18,False,3,False,4.5,0,1,1,0,1.9945625
Deployment,Medium,Junior,Go,High,6,2,1,12,1,12,False,2,False,2.375,1,1,0,0,2.42859375
Code Review,Medium,Senior,Python,High,8,3,2,16,1,18,False,3,False,2.91666667,2,0,1,0,3.1653525
Design Review,High,Mid,C++,Low,2,5,3,4,8,14,False,3,False,4.3,1,2,1,1,1.4956854
Client Meeting,Low,Senior,Other,Low,12,4,1,24,8,9,True,3,True,3.5,2,1,0,1,5.32547544
Documentation,Medium,Mid,C++,High,8,4,1,16,2,10,True,2,False,1.9375,3,1,0,0,3.36523359
Feature Dev,High,Senior,JavaScript,Low,11,5,2,22,3,12,False,1,False,4.3,1,2,1,1,4.8900852
Refactoring,Medium,Mid,Other,Critical,11,3,1,22,9,16,True,0,False,2.66666667,1,2,0,0,3.9255125
Bug Fix,Medium,Senior,Java,Medium,12,4,1,24,2,15,False,2,True,3.0,2,1,1,0,5.2202975
Testing,Low,Mid,JavaScript,Medium,10,4,2,20,9,18,False,3,False,3.5,2,1,0,1,3.69075
Bug Fix,High,Mid,Go,Low,12,3,2,24,5,12,True,1,False,4.91666667,0,1,2,0,5.490023
Testing,Low,Junior,Python,Medium,3,3,0,6,6,12,False,2,True,2.66666667,1,2,0,0,1.36106667
Feature Dev,Medium,Senior,Other,Medium,13,3,3,26,2,15,False,1,True,3.5,1,1,1,0,5.67510625
Deployment,Low,Junior,Other,Critical,13,2,2,26,9,12,False,0,False,2.375,1,1,0,0,4.15363125
Documentation,Medium,Mid,JavaScript,High,2,4,0,4,5,12,True,2,False,3.5,2,1,0,1,0.83041875
Design Review,Medium,Mid,Python,Low,4,2,0,8,10,14,False,1,False,2.375,1,1,0,0,1.8349375
Design Review,High,Tech Lead,Python,Critical,5,5,3,10,5,16,True,1,False,3.05,2,2,1,0,2.33778215
Testing,Medium,Mid,Java,Critical,1,4,0,2,3,18,True,0,True,2.5625,3,0,1,0,0.5
Design Review,Medium,Tech Lead,JavaScript,Critical,10,2,1,20,6,16,False,0,True,2.375,1,1,0,0,3.80749531
Design Review,Medium,Junior,Java,High,10,2,3,20,1,14,True,3,False,1.5,2,0,0,0,4.60096875
Client Meeting,Medium,Tech Lead,Other,High,9,4,2,18,10,12,True,3,False,2.375,2,2,0,0,3.89458125
Testing,Medium,Senior,Python,High,10,3,2,20,5,12,True,1,True,2.91666667,2,0,1,0,4.23324247
Deployment,Medium,Junior,Python,High,2,4,1,4,8,17,True,1,True,4.125,2,0,1,1,0.89746532
Testing,Low,Tech Lead,C++,Low,5,2,2,10,4,11,True,2,False,1.5,2,0,0,0,2.7229125
Feature Dev,High,Junior,C++,High,2,3,1,4,10,9,True,0,False,3.5,1,1,1,0,0.90725434
Feature Dev,High,Tech Lead,Python,Critical,6,3,1,12,8,15,False,1,False,2.66666667,1,2,0,0,2.47321667
Code Review,High,Junior,Other,High,7,2,1,14,3,9,False,0,False,5.75,0,0,2,0,2.423367
Testing,High,Tech Lead,Java,Low,3,2,1,6,10,10,True,2,False,1.5,2,0,0,0,2.04810375
Feature Dev,Medium,Senior,Python,Medium,2,3,1,4,5,13,True,2,False,3.5,1,1,1,0,1.08342938
Refactoring,High,Mid,Python,High,2,5,3,4,4,13,True,2,False,3.9,1,2,2,0,1.26214105
Design Review,Medium,Tech Lead,Java,Low,2,2,2,4,2,11,False,2,True,2.375,1,1,0,0,1.54350625
Feature Dev,High,Tech Lead,C++,Critical,12,2,1,24,4,10,False,3,False,3.625,1,0,1,0,4.52233097
Documentation,High,Junior,Go,Medium,8,2,0,16,2,15,False,2,False,3.625,1,0,1,0,3.4578075
Testing,Medium,Tech Lead,Python,High,5,5,1,10,3,18,False,2,False,3.6,3,0,1,1,1.790136
Deployment,Medium,Senior,Python,High,1,3,1,2,5,16,True,2,False,5.0,1,0,1,1,0.5542425
Code Review,Low,Senior,Go,Medium,11,2,1,22,7,18,False,2,False,3.25,0,2,0,0,4.040625
Deployment,High,Mid,C++,Medium,6,3,2,12,9,18,False,3,False,4.91666667,0,1,2,0,2.6978
Documentation,High,Junior,Java,High,9,3,1,18,9,11,True,3,False,2.66666667,1,2,0,0,4.192965
Feature Dev,Low,Senior,JavaScript,Critical,7,3,3,14,10,11,False,1,True,3.25,0,3,0,0,2.69104688
Documentation,Medium,Tech Lead,Other,Critical,1,4,1,2,5,12,False,3,True,3.5,2,1,0,1,0.69838656
Testing,Medium,Tech Lead,Other,Low,4,4,2,8,7,9,False,3,False,3.4375,1,2,1,0,2.17868062
Code Review,Medium,Junior,Go,Critical,3,5,1,6,4,11,True,0,False,4.25,0,3,2,0,1.00516697
Code Review,Low,Mid,Other,Critical,3,3,2,6,8,16,False,0,False,3.58333333,2,0,0,1,1.02613063
Testing,High,Tech Lead,Other,Medium,12,2,3,24,8,13,False,2,True,2.375,1,1,0,0,6.65974375
Design Review,Medium,Tech Lead,Python,Critical,8,4,2,16,5,11,True,1,False,4.125,2,0,1,1,2.64188925
Feature Dev,Medium,Mid,Other,Critical,1,5,1,2,10,13,False,3,False,3.05,2,2,1,0,0.66403169
Design Review,High,Tech Lead,Python,High,10,5,3,20,5,10,False,1,False,3.45,2,2,0,1,4.08401438
Bug Fix,Medium,Junior,Python,Medium,11,3,0,22,2,16,True,2,False,4.91666667,0,1,2,0,3.8780875
Documentation,Medium,Tech Lead,Python,Critical,8,4,3,16,2,10,False,0,False,2.5625,3,0,1,0,2.92478492
Documentation,Low,Junior,Python,High,7,2,0,14,9,15,False,1,False,1.5,2,0,0,0,2.41695
Design Review,Medium,Senior,Java,Critical,10,2,3,20,10,16,True,1,False,2.375,1,1,0,0,3.98473359
Code Review,Medium,Senior,Other,Medium,11,2,3,22,10,9,True,2,False,2.375,1,1,0,0,5.20307813
Testing,Medium,Mid,Go,Critical,8,5,3,16,4,14,False,3,True,3.4,1,3,1,0,3.33168082
Feature Dev,Medium,Junior,JavaScript,Medium,7,3,0,14,4,9,False,3,False,1.5,3,0,0,0,3.1775
Design Review,Low,Senior,JavaScript,Low,8,3,0,16,8,12,False,2,False,2.08333333,2,1,0,0,3.37388333
Bug Fix,Medium,Junior,Other,Low,2,2,2,4,10,14,False,3,False,1.5,2,0,0,0,1.5785
Bug Fix,High,Tech Lead,Other,Low,1,2,1,2,1,12,False,2,False,2.375,1,1,0,0,0.87429375
Client Meeting,Medium,Senior,Go,Low,6,4,0,12,3,12,True,3,False,3.9375,1,2,0,1,2.67557555
Documentation,Medium,Junior,JavaScript,High,1,2,1,2,7,17,True,0,False,3.625,1,0,1,0,0.5
Feature Dev,Medium,Mid,JavaScript,Critical,13,3,0,26,9,17,True,1,False,2.66666667,1,2,0,0,4.572575
Feature Dev,Medium,Tech Lead,C++,High,4,5,0,8,8,11,True,3,False,3.6,3,0,1,1,1.5197112
Client Meeting,High,Tech Lead,Other,Critical,3,3,1,6,5,9,True,1,False,4.33333333,1,0,2,0,1.20794818
Refactoring,Low,Tech Lead,JavaScript,Low,6,2,0,12,8,9,True,1,False,2.375,1,1,0,0,2.56135688
Code Review,Medium,Tech Lead,Other,Medium,13,3,2,26,10,14,False,2,False,3.25,0,3,0,0,5.34375
Deployment,High,Junior,C++,Medium,2,5,3,4,3,17,False,2,False,3.05,2,2,1,0,1.44294775
Bug Fix,High,Tech Lead,Java,Critical,2,2,2,4,1,16,False,2,False,4.5,0,1,1,0,1.02444125
Code Review,High,Mid,Java,Critical,5,3,0,10,3,16,False,0,False,5.0,1,0,1,1,1.52881
Bug Fix,Low,Tech Lead,Other,Medium,12,2,0,24,4,13,False,1,False,2.375,1,1,0,0,4.337125
Design Review,Medium,Tech Lead,Go,Critical,1,3,1,2,1,9,False,1,False,2.66666667,1,2,0,0,0.53408333
Client Meeting,Medium,Mid,C++,Low,8,3,0,16,2,15,False,2,False,5.0,1,0,1,1,2.92468
Code Review,Medium,Tech Lead,Go,Medium,13,3,0,26,9,9,True,1,False,2.91666667,2,0,1,0,5.15063937
Documentation,Medium,Mid,Python,Critical,8,2,2,16,3,13,False,1,False,2.375,1,1,0,0,3.002625
Code Review,Medium,Tech Lead,Java,High,5,3,0,10,4,13,True,0,False,3.5,1,1,1,0,1.6958025
Documentation,Low,Junior,Go,High,5,5,2,10,10,10,False,1,False,3.45,2,2,0,1,1.7446275
Documentation,High,Tech Lead,Other,Medium,10,5,1,20,8,9,False,3,False,3.25,0,5,0,0,4.734375
Feature Dev,Medium,Mid,Java,High,6,3,2,12,2,11,True,3,True,4.91666667,0,1,2,0,2.50389562
Code Review,High,Mid,C++,Low,11,5,1,22,3,12,False,0,False,3.9,1,2,2,0,4.8753617
Client Meeting,Low,Tech Lead,Other,High,11,2,1,22,10,12,True,3,False,1.5,2,0,0,0,4.27163625
Bug Fix,Low,Junior,Java,Low,4,3,0,8,5,18,False,3,False,2.08333333,2,1,0,0,1.906025
Refactoring,Medium,Tech Lead,Other,High,5,3,3,10,10,13,False,0,True,3.5,1,1,1,0,2.17627988
Design Review,High,Junior,Go,Critical,13,3,2,26,10,16,True,0,False,2.08333333,2,1,0,0,5.58154625
Design Review,High,Senior,Other,High,3,2,2,6,5,16,False,1,False,3.25,0,2,0,0,1.501875
Client Meeting,High,Senior,JavaScript,High,11,4,1,22,4,10,True,1,False,3.5,2,1,0,1,4.40952356
Testing,Medium,Mid,JavaScript,Medium,5,4,1,10,4,12,False,2,False,3.4375,1,2,1,0,2.11566094
Feature Dev,High,Mid,Java,Medium,8,2,0,16,1,12,False,1,False,2.375,1,1,0,0,3.709125
Refactoring,Low,Mid,C++,Critical,11,5,0,22,5,17,False,3,False,2.75,4,0,0,1,3.31095188
Client Meeting,Medium,Senior,C++,Critical,6,2,2,12,8,18,True,2,False,1.5,2,0,0,0,2.65295625
Client Meeting,Medium,Mid,JavaScript,Medium,12,2,2,24,7,17,True,3,False,2.375,1,1,0,0,5.5636875
Feature Dev,High,Senior,C++,Critical,2,4,1,4,5,11,False,2,False,3.625,2,0,2,0,0.93228319
Code Review,High,Junior,C++,Medium,12,2,0,24,10,14,True,0,True,4.5,0,1,1,0,5.4112905
Feature Dev,High,Junior,Python,Low,2,5,1,4,10,14,False,0,False,3.9,1,2,2,0,1.0012739
Testing,Medium,Tech Lead,Python,Low,6,4,0,12,9,17,False,2,False,3.4375,1,2,1,0,2.57480438
Code Review,Medium,Senior,Go,Medium,6,3,1,12,8,14,False,2,False,3.5,1,1,1,0,2.4674375
Client Meeting,High,Junior,Go,High,2,5,3,4,6,16,False,2,False,3.05,2,2,1,0,1.29865298
Design Review,Medium,Junior,Go,Low,6,5,1,12,5,10,True,0,False,3.6,3,0,1,1,2.4928596
Design Review,Low,Junior,JavaScript,Medium,3,2,3,6,4,18,True,0,False,1.5,2,0,0,0,1.6466625
Deployment,High,Mid,Python,Low,7,4,2,14,2,13,False,3,False,3.9375,1,2,0,1,3.60518469
Deployment,Low,Tech Lead,C++,High,6,4,0,12,5,18,True,1,False,1.9375,3,1,0,0,2.14237406
Testing,Medium,Tech Lead,JavaScript,Medium,11,3,1,22,7,17,True,1,False,4.08333333,0,2,1,0,4.24268906
Client Meeting,High,Mid,Python,Critical,6,4,1,12,7,14,False,3,False,3.9375,1,2,0,1,2.34096773
Client Meeting,High,Senior,Go,Medium,2,3,0,4,8,9,False,2,False,4.33333333,1,0,2,0,0.92997333
Design Review,Medium,Senior,Go,Medium,11,2,1,22,9,14,True,2,False,2.375,1,1,0,0,4.89398438
Refactoring,Medium,Tech Lead,Java,Critical,5,4,2,10,8,17,True,1,False,2.375,2,2,0,0,2.1018375
Code Review,High,Mid,Other,Medium,9,4,3,18,1,14,False,1,True,3.0,2,1,1,0,4.7540185
Client Meeting,High,Tech Lead,Java,Critical,12,5,3,24,7,13,False,2,False,3.45,2,2,0,1,4.62106006
Bug Fix,Low,Senior,C++,Low,5,2,1,10,4,17,False,3,False,2.375,1,1,0,0,2.42859375
Code Review,High,Tech Lead,Go,High,8,4,3,16,3,15,False,1,False,3.4375,1,2,1,0,3.42737072
Bug Fix,Medium,Junior,C++,Medium,7,4,0,14,2,11,True,0,False,3.625,2,0,2,0,2.5390575
Code Review,High,Senior,JavaScript,Critical,8,2,2,16,8,18,True,2,False,3.625,1,0,1,0,3.32470865
Refactoring,High,Tech Lead,Other,Critical,13,4,3,26,5,15,False,3,False,3.9375,1,2,0,1,4.90801023
Refactoring,Medium,Junior,Java,High,6,4,1,12,10,11,False,1,True,3.0,2,1,1,0,2.41755525
Bug Fix,High,Tech Lead,JavaScript,Low,13,2,0,26,6,14,False,1,False,3.625,1,0,1,0,5.960262
Bug Fix,Medium,Senior,JavaScript,Low,12,3,2,24,10,18,False,3,False,4.33333333,1,0,2,0,4.93218
Bug Fix,Low,Mid,Java,Critical,11,2,3,22,10,9,True,1,False,2.375,1,1,0,0,3.94970297
Documentation,Medium,Senior,Go,High,3,2,1,6,6,11,False,3,True,2.375,1,1,0,0,1.60287188
Deployment,High,Tech Lead,Other,Critical,11,3,3,22,2,11,False,0,False,3.58333333,2,0,0,1,4.09708677
Deployment,Medium,Senior,JavaScript,Critical,9,2,1,18,8,16,True,3,True,2.375,1,1,0,0,3.90153586
Testing,Medium,Tech Lead,JavaScript,Critical,2,4,1,4,8,18,False,2,False,1.5,4,0,0,0,1.0019375
Bug Fix,Low,Mid,Python,Medium,7,4,1,14,6,14,False,0,False,2.375,2,2,0,0,2.6199375
Client Meeting,High,Junior,C++,Low,13,2,2,26,8,13,True,2,False,2.375,1,1,0,0,7.3440675
Testing,Medium,Senior,Python,Low,9,2,1,18,5,11,True,1,False,1.5,2,0,0,0,4.55791875
Documentation,Low,Junior,Python,Low,8,3,2,16,3,16,True,3,False,2.66666667,1,2,0,0,3.88542
Code Review,Low,Senior,JavaScript,Low,11,4,3,22,4,12,True,1,False,2.375,2,2,0,0,5.11138031
Feature Dev,Low,Senior,JavaScript,High,8,5,1,16,1,10,False,3,True,2.55,2,3,0,0,3.20604075
Testing,Medium,Mid,C++,High,5,4,1,10,9,17,False,2,False,3.625,2,0,2,0,1.82656688
Deployment,Medium,Senior,Go,Critical,5,4,1,10,6,12,False,0,True,5.625,0,1,2,1,1.52075412
Client Meeting,Medium,Mid,Go,Medium,1,5,2,2,3,14,False,0,False,2.2,3,2,0,0,0.693
Code Review,Medium,Tech Lead,JavaScript,Medium,9,3,3,18,2,15,False,1,False,3.5,1,1,1,0,3.7235875
Bug Fix,High,Junior,JavaScript,Critical,7,2,0,14,5,11,True,0,False,2.375,1,1,0,0,2.81996531
Client Meeting,Medium,Mid,Other,Medium,6,5,3,12,5,15,False,1,False,3.4,1,3,1,0,2.661195
Bug Fix,Medium,Junior,Python,Medium,7,2,2,14,9,10,True,3,True,3.625,1,0,1,0,3.49969331
Client Meeting,Medium,Tech Lead,C++,Medium,8,5,3,16,2,17,False,1,True,1.85,4,1,0,0,4.1559375
Design Review,Low,Senior,C++,Medium,7,2,0,14,8,18,True,0,False,2.375,1,1,0,0,2.5963875
Documentation,High,Senior,Python,Critical,4,5,3,8,7,12,False,1,False,3.4,1,3,1,0,1.83261615
Testing,Low,Junior,Go,Medium,1,2,2,2,10,10,False,2,False,1.5,2,0,0,0,0.8815
Testing,High,Mid,Other,Medium,7,5,0,14,5,17,False,1,False,3.55,2,1,2,0,2.878938
Refactoring,Medium,Junior,Go,Medium,13,2,2,26,5,18,False,1,False,2.375,1,1,0,0,5.495
Code Review,Medium,Junior,Go,Medium,11,4,2,22,2,13,False,3,True,3.4375,1,2,1,0,4.95154688
Client Meeting,Medium,Mid,JavaScript,Critical,13,4,3,26,1,14,False,2,False,2.5625,3,0,1,0,4.68766898
Documentation,High,Senior,Go,Critical,7,2,1,14,4,13,True,3,True,3.625,1,0,1,0,3.21096861
Client Meeting,Medium,Tech Lead,Python,Medium,7,5,2,14,5,11,False,1,False,5.15,0,2,2,1,2.4208
Design Review,Medium,Mid,Other,Critical,13,4,0,26,9,15,True,3,False,3.0625,3,0,0,1,4.41557402
Feature Dev,Medium,Mid,Java,Medium,7,5,0,14,10,14,False,3,False,3.1,3,1,0,1,2.783025
Testing,Low,Senior,Java,Low,11,2,1,22,7,12,False,2,True,1.5,2,0,0,0,5.3454775
Refactoring,Low,Tech Lead,Java,Low,7,4,2,14,3,10,False,3,True,2.8125,1,3,0,0,3.6218325
Design Review,Low,Senior,Go,Medium,13,3,2,26,7,11,False,0,False,4.16666667,1,1,0,1,4.218475
Bug Fix,High,Tech Lead,Go,High,2,4,3,4,5,16,True,0,False,5.1875,1,0,2,1,0.97940272
Client Meeting,Medium,Junior,Go,Medium,4,3,2,8,10,9,True,1,True,2.08333333,2,1,0,0,2.300375
Testing,Low,Senior,C++,Low,7,5,0,14,10,11,False,2,True,3.45,2,2,0,1,2.8999586
Feature Dev,Medium,Mid,C++,High,10,3,3,20,3,10,False,3,False,3.58333333,2,0,0,1,3.73973438
Deployment,Medium,Senior,C++,High,11,4,0,22,3,11,False,2,False,1.9375,3,1,0,0,4.1529375
Documentation,Medium,Senior,JavaScript,Critical,3,5,1,6,4,15,True,0,True,1.5,5,0,0,0,1.35849656
Code Review,High,Mid,Other,High,6,2,1,12,1,12,False,1,False,2.375,1,1,0,0,2.65820625
Client Meeting,High,Senior,Other,Critical,2,2,2,4,8,13,False,1,False,3.25,0,2,0,0,1.051875
Feature Dev,Medium,Senior,Java,High,5,5,1,10,9,18,False,1,False,2.55,2,3,0,0,1.9693125
Deployment,Medium,Junior,C++,Low,7,3,0,14,6,18,False,0,False,3.5,1,1,1,0,2.76353
Design Review,High,Mid,Python,Critical,11,3,0,22,6,18,False,2,True,4.75,0,2,0,1,4.02976819
Feature Dev,High,Tech Lead,Other,Critical,6,4,3,12,7,17,True,0,False,3.5,2,1,0,1,2.51755284
Client Meeting,Medium,Mid,Go,Medium,13,4,2,26,6,12,True,3,True,2.375,2,2,0,0,6.57339375
Testing,Low,Senior,Java,Critical,11,3,3,22,2,11,False,3,False,2.08333333,2,1,0,0,3.98681875
Code Review,Medium,Tech Lead,Other,High,3,4,3,6,6,15,False,1,False,2.375,2,2,0,0,1.54546875
Deployment,High,Senior,Python,High,3,3,2,6,5,14,True,0,False,4.08333333,0,2,1,0,1.37955825
Bug Fix,High,Junior,C++,Low,5,2,2,10,5,9,True,2,False,5.75,0,0,2,0,2.583966
Feature Dev,High,Tech Lead,JavaScript,Critical,13,3,1,26,7,18,False,0,False,2.08333333,2,1,0,0,5.18878958
Code Review,Low,Mid,Python,Low,8,3,0,16,6,11,False,1,True,2.08333333,2,1,0,0,3.59077583
Feature Dev,Medium,Junior,Go,Low,2,3,1,4,10,11,True,3,False,3.5,1,1,1,0,1.29540469
Client Meeting,Low,Senior,Python,Medium,9,5,1,18,3,13,False,3,False,2.55,2,3,0,0,3.588525
Testing,Low,Senior,JavaScript,Medium,13,4,2,26,3,18,True,1,False,2.8125,1,3,0,0,5.11730625
Testing,Medium,Mid,Go,Low,10,3,0,20,4,17,False,3,False,5.0,1,0,1,1,3.69886
Design Review,Low,Tech Lead,Python,Medium,6,3,1,12,10,12,False,0,False,3.25,0,3,0,0,2.165625
Deployment,Low,Junior,Go,Medium,11,4,0,22,3,17,False,3,True,3.5,2,1,0,1,4.1178225
Feature Dev,High,Junior,Python,Low,10,2,2,20,3,16,False,3,True,1.5,2,0,0,0,6.4493
Testing,Medium,Tech Lead,Java,High,7,3,0,14,2,13,False,1,False,6.41666667,0,0,2,1,1.974465
Bug Fix,Low,Senior,JavaScript,High,13,4,3,26,10,11,False,2,False,3.0625,3,0,0,1,4.31505141
Testing,Medium,Junior,C++,Medium,11,3,2,22,7,11,True,1,False,1.5,3,0,0,0,5.166
Documentation,Medium,Senior,Python,Low,1,3,3,2,6,14,True,1,False,2.08333333,2,1,0,0,1.09267813
Refactoring,Low,Tech Lead,JavaScript,Medium,8,2,1,16,6,12,False,1,False,1.5,2,0,0,0,3.20825
Testing,High,Mid,Java,High,1,4,1,2,8,16,True,1,True,2.375,2,2,0,0,0.72420666
Client Meeting,Low,Junior,JavaScript,Critical,9,3,0,18,2,15,False,1,False,1.5,3,0,0,0,2.909975
Client Meeting,Medium,Junior,Java,Low,13,3,1,26,7,10,False,3,False,4.33333333,1,0,2,0,5.16052167
Design Review,High,Mid,Go,Medium,9,4,2,18,4,14,False,0,False,2.375,2,2,0,0,4.35675
Deployment,Medium,Junior,Go,High,12,4,0,24,2,13,True,1,False,2.8125,1,3,0,0,4.44238594
Testing,Medium,Mid,Other,Critical,11,3,1,22,1,18,False,3,False,2.08333333,2,1,0,0,4.10532292
Bug Fix,High,Mid,Go,Low,8,4,2,16,4,12,True,0,False,4.375,0,3,0,1,3.84846722
Refactoring,Medium,Tech Lead,Java,Medium,3,4,3,6,4,14,True,1,False,4.5625,1,1,1,1,1.47390469
Design Review,Medium,Tech Lead,C++,Medium,5,5,3,10,10,16,False,3,True,4.3,1,2,1,1,2.462955
Testing,Low,Mid,Other,Low,6,4,2,12,9,18,False,1,False,2.375,2,2,0,0,2.7632
Testing,Medium,Junior,Java,Medium,5,5,0,10,10,14,True,0,False,4.25,0,3,2,0,1.751925
Bug Fix,High,Mid,Other,Low,7,2,2,14,3,14,False,0,False,3.625,1,0,1,0,3.450678
Bug Fix,Medium,Senior,Go,Critical,13,2,2,26,7,15,False,0,True,3.625,1,0,1,0,4.58293172
Design Review,Low,Mid,Python,Low,11,2,1,22,9,17,True,2,True,2.375,1,1,0,0,5.37318272
Refactoring,Low,Junior,Python,Low,1,3,3,2,7,11,False,2,True,2.66666667,1,2,0,0,1.18136333
Client Meeting,Low,Senior,C++,Medium,5,3,3,10,2,10,True,0,False,2.66666667,1,2,0,0,2.28375
Refactoring,High,Junior,JavaScript,High,12,2,0,24,1,16,False,2,False,5.75,0,0,2,0,4.113252
Design Review,High,Junior,Python,Critical,5,3,3,10,4,11,False,0,False,4.08333333,0,2,1,0,2.0311901
Feature Dev,Medium,Junior,C++,Medium,6,4,0,12,3,9,True,0,False,1.9375,3,1,0,0,2.527875
Code Review,Medium,Senior,C++,High,11,2,3,22,3,16,True,1,False,3.625,1,0,1,0,4.16875233
Design Review,High,Senior,JavaScript,Critical,3,4,3,6,2,16,True,2,False,5.0,0,2,1,1,1.41680805
Client Meeting,High,Tech Lead,C++,Critical,10,2,3,20,6,14,False,3,False,2.375,1,1,0,0,4.46223438
Testing,Medium,Tech Lead,Java,Low,3,2,1,6,4,12,True,0,False,1.5,2,0,0,0,1.59823125
Code Review,Medium,Senior,Other,High,13,3,2,26,4,16,True,2,False,4.75,0,2,0,1,4.41356344
Documentation,Low,Senior,Go,Low,8,3,0,16,8,12,True,1,True,2.08333333,2,1,0,0,3.77031463
Code Review,High,Junior,Java,Low,1,2,3,2,8,16,False,0,True,4.5,0,1,1,0,0.93455863
Feature Dev,High,Senior,Python,Medium,7,3,1,14,4,12,False,1,False,5.0,1,0,1,1,2.71354
Documentation,High,Mid,Go,Medium,2,3,3,4,10,18,True,0,True,3.5,1,1,1,0,1.41976354
Code Review,Medium,Senior,C++,Low,8,5,0,16,5,15,False,1,False,2.35,4,0,1,0,3.45948075
Design Review,Medium,Senior,Other,Critical,13,3,1,26,3,13,True,0,True,5.0,1,0,1,1,4.10734748
Code Review,High,Mid,JavaScript,Low,13,2,3,26,1,18,False,2,True,2.375,1,1,0,0,7.87188188
Code Review,High,Mid,Python,Critical,8,3,1,16,2,10,False,2,True,2.91666667,2,0,1,0,3.48748728
Design Review,Low,Junior,Python,Medium,3,2,3,6,10,12,False,1,False,1.5,2,0,0,0,1.67075
Documentation,High,Mid,Other,High,12,2,0,24,1,11,False,1,False,3.25,0,2,0,0,4.741875
Bug Fix,Medium,Tech Lead,Java,Medium,13,3,2,26,5,15,False,0,True,3.5,1,1,1,0,5.4283625
Bug Fix,High,Junior,Other,Medium,3,3,0,6,3,11,False,2,True,3.58333333,2,0,0,1,1.52038792
Bug Fix,Medium,Mid,JavaScript,Medium,8,5,0,16,1,18,False,2,True,3.6,3,0,1,1,3.165536
Feature Dev,Medium,Mid,Python,Critical,13,5,2,26,7,10,True,0,False,3.45,2,2,0,1,4.32522234
Deployment,Low,Senior,C++,Medium,4,5,0,8,10,16,True,1,True,2.55,2,3,0,0,1.72978575
Documentation,High,Mid,Go,Medium,13,2,1,26,8,12,True,2,True,2.375,1,1,0,0,7.17406594
Code Review,Medium,Senior,Python,Critical,1,3,0,2,6,17,False,2,False,2.66666667,1,2,0,0,0.5
Bug Fix,Medium,Senior,C++,Low,5,2,2,10,2,13,False,2,False,3.25,0,2,0,0,2.578125
Refactoring,High,Junior,Java,Low,2,2,3,4,1,16,False,3,True,1.5,2,0,0,0,2.0712175
Design Review,Medium,Junior,Go,Medium,2,5,2,4,10,12,False,2,False,3.05,2,2,1,0,1.1947975
Bug Fix,Medium,Mid,Go,Low,12,4,1,24,4,10,True,2,True,3.9375,1,2,0,1,5.61375388
Client Meeting,Medium,Junior,Java,Low,11,4,0,22,8,10,False,2,False,2.375,2,2,0,0,4.965125
Code Review,High,Tech Lead,C++,Low,5,3,3,10,2,16,False,3,False,2.91666667,2,0,1,0,3.10519229
Deployment,Medium,Senior,JavaScript,Low,5,4,0,10,4,13,False,1,False,1.9375,3,1,0,0,2.31721875
Deployment,Medium,Junior,Java,Critical,11,3,0,22,4,16,False,0,True,3.25,0,3,0,0,3.856875
Bug Fix,Low,Tech Lead,C++,Critical,2,2,1,4,4,12,True,2,False,2.375,1,1,0,0,0.93706922
Feature Dev,Medium,Mid,C++,High,4,4,0,8,9,9,True,3,False,3.4375,1,2,1,0,1.61645498
Documentation,Low,Tech Lead,Java,Medium,7,3,1,14,6,18,False,0,False,3.58333333,2,0,0,1,2.33569375
Deployment,High,Junior,Go,Critical,5,2,0,10,8,17,True,3,True,1.5,2,0,0,0,2.61636375
Client Meeting,Medium,Mid,Go,Low,6,5,2,12,6,14,False,1,True,1.85,4,1,0,0,3.41341
Client Meeting,High,Tech Lead,C++,Medium,1,5,3,2,3,17,True,2,True,3.9,1,2,2,0,1.09063994
Client Meeting,Medium,Senior,Other,Critical,12,2,1,24,1,10,False,0,True,2.375,1,1,0,0,4.54147031
Bug Fix,Medium,Senior,C++,Critical,1,3,3,2,3,16,True,2,True,4.16666667,1,1,0,1,0.87320527
Code Review,Medium,Junior,Java,Critical,13,4,2,26,8,16,True,2,False,3.9375,1,2,0,1,4.36470152
Bug Fix,Medium,Mid,Python,Critical,10,3,2,20,5,17,False,1,False,2.08333333,2,1,0,0,3.72441667
Documentation,High,Tech Lead,C++,Critical,12,3,3,24,10,9,False,1,False,2.08333333,2,1,0,0,5.13800208
Deployment,High,Junior,Other,Medium,13,2,2,26,10,17,False,3,False,3.25,0,2,0,0,6.16875
Bug Fix,Medium,Junior,Java,Low,8,5,2,16,4,11,True,0,True,2.55,2,3,0,0,4.32446438
Refactoring,High,Junior,C++,High,6,5,1,12,9,18,False,3,False,3.9,1,2,2,0,2.4576723
Bug Fix,Low,Tech Lead,C++,High,10,4,0,20,9,10,False,2,False,3.0625,3,0,0,1,3.07639688
Design Review,Medium,Mid,Go,High,13,2,1,26,10,13,True,3,False,1.5,2,0,0,0,5.47273125
Deployment,High,Tech Lead,Other,Low,13,2,0,26,5,10,False,3,False,2.375,1,1,0,0,6.778475
Bug Fix,Medium,Mid,Go,Critical,6,4,1,12,5,18,False,0,False,4.5625,1,1,1,1,1.73860594
Feature Dev,High,Tech Lead,JavaScript,Critical,9,4,0,18,10,18,True,0,False,2.375,2,2,0,0,3.62566969
Code Review,Medium,Senior,Other,Medium,3,3,0,6,9,17,False,2,False,2.91666667,2,0,1,0,1.29575833
Client Meeting,Low,Junior,Java,High,2,4,1,4,6,18,True,0,False,2.375,2,2,0,0,0.80673469
Bug Fix,Medium,Tech Lead,Other,Medium,9,2,3,18,7,14,True,2,False,2.375,1,1,0,0,4.37882813
Documentation,Medium,Senior,JavaScript,Low,12,5,1,24,8,17,False,3,False,1.5,5,0,0,0,5.919375
Code Review,High,Tech Lead,Java,Medium,9,5,0,18,9,17,False,1,False,2.55,2,3,0,0,4.1234
Testing,Low,Tech Lead,Other,Low,11,5,3,22,5,16,True,2,False,3.45,2,2,0,1,4.69159412
Design Review,Medium,Junior,Go,Critical,5,2,0,10,2,13,False,1,False,1.5,2,0,0,0,1.829625
Refactoring,Medium,Mid,Go,Critical,13,4,0,26,8,17,True,2,False,1.5,4,0,0,0,4.9399875
Refactoring,Medium,Mid,Java,Low,4,5,1,8,8,16,False,0,False,3.45,2,2,0,1,1.69616563
Feature Dev,High,Junior,Go,Critical,5,2,0,10,9,11,True,1,False,1.5,2,0,0,0,2.19555
Design Review,Medium,Senior,Go,Critical,3,2,2,6,6,17,False,1,True,4.5,0,1,1,0,1.26973
Refactoring,Medium,Junior,JavaScript,Low,2,5,1,4,8,11,True,2,False,2.9,1,4,0,0,1.26847875
Refactoring,High,Tech Lead,Java,Critical,10,3,3,20,2,10,True,2,False,3.5,1,1,1,0,4.20417703
Bug Fix,Medium,Senior,Java,Medium,12,4,3,24,3,11,False,0,False,2.8125,1,3,0,0,5.03671875
Client Meeting,High,Tech Lead,C++,Low,6,2,2,12,8,13,False,0,False,4.5,0,1,1,0,2.8568925
Documentation,High,Senior,Other,Critical,8,5,1,16,9,11,True,3,False,3.4,1,3,1,0,3.32516315
Testing,High,Mid,Python,Low,1,2,2,2,7,16,True,1,False,3.25,0,2,0,0,0.93121875
Deployment,Low,Senior,C++,Critical,10,3,1,20,3,17,False,3,False,2.08333333,2,1,0,0,3.42815625
Documentation,High,Mid,Python,Low,2,3,0,4,6,15,False,2,False,4.33333333,1,0,2,0,1.02297067
Deployment,Medium,Mid,Other,Medium,2,4,3,4,6,16,True,0,False,3.0,2,1,1,0,1.20946875
Refactoring,High,Mid,Java,Critical,1,4,3,2,6,13,True,1,False,3.4375,1,2,1,0,0.81153603
Feature Dev,Medium,Junior,C++,High,3,2,2,6,1,15,True,1,False,3.25,0,2,0,0,1.4175
Client Meeting,Medium,Junior,Python,Low,5,4,0,10,6,9,True,1,False,2.375,2,2,0,0,2.38002188
Refactoring,Medium,Tech Lead,JavaScript,Medium,13,4,1,26,9,11,False,0,False,3.4375,1,2,1,0,4.81650469
Client Meeting,Low,Mid,Python,Low,5,4,2,10,10,11,False,3,False,2.375,2,2,0,0,2.5905
Bug Fix,Medium,Tech Lead,Python,High,11,3,1,22,9,18,False,3,False,1.5,3,0,0,0,4.474125
Design Review,Medium,Tech Lead,JavaScript,Medium,8,2,0,16,1,10,True,1,True,3.625,1,0,1,0,3.39676116
Testing,High,Junior,Java,Medium,2,5,2,4,2,9,True,2,False,3.05,2,2,1,0,1.37034083
Documentation,Medium,Senior,Java,Critical,6,3,2,12,6,12,False,2,False,2.08333333,2,1,0,0,2.45472917
Feature Dev,Medium,Senior,Java,Low,11,2,2,22,2,18,True,1,False,3.625,1,0,1,0,4.9407435
Feature Dev,High,Tech Lead,Go,Medium,1,3,1,2,8,16,True,1,True,3.5,1,1,1,0,0.73578986
Documentation,High,Tech Lead,Java,Low,12,4,2,24,9,15,True,3,False,3.5,2,1,0,1,6.21153225
Testing,High,Tech Lead,Java,Medium,11,2,3,22,7,17,False,1,False,1.5,2,0,0,0,5.75025
Client Meeting,High,Senior,Python,Critical,1,5,2,2,7,10,False,3,False,3.95,2,1,1,1,0.7481003
Feature Dev,Medium,Mid,C++,Critical,7,2,1,14,1,9,False,0,False,3.625,1,0,1,0,2.23465266
Testing,Medium,Tech Lead,Other,Critical,12,5,0,24,4,9,False,1,False,3.95,2,1,1,1,3.4581995
Design Review,Medium,Senior,Go,High,2,3,0,4,5,16,True,0,False,2.08333333,2,1,0,0,0.75285
Feature Dev,Medium,Mid,JavaScript,Low,11,2,3,22,3,9,True,0,True,3.625,1,0,1,0,5.49143054
Design Review,High,Mid,C++,Critical,2,2,3,4,8,16,False,2,True,1.5,2,0,0,0,1.50464875
Testing,High,Tech Lead,Java,Medium,12,3,2,24,8,10,False,2,False,3.5,1,1,1,0,5.401445
Testing,Medium,Junior,C++,Critical,13,3,1,26,5,18,False,0,True,2.91666667,2,0,1,0,4.6297908
Bug Fix,Low,Senior,Python,High,11,2,1,22,4,9,True,0,True,2.375,1,1,0,0,4.19223853
Code Review,Medium,Tech Lead,Other,High,10,3,0,20,4,16,False,1,False,2.66666667,1,2,0,0,3.567
Code Review,Medium,Mid,Python,Critical,2,5,0,4,2,15,False,3,False,4.3,1,2,1,1,0.761277
Documentation,High,Senior,JavaScript,Low,8,3,3,16,6,16,True,0,False,2.08333333,2,1,0,0,4.75027438
Code Review,High,Tech Lead,Java,Medium,12,4,0,24,1,9,False,1,False,2.375,2,2,0,0,5.514625
Deployment,High,Tech Lead,Other,High,3,2,3,6,4,15,False,1,False,3.625,1,0,1,0,1.54799269
Refactoring,High,Mid,JavaScript,Low,8,2,2,16,6,12,True,1,False,3.25,0,2,0,0,4.417875
Documentation,Medium,Senior,Other,Medium,6,5,1,12,4,18,True,0,False,4.45,2,0,2,1,2.09106056
Code Review,Low,Junior,C++,Low,9,3,1,18,4,10,True,0,True,2.08333333,2,1,0,0,4.28904919
Documentation,Medium,Mid,C++,High,6,2,1,12,10,14,True,0,True,3.25,0,2,0,0,2.48505469
Testing,Low,Junior,Java,Low,10,4,0,20,1,13,True,1,True,2.375,2,2,0,0,4.61270906
Design Review,Medium,Mid,Go,Low,10,3,2,20,3,14,True,0,False,3.5,1,1,1,0,4.45619212
Design Review,Medium,Tech Lead,Go,Critical,7,2,1,14,9,18,False,2,True,3.625,1,0,1,0,2.62476998
Documentation,High,Junior,Python,Critical,1,2,1,2,3,17,False,3,False,1.5,2,0,0,0,0.7928375
Refactoring,Low,Junior,C++,High,11,5,3,22,7,18,True,3,False,3.45,2,2,0,1,3.92184332
Documentation,Medium,Junior,Other,High,12,4,2,24,1,12,True,3,False,2.375,2,2,0,0,5.00731875
Client Meeting,Medium,Mid,Other,Medium,4,3,0,8,4,16,True,3,True,2.66666667,1,2,0,0,2.12135
Design Review,Medium,Senior,Java,Low,9,5,3,18,8,18,False,1,True,3.55,2,1,2,0,4.35439373
Design Review,Medium,Mid,C++,Critical,11,4,2,22,5,11,True,2,True,2.375,2,2,0,0,4.72037672
Deployment,High,Mid,Other,Low,11,2,3,22,3,14,True,3,True,4.5,0,1,1,0,6.26513724
Design Review,Medium,Tech Lead,Go,High,5,4,2,10,6,12,True,3,True,3.0,2,1,1,0,2.49053805
Testing,Low,Tech Lead,Java,Low,3,4,0,6,8,11,False,1,False,3.9375,1,2,0,1,1.11364344
Client Meeting,Low,Junior,Other,Critical,9,5,0,18,10,13,False,0,False,2.2,3,2,0,0,2.72646
Client Meeting,Medium,Junior,Go,High,13,2,2,26,3,16,False,2,True,4.5,0,1,1,0,4.78949625
Refactoring,High,Senior,C++,High,2,3,3,4,3,12,False,1,False,5.58333333,0,1,1,1,1.034586
Documentation,High,Tech Lead,JavaScript,Critical,9,3,3,18,4,15,True,3,False,5.58333333,0,1,1,1,3.41290215
Feature Dev,Medium,Senior,JavaScript,High,12,3,3,24,2,12,True,1,False,5.0,1,0,1,1,3.9535965
Design Review,High,Junior,C++,Medium,3,5,3,6,4,12,True,2,False,3.55,2,1,2,0,1.84833023
Code Review,Medium,Senior,Java,High,8,3,2,16,5,15,False,2,False,4.33333333,1,0,2,0,2.76501
Client Meeting,Low,Senior,C++,High,3,5,1,6,8,17,False,2,False,2.55,2,3,0,0,1.2516075
Feature Dev,Low,Tech Lead,C++,Critical,2,3,0,4,3,14,False,1,False,2.08333333,2,1,0,0,0.69409583
Testing,Low,Senior,Python,High,10,5,3,20,5,12,False,0,False,3.1,3,1,0,1,3.27229875
Deployment,Low,Junior,Other,Medium,1,5,2,2,1,18,True,0,True,2.75,4,0,0,1,0.69702806
Client Meeting,High,Senior,Java,Medium,5,4,0,10,5,17,True,0,False,3.0,2,1,1,0,2.2254225
Code Review,Low,Mid,Go,Low,6,3,2,12,1,10,True,3,False,1.5,3,0,0,0,3.267495
Testing,High,Mid,JavaScript,High,1,5,3,2,3,12,False,1,False,3.55,2,1,2,0,0.78823935
Documentation,Medium,Senior,Java,Critical,11,5,0,22,7,15,False,1,True,3.55,2,1,2,0,3.64853363
Deployment,Medium,Senior,Go,Low,2,5,2,4,8,16,False,1,True,3.05,2,2,1,0,1.3344969
Client Meeting,High,Tech Lead,Go,Low,13,4,1,26,1,14,True,1,True,5.625,0,1,2,1,5.98786015
Deployment,High,Mid,Python,High,2,4,2,4,3,17,True,0,False,3.5,2,1,0,1,1.01311088
Code Review,High,Senior,Other,High,6,2,0,12,6,9,False,1,False,4.5,0,1,1,0,2.1846825
Feature Dev,Low,Senior,Go,High,12,5,0,24,5,10,False,2,False,1.85,4,1,0,0,4.09851
Documentation,High,Junior,Go,High,2,5,0,4,7,11,True,2,False,3.4,1,3,1,0,0.95478264
Design Review,Medium,Tech Lead,Java,High,13,5,1,26,3,9,True,2,False,2.9,1,4,0,0,5.00873625
Testing,Low,Mid,Python,Critical,6,3,1,12,2,18,True,1,False,4.16666667,1,1,0,1,1.82201272
Feature Dev,Medium,Tech Lead,Java,Low,1,5,0,2,1,16,False,3,True,3.55,2,1,2,0,0.73447605
Testing,Medium,Senior,Java,Medium,8,2,2,16,3,12,False,2,False,3.625,1,0,1,0,3.29739375
Deployment,High,Junior,JavaScript,Low,9,2,2,18,5,13,False,1,False,3.625,1,0,1,0,4.45059038
Refactoring,Medium,Junior,C++,Medium,1,4,0,2,3,10,False,2,False,4.5,0,2,2,0,0.5
Client Meeting,High,Tech Lead,C++,Critical,2,3,3,4,7,12,False,1,False,2.91666667,2,0,1,0,1.15646431
Testing,Low,Junior,Python,Critical,12,3,1,24,1,18,False,1,False,4.16666667,1,1,0,1,3.29049521
Client Meeting,Low,Junior,JavaScript,Medium,8,2,2,16,7,13,False,3,False,2.375,1,1,0,0,3.41475
Deployment,Low,Tech Lead,C++,Medium,7,3,2,14,5,13,False,3,False,2.08333333,2,1,0,0,3.107
Refactoring,Low,Junior,Java,High,6,3,3,12,2,11,False,3,True,4.16666667,1,1,0,1,2.44036237
Testing,Low,Junior,Java,Medium,13,3,0,26,4,16,False,0,False,2.66666667,1,2,0,0,4.524
Refactoring,Medium,Senior,Other,Critical,5,5,2,10,7,13,True,2,False,2.7,3,1,1,0,2.08856156
Code Review,High,Senior,Other,Critical,2,2,1,4,10,13,True,2,False,5.75,0,0,2,0,0.90564652
Code Review,High,Senior,C++,High,11,2,1,22,9,12,False,3,False,3.25,0,2,0,0,4.6490625
Bug Fix,High,Mid,Python,Medium,5,4,3,10,8,18,True,0,False,3.4375,1,2,1,0,2.59956211
Documentation,Medium,Tech Lead,Python,Low,11,2,3,22,2,15,False,1,False,1.5,2,0,0,0,5.581125
Documentation,High,Junior,Java,Medium,10,4,3,20,2,12,False,2,True,4.5,0,2,2,0,4.7499375
Deployment,Medium,Junior,JavaScript,Medium,8,4,0,16,3,9,False,1,False,3.0,2,1,1,0,3.04095
Refactoring,Medium,Junior,C++,Critical,1,3,2,2,3,18,False,2,False,5.0,1,0,1,1,0.59823
Client Meeting,Medium,Senior,Go,Critical,12,3,1,24,7,12,True,2,True,4.33333333,1,0,2,0,4.19817571
Deployment,Medium,Tech Lead,C++,Critical,12,4,3,24,4,9,False,1,False,1.9375,3,1,0,0,4.56171094
Refactoring,Medium,Tech Lead,JavaScript,Medium,7,5,1,14,7,10,False,1,True,3.25,0,5,0,0,3.1453125
Documentation,Low,Mid,JavaScript,Critical,11,3,1,22,9,14,True,3,False,3.25,0,3,0,0,3.68992969
Client Meeting,Medium,Junior,Java,Medium,3,3,3,6,10,13,False,1,False,4.16666667,1,1,0,1,1.48239583
Client Meeting,Medium,Tech Lead,Go,Low,6,4,3,12,10,14,True,1,False,3.625,2,0,2,0,2.94258628
Documentation,Low,Senior,JavaScript,High,2,3,1,4,3,11,False,1,False,2.08333333,2,1,0,0,0.8693625
Feature Dev,Medium,Tech Lead,Go,Medium,6,3,2,12,3,14,False,3,False,6.41666667,0,0,2,1,2.2695
Testing,High,Junior,Python,High,13,3,1,26,6,11,True,3,False,3.5,1,1,1,0,5.45200504
Feature Dev,High,Tech Lead,Java,Low,10,4,3,20,4,18,True,2,False,4.5625,1,1,1,1,4.86388547
Code Review,Medium,Senior,C++,Low,7,3,2,14,1,16,False,0,False,4.75,0,2,0,1,2.79406875
Refactoring,High,Senior,JavaScript,High,4,2,3,8,7,10,False,0,False,2.375,1,1,0,0,2.02235625
Refactoring,Medium,Senior,Java,High,3,5,3,6,2,12,False,3,False,2.2,3,2,0,0,1.73745
Design Review,High,Tech Lead,Other,Low,5,2,1,10,4,10,True,0,False,2.375,1,1,0,0,2.77669219
Client Meeting,Medium,Tech Lead,Java,Medium,1,3,1,2,8,10,False,0,True,3.58333333,2,0,0,1,0.52924896
Feature Dev,Medium,Junior,Java,Low,7,2,0,14,6,9,False,0,False,2.375,1,1,0,0,3.02225
Testing,High,Tech Lead,JavaScript,Medium,13,5,2,26,9,16,False,2,False,3.05,2,2,1,0,5.955606
Feature Dev,Low,Senior,C++,Low,10,5,2,20,5,18,False,1,False,3.45,2,2,0,1,3.87695
Code Review,Medium,Senior,Go,High,2,2,1,4,3,12,False,1,False,3.625,1,0,1,0,0.84217219
Deployment,Medium,Junior,Java,High,4,4,2,8,9,14,True,1,False,2.5625,3,0,1,0,1.78173844
Client Meeting,High,Tech Lead,Other,Low,13,5,1,26,3,16,True,0,False,3.45,2,2,0,1,6.23849717
Client Meeting,Medium,Mid,Python,Low,6,5,2,12,1,16,False,1,False,4.3,1,2,1,1,2.507736
Feature Dev,High,Tech Lead,Other,Low,7,3,2,14,10,16,True,0,False,3.5,1,1,1,0,3.6478596
Testing,High,Senior,C++,Low,2,5,1,4,10,12,False,3,True,3.4,1,3,1,0,1.49541117
Bug Fix,High,Senior,JavaScript,High,12,3,2,24,10,14,True,0,False,4.16666667,1,1,0,1,4.65887362
Code Review,Low,Tech Lead,C++,Critical,9,3,0,18,10,16,False,3,False,2.66666667,1,2,0,0,2.9087
Deployment,High,Mid,Java,Critical,5,3,3,10,5,14,False,2,False,3.5,1,1,1,0,2.24985438
Design Review,Medium,Tech Lead,C++,Medium,8,5,0,16,1,11,False,3,False,4.45,2,0,2,1,2.7334125
Documentation,Low,Senior,Other,High,5,5,0,10,8,17,True,2,False,1.85,4,1,0,0,1.904175
Documentation,Medium,Senior,Go,High,10,4,2,20,5,18,False,3,False,2.8125,1,3,0,0,3.9718125
Feature Dev,Low,Junior,JavaScript,High,7,2,3,14,7,14,False,3,False,3.25,0,2,0,0,2.7590625
Feature Dev,Medium,Mid,Go,Medium,12,3,2,24,2,11,False,3,False,4.91666667,0,1,2,0,4.33575
Refactoring,Low,Senior,Go,Low,5,5,2,10,8,13,True,3,False,3.8,1,3,0,1,2.396394
Deployment,High,Tech Lead,JavaScript,Low,5,3,2,10,1,9,False,1,False,3.5,1,1,1,0,2.6648325
Bug Fix,Medium,Mid,JavaScript,Medium,4,2,2,8,6,16,False,3,False,2.375,1,1,0,0,2.15875
Documentation,Low,Senior,C++,Medium,5,5,1,10,2,11,False,3,False,3.1,3,1,0,1,2.0199375
Documentation,Medium,Senior,Java,Medium,13,2,3,26,1,18,True,0,False,2.375,1,1,0,0,5.82126563
Documentation,Medium,Junior,C++,Medium,7,4,0,14,5,16,False,0,False,3.9375,1,2,0,1,2.4023125
Bug Fix,Medium,Senior,JavaScript,Low,1,4,0,2,2,16,False,3,False,3.0625,3,0,0,1,0.69263906
Feature Dev,High,Junior,Go,Low,5,3,0,10,8,16,False,0,False,2.91666667,2,0,1,0,2.34162042
Documentation,Medium,Tech Lead,C++,High,1,5,2,2,7,17,False,1,False,2.35,4,0,1,0,0.686178
Design Review,Low,Junior,JavaScript,Medium,11,4,3,22,9,11,True,2,False,1.9375,3,1,0,0,4.85562656
Refactoring,Medium,Junior,Java,Critical,8,2,3,16,7,13,False,3,False,2.375,1,1,0,0,3.29454688
Design Review,High,Senior,Java,High,10,2,1,20,10,13,False,1,False,2.375,1,1,0,0,4.28315625
Testing,High,Mid,Java,Critical,12,4,3,24,2,14,True,2,False,3.9375,1,2,0,1,4.72459796
Client Meeting,High,Tech Lead,Java,Medium,10,2,1,20,2,13,True,3,False,3.625,1,0,1,0,4.72552172
Deployment,Low,Mid,Other,Low,10,3,0,20,2,17,False,3,False,3.25,0,3,0,0,4.021875
Deployment,Medium,Tech Lead,C++,Critical,13,5,2,26,4,12,False,1,False,3.6,3,0,1,1,4.028864
Bug Fix,High,Mid,JavaScript,High,4,4,0,8,5,15,True,1,True,3.9375,1,2,0,1,1.73020552
Documentation,Medium,Tech Lead,C++,High,9,2,3,18,7,16,False,2,False,3.625,1,0,1,0,3.40879219
Deployment,Medium,Tech Lead,Go,Critical,6,3,3,12,7,16,True,1,False,4.91666667,0,1,2,0,2.11397922
Refactoring,High,Tech Lead,C++,High,9,2,1,18,6,17,False,3,True,3.25,0,2,0,0,4.26009375
Refactoring,Low,Tech Lead,C++,High,5,5,0,10,4,9,False,2,False,2.55,2,3,0,0,1.7505
Client Meeting,Medium,Junior,Python,Medium,12,3,0,24,8,11,True,3,False,5.0,1,0,1,1,4.18761
Feature Dev,Low,Tech Lead,Other,Critical,9,2,1,18,6,16,True,0,False,2.375,1,1,0,0,2.96884547
Deployment,Medium,Tech Lead,Python,Low,6,3,1,12,1,15,True,1,False,3.5,1,1,1,0,2.74625794
Testing,Low,Senior,JavaScript,High,6,4,0,12,1,16,True,2,True,1.9375,3,1,0,0,2.46088631
Code Review,Medium,Mid,Java,Low,5,2,1,10,1,17,False,2,True,3.625,1,0,1,0,2.53409166
Testing,High,Junior,JavaScript,Medium,12,5,0,24,10,12,False,0,False,3.45,2,2,0,1,4.86381
Documentation,High,Mid,JavaScript,Critical,13,3,2,26,9,15,True,1,False,4.16666667,1,1,0,1,4.82341956
Feature Dev,Medium,Mid,JavaScript,Medium,13,4,2,26,4,17,False,3,False,3.25,0,4,0,0,5.4375
Testing,High,Tech Lead,JavaScript,Low,3,2,3,6,8,10,True,3,False,4.5,0,1,1,0,2.08805231
Code Review,High,Tech Lead,JavaScript,Critical,5,4,2,10,3,9,True,1,True,3.0,2,1,1,0,2.44264309
Documentation,Low,Junior,Python,High,3,2,0,6,5,15,True,0,False,3.25,0,2,0,0,0.9568125
Documentation,High,Senior,Other,Critical,7,2,2,14,6,10,True,3,True,3.625,1,0,1,0,3.34220711
Documentation,Medium,Mid,C++,Medium,7,4,1,14,5,11,True,1,False,2.375,2,2,0,0,3.14245312
Feature Dev,Medium,Mid,C++,Medium,4,3,3,8,8,16,False,1,False,3.5,1,1,1,0,1.9290875
Code Review,Medium,Junior,Python,Low,9,5,3,18,3,12,True,1,True,2.7,3,1,1,0,4.93539383
Deployment,Medium,Tech Lead,Go,Critical,3,3,1,6,2,11,False,1,False,2.08333333,2,1,0,0,1.22736458
Refactoring,Medium,Mid,Go,High,8,3,0,16,3,10,False,0,False,5.0,1,0,1,1,2.25216
Testing,Medium,Mid,Go,Critical,9,2,1,18,7,12,True,2,True,1.5,2,0,0,0,3.97486031
Testing,High,Mid,Python,Low,1,2,3,2,6,18,True,3,False,2.375,1,1,0,0,1.37134594
Documentation,High,Mid,C++,Critical,12,3,0,24,6,15,False,1,False,3.5,1,1,1,0,4.28616325
Design Review,Low,Tech Lead,Other,Medium,2,2,3,4,8,13,False,2,False,2.375,1,1,0,0,1.3443125
Design Review,High,Mid,Other,High,5,3,1,10,9,14,False,1,False,2.91666667,2,0,1,0,2.12411812
Bug Fix,High,Mid,Java,Low,4,2,3,8,3,16,True,0,True,4.5,0,1,1,0,2.46939144
Bug Fix,Medium,Senior,Python,Medium,1,4,0,2,10,16,False,1,False,3.5,2,1,0,1,0.5
Feature Dev,Medium,Senior,Other,Low,2,4,1,4,7,11,True,0,False,3.0,2,1,1,0,1.01111588
Code Review,High,Senior,JavaScript,Low,3,5,1,6,9,12,True,0,False,3.95,2,1,1,1,1.46726465
Client Meeting,Low,Senior,JavaScript,Medium,9,2,0,18,5,18,True,1,True,3.25,0,2,0,0,3.61659375
Refactoring,Low,Mid,JavaScript,Medium,11,3,0,22,3,17,False,0,False,2.08333333,2,1,0,0,3.9435
Feature Dev,High,Junior,C++,Medium,6,4,3,12,8,16,False,3,True,2.8125,1,3,0,0,3.70414688
Documentation,Low,Mid,C++,Low,4,4,1,8,8,14,False,0,False,2.8125,1,3,0,0,1.67794688
Deployment,High,Senior,Python,Low,5,5,3,10,4,15,False,3,False,3.45,2,2,0,1,2.95617438
Feature Dev,Medium,Junior,Other,Low,12,4,3,24,8,12,False,1,False,2.375,2,2,0,0,5.77465625
Client Meeting,High,Tech Lead,Other,Critical,1,3,0,2,9,15,False,1,False,2.08333333,2,1,0,0,0.5
Bug Fix,Low,Junior,Go,Critical,6,4,0,12,3,11,False,2,False,1.9375,3,1,0,0,2.01226875
Bug Fix,Medium,Junior,Go,High,9,5,3,18,3,10,True,1,False,3.1,3,1,0,1,3.52075106
Code Review,Medium,Mid,Other,Medium,10,5,0,20,4,12,False,1,True,3.55,2,1,2,0,3.9108465
Bug Fix,Medium,Junior,JavaScript,High,4,5,0,8,2,11,False,3,False,3.8,1,3,0,1,1.478295
Client Meeting,Low,Tech Lead,Go,High,12,5,0,24,5,9,False,2,False,1.85,4,1,0,0,4.09851
Code Review,Medium,Senior,C++,Medium,10,4,1,20,3,17,True,3,False,3.5,2,1,0,1,4.10595938
Testing,High,Tech Lead,JavaScript,Low,8,5,1,16,3,17,True,0,False,3.05,2,2,1,0,4.06566612
Feature Dev,Medium,Mid,C++,Medium,9,3,0,18,9,15,False,1,False,4.91666667,0,1,2,0,2.97079167
Design Review,High,Junior,Python,Low,12,4,1,24,3,17,False,2,False,4.0625,1,1,2,0,5.44365456
Testing,High,Tech Lead,Go,Critical,2,2,3,4,8,13,True,3,False,3.25,0,2,0,0,1.39732031
Testing,Medium,Senior,JavaScript,Low,10,4,1,20,1,16,True,3,False,3.0625,3,0,0,1,4.62336574
Testing,High,Senior,JavaScript,Medium,6,2,3,12,10,11,False,0,True,3.625,1,0,1,0,3.14678306
Bug Fix,Medium,Mid,C++,Critical,2,4,2,4,3,18,True,2,False,2.5625,3,0,1,0,1.09378943
Feature Dev,Low,Senior,Go,Low,1,2,3,2,6,11,False,1,False,1.5,2,0,0,0,1.026025
Client Meeting,Medium,Tech Lead,Java,Critical,8,2,1,16,2,14,False,1,False,1.5,2,0,0,0,3.0058125
Feature Dev,Medium,Junior,Java,Low,1,3,1,2,10,11,True,2,False,2.66666667,1,2,0,0,0.837375
Testing,Low,Junior,Go,Low,9,4,1,18,6,11,False,1,False,4.375,0,3,0,1,3.21396281
Testing,Medium,Junior,Go,Medium,11,4,2,22,10,14,False,3,False,3.4375,1,2,1,0,4.50140625
Client Meeting,High,Junior,C++,Low,12,5,3,24,3,16,False,2,False,3.95,2,1,1,1,5.6352461
Testing,Medium,Senior,Go,Low,11,2,3,22,8,11,True,3,False,2.375,1,1,0,0,5.83672031
Code Review,Medium,Mid,Python,Low,8,2,0,16,8,9,True,2,False,2.375,1,1,0,0,3.85336875
Client Meeting,High,Junior,JavaScript,Critical,7,4,3,14,8,15,True,0,False,2.8125,1,3,0,0,3.14240883
Client Meeting,Low,Senior,Other,Low,8,3,1,16,4,13,False,1,False,2.08333333,2,1,0,0,3.42865417
Code Review,Medium,Tech Lead,JavaScript,High,1,4,0,2,1,13,False,0,True,5.1875,1,0,2,1,0.5
Refactoring,High,Senior,Java,Critical,2,2,1,4,4,13,False,0,True,2.375,1,1,0,0,0.98169156
Documentation,High,Tech Lead,Python,Low,11,5,1,22,8,14,True,3,True,5.15,0,2,2,1,5.29584421
Code Review,Medium,Tech Lead,JavaScript,Medium,8,3,2,16,1,9,True,2,False,5.58333333,0,1,1,1,3.03807
Documentation,Medium,Tech Lead,Java,Medium,2,5,0,4,3,17,False,2,False,2.7,3,1,1,0,0.93605
Documentation,High,Senior,Java,Low,2,5,1,4,7,9,True,1,False,3.55,2,1,2,0,1.17182315
Documentation,High,Senior,C++,High,5,5,2,10,5,10,False,2,True,3.4,1,3,1,0,2.5006212
Documentation,Low,Mid,Python,High,10,3,1,20,1,12,False,3,True,2.66666667,1,2,0,0,3.87585
Client Meeting,Medium,Mid,C++,Critical,9,4,1,18,9,9,False,2,False,3.0,2,1,1,0,3.09393625
Bug Fix,High,Tech Lead,Java,Medium,8,4,0,16,5,18,False,3,True,4.0625,1,1,2,0,3.69092762
Deployment,Medium,Mid,JavaScript,Medium,12,2,3,24,9,14,False,0,False,3.625,1,0,1,0,4.67873438
Deployment,High,Senior,JavaScript,Medium,2,2,0,4,4,11,False,1,False,3.25,0,2,0,0,0.95625
Testing,High,Senior,JavaScript,Low,4,3,2,8,2,14,True,3,False,4.91666667,0,1,2,0,2.26277975
Refactoring,Low,Tech Lead,Go,High,9,2,2,18,5,17,False,1,True,1.5,2,0,0,0,3.69369
Feature Dev,Medium,Junior,Go,Low,6,2,0,12,4,17,True,0,False,2.375,1,1,0,0,2.720025
Documentation,Low,Tech Lead,C++,Low,1,4,2,2,1,12,False,1,False,3.9375,1,2,0,1,0.71726188
Code Review,High,Senior,C++,Low,11,2,1,22,8,11,True,2,False,4.5,0,1,1,0,5.30345681
Feature Dev,Low,Senior,Java,Critical,2,3,0,4,2,11,False,2,False,4.16666667,1,1,0,1,0.66241917
Design Review,Medium,Mid,Other,Critical,1,3,3,2,6,10,False,1,True,2.91666667,2,0,1,0,0.82211239
Refactoring,High,Junior,Go,Low,13,2,2,26,10,13,False,3,False,2.375,1,1,0,0,7.1022875
Code Review,Medium,Senior,Java,Medium,13,2,1,26,8,13,True,1,False,2.375,1,1,0,0,5.61520313
Feature Dev,High,Junior,C++,Low,6,3,2,12,7,10,False,3,False,2.66666667,1,2,0,0,3.5728
Code Review,Medium,Junior,Java,High,4,4,3,8,7,16,True,0,False,1.9375,3,1,0,0,1.94330391
Documentation,Medium,Senior,Other,Low,3,2,2,6,8,16,True,2,True,2.375,1,1,0,0,2.11935281
Design Review,Medium,Tech Lead,Java,Medium,5,4,3,10,4,10,True,2,False,3.9375,1,2,0,1,2.38729805
Deployment,Medium,Senior,JavaScript,Low,4,5,1,8,5,16,True,3,False,3.55,2,1,2,0,2.05319441
Bug Fix,Low,Senior,Java,Low,13,5,2,26,7,12,False,2,False,3.45,2,2,0,1,5.02065025
Testing,High,Senior,C++,Low,8,5,1,16,8,14,False,3,True,3.05,2,2,1,0,4.5928935
Testing,High,Mid,JavaScript,Low,8,4,2,16,7,13,False,1,False,4.5,0,2,2,0,3.69138
Design Review,High,Tech Lead,C++,Low,8,5,3,16,7,18,True,3,False,3.05,2,2,1,0,4.7025851
Refactoring,Low,Senior,Java,Medium,4,5,0,8,5,9,True,0,True,2.2,3,2,0,0,1.646568
Code Review,Medium,Mid,C++,Critical,2,5,2,4,8,10,True,2,False,1.85,4,1,0,0,1.16895188
Deployment,High,Senior,C++,Critical,2,2,1,4,4,10,False,3,False,3.625,1,0,1,0,1.03778784
Feature Dev,Medium,Junior,Other,Medium,9,4,0,18,9,10,False,3,False,2.5625,3,0,1,0,3.67660313
Deployment,Medium,Mid,C++,Critical,10,3,3,20,10,13,False,1,False,3.5,1,1,1,0,3.47011438
Deployment,Medium,Senior,Other,Low,5,4,2,10,9,13,True,1,False,3.0,2,1,1,0,2.554398
Deployment,Medium,Mid,JavaScript,Critical,11,5,0,22,10,11,True,1,True,3.4,1,3,1,0,3.98536504
Client Meeting,High,Senior,Go,Medium,1,2,3,2,5,11,False,1,False,2.375,1,1,0,0,0.9910625
Refactoring,Medium,Mid,Go,Low,5,5,3,10,10,11,False,0,False,3.4,1,3,1,0,2.4311595
Documentation,Medium,Tech Lead,Go,Low,9,2,2,18,2,16,True,0,True,3.25,0,2,0,0,4.64526563
Bug Fix,Medium,Mid,Other,Medium,13,5,2,26,5,16,False,3,True,3.9,1,2,2,0,5.427466
Deployment,High,Senior,C++,Medium,12,4,3,24,4,11,False,1,False,4.5,0,2,2,0,4.992575
Refactoring,Medium,Junior,Java,Medium,11,4,0,22,8,15,False,0,False,3.5,2,1,0,1,3.8665
Refactoring,High,Tech Lead,Other,Low,8,2,0,16,4,14,True,1,False,2.375,1,1,0,0,4.28403938
Client Meeting,High,Senior,C++,High,13,5,1,26,4,15,False,1,False,3.05,2,2,1,0,5.15325352
Feature Dev,Medium,Junior,JavaScript,Critical,5,5,1,10,4,17,True,3,False,3.2,3,0,2,0,1.93210185
Testing,High,Junior,Java,Critical,11,3,1,22,7,13,False,3,False,3.5,1,1,1,0,4.20227037
Code Review,Medium,Senior,Python,Critical,9,4,1,18,7,18,True,0,False,2.5625,3,0,1,0,3.15516182
Deployment,Low,Tech Lead,Go,High,8,4,3,16,5,10,False,1,False,3.0625,3,0,0,1,2.77685297
Testing,Medium,Junior,Go,High,6,2,1,12,7,13,False,3,False,1.5,2,0,0,0,2.629125
Client Meeting,Medium,Senior,C++,Medium,8,5,3,16,1,16,False,1,True,2.55,2,3,0,0,4.0115625
Code Review,Low,Senior,JavaScript,Critical,4,2,1,8,9,17,False,0,False,2.375,1,1,0,0,1.32615938
Client Meeting,High,Senior,Python,Low,10,3,0,20,5,15,False,0,False,2.91666667,2,0,1,0,4.68324083
Bug Fix,High,Mid,Java,Critical,10,5,2,20,5,12,True,3,True,3.9,1,2,2,0,4.34290857
Refactoring,Low,Senior,Other,Medium,13,3,0,26,9,14,True,3,False,2.08333333,2,1,0,0,5.2072125
Client Meeting,Medium,Senior,Other,Medium,6,2,3,12,7,15,True,0,True,3.625,1,0,1,0,2.93356645
Documentation,High,Mid,Go,Medium,1,5,0,2,7,15,True,1,True,3.8,1,3,0,1,0.5591586
Feature Dev,High,Tech Lead,Java,Low,7,2,0,14,8,10,True,1,False,1.5,2,0,0,0,3.930465
Client Meeting,Medium,Mid,Python,Low,6,3,1,12,2,17,True,1,False,2.66666667,1,2,0,0,2.958725
Documentation,High,Junior,C++,Low,1,2,0,2,3,14,False,3,False,2.375,1,1,0,0,0.820325
Documentation,High,Junior,Go,Low,9,2,0,18,4,16,False,3,True,1.5,2,0,0,0,5.50671
Refactoring,Medium,Senior,Go,Low,3,4,1,6,8,15,True,2,False,3.875,0,3,1,0,1.57374164
Testing,Medium,Senior,Other,High,7,2,1,14,5,10,False,1,True,2.375,1,1,0,0,2.96288438
Refactoring,Medium,Senior,C++,High,1,2,0,2,8,16,False,0,False,2.375,1,1,0,0,0.5
Documentation,Medium,Senior,C++,Medium,13,2,2,26,1,15,False,1,False,4.5,0,1,1,0,4.753
Code Review,High,Tech Lead,Other,Low,8,3,3,16,5,11,False,3,False,4.16666667,1,1,0,1,4.12783708
Deployment,Medium,Tech Lead,Other,Critical,1,5,3,2,1,10,False,0,True,3.6,3,0,1,1,0.6726764
Refactoring,Medium,Tech Lead,Go,Critical,3,5,1,6,5,11,False,0,False,4.3,1,2,1,1,0.9342945
Testing,Low,Tech Lead,Other,Medium,2,3,3,4,8,17,False,3,False,2.08333333,2,1,0,0,1.463875
Bug Fix,Medium,Mid,Go,Low,13,3,0,26,10,17,True,1,False,2.91666667,2,0,1,0,5.66570331
Bug Fix,Medium,Tech Lead,JavaScript,High,8,4,3,16,6,13,False,3,False,3.0,2,1,1,0,3.2759325
Code Review,Low,Junior,Java,Medium,13,2,0,26,5,9,True,2,False,1.5,2,0,0,0,5.2521
Feature Dev,High,Junior,Other,Critical,3,2,3,6,6,16,False,2,False,5.75,0,0,2,0,1.3786745
Bug Fix,Medium,Tech Lead,JavaScript,High,1,5,3,2,7,18,True,3,True,2.55,2,3,0,0,1.16255081
Bug Fix,Low,Mid,Other,High,7,5,0,14,5,11,False,2,False,3.1,3,1,0,1,2.197692
Refactoring,High,Senior,JavaScript,Low,4,2,0,8,5,10,False,0,False,2.375,1,1,0,0,1.98605
Code Review,High,Junior,Java,Low,8,4,1,16,6,15,True,3,False,3.0,2,1,1,0,4.39569323
Feature Dev,High,Senior,Java,Critical,5,2,0,10,6,14,False,2,False,5.75,0,0,2,0,1.697875
Client Meeting,Low,Tech Lead,Go,Medium,5,2,3,10,7,11,False,1,False,3.25,0,2,0,0,2.203125
Client Meeting,Medium,Mid,Python,Medium,11,4,1,22,5,12,False,1,False,3.0,2,1,1,0,4.284975
Deployment,High,Mid,Go,Low,7,3,3,14,9,18,False,3,False,2.66666667,1,2,0,0,4.22143333
Deployment,High,Senior,Python,Low,6,2,3,12,10,14,True,3,False,4.5,0,1,1,0,3.44087494
Documentation,Low,Tech Lead,Java,High,12,2,0,24,6,10,True,0,False,2.375,1,1,0,0,4.005855
Design Review,Medium,Mid,Other,Medium,13,4,3,26,2,9,True,2,False,4.5625,1,1,1,1,4.92705281
Client Meeting,Low,Mid,Python,Critical,2,2,3,4,5,16,False,2,False,2.375,1,1,0,0,1.14266562
Code Review,High,Junior,Java,Critical,6,4,0,12,1,16,True,2,False,3.4375,1,2,1,0,2.37836301
Deployment,High,Senior,Go,Critical,11,4,3,22,8,18,False,2,True,2.8125,1,3,0,0,5.12195922
Documentation,High,Junior,Go,Medium,13,4,3,26,6,11,True,3,True,2.375,2,2,0,0,7.62740344
Client Meeting,High,Junior,Python,Low,6,5,0,12,1,10,True,3,True,4.3,1,2,1,1,3.16538977
Design Review,Low,Tech Lead,Python,High,9,4,3,18,5,18,True,3,False,3.0625,3,0,0,1,3.39172755
Documentation,Medium,Senior,JavaScript,Medium,4,4,2,8,7,18,False,1,False,1.9375,3,1,0,0,2.00625
Feature Dev,Low,Senior,Go,High,11,2,1,22,8,12,True,0,False,2.375,1,1,0,0,3.81112594
Refactoring,Medium,Senior,C++,Medium,10,4,3,20,9,18,False,3,False,1.5,4,0,0,0,4.86875
Feature Dev,Medium,Tech Lead,Java,Low,12,2,1,24,6,11,True,3,False,2.375,1,1,0,0,5.95005469
Testing,Medium,Tech Lead,Java,High,7,5,1,14,2,14,False,2,False,2.55,2,3,0,0,2.7570375
Bug Fix,Medium,Senior,Java,High,7,4,3,14,3,17,False,3,False,3.4375,1,2,1,0,2.87639859
Code Review,Medium,Senior,Go,Medium,11,4,1,22,10,12,True,1,False,3.9375,1,2,0,1,4.18903242
Feature Dev,Low,Senior,Python,High,9,2,2,18,5,11,False,1,False,2.375,1,1,0,0,3.214575
Refactoring,Low,Mid,Other,Medium,8,2,2,16,5,17,True,3,False,2.375,1,1,0,0,3.5854875
Code Review,Medium,Tech Lead,Other,Critical,6,3,2,12,2,9,False,3,False,3.5,1,1,1,0,2.2879875
Bug Fix,Medium,Mid,JavaScript,High,4,4,3,8,8,9,True,2,False,4.125,2,0,1,1,1.74830906
Code Review,High,Senior,C++,Low,9,2,2,18,5,9,False,0,False,2.375,1,1,0,0,4.792425
Design Review,Medium,Senior,JavaScript,High,3,5,1,6,6,10,False,1,False,1.85,4,1,0,0,1.3147875
Client Meeting,Medium,Tech Lead,C++,Medium,12,4,2,24,4,13,False,2,False,3.4375,1,2,1,0,4.77149063
Documentation,High,Senior,Python,Critical,5,4,3,10,3,16,False,3,False,3.5,2,1,0,1,2.27815937
Documentation,Low,Senior,Java,Critical,12,3,0,24,3,16,False,1,False,2.08333333,2,1,0,0,3.74134583
Refactoring,Low,Senior,Go,High,8,4,3,16,10,12,False,3,False,3.0625,3,0,0,1,2.93876859
Testing,Low,Senior,Java,Critical,2,4,3,4,3,11,True,0,False,2.375,2,2,0,0,1.02464578
Code Review,High,Senior,Go,Medium,9,4,1,18,2,9,False,2,True,3.875,0,3,1,0,4.34168969
Feature Dev,Low,Mid,JavaScript,Low,3,5,3,6,10,11,True,2,True,3.8,1,3,0,1,1.90014074
Documentation,Medium,Junior,Other,High,1,5,0,2,1,10,False,3,False,3.1,3,1,0,1,0.5655825
Code Review,Medium,Mid,Java,Low,11,3,2,22,6,14,False,1,True,2.91666667,2,0,1,0,5.375546
Client Meeting,Medium,Mid,Java,Medium,1,2,0,2,10,14,False,3,False,3.25,0,2,0,0,0.65625
Testing,Medium,Senior,Python,Low,4,3,0,8,4,12,True,3,True,1.5,3,0,0,0,2.47429875
Documentation,Medium,Senior,Java,Medium,1,3,2,2,8,13,False,2,False,4.16666667,1,1,0,1,0.762375
Testing,Low,Tech Lead,Java,Medium,10,5,0,20,3,14,False,1,True,3.1,3,1,0,1,3.6538425
Refactoring,Medium,Mid,Go,Medium,7,4,3,14,4,11,False,2,False,4.5625,1,1,1,1,2.76733125
Feature Dev,Medium,Senior,Other,Low,13,2,3,26,5,15,True,2,False,1.5,2,0,0,0,6.92566875
Feature Dev,High,Senior,Other,Low,11,4,3,22,3,12,False,3,True,3.625,2,0,2,0,6.07137011
Deployment,Medium,Senior,JavaScript,High,8,5,1,16,1,11,False,1,False,1.85,4,1,0,0,3.1282875
Code Review,High,Tech Lead,Other,Low,13,4,2,26,4,17,True,2,False,4.125,2,0,1,1,6.1540479
Deployment,Medium,Senior,Java,Critical,11,5,3,22,4,15,False,2,True,3.45,2,2,0,1,4.16045197
Bug Fix,High,Senior,Python,Low,1,2,2,2,10,12,False,3,False,2.375,1,1,0,0,1.1441375
Bug Fix,High,Senior,Java,Low,11,3,3,22,1,9,False,3,True,2.66666667,1,2,0,0,6.79576333
Client Meeting,Medium,Tech Lead,Go,Low,3,5,1,6,9,12,False,0,True,2.2,3,2,0,0,1.617165
Documentation,Medium,Mid,Python,Low,10,4,0,20,7,16,False,3,True,3.4375,1,2,1,0,4.68416334
Client Meeting,High,Senior,JavaScript,High,4,4,2,8,4,13,False,0,True,3.0,2,1,1,0,1.9522899
Design Review,Medium,Tech Lead,Go,High,9,2,3,18,10,10,False,3,False,3.625,1,0,1,0,3.48899906
Design Review,Medium,Mid,Go,Low,10,3,1,20,9,13,True,0,False,3.5,1,1,1,0,4.30074356
Bug Fix,Medium,Senior,Other,Medium,7,4,2,14,1,15,True,1,False,1.9375,3,1,0,0,3.3705
Documentation,High,Senior,Java,Medium,10,4,1,20,7,17,False,3,False,4.375,0,3,0,1,4.22779688
Testing,Medium,Tech Lead,C++,High,7,5,2,14,2,11,True,2,True,4.3,1,2,1,1,2.79299097
Documentation,Medium,Senior,Go,High,7,5,2,14,9,15,False,3,False,3.45,2,2,0,1,2.6962425
Design Review,Medium,Tech Lead,Go,Medium,9,4,3,18,6,12,False,1,False,1.5,4,0,0,0,4.25375
Testing,Low,Senior,Python,Critical,9,5,1,18,5,16,True,1,False,2.55,2,3,0,0,3.02916731
Client Meeting,Medium,Senior,Go,Medium,4,4,3,8,6,12,False,0,False,3.0,2,1,1,0,1.889075
Code Review,Medium,Mid,JavaScript,High,3,3,2,6,1,18,False,1,False,5.0,1,0,1,1,1.12608
Bug Fix,Medium,Junior,JavaScript,Medium,8,4,2,16,10,9,False,3,False,3.0,2,1,1,0,3.5017
Documentation,Medium,Senior,JavaScript,Low,5,2,2,10,9,13,False,2,False,5.75,0,0,2,0,2.19725
Code Review,High,Junior,Other,Medium,8,2,3,16,8,10,True,1,True,2.375,1,1,0,0,4.79404406
Documentation,Medium,Mid,Java,Critical,3,4,3,6,9,10,False,2,False,4.375,0,3,0,1,1.31647734
Testing,Medium,Mid,Other,High,13,2,1,26,6,18,True,0,True,3.625,1,0,1,0,4.95618332
Design Review,High,Tech Lead,Java,High,2,2,1,4,5,9,True,3,False,2.375,1,1,0,0,1.27037531
Bug Fix,High,Tech Lead,C++,Medium,2,5,1,4,8,11,False,2,False,3.55,2,1,2,0,1.1012805
Testing,Low,Mid,Other,Critical,1,2,2,2,6,12,False,0,False,3.25,0,2,0,0,0.5259375
Refactoring,Medium,Tech Lead,Other,Medium,7,5,0,14,9,9,False,1,False,2.9,1,4,0,0,2.7695
Client Meeting,Low,Tech Lead,Python,Critical,7,2,0,14,2,15,False,3,False,2.375,1,1,0,0,2.35205625
Client Meeting,Medium,Tech Lead,C++,Low,7,5,0,14,8,15,True,3,False,4.3,1,2,1,1,2.9152431
Client Meeting,High,Tech Lead,C++,Critical,12,2,0,24,10,10,False,0,False,2.375,1,1,0,0,4.604025
Design Review,Medium,Senior,Go,Critical,9,5,3,18,2,18,True,2,False,2.75,4,0,0,1,3.46833867
Bug Fix,Medium,Junior,C++,High,4,4,0,8,10,16,False,0,False,4.5625,1,1,1,1,1.15506
Client Meeting,High,Tech Lead,Python,Critical,3,4,0,6,3,13,False,1,False,5.625,0,1,2,1,0.951677
Deployment,Medium,Tech Lead,Go,Low,12,3,2,24,4,16,True,1,True,3.58333333,2,0,0,1,5.77939863
Testing,Medium,Junior,C++,Low,5,2,0,10,10,14,True,1,False,3.25,0,2,0,0,2.27390625
Design Review,Medium,Mid,Go,Low,6,3,1,12,9,16,True,0,False,4.16666667,1,1,0,1,2.49487219
Deployment,High,Senior,C++,Critical,9,4,1,18,10,14,False,1,False,4.125,2,0,1,1,3.06822588
Design Review,Medium,Tech Lead,Other,Low,3,4,0,6,4,13,False,0,False,3.625,2,0,2,0,1.139985
Testing,High,Senior,Java,Critical,2,5,3,4,10,16,False,3,False,3.4,1,3,1,0,1.28053095
Code Review,Low,Senior,Java,Critical,13,4,1,26,4,12,True,3,False,1.9375,3,1,0,0,4.59283289
Refactoring,Medium,Junior,Java,Low,5,2,1,10,4,16,True,2,False,4.5,0,1,1,0,2.30371969
Feature Dev,High,Senior,JavaScript,Low,13,3,2,26,5,17,True,0,False,4.75,0,2,0,1,5.94325463
Feature Dev,High,Mid,Java,Low,9,4,2,18,6,16,False,2,True,2.375,2,2,0,0,5.50913
Feature Dev,Medium,Junior,Go,High,5,3,0,10,5,12,False,2,True,2.91666667,2,0,1,0,2.01582975
Feature Dev,Medium,Junior,Other,Critical,6,2,2,12,4,10,False,2,False,2.375,1,1,0,0,2.41878125
Testing,High,Senior,Java,Low,10,3,0,20,8,16,False,0,False,3.5,1,1,1,0,4.540085
Documentation,Low,Senior,Go,Medium,12,3,0,24,8,12,False,1,True,1.5,3,0,0,0,4.98355
Client Meeting,Low,Senior,JavaScript,High,6,2,3,12,1,9,True,1,True,3.25,0,2,0,0,2.64097969
Bug Fix,Medium,Junior,Java,High,6,5,2,12,4,16,True,1,False,3.95,2,1,1,1,2.1969738
Feature Dev,High,Tech Lead,Python,Low,2,4,2,4,3,14,True,1,False,3.5,2,1,0,1,1.33974225
Testing,Low,Mid,C++,High,9,4,2,18,1,15,True,2,False,3.5,2,1,0,1,3.10576613
Refactoring,Medium,Tech Lead,Go,High,11,5,0,22,2,9,True,0,False,3.05,2,2,1,0,3.82151385
Bug Fix,Medium,Mid,Python,High,5,5,2,10,2,17,True,3,False,2.7,3,1,1,0,2.29987485
Design Review,Low,Senior,C++,Critical,3,4,3,6,4,10,False,0,False,2.375,2,2,0,0,1.27611563
Documentation,High,Junior,JavaScript,High,7,4,1,14,8,15,False,1,False,5.0,0,2,1,1,2.442186
Documentation,Medium,Tech Lead,JavaScript,Low,7,2,2,14,4,11,True,0,True,3.625,1,0,1,0,3.50998653
Feature Dev,Medium,Junior,C++,Critical,4,4,1,8,6,12,False,0,False,3.0625,3,0,0,1,1.33805273
Client Meeting,Low,Junior,Other,Low,6,2,1,12,9,16,False,2,False,2.375,1,1,0,0,2.70923125
Testing,Medium,Tech Lead,Java,Low,1,5,0,2,3,15,False,2,False,3.9,1,2,2,0,0.561462
Refactoring,Medium,Mid,Python,High,4,2,3,8,2,10,True,2,False,3.625,1,0,1,0,1.89488742
Refactoring,Low,Senior,C++,Medium,7,3,2,14,1,10,False,3,False,2.08333333,2,1,0,0,3.107
Refactoring,Medium,Mid,Other,Critical,8,3,3,16,8,18,False,3,False,4.33333333,1,0,2,0,2.78784417
Refactoring,Low,Senior,Python,Medium,3,4,2,6,8,17,False,0,False,2.8125,1,3,0,0,1.3239375
Testing,Low,Mid,JavaScript,Medium,3,2,3,6,3,12,True,0,True,2.375,1,1,0,0,1.73401594
Client Meeting,Low,Junior,Other,Low,10,5,1,20,2,13,False,2,False,3.45,2,2,0,1,3.82848813
Testing,Medium,Senior,Go,Critical,10,3,0,20,6,11,False,3,False,2.08333333,2,1,0,0,3.63977083
Code Review,High,Senior,Other,Low,5,5,1,10,9,18,True,1,True,3.05,2,2,1,0,2.97759621
Feature Dev,Medium,Tech Lead,Java,Low,5,4,1,10,3,11,False,2,True,4.0625,1,1,2,0,2.39724822
Refactoring,Medium,Tech Lead,Python,Critical,4,3,2,8,9,10,False,3,False,1.5,3,0,0,0,1.91675
Feature Dev,Medium,Mid,Other,Medium,13,5,2,26,4,10,True,0,False,3.55,2,1,2,0,5.00779125
Client Meeting,Low,Junior,Java,Low,8,3,1,16,5,15,True,1,True,4.16666667,1,1,0,1,3.36856664
Deployment,Medium,Senior,Other,Medium,2,5,3,4,9,17,False,2,False,3.1,3,1,0,1,1.3017375
Design Review,High,Tech Lead,Java,High,13,2,1,26,7,18,False,3,False,1.5,2,0,0,0,5.931675
Bug Fix,High,Mid,Java,Medium,6,2,1,12,1,16,True,0,False,1.5,2,0,0,0,3.1318875
Refactoring,High,Junior,Python,Critical,12,4,0,24,2,10,True,3,False,4.5,0,2,2,0,4.27235288
Testing,Medium,Mid,Python,Critical,5,3,0,10,3,13,False,3,False,4.33333333,1,0,2,0,1.62330167
Client Meeting,Medium,Tech Lead,Other,Low,2,5,1,4,10,16,False,1,False,1.85,4,1,0,0,1.1636625
Code Review,Low,Tech Lead,Java,High,6,3,0,12,5,12,True,2,False,2.66666667,1,2,0,0,2.15586
Code Review,Medium,Mid,JavaScript,Critical,6,3,0,12,4,10,False,1,True,2.66666667,1,2,0,0,2.25958333
Code Review,Medium,Mid,JavaScript,Low,2,2,3,4,2,11,True,1,False,1.5,2,0,0,0,1.59823125
Deployment,High,Tech Lead,Python,Critical,8,2,3,16,7,14,False,2,False,1.5,2,0,0,0,3.7725125
Code Review,Medium,Mid,Python,High,13,4,2,26,6,11,False,1,False,3.4375,1,2,1,0,4.5374175
Testing,High,Junior,JavaScript,Medium,3,5,0,6,4,10,True,0,True,4.3,1,2,1,1,1.29775338
Refactoring,High,Mid,Go,Low,12,2,0,24,6,10,False,0,False,5.75,0,0,2,0,4.851528
Client Meeting,Low,Mid,Python,Critical,1,2,3,2,1,14,False,3,False,2.375,1,1,0,0,0.92580938
Design Review,Medium,Senior,Go,Critical,1,3,0,2,3,10,False,0,False,4.08333333,0,2,1,0,0.5
Deployment,Medium,Junior,Other,Medium,1,2,1,2,1,11,False,3,False,2.375,1,1,0,0,0.8340625
Client Meeting,Low,Junior,Python,High,9,4,0,18,7,18,False,1,False,2.8125,1,3,0,0,2.88388125
Client Meeting,High,Mid,JavaScript,Low,7,2,0,14,1,10,True,1,True,3.25,0,2,0,0,3.95443125
Deployment,Low,Senior,Other,High,6,2,0,12,8,12,True,3,True,1.5,2,0,0,0,2.62109925
Deployment,Low,Mid,JavaScript,Medium,11,5,2,22,1,15,False,2,False,2.9,1,4,0,0,4.2593
Feature Dev,Medium,Tech Lead,Java,Low,2,2,1,4,10,15,False,1,False,2.375,1,1,0,0,1.13334375
Bug Fix,High,Mid,Java,High,1,2,1,2,9,11,False,3,False,1.5,2,0,0,0,0.839475
Design Review,Low,Junior,C++,Critical,5,2,1,10,1,15,False,1,True,1.5,2,0,0,0,1.96466875
Design Review,Medium,Junior,JavaScript,Medium,5,3,3,10,1,12,False,3,False,5.0,1,0,1,1,2.1505
Client Meeting,Medium,Senior,Go,Critical,9,5,3,18,7,16,False,3,False,2.35,4,0,1,0,3.52380994
Design Review,Medium,Mid,Other,Medium,11,4,2,22,9,13,False,1,True,4.125,2,0,1,1,4.34148
Documentation,Medium,Senior,JavaScript,Critical,4,3,0,8,8,17,True,3,False,2.08333333,2,1,0,0,1.68868438
Testing,High,Mid,Java,Low,12,3,0,24,4,10,False,2,False,4.16666667,1,1,0,1,5.32984833
Deployment,High,Mid,Go,Low,6,5,2,12,6,15,False,0,False,4.45,2,0,2,1,2.62876185
Design Review,High,Senior,Python,High,6,5,3,12,1,15,True,1,True,2.55,2,3,0,0,3.34612451
Bug Fix,Medium,Mid,C++,Medium,11,4,2,22,9,16,False,1,False,5.625,0,1,2,1,3.6312
Feature Dev,Low,Junior,Java,Low,3,2,0,6,4,17,True,2,False,1.5,2,0,0,0,1.51536
Testing,High,Junior,Other,Critical,1,3,0,2,7,18,True,0,False,2.66666667,1,2,0,0,0.5
Refactoring,Medium,Junior,Go,High,10,3,3,20,7,12,True,3,True,2.08333333,2,1,0,0,4.91705156
Feature Dev,Low,Mid,Java,Medium,3,5,2,6,2,15,False,3,False,3.45,2,2,0,1,1.48029
Feature Dev,High,Junior,Java,High,12,5,2,24,7,11,False,3,False,3.05,2,2,1,0,5.0622651
Feature Dev,Low,Tech Lead,Other,Medium,4,3,1,8,9,18,True,1,True,2.66666667,1,2,0,0,1.886885
Bug Fix,Medium,Senior,Other,Low,3,3,2,6,9,17,False,2,False,2.91666667,2,0,1,0,1.73076292
Code Review,Medium,Junior,Go,Critical,1,3,2,2,10,11,False,3,False,2.91666667,2,0,1,0,0.78671042
Testing,Medium,Tech Lead,Python,High,9,3,0,18,10,9,False,3,True,2.08333333,2,1,0,0,3.8449125
Bug Fix,High,Mid,C++,Medium,13,4,2,26,8,9,False,3,True,4.5,0,2,2,0,5.953255
Client Meeting,Low,Mid,Python,Critical,13,5,2,26,10,13,False,0,False,1.85,4,1,0,0,4.2647475
Client Meeting,Medium,Tech Lead,C++,Low,8,2,0,16,6,13,True,3,False,3.625,1,0,1,0,3.60262547
Feature Dev,Medium,Mid,Other,Low,11,4,0,22,10,15,False,1,False,3.0625,3,0,0,1,4.45267969
Design Review,High,Mid,Go,Low,7,3,0,14,2,9,False,2,True,3.5,1,1,1,0,3.71299995
Testing,High,Senior,Other,Critical,1,3,2,2,8,15,False,3,False,2.08333333,2,1,0,0,0.89724583
Testing,High,Senior,Other,Critical,3,5,1,6,1,18,False,3,False,3.05,2,2,1,0,1.42962116
Deployment,Medium,Tech Lead,Java,Critical,10,2,2,20,10,16,False,2,True,2.375,1,1,0,0,4.12860938
Documentation,Medium,Mid,Python,Low,6,2,3,12,10,9,True,1,True,5.75,0,0,2,0,2.99463203
Code Review,High,Tech Lead,Java,Critical,11,3,1,22,5,16,False,0,False,3.5,1,1,1,0,3.97347163
Client Meeting,Medium,Tech Lead,Java,Low,12,3,2,24,6,10,False,0,False,2.91666667,2,0,1,0,5.19228875
Testing,Medium,Senior,JavaScript,Medium,11,3,0,22,1,13,False,0,True,4.33333333,1,0,2,0,4.01881333
Client Meeting,Low,Mid,Java,Medium,9,5,3,18,1,15,True,3,False,3.1,3,1,0,1,3.76112363
Testing,Low,Mid,Python,High,11,3,3,22,9,16,True,3,False,3.25,0,3,0,0,4.17276562
Bug Fix,High,Tech Lead,Python,Medium,11,2,0,22,5,16,True,0,False,2.375,1,1,0,0,5.21338125
Bug Fix,High,Tech Lead,JavaScript,Medium,1,5,2,2,1,11,False,1,False,3.4,1,3,1,0,0.775806
Refactoring,Low,Mid,JavaScript,Critical,6,2,2,12,1,15,False,1,False,2.375,1,1,0,0,2.1352
Bug Fix,Medium,Junior,Other,Critical,9,4,1,18,3,15,False,1,False,3.0,2,1,1,0,3.01560875
Deployment,Medium,Senior,Java,High,1,2,0,2,1,12,True,1,True,2.375,1,1,0,0,0.51000469
Feature Dev,High,Junior,Python,Medium,7,3,2,14,3,15,True,3,False,2.91666667,2,0,1,0,3.71234762
Deployment,Medium,Senior,Java,Low,7,5,3,14,4,11,False,3,False,3.55,2,1,2,0,3.38622075
Client Meeting,High,Senior,Python,Critical,12,4,1,24,10,9,True,0,False,2.375,2,2,0,0,4.96559109
Design Review,High,Senior,JavaScript,Critical,8,3,0,16,7,11,False,0,False,2.66666667,1,2,0,0,3.02373333
Bug Fix,High,Senior,Go,Low,5,3,1,10,9,15,True,0,False,3.58333333,2,0,0,1,2.47544172
Documentation,High,Tech Lead,Java,Low,6,4,2,12,7,16,True,0,False,3.9375,1,2,0,1,3.03231895
Documentation,Medium,Mid,C++,Low,5,3,2,10,2,12,True,3,False,4.75,0,2,0,1,2.46058313
Documentation,High,Mid,JavaScript,Medium,7,3,3,14,6,17,True,2,True,3.5,1,1,1,0,4.01057291
Deployment,Medium,Tech Lead,Go,Critical,7,5,0,14,6,13,False,0,True,3.55,2,1,2,0,2.2701987
Refactoring,High,Mid,Java,Medium,2,3,3,4,8,16,True,1,False,2.08333333,2,1,0,0,1.53706875
Code Review,High,Junior,Python,Critical,10,3,2,20,8,17,False,2,False,4.91666667,0,1,2,0,3.48064375
Feature Dev,Medium,Senior,C++,Critical,10,4,0,20,2,16,False,0,False,3.0625,3,0,0,1,3.05840625
Client Meeting,High,Mid,JavaScript,Critical,4,4,2,8,8,16,True,2,True,3.9375,1,2,0,1,1.97100732
Deployment,High,Tech Lead,JavaScript,Medium,7,4,0,14,3,18,False,3,False,2.8125,1,3,0,0,3.377
Feature Dev,Medium,Tech Lead,Go,High,5,5,0,10,4,9,True,0,False,4.8,1,1,2,1,1.446606
Testing,High,Senior,Python,High,5,5,2,10,2,16,False,1,False,4.8,1,1,2,1,1.859922
Deployment,High,Mid,Go,High,13,5,0,26,1,11,True,1,False,4.8,1,1,2,1,4.39768224
Bug Fix,High,Senior,Other,Critical,1,2,1,2,2,12,False,2,False,2.375,1,1,0,0,0.67559063
Testing,Medium,Tech Lead,Other,Low,2,2,0,4,4,15,True,2,False,1.5,2,0,0,0,1.183875
Client Meeting,Medium,Mid,JavaScript,Medium,2,2,0,4,3,11,False,1,False,2.375,1,1,0,0,0.883125
Design Review,Medium,Tech Lead,Java,Critical,2,4,0,4,4,14,True,1,False,3.4375,1,2,1,0,0.72315091
Feature Dev,Medium,Junior,Python,Medium,6,5,3,12,6,13,True,2,False,2.7,3,1,1,0,2.99770013
Bug Fix,High,Tech Lead,Other,Low,12,3,0,24,4,17,True,0,False,4.16666667,1,1,0,1,5.4006645
Client Meeting,Low,Mid,Python,High,12,4,2,24,2,12,True,1,False,2.375,2,2,0,0,4.3767675
Bug Fix,Medium,Mid,Go,Low,4,3,1,8,4,15,False,0,False,3.5,1,1,1,0,1.72720625
Documentation,Medium,Tech Lead,Python,High,5,3,2,10,7,12,True,0,False,1.5,3,0,0,0,2.2278375
Code Review,Medium,Tech Lead,Java,High,5,5,3,10,9,13,True,3,True,2.2,3,2,0,0,2.83003875
Client Meeting,Low,Tech Lead,JavaScript,High,6,3,3,12,2,13,False,2,False,3.58333333,2,0,0,1,2.21234813
Design Review,High,Senior,Java,Medium,9,2,2,18,8,9,False,3,False,4.5,0,1,1,0,4.023075
Feature Dev,Low,Tech Lead,Python,Low,9,2,0,18,6,14,True,2,False,2.375,1,1,0,0,3.8987025
Feature Dev,High,Junior,Go,Low,3,2,3,6,2,11,False,1,False,3.625,1,0,1,0,1.89199106
Code Review,Low,Mid,C++,Low,2,4,2,4,1,16,False,3,False,2.375,2,2,0,0,1.424775
Bug Fix,High,Junior,Java,High,12,4,3,24,4,11,False,1,False,5.0,0,2,1,1,4.272066
Testing,High,Junior,JavaScript,High,1,3,0,2,5,10,False,2,True,2.66666667,1,2,0,0,0.63162
Deployment,High,Junior,C++,Critical,1,2,1,2,10,10,False,1,False,2.375,1,1,0,0,0.59218438
Bug Fix,Medium,Tech Lead,Other,High,7,4,1,14,1,14,True,2,False,3.625,2,0,2,0,2.57079572
Bug Fix,High,Junior,Other,Critical,8,4,2,16,3,15,True,2,False,3.0,2,1,1,0,3.43779398
Bug Fix,Medium,Junior,Java,Critical,10,5,2,20,2,18,False,3,False,3.8,1,3,0,1,3.380195
Documentation,High,Mid,C++,High,4,4,0,8,4,13,False,0,True,5.0,0,2,1,1,1.4244912
Design Review,Medium,Junior,Other,Medium,11,2,1,22,2,18,False,0,False,3.625,1,0,1,0,4.05490313
Refactoring,Medium,Tech Lead,C++,Low,6,5,3,12,3,13,True,0,False,2.7,3,1,1,0,3.08124259
Deployment,Low,Senior,Go,Critical,9,3,0,18,6,9,True,1,False,2.66666667,1,2,0,0,2.881585
Design Review,Low,Tech Lead,Go,Medium,5,3,3,10,1,14,True,0,False,3.58333333,2,0,0,1,2.06669531
Testing,Medium,Tech Lead,Java,Critical,1,4,3,2,1,14,True,0,False,3.9375,1,2,0,1,0.65087654
Refactoring,Medium,Mid,Go,High,1,3,2,2,6,15,False,2,False,5.58333333,0,1,1,1,0.63342
Client Meeting,Low,Mid,Java,Low,3,3,2,6,1,17,False,2,False,3.58333333,2,0,0,1,1.52038792
Code Review,Medium,Tech Lead,C++,High,7,3,0,14,6,18,False,3,True,3.5,1,1,1,0,2.75366025
Code Review,Medium,Junior,JavaScript,High,3,3,3,6,5,14,True,3,False,4.16666667,1,1,0,1,1.56096281
Design Review,High,Tech Lead,Python,Low,13,3,0,26,6,18,False,0,True,2.08333333,2,1,0,0,7.20565083
Refactoring,High,Senior,Python,High,8,3,2,16,5,15,False,3,True,5.58333333,0,1,1,1,3.3134904
Client Meeting,Medium,Junior,Python,Low,11,3,2,22,3,16,False,2,True,2.66666667,1,2,0,0,5.73136667
Deployment,Medium,Mid,JavaScript,Low,12,4,2,24,1,11,True,0,False,5.1875,1,0,2,1,4.45616325
Documentation,High,Senior,JavaScript,High,13,2,1,26,9,14,False,2,False,4.5,0,1,1,0,4.83532875
Deployment,High,Senior,Python,Low,12,4,0,24,2,15,False,0,False,4.5625,1,1,1,1,4.870503
Client Meeting,Medium,Senior,Java,Critical,13,3,1,26,4,11,True,0,False,2.08333333,2,1,0,0,4.75497969
Bug Fix,Low,Mid,Other,High,9,3,2,18,1,18,False,1,False,1.5,3,0,0,0,3.3579
Testing,High,Senior,C++,High,12,4,0,24,9,12,False,0,False,4.0625,1,1,2,0,4.1883345
Testing,Medium,Tech Lead,C++,Low,8,4,0,16,5,11,True,2,False,1.5,4,0,0,0,4.025175
Client Meeting,Medium,Senior,Go,Low,4,4,3,8,9,9,True,1,False,4.0625,1,1,2,0,2.09353495
Documentation,High,Senior,Go,High,12,5,0,24,4,9,True,1,True,4.45,2,0,2,1,4.56244814
Testing,Medium,Mid,Go,Critical,4,2,1,8,7,10,False,0,False,2.375,1,1,0,0,1.45960938
Feature Dev,High,Tech Lead,Other,Critical,10,3,0,20,8,17,True,2,True,3.5,1,1,1,0,4.2282009
Bug Fix,Medium,Junior,JavaScript,Low,13,3,0,26,2,13,False,0,True,2.66666667,1,2,0,0,6.08226667
Bug Fix,High,Junior,Java,Critical,1,4,2,2,4,16,False,2,False,3.625,2,0,2,0,0.704718
Deployment,Medium,Tech Lead,Python,Critical,10,5,3,20,4,12,True,0,False,3.95,2,1,1,1,3.29764024
Documentation,Medium,Senior,JavaScript,Critical,10,5,2,20,8,14,True,0,True,3.95,2,1,1,1,3.50513221
Bug Fix,Low,Junior,Python,Medium,7,5,0,14,3,12,False,0,False,3.8,1,3,0,1,2.17854
Client Meeting,Medium,Senior,C++,Low,9,2,0,18,8,18,False,0,False,2.375,1,1,0,0,3.88575
Testing,Medium,Tech Lead,Python,Medium,8,4,2,16,3,15,True,1,False,3.5,2,1,0,1,3.321675
Deployment,High,Senior,Other,Medium,3,2,2,6,7,17,True,3,True,1.5,2,0,0,0,2.3440725
Bug Fix,Medium,Tech Lead,Python,Medium,4,5,0,8,7,17,True,2,False,3.95,2,1,1,1,1.569267
Feature Dev,High,Senior,Python,Medium,7,4,3,14,8,15,True,1,True,3.9375,1,2,0,1,3.73589623
Testing,High,Junior,Python,High,2,3,0,4,5,10,False,3,False,2.08333333,2,1,0,0,1.093425
Code Review,Medium,Senior,Go,Medium,12,4,2,24,3,11,True,3,False,4.5625,1,1,1,1,4.54804875
Deployment,Medium,Senior,JavaScript,High,1,2,3,2,6,10,True,1,False,3.25,0,2,0,0,0.84164063
Feature Dev,Medium,Senior,Java,Low,8,3,2,16,7,16,False,3,False,2.66666667,1,2,0,0,4.04066667
Refactoring,Medium,Tech Lead,Other,Low,4,4,1,8,10,10,False,0,True,4.0625,1,1,2,0,1.78518484
Design Review,Medium,Junior,Java,Medium,5,3,2,10,9,16,False,0,False,2.66666667,1,2,0,0,2.22333333
Code Review,High,Tech Lead,Other,Critical,3,5,0,6,7,15,False,0,False,4.45,2,0,2,1,0.91608368
Feature Dev,Medium,Tech Lead,C++,Critical,3,3,0,6,5,9,False,3,False,4.16666667,1,1,0,1,1.08003125
Bug Fix,Low,Senior,Other,High,13,4,1,26,10,14,False,2,True,2.8125,1,3,0,0,4.77739969
Bug Fix,High,Senior,Other,Medium,7,3,0,14,2,9,True,3,True,2.66666667,1,2,0,0,3.93008
Client Meeting,Medium,Senior,Python,Critical,12,3,1,24,2,13,True,2,True,5.58333333,0,1,1,1,3.95380178
Client Meeting,High,Senior,Other,Critical,12,2,2,24,9,17,False,1,False,3.625,1,0,1,0,4.4844555
Code Review,Medium,Tech Lead,Java,Critical,6,4,3,12,5,9,False,2,False,3.0,2,1,1,0,2.38898875
Deployment,Low,Senior,Python,Medium,2,2,3,4,10,14,True,1,False,2.375,1,1,0,0,1.30849688
Documentation,High,Junior,Java,High,11,5,3,22,3,13,True,0,False,2.9,1,4,0,0,4.97263725
Client Meeting,High,Senior,Go,Medium,3,5,0,6,3,10,True,1,False,4.25,0,3,2,0,1.2964245
Testing,High,Junior,Java,Critical,9,3,3,18,4,17,False,2,False,2.91666667,2,0,1,0,3.7683429
Feature Dev,Medium,Senior,Java,Critical,7,4,2,14,9,17,False,1,True,2.375,2,2,0,0,2.9359
Code Review,Medium,Junior,Other,Medium,3,5,1,6,3,18,True,0,True,3.05,2,2,1,0,1.43306769
Testing,Medium,Senior,C++,Medium,11,4,0,22,5,17,False,0,True,4.0625,1,1,2,0,4.0804225
Client Meeting,Medium,Tech Lead,C++,Critical,6,2,0,12,9,12,True,2,False,2.375,1,1,0,0,2.27699063
Bug Fix,Low,Mid,JavaScript,Low,8,4,0,16,5,14,False,3,False,4.375,0,3,0,1,2.92848188
Code Review,High,Mid,C++,High,1,5,0,2,3,14,False,0,False,3.05,2,2,1,0,0.5
Testing,Low,Junior,Other,Medium,3,2,1,6,1,9,False,1,False,1.5,2,0,0,0,1.36325
Refactoring,Medium,Tech Lead,C++,Critical,7,3,3,14,1,11,False,1,False,4.16666667,1,1,0,1,2.41206979
Bug Fix,High,Junior,C++,Medium,4,3,1,8,7,18,True,0,False,2.66666667,1,2,0,0,2.01985
Testing,High,Senior,C++,Low,12,3,3,24,5,15,False,1,False,3.5,1,1,1,0,5.99093825
Refactoring,Medium,Mid,Python,Low,3,4,1,6,2,14,True,0,False,4.0625,1,1,2,0,1.3145452
Documentation,Medium,Mid,C++,Critical,9,3,3,18,4,13,False,1,False,3.25,0,3,0,0,3.30703125
Code Review,High,Tech Lead,C++,High,13,5,0,26,2,13,True,3,False,3.4,1,3,1,0,5.35360266
Design Review,High,Mid,C++,High,8,2,0,16,3,14,True,1,True,2.375,1,1,0,0,3.85563544
Testing,Medium,Senior,Java,Medium,7,2,1,14,8,15,False,2,False,1.5,2,0,0,0,3.22875
Code Review,High,Senior,Python,Critical,6,2,0,12,4,15,True,0,False,3.625,1,0,1,0,2.19526217
Testing,Medium,Junior,Python,Critical,5,2,3,10,9,15,False,2,False,1.5,2,0,0,0,2.3088125
Design Review,Medium,Tech Lead,Other,High,1,2,0,2,6,11,True,3,True,2.375,1,1,0,0,0.71400656
Bug Fix,High,Tech Lead,C++,Medium,9,3,0,18,6,15,False,0,True,2.91666667,2,0,1,0,4.21491675
Testing,High,Mid,Java,Critical,9,2,1,18,4,9,False,0,False,2.375,1,1,0,0,3.57812813
Refactoring,Medium,Senior,Java,Low,10,4,0,20,7,18,True,2,True,4.5625,1,1,1,1,4.28021921
Feature Dev,Low,Tech Lead,Java,High,12,2,2,24,1,11,False,2,True,1.5,2,0,0,0,4.891095
Feature Dev,Medium,Mid,C++,High,12,2,0,24,9,16,False,2,False,3.25,0,2,0,0,4.21875
Deployment,Medium,Mid,Go,Medium,7,3,1,14,5,17,False,0,False,2.91666667,2,0,1,0,2.73034792
Client Meeting,Low,Mid,Go,High,5,5,1,10,8,11,True,3,False,3.45,2,2,0,1,1.87349203
Documentation,Medium,Mid,Python,Low,5,3,1,10,4,13,False,3,False,2.91666667,2,0,1,0,2.49433479
Testing,Medium,Senior,Other,High,6,5,3,12,6,12,False,1,False,1.85,4,1,0,0,2.6749125
Documentation,High,Junior,JavaScript,Critical,7,2,2,14,5,10,False,2,False,5.75,0,0,2,0,2.526438
Bug Fix,Medium,Tech Lead,Java,High,9,4,0,18,1,17,True,3,False,2.8125,1,3,0,0,3.53577656
Refactoring,High,Junior,Go,Low,12,3,1,24,9,13,True,3,False,2.66666667,1,2,0,0,6.665505
Code Review,Low,Senior,Python,High,7,2,0,14,8,17,False,1,False,2.375,1,1,0,0,2.3137875
Refactoring,Low,Senior,Other,Low,1,2,2,2,3,10,False,2,False,1.5,2,0,0,0,0.96965
Design Review,Low,Junior,Java,Medium,7,2,0,14,8,15,False,3,False,1.5,2,0,0,0,2.8905
Bug Fix,High,Tech Lead,C++,Critical,11,2,0,22,2,12,True,3,True,2.375,1,1,0,0,5.16351413
Client Meeting,Low,Mid,Python,Critical,5,5,2,10,3,18,True,2,False,3.8,1,3,0,1,1.77460238
Design Review,High,Junior,C++,Critical,2,5,1,4,2,11,False,0,False,3.55,2,1,2,0,0.78867292
Deployment,High,Junior,Python,Medium,7,5,1,14,2,13,False,1,False,3.75,0,4,1,0,3.07138375
Code Review,Medium,Senior,JavaScript,High,7,5,0,14,7,11,False,3,True,4.25,0,3,2,0,2.56031325
Feature Dev,High,Senior,C++,Critical,13,3,2,26,9,9,False,2,False,2.91666667,2,0,1,0,5.0978835
Documentation,Medium,Mid,Go,High,4,4,0,8,5,14,False,3,False,2.375,2,2,0,0,1.6779375
Design Review,High,Tech Lead,JavaScript,Medium,6,4,1,12,4,14,True,3,False,3.4375,1,2,1,0,3.03439795
Code Review,High,Mid,Go,Low,4,2,1,8,4,11,True,0,False,1.5,2,0,0,0,2.35591125
Design Review,Low,Tech Lead,JavaScript,Critical,4,4,0,8,5,15,False,1,False,3.5,2,1,0,1,1.15028375
Deployment,Medium,Tech Lead,Other,Critical,5,5,1,10,10,15,True,3,False,2.7,3,1,1,0,2.04679033
Bug Fix,High,Senior,JavaScript,Medium,8,3,3,16,2,12,True,0,False,2.66666667,1,2,0,0,4.19195
Refactoring,Medium,Senior,Go,Medium,6,2,1,12,7,10,False,1,False,3.625,1,0,1,0,2.36164688
Testing,Medium,Junior,JavaScript,Critical,6,4,2,12,10,9,True,3,False,1.5,4,0,0,0,2.7444375
Bug Fix,High,Senior,C++,High,5,2,3,10,6,15,False,3,False,1.5,2,0,0,0,2.813625
Documentation,Medium,Mid,Java,Critical,2,3,3,4,4,11,True,0,True,5.0,1,0,1,1,0.95966063
Client Meeting,Low,Mid,Python,Medium,8,4,1,16,9,18,True,2,False,1.9375,3,1,0,0,3.40209844
Client Meeting,Low,Mid,C++,Medium,10,2,0,20,5,17,True,0,False,1.5,2,0,0,0,3.8745
Feature Dev,High,Junior,JavaScript,Low,8,4,0,16,4,13,False,1,False,5.0,0,2,1,1,3.251556
Deployment,Low,Junior,Go,Critical,13,3,0,26,4,17,False,0,False,1.5,3,0,0,0,4.07745
Documentation,High,Junior,Python,Critical,10,5,1,20,5,9,True,2,False,4.8,1,1,2,1,3.38144153
Design Review,Low,Senior,JavaScript,Medium,7,2,0,14,7,12,False,1,False,2.375,1,1,0,0,2.570875
Code Review,Medium,Senior,Other,Low,6,5,1,12,7,14,False,2,True,3.2,3,0,2,0,2.940179
Code Review,High,Senior,Python,Low,1,3,3,2,5,16,False,3,False,2.91666667,2,0,1,0,1.23189596
Refactoring,Medium,Junior,C++,Medium,1,5,3,2,2,15,False,1,True,2.7,3,1,1,0,0.97817225
Refactoring,Medium,Mid,Other,Low,10,2,3,20,4,13,False,1,False,4.5,0,1,1,0,4.24799375
Feature Dev,High,Senior,Java,Medium,2,3,1,4,5,9,False,3,False,3.58333333,2,0,0,1,1.19846458
Design Review,Medium,Tech Lead,Python,High,3,3,2,6,9,17,False,1,False,2.91666667,2,0,1,0,1.33278
Documentation,Medium,Junior,Go,Low,13,4,1,26,2,11,False,3,False,5.0,0,2,1,1,4.86013
Documentation,High,Junior,C++,Critical,13,2,3,26,5,13,True,2,False,1.5,2,0,0,0,6.06520688
Testing,Medium,Junior,Python,High,6,4,1,12,7,10,False,3,False,4.0625,1,1,2,0,2.16245531
Design Review,Medium,Tech Lead,C++,High,1,3,2,2,9,17,True,2,False,3.5,1,1,1,0,0.76311112
Deployment,Medium,Senior,C++,Low,7,5,3,14,1,18,True,3,False,2.2,3,2,0,0,4.0592475
Design Review,Medium,Tech Lead,C++,High,5,3,2,10,5,10,True,3,False,4.08333333,0,2,1,0,2.13503063
Design Review,Medium,Senior,Python,High,10,5,3,20,9,16,True,0,False,3.95,2,1,1,1,3.49161908
Client Meeting,Medium,Junior,Java,Low,10,4,2,20,8,10,True,1,False,3.0,2,1,1,0,4.683063
Documentation,High,Mid,C++,Medium,6,5,2,12,9,12,False,1,False,2.55,2,3,0,0,3.0731
Bug Fix,Medium,Junior,JavaScript,Low,1,5,3,2,8,10,True,3,False,3.2,3,0,2,0,1.1736417
Bug Fix,Medium,Mid,Go,Low,3,2,0,6,9,18,False,2,False,4.5,0,1,1,0,1.307075
Documentation,Medium,Junior,Java,Medium,6,3,0,12,4,17,False,2,True,4.08333333,0,2,1,0,2.48522083
Design Review,Low,Senior,JavaScript,Medium,12,3,1,24,6,16,True,3,True,3.58333333,2,0,0,1,4.81953347
Code Review,High,Mid,Go,Low,10,3,2,20,7,10,False,0,False,2.08333333,2,1,0,0,5.36754167
Documentation,Low,Junior,Go,Medium,13,2,0,26,4,11,True,1,False,3.25,0,2,0,0,4.7053125
Deployment,Low,Senior,C++,High,8,3,1,16,2,11,True,2,True,2.66666667,1,2,0,0,3.2456655
Client Meeting,Medium,Mid,Go,Low,4,4,0,8,5,16,True,0,False,5.1875,1,0,2,1,1.398012
Refactoring,High,Senior,C++,Low,2,2,3,4,9,10,False,0,True,2.375,1,1,0,0,1.62661813
Refactoring,High,Mid,JavaScript,High,10,3,1,20,5,17,False,1,False,2.08333333,2,1,0,0,4.3468125
Client Meeting,High,Junior,C++,Low,8,3,2,16,9,14,False,1,False,2.66666667,1,2,0,0,4.3384
Code Review,Medium,Tech Lead,Other,Medium,2,4,0,4,5,9,True,0,False,1.9375,3,1,0,0,0.842625
Refactoring,High,Senior,C++,High,8,2,1,16,7,16,False,1,False,3.625,1,0,1,0,3.15213019
Code Review,Medium,Junior,C++,Medium,2,3,3,4,1,17,False,1,False,2.08333333,2,1,0,0,1.344375
Client Meeting,Low,Mid,C++,Low,13,5,1,26,5,17,False,2,False,3.45,2,2,0,1,4.87526463
Deployment,Medium,Tech Lead,Python,Low,7,3,0,14,8,9,True,0,False,4.16666667,1,1,0,1,2.7394675
Design Review,High,Mid,Java,High,9,3,3,18,10,13,True,1,True,2.08333333,2,1,0,0,4.85494144
Client Meeting,High,Junior,Python,Critical,4,3,3,8,8,17,False,2,False,3.58333333,2,0,0,1,1.85149656
Feature Dev,Medium,Senior,Go,Medium,3,4,0,6,9,11,False,3,False,4.0625,1,1,2,0,1.26459375
Client Meeting,Medium,Tech Lead,Other,Medium,7,3,1,14,10,15,True,3,True,5.0,1,0,1,1,2.9354325
Testing,Medium,Senior,Python,Critical,5,4,0,10,5,12,False,2,True,2.5625,3,0,1,0,1.93917247
Code Review,Medium,Junior,Other,High,6,5,0,12,7,15,True,1,False,2.55,2,3,0,0,2.29753125
Testing,Medium,Senior,Python,High,10,2,0,20,10,13,False,0,True,2.375,1,1,0,0,3.88575
Bug Fix,Medium,Tech Lead,Java,Critical,5,5,1,10,7,17,False,2,True,3.1,3,1,0,1,1.97258119
Client Meeting,Medium,Senior,C++,Medium,1,3,0,2,10,16,True,0,True,4.08333333,0,2,1,0,0.5
Bug Fix,High,Tech Lead,Python,High,11,4,2,22,10,13,True,0,False,5.0,0,2,1,1,3.9609864
Testing,High,Junior,Java,Critical,2,4,2,4,3,12,False,0,False,4.5,0,2,2,0,0.8529325
Code Review,Low,Senior,Other,Low,5,2,2,10,7,12,True,0,True,1.5,2,0,0,0,2.73475125
Code Review,Low,Senior,Python,Low,12,4,3,24,2,9,True,1,False,2.8125,1,3,0,0,5.39634047
Deployment,Medium,Junior,Python,High,7,4,2,14,7,14,True,0,False,2.375,2,2,0,0,2.87457188
Feature Dev,Medium,Junior,C++,Low,4,3,1,8,10,12,False,2,False,3.58333333,2,0,0,1,1.87642813
Feature Dev,High,Mid,Go,Critical,9,5,2,18,6,13,False,0,True,2.55,2,3,0,0,4.0372365
Feature Dev,High,Junior,Java,Low,4,3,1,8,3,11,True,3,False,3.5,1,1,1,0,2.37318139
Code Review,Low,Junior,Java,Low,3,5,0,6,1,18,False,3,False,3.1,3,1,0,1,1.3627845
Code Review,Medium,Mid,Java,Medium,4,4,2,8,7,12,False,1,False,5.0,0,2,1,1,1.564
Refactoring,Medium,Tech Lead,Go,Critical,6,3,1,12,6,9,True,3,False,3.5,1,1,1,0,2.28226753
Code Review,Low,Senior,Java,High,6,4,0,12,3,12,False,2,False,2.375,2,2,0,0,2.084175
Testing,High,Senior,C++,Medium,5,3,2,10,4,9,True,0,False,4.16666667,1,1,0,1,2.3125375
Testing,Medium,Tech Lead,C++,Low,8,4,3,16,7,13,True,1,True,3.5,2,1,0,1,4.18669453
Refactoring,Low,Junior,Other,High,3,2,1,6,3,12,False,1,False,1.5,2,0,0,0,1.226925
Documentation,Low,Tech Lead,C++,High,7,4,0,14,5,15,True,3,False,3.0625,3,0,0,1,2.39716083
Documentation,High,Senior,Go,Critical,6,5,3,12,9,15,True,3,True,5.15,0,2,2,1,2.6068555
Client Meeting,Medium,Mid,Java,Critical,13,3,0,26,5,9,False,2,False,4.91666667,0,1,2,0,3.6853875
Code Review,Low,Tech Lead,Java,Critical,11,4,3,22,9,9,False,1,False,2.375,2,2,0,0,3.76162188
Refactoring,Low,Junior,Go,Critical,1,3,1,2,9,16,False,3,False,3.58333333,2,0,0,1,0.60229406
Feature Dev,High,Senior,JavaScript,Critical,8,4,1,16,8,11,False,0,False,2.8125,1,3,0,0,3.12324531
Documentation,High,Tech Lead,Python,Critical,3,4,2,6,4,13,True,3,True,2.375,2,2,0,0,1.90741753
Feature Dev,Medium,Junior,Go,High,1,4,0,2,8,11,False,2,False,4.5,0,2,2,0,0.5
Refactoring,Low,Senior,Other,High,5,2,2,10,3,11,False,2,False,2.375,1,1,0,0,2.0311875
Code Review,High,Tech Lead,JavaScript,High,5,4,0,10,5,9,False,2,True,4.5,0,2,2,0,2.0356875
Design Review,Medium,Mid,Python,Critical,6,4,1,12,9,18,False,2,False,3.4375,1,2,1,0,2.10440742
Testing,Medium,Mid,C++,Critical,11,5,1,22,9,15,False,1,False,4.8,1,1,2,1,3.0252435
Feature Dev,Medium,Tech Lead,Python,High,11,5,3,22,5,14,False,0,False,3.4,1,3,1,0,3.9376665
Refactoring,Medium,Senior,Python,Medium,12,3,0,24,3,15,False,2,False,2.66666667,1,2,0,0,4.83333333
Bug Fix,High,Mid,Python,High,7,2,0,14,5,9,False,3,False,1.5,2,0,0,0,3.2472
Design Review,High,Senior,C++,Low,4,3,0,8,2,11,True,1,False,4.16666667,1,1,0,1,1.89805962
Deployment,Low,Junior,C++,High,1,5,2,2,9,12,False,1,True,2.55,2,3,0,0,0.731709
Bug Fix,Medium,Mid,JavaScript,Critical,4,4,3,8,10,12,True,2,True,3.5,2,1,0,1,1.94110383
Refactoring,High,Mid,Python,Low,7,3,3,14,8,18,False,1,False,2.08333333,2,1,0,0,4.12972083
Feature Dev,Medium,Mid,Go,Low,5,5,3,10,9,18,True,3,True,3.45,2,2,0,1,3.07854061
Design Review,Medium,Tech Lead,Other,High,4,2,2,8,5,11,False,3,False,4.5,0,1,1,0,1.680525
Client Meeting,Low,Senior,Go,Critical,4,2,3,8,1,15,False,2,False,2.375,1,1,0,0,1.74319063
Code Review,Low,Senior,C++,Medium,12,3,0,24,4,11,True,0,False,2.08333333,2,1,0,0,4.5171
Feature Dev,Medium,Junior,JavaScript,High,8,3,3,16,9,9,True,0,True,2.08333333,2,1,0,0,3.77836594
Documentation,High,Senior,Go,High,11,2,3,22,8,10,False,0,True,1.5,2,0,0,0,5.5912725
Client Meeting,High,Junior,Go,Critical,12,3,3,24,5,12,True,1,False,2.08333333,2,1,0,0,5.39490219
Feature Dev,Medium,Mid,Other,Medium,10,4,3,20,2,9,True,1,False,3.9375,1,2,0,1,4.0989457
Deployment,Medium,Junior,Go,Critical,2,2,2,4,7,10,True,0,True,3.625,1,0,1,0,0.96241566
Client Meeting,High,Tech Lead,Python,Low,13,4,0,26,6,18,False,2,False,2.8125,1,3,0,0,6.52183125
Client Meeting,Medium,Senior,C++,Medium,7,2,1,14,6,11,True,0,False,2.375,1,1,0,0,3.03942188
Bug Fix,High,Junior,JavaScript,Medium,7,3,3,14,10,14,False,0,False,2.91666667,2,0,1,0,3.39673792
Documentation,Low,Senior,Java,High,13,2,3,26,10,18,False,2,False,2.375,1,1,0,0,4.70705625
Design Review,High,Mid,Python,Critical,7,4,2,14,8,10,False,0,False,3.4375,1,2,1,0,2.6936415
Deployment,High,Junior,Other,Critical,7,4,2,14,8,17,True,3,False,2.375,2,2,0,0,3.34542469
Documentation,High,Senior,C++,Low,1,5,1,2,1,11,True,1,False,3.95,2,1,1,1,0.68088752
Bug Fix,High,Tech Lead,Python,Low,2,2,0,4,1,13,False,0,False,3.25,0,2,0,0,0.94875
Documentation,Low,Mid,Python,Critical,6,4,0,12,10,16,False,3,False,1.9375,3,1,0,0,2.09753438
Deployment,High,Junior,Go,Medium,2,5,2,4,4,12,False,0,False,3.45,2,2,0,1,1.0749725
Feature Dev,High,Mid,Other,Low,7,2,3,14,10,16,True,3,False,2.375,1,1,0,0,4.49937469
Bug Fix,Low,Junior,Other,Low,9,2,3,18,6,11,False,1,True,3.25,0,2,0,0,4.29928125
Documentation,Low,Junior,Other,Critical,1,2,0,2,1,11,True,2,False,1.5,2,0,0,0,0.512295
Testing,Medium,Junior,Go,Medium,5,5,3,10,4,14,False,2,False,1.85,4,1,0,0,2.669875
Design Review,High,Senior,Go,Critical,13,4,0,26,10,17,False,3,False,3.4375,1,2,1,0,4.80570131
Bug Fix,Medium,Senior,Java,Critical,5,5,2,10,3,14,True,1,True,3.75,0,4,1,0,2.08553153
Bug Fix,High,Junior,Go,Critical,11,4,3,22,1,9,True,3,False,2.375,2,2,0,0,5.08819828
Code Review,High,Junior,Other,Medium,4,3,2,8,4,10,True,0,False,2.08333333,2,1,0,0,2.2376375
Design Review,Low,Tech Lead,Python,Low,4,5,3,8,2,16,False,2,False,2.75,4,0,0,1,2.10214813
Deployment,Medium,Tech Lead,C++,Low,12,3,0,24,9,14,True,0,False,3.5,1,1,1,0,4.974354
Deployment,High,Tech Lead,JavaScript,Medium,1,2,0,2,8,15,False,3,False,4.5,0,1,1,0,0.64505
Refactoring,High,Tech Lead,C++,Medium,12,2,0,24,5,12,False,1,True,1.5,2,0,0,0,6.33655
Refactoring,High,Senior,Go,Medium,1,4,0,2,8,16,False,0,False,4.5625,1,1,1,1,0.5
Testing,High,Mid,Go,Low,8,4,1,16,1,11,False,3,True,3.625,2,0,2,0,4.31579321
Testing,High,Tech Lead,JavaScript,Low,10,2,0,20,5,13,False,2,False,3.25,0,2,0,0,4.95
Client Meeting,High,Mid,Python,High,3,2,1,6,6,9,False,3,False,1.5,2,0,0,0,1.688175
Testing,Medium,Junior,Go,Critical,12,5,3,24,4,17,False,0,False,2.2,3,2,0,0,4.417875
Feature Dev,Low,Senior,Python,High,5,4,3,10,1,9,True,0,False,1.9375,3,1,0,0,2.13289453
Design Review,Medium,Tech Lead,Python,Critical,10,3,3,20,10,11,False,2,True,2.91666667,2,0,1,0,4.02402378
Testing,High,Junior,Java,Medium,3,2,2,6,7,14,True,3,False,2.375,1,1,0,0,2.04001875
Documentation,High,Mid,Go,Critical,13,2,0,26,2,13,False,0,False,5.75,0,0,2,0,4.061317
Testing,High,Mid,Go,Low,11,3,1,22,4,15,True,2,False,4.91666667,0,1,2,0,5.01706494
Deployment,Low,Senior,Java,Low,9,3,0,18,3,16,False,1,False,2.08333333,2,1,0,0,3.65869167
Bug Fix,Medium,Junior,C++,Medium,2,5,0,4,1,16,True,2,False,3.95,2,1,1,1,0.871815
Testing,Medium,Junior,JavaScript,Critical,5,2,0,10,6,13,False,2,False,2.375,1,1,0,0,1.8349375
Bug Fix,High,Mid,C++,High,10,4,1,20,8,13,False,3,False,3.875,0,3,1,0,3.99533906
Refactoring,High,Junior,Other,Low,7,2,0,14,8,16,True,2,True,2.375,1,1,0,0,4.26363919
Bug Fix,Low,Tech Lead,C++,Critical,10,2,0,20,1,17,True,2,True,1.5,2,0,0,0,3.82391625
Design Review,High,Tech Lead,Go,High,13,3,1,26,6,10,True,2,False,2.08333333,2,1,0,0,5.95692563
Documentation,High,Junior,Java,High,13,2,0,26,9,15,True,0,False,4.5,0,1,1,0,4.79637112
Code Review,High,Senior,Other,Medium,10,5,3,20,1,10,True,3,False,3.4,1,3,1,0,5.06754675
Code Review,Medium,Mid,Python,Medium,1,3,0,2,7,12,True,1,False,4.08333333,0,2,1,0,0.5
Testing,Low,Mid,C++,Critical,2,3,1,4,1,17,False,1,True,2.08333333,2,1,0,0,0.90317104
Code Review,Medium,Junior,C++,Low,8,3,0,16,7,14,True,0,False,2.66666667,1,2,0,0,3.5728
Testing,Low,Senior,JavaScript,Medium,1,4,1,2,9,9,False,3,True,3.9375,1,2,0,1,0.76445016
Refactoring,High,Tech Lead,Other,Medium,11,3,1,22,6,13,True,3,False,4.08333333,0,2,1,0,5.02735844
Documentation,High,Tech Lead,Go,Low,1,3,0,2,2,10,True,3,False,3.25,0,3,0,0,0.8229375
Testing,Medium,Senior,Other,Critical,12,3,1,24,1,12,False,0,True,1.5,3,0,0,0,4.74395625
Bug Fix,High,Tech Lead,JavaScript,Critical,6,3,3,12,3,13,False,1,True,2.66666667,1,2,0,0,2.99168833
Code Review,Medium,Mid,Go,High,3,5,1,6,8,16,False,0,False,2.7,3,1,1,0,1.13730075
Bug Fix,Low,Mid,C++,Medium,4,4,0,8,1,18,True,1,False,2.375,2,2,0,0,1.58668125
Code Review,High,Junior,JavaScript,High,9,3,1,18,4,9,True,1,False,4.16666667,1,1,0,1,3.51416756
Design Review,High,Mid,Java,Critical,5,4,1,10,2,17,False,3,False,4.0625,1,1,2,0,1.97065859
Deployment,Medium,Junior,Java,High,8,2,2,16,7,17,False,0,False,4.5,0,1,1,0,2.6735625
Testing,High,Junior,Go,Critical,10,5,3,20,2,17,False,2,False,3.9,1,2,2,0,3.79624875
Client Meeting,High,Senior,C++,Medium,13,3,1,26,5,12,True,1,False,2.91666667,2,0,1,0,6.05443081
Testing,Medium,Mid,Go,High,8,2,3,16,9,10,True,0,False,3.625,1,0,1,0,3.07392848
Testing,Medium,Senior,Go,High,11,3,3,22,10,13,False,3,True,2.66666667,1,2,0,0,4.92855
Code Review,Medium,Senior,Go,Low,1,5,1,2,3,12,False,2,False,4.45,2,0,2,1,0.64430438
Testing,Medium,Junior,C++,Low,7,2,2,14,6,15,True,2,False,4.5,0,1,1,0,3.23501063
Testing,Low,Mid,Other,High,3,2,1,6,8,18,False,3,True,3.25,0,2,0,0,1.42003125
Feature Dev,Medium,Junior,C++,Medium,9,5,1,18,7,12,False,1,True,2.55,2,3,0,0,4.1185375
Refactoring,High,Senior,JavaScript,High,7,3,0,14,6,10,True,1,False,3.5,1,1,1,0,2.81503215
Deployment,Low,Senior,Java,Low,11,5,2,22,2,10,True,3,False,3.45,2,2,0,1,4.64070915
Feature Dev,Low,Senior,Python,Medium,13,2,1,26,1,10,False,2,True,1.5,2,0,0,0,5.671325
Bug Fix,High,Tech Lead,Go,High,8,4,3,16,10,17,False,3,False,4.0625,1,1,2,0,3.36129019
Documentation,Medium,Tech Lead,Go,High,1,3,1,2,3,9,False,2,False,4.16666667,1,1,0,1,0.57178125
Client Meeting,High,Mid,C++,Low,4,5,1,8,4,14,True,3,False,3.55,2,1,2,0,2.29356839
Design Review,Low,Senior,C++,High,11,2,0,22,9,16,True,2,False,3.25,0,2,0,0,3.6855
Deployment,Medium,Tech Lead,Other,Critical,9,3,1,18,10,11,True,0,False,4.08333333,0,2,1,0,2.90829492
Feature Dev,Medium,Senior,JavaScript,Low,9,4,0,18,9,13,True,2,True,4.5625,1,1,1,1,3.87257929
Code Review,Low,Junior,Java,Medium,12,2,2,24,2,12,True,1,False,1.5,2,0,0,0,5.0799
Bug Fix,Medium,Tech Lead,Python,High,3,5,1,6,7,13,False,2,False,3.95,2,1,1,1,1.1582685
Bug Fix,High,Mid,Java,Medium,8,3,3,16,8,12,False,0,False,3.5,1,1,1,0,3.7056425
Design Review,Low,Senior,JavaScript,Medium,5,5,1,10,4,13,True,3,True,1.85,4,1,0,0,2.61824063
Refactoring,Medium,Mid,JavaScript,Low,5,4,2,10,4,12,True,0,True,4.5625,1,1,1,1,2.34392957
Testing,Medium,Tech Lead,Python,Medium,10,2,1,20,5,13,True,1,False,5.75,0,0,2,0,3.5655375
Design Review,Medium,Junior,C++,Critical,5,3,0,10,7,17,False,2,False,2.66666667,1,2,0,0,1.80766667
Deployment,Medium,Mid,C++,High,5,2,0,10,2,13,False,0,True,2.375,1,1,0,0,1.942875
Code Review,High,Mid,Go,Critical,6,3,3,12,6,14,False,1,False,4.16666667,1,1,0,1,2.38326896
Bug Fix,Medium,Tech Lead,Go,Medium,3,2,1,6,3,10,False,0,False,3.625,1,0,1,0,1.20310313
Design Review,Medium,Junior,C++,High,6,4,1,12,1,11,False,0,False,4.125,2,0,1,1,1.88706375
Documentation,Medium,Senior,Other,Medium,7,3,0,14,7,14,True,2,False,2.66666667,1,2,0,0,3.045
Refactoring,High,Junior,Python,Medium,3,4,1,6,4,16,False,0,False,3.5,2,1,0,1,1.3444875
Bug Fix,High,Senior,Python,High,8,4,3,16,10,16,True,3,True,4.5,0,2,2,0,3.78760016
Documentation,Low,Junior,Go,Medium,9,4,1,18,3,13,False,2,False,2.8125,1,3,0,0,3.44415625
Design Review,Medium,Junior,C++,Low,3,3,1,6,2,17,True,1,True,2.91666667,2,0,1,0,1.705056
Code Review,Medium,Tech Lead,JavaScript,High,12,4,2,24,10,16,False,2,True,5.0,0,2,1,1,4.103154
Documentation,High,Tech Lead,JavaScript,Low,6,2,0,12,10,12,True,0,False,2.375,1,1,0,0,3.12802875
Feature Dev,High,Mid,Java,High,1,3,3,2,9,13,False,0,True,4.91666667,0,1,2,0,0.72334762
Code Review,High,Tech Lead,Go,Medium,11,2,0,22,3,11,False,2,False,2.375,1,1,0,0,5.161375
Client Meeting,Low,Mid,Other,Critical,8,5,3,16,8,13,False,0,False,2.55,2,3,0,0,2.75266125
Bug Fix,Medium,Junior,JavaScript,Low,1,5,1,2,4,9,False,3,False,4.45,2,0,2,1,0.73021163
Feature Dev,Medium,Tech Lead,JavaScript,High,11,2,2,22,6,10,False,1,True,2.375,1,1,0,0,4.6629
Documentation,High,Tech Lead,Other,Low,5,4,1,10,9,15,True,2,True,3.5,2,1,0,1,2.95859747
Deployment,High,Senior,Java,Critical,12,4,2,24,4,14,True,3,False,3.9375,1,2,0,1,4.68631111
Documentation,Medium,Tech Lead,Python,Medium,12,3,3,24,5,11,False,0,False,5.58333333,0,1,1,1,4.1055
Testing,High,Senior,Go,Low,10,3,3,20,6,18,False,2,False,4.16666667,1,1,0,1,4.89190625
Bug Fix,Low,Mid,Other,High,4,2,0,8,5,13,False,3,False,2.375,1,1,0,0,1.5366375
Documentation,High,Junior,Other,Critical,10,5,3,20,8,9,False,0,False,4.3,1,2,1,1,3.4949535
Deployment,Low,Senior,Go,Low,1,3,0,2,9,14,False,2,False,2.08333333,2,1,0,0,0.61343333
Design Review,Low,Tech Lead,Python,Medium,10,4,3,20,4,12,False,3,False,3.5,2,1,0,1,3.8225625
Testing,High,Junior,JavaScript,Medium,5,4,3,10,9,11,True,0,True,2.375,2,2,0,0,3.11669531
Bug Fix,Medium,Junior,Java,Critical,3,5,3,6,3,15,True,2,False,4.8,1,1,2,1,1.26377108
Design Review,High,Tech Lead,Python,Medium,2,3,2,4,1,12,True,3,False,3.5,1,1,1,0,1.432011
Testing,High,Senior,C++,Low,11,3,1,22,6,16,True,0,False,2.66666667,1,2,0,0,5.816965
Client Meeting,Low,Tech Lead,JavaScript,High,10,3,3,20,6,14,False,3,False,4.75,0,2,0,1,3.20785312
Documentation,Medium,Junior,C++,Low,10,4,1,20,2,10,False,0,False,2.8125,1,3,0,0,4.37954688
Deployment,Medium,Senior,Go,High,6,5,2,12,9,12,False,3,False,3.4,1,3,1,0,2.43567
Feature Dev,Medium,Junior,Python,Low,5,3,3,10,9,12,False,2,False,4.16666667,1,1,0,1,2.46924792
Bug Fix,High,Tech Lead,Go,High,2,2,1,4,7,11,False,0,False,3.625,1,0,1,0,0.85821356
Code Review,Medium,Junior,Java,High,7,4,1,14,2,11,False,3,True,3.0,2,1,1,0,2.96492625
Feature Dev,Low,Junior,Python,Critical,9,4,0,18,6,18,False,0,False,1.9375,3,1,0,0,2.76260625
Feature Dev,Medium,Senior,Python,Critical,6,3,0,12,6,12,False,3,False,3.5,1,1,1,0,2.05918875
Testing,Medium,Tech Lead,C++,Critical,9,2,0,18,7,13,False,1,True,2.375,1,1,0,0,3.39463438
Code Review,High,Senior,Go,Low,12,3,3,24,2,17,False,3,False,3.5,1,1,1,0,6.18833325
Client Meeting,Low,Mid,Go,Low,9,5,2,18,5,12,True,0,False,3.45,2,2,0,1,3.60265579
Deployment,Medium,Junior,Java,Critical,12,3,2,24,5,15,True,1,False,3.58333333,2,0,0,1,4.05990813
Code Review,Medium,Tech Lead,Go,Low,4,3,1,8,2,18,True,0,False,1.5,3,0,0,0,2.07178125
Design Review,Medium,Mid,Java,High,2,2,2,4,7,14,False,1,False,3.625,1,0,1,0,0.9624825
Client Meeting,Medium,Mid,Go,Critical,4,5,2,8,8,10,False,2,False,3.6,3,0,1,1,1.510824
Refactoring,Low,Junior,JavaScript,Critical,2,3,3,4,7,16,False,0,True,4.16666667,1,1,0,1,0.92666681
Bug Fix,High,Mid,Java,Critical,10,2,1,20,9,12,True,3,True,4.5,0,1,1,0,4.20796458
Client Meeting,High,Senior,Other,Critical,6,5,2,12,3,18,False,2,False,4.45,2,0,2,1,2.16408173
Testing,High,Junior,C++,High,9,5,3,18,2,16,False,0,False,3.8,1,3,0,1,3.5712495
Documentation,Medium,Senior,JavaScript,Critical,11,4,3,22,1,13,True,1,False,5.625,0,1,2,1,3.34212244
Feature Dev,High,Mid,Go,Critical,4,3,3,8,1,10,False,0,False,2.08333333,2,1,0,0,1.93838958
Client Meeting,High,Mid,Other,Medium,7,4,0,14,9,17,True,2,False,3.0,2,1,1,0,3.3091065
Refactoring,Low,Mid,Python,Medium,11,3,2,22,5,13,True,3,True,4.75,0,2,0,1,4.31548425
Deployment,Low,Senior,Go,High,5,2,1,10,7,14,False,2,False,2.375,1,1,0,0,1.89871875
Deployment,Low,Junior,Python,Critical,2,3,3,4,2,12,False,1,False,1.5,3,0,0,0,1.1064875
Deployment,High,Mid,Go,Low,13,3,3,26,2,13,True,0,True,5.0,1,0,1,1,6.38840433
Deployment,Medium,Mid,C++,Low,9,2,0,18,9,16,False,0,False,2.375,1,1,0,0,3.88575
Refactoring,High,Mid,C++,High,12,4,3,24,2,18,True,3,False,3.4375,1,2,1,0,5.33430145
Refactoring,High,Mid,Java,Critical,7,3,2,14,1,9,False,1,False,3.58333333,2,0,0,1,2.69173396
Bug Fix,Medium,Mid,Java,Medium,12,4,0,24,2,9,True,3,False,2.375,2,2,0,0,5.25459375
Code Review,Low,Mid,Go,Critical,4,3,3,8,3,13,True,1,False,1.5,3,0,0,0,1.82047688
Deployment,Medium,Senior,Go,Low,13,5,3,26,5,12,False,1,False,2.2,3,2,0,0,6.26175
Feature Dev,Low,Tech Lead,Other,Critical,10,5,3,20,8,13,False,0,False,2.55,2,3,0,0,3.34783125
Code Review,Low,Senior,Other,Critical,3,2,2,6,4,12,True,0,False,1.5,2,0,0,0,1.26244125
Deployment,Medium,Mid,Go,Critical,10,3,1,20,4,18,False,0,False,4.08333333,0,2,1,0,3.06525052
Documentation,High,Senior,Python,Low,10,2,3,20,2,11,True,0,False,3.625,1,0,1,0,5.19807389
Feature Dev,High,Mid,Go,Critical,11,5,1,22,1,18,True,1,False,4.8,1,1,2,1,3.62736454
Bug Fix,High,Tech Lead,Go,High,4,4,0,8,9,9,True,0,False,3.4375,1,2,1,0,1.56540904
Documentation,High,Junior,C++,Low,6,5,0,12,8,10,True,1,False,4.3,1,2,1,1,2.68954686
Code Review,Medium,Tech Lead,Java,Medium,10,2,0,20,1,11,False,1,True,1.5,2,0,0,0,4.62275
Design Review,Medium,Junior,C++,Critical,10,4,2,20,5,16,False,3,True,3.875,0,3,1,0,3.78084781
Design Review,Medium,Tech Lead,Python,High,4,3,1,8,3,15,False,1,False,3.5,1,1,1,0,1.49392125
Feature Dev,Medium,Senior,JavaScript,Low,5,4,0,10,7,17,False,2,False,1.5,4,0,0,0,2.4805
Client Meeting,Low,Mid,Other,High,2,3,0,4,1,16,True,2,False,4.75,0,2,0,1,0.71236463
Bug Fix,Low,Mid,C++,Medium,13,3,1,26,4,11,True,1,False,3.58333333,2,0,0,1,4.52835906
Code Review,Medium,Senior,JavaScript,Medium,8,3,0,16,10,17,True,3,False,1.5,3,0,0,0,3.766875
Code Review,High,Tech Lead,JavaScript,Critical,6,3,2,12,3,15,False,0,False,4.75,0,2,0,1,2.13119438
Design Review,High,Junior,Java,Low,5,2,2,10,9,17,True,3,False,2.375,1,1,0,0,3.28669687
Testing,Medium,Mid,JavaScript,Medium,11,3,2,22,5,15,False,2,False,2.08333333,2,1,0,0,4.87958333
Client Meeting,Low,Junior,Go,Medium,5,2,2,10,6,11,False,0,True,1.5,2,0,0,0,2.36775
Client Meeting,Medium,Senior,Go,Medium,6,2,1,12,6,9,False,0,False,4.5,0,1,1,0,2.1643125
Deployment,Medium,Junior,Python,Low,6,5,0,12,3,14,False,2,False,1.85,4,1,0,0,2.88145
Testing,High,Senior,Go,Medium,4,3,0,8,5,11,True,0,False,4.33333333,1,0,2,0,1.604204
Testing,Low,Mid,C++,Medium,4,3,1,8,9,16,False,2,False,1.5,3,0,0,0,1.83475
Design Review,High,Senior,C++,High,5,4,1,10,5,14,False,3,False,3.5,2,1,0,1,2.17490625
Testing,High,Junior,Go,High,2,5,3,4,9,16,False,1,True,3.9,1,2,2,0,1.23802371
Feature Dev,High,Senior,Java,High,8,4,1,16,8,12,False,1,False,2.8125,1,3,0,0,3.39330938
Testing,Medium,Junior,Java,High,1,4,3,2,7,12,False,2,False,4.0625,1,1,2,0,0.79669406
Client Meeting,Medium,Senior,Python,Critical,3,2,0,6,2,10,False,0,True,4.5,0,1,1,0,0.9522975
Bug Fix,High,Tech Lead,JavaScript,Low,5,3,2,10,5,12,False,2,False,2.08333333,2,1,0,0,3.06716667
Deployment,Low,Mid,Go,Critical,3,3,3,6,5,14,True,0,False,2.66666667,1,2,0,0,1.3200075
Documentation,High,Mid,Python,High,11,4,2,22,2,9,True,0,False,4.5625,1,1,1,1,4.06292355
Deployment,High,Tech Lead,Go,Low,4,2,0,8,2,14,True,1,False,1.5,2,0,0,0,2.2967175
Bug Fix,Medium,Mid,JavaScript,Critical,2,4,1,4,3,13,False,1,False,1.9375,3,1,0,0,0.89528906
Design Review,High,Senior,Python,High,10,4,2,20,2,18,True,2,False,2.375,2,2,0,0,4.72913438
Design Review,High,Tech Lead,Python,Critical,12,3,1,24,10,14,False,2,False,3.5,1,1,1,0,4.47682888
Client Meeting,Medium,Tech Lead,Java,Medium,11,5,3,22,4,12,True,3,False,3.05,2,2,1,0,4.96989806
Feature Dev,Medium,Senior,C++,High,3,3,0,6,1,13,True,3,False,2.66666667,1,2,0,0,1.37025
Bug Fix,High,Senior,Java,Medium,4,4,2,8,7,10,False,1,True,2.375,2,2,0,0,2.4178
Bug Fix,Low,Senior,Java,Critical,12,3,3,24,3,18,False,0,False,1.5,3,0,0,0,4.1558625
Bug Fix,High,Senior,Python,Medium,6,4,3,12,9,12,True,2,False,4.5625,1,1,1,1,2.87200856
Documentation,High,Junior,Go,High,12,5,0,24,1,10,True,2,False,3.55,2,1,2,0,4.68729261
Testing,High,Mid,C++,High,8,3,0,16,4,13,True,0,False,4.08333333,0,2,1,0,3.0218895
Design Review,Medium,Mid,Java,Medium,9,3,1,18,4,13,False,0,False,1.5,3,0,0,0,3.84375
Code Review,High,Mid,Python,Medium,8,4,1,16,3,15,False,3,False,5.0,0,2,1,1,3.22966
Client Meeting,Low,Senior,Other,High,8,2,0,16,3,16,True,3,False,1.5,2,0,0,0,3.0802275
Deployment,Low,Tech Lead,C++,Medium,1,4,0,2,3,9,False,1,True,3.9375,1,2,0,1,0.5
Testing,High,Tech Lead,Python,High,1,4,3,2,4,15,False,3,False,3.4375,1,2,1,0,0.98040628
Deployment,Medium,Junior,Other,Medium,2,5,2,4,6,9,False,3,False,1.5,5,0,0,0,1.435
Design Review,High,Junior,Python,High,6,4,1,12,8,18,True,0,True,4.0625,1,1,2,0,2.55021769
Deployment,Low,Tech Lead,C++,Critical,1,2,2,2,4,18,False,1,False,2.375,1,1,0,0,0.6338875
Feature Dev,High,Senior,Python,Medium,3,2,3,6,7,17,False,0,False,2.375,1,1,0,0,1.7956875
Documentation,High,Junior,Python,Medium,1,2,3,2,3,11,False,0,True,1.5,2,0,0,0,1.026025
Client Meeting,Medium,Mid,Java,Critical,2,4,2,4,5,18,False,2,False,3.4375,1,2,1,0,0.99481078
Testing,Medium,Junior,Go,High,11,3,1,22,4,14,False,1,False,1.5,3,0,0,0,4.289625
Feature Dev,Medium,Junior,Go,High,8,5,3,16,6,10,False,1,False,4.3,1,2,1,1,2.747925
Testing,High,Senior,Other,Low,11,3,3,22,6,11,False,3,False,4.91666667,0,1,2,0,5.13144042
Bug Fix,Medium,Junior,Java,High,10,2,0,20,1,13,False,1,True,3.25,0,2,0,0,3.8053125
Refactoring,Medium,Junior,Go,High,8,2,1,16,9,12,True,2,False,1.5,2,0,0,0,3.43861875
Bug Fix,Medium,Mid,Python,Low,9,2,0,18,8,18,True,2,False,1.5,2,0,0,0,4.498725
Bug Fix,Low,Mid,Go,Low,1,2,3,2,9,15,False,2,True,3.25,0,2,0,0,1.14571875
Testing,High,Tech Lead,Java,Medium,2,4,1,4,10,14,False,1,False,3.875,0,3,1,0,1.02850312
Refactoring,High,Junior,Python,Medium,6,4,0,12,2,13,False,3,True,3.4375,1,2,1,0,3.03034669
Code Review,Medium,Tech Lead,Go,Medium,13,4,1,26,4,13,False,2,False,3.0,2,1,1,0,5.114325
Bug Fix,High,Tech Lead,JavaScript,Low,5,4,1,10,2,10,False,1,True,4.0625,1,1,2,0,2.60126934
Code Review,Medium,Junior,JavaScript,Medium,2,3,0,4,5,18,False,3,False,2.08333333,2,1,0,0,1.09541667
Testing,High,Tech Lead,Other,Critical,4,3,3,8,9,13,False,0,False,2.91666667,2,0,1,0,1.80156685
Code Review,High,Mid,Python,Low,7,4,0,14,10,12,True,1,False,2.8125,1,3,0,0,3.67881938
Testing,Medium,Senior,Other,Low,7,5,1,14,7,12,False,0,False,3.55,2,1,2,0,2.81390175
Design Review,High,Senior,Python,Medium,10,3,3,20,10,9,False,2,False,4.33333333,1,0,2,0,4.35925
Testing,Medium,Senior,C++,Critical,7,4,3,14,9,14,False,0,False,3.0625,3,0,0,1,2.48495508
Refactoring,High,Tech Lead,Python,Critical,11,2,0,22,4,12,False,1,False,1.5,2,0,0,0,4.49565
Testing,Medium,Tech Lead,Other,High,4,4,0,8,7,17,False,3,False,4.0625,1,1,2,0,1.44163688
Deployment,Medium,Senior,Go,Critical,11,5,3,22,8,18,True,3,False,3.8,1,3,0,1,3.97356619
Feature Dev,High,Junior,JavaScript,Low,4,2,2,8,6,11,True,0,False,3.625,1,0,1,0,2.20274814
Code Review,Medium,Junior,C++,Low,2,2,1,4,6,12,False,2,False,4.5,0,1,1,0,1.07366875
Code Review,Medium,Tech Lead,JavaScript,Medium,8,3,0,16,4,17,True,0,False,4.08333333,0,2,1,0,2.9197
Bug Fix,Medium,Junior,C++,Medium,3,5,1,6,6,12,False,0,False,3.75,0,4,1,0,1.19491875
Deployment,Medium,Mid,Python,High,4,4,2,8,9,13,False,2,False,2.8125,1,3,0,0,1.81321875
Documentation,Low,Senior,Java,Low,11,4,1,22,4,16,False,1,True,1.9375,3,1,0,0,5.11001906
Documentation,High,Senior,Go,High,2,2,3,4,2,9,False,1,True,4.5,0,1,1,0,1.23518588
Testing,High,Senior,Go,High,10,5,2,20,9,11,False,3,True,3.55,2,1,2,0,4.4640882
Documentation,Medium,Junior,Go,Medium,12,3,2,24,6,10,True,0,True,4.08333333,0,2,1,0,5.11859906
Documentation,Low,Junior,Java,High,5,2,0,10,7,12,True,0,True,2.375,1,1,0,0,1.83601688
Testing,High,Junior,Java,Low,5,3,3,10,2,13,True,1,False,4.16666667,1,1,0,1,2.78838656
Code Review,Low,Tech Lead,Python,Low,13,5,2,26,10,14,True,0,False,2.2,3,2,0,0,5.694381
Deployment,High,Mid,Go,High,11,3,2,22,5,17,True,0,False,3.58333333,2,0,0,1,4.43099475
Deployment,Low,Mid,Go,High,7,3,3,14,6,12,True,0,True,4.16666667,1,1,0,1,2.61521308
Documentation,Low,Mid,Go,High,5,2,2,10,8,10,True,0,False,2.375,1,1,0,0,1.94729063
Design Review,Medium,Junior,JavaScript,High,13,5,0,26,10,11,False,3,False,2.35,4,0,1,0,4.71747375
Deployment,Medium,Mid,Other,Critical,5,3,0,10,3,16,False,0,False,2.91666667,2,0,1,0,1.57342083
Client Meeting,Medium,Senior,C++,Medium,12,2,2,24,10,18,True,3,True,1.5,2,0,0,0,6.392925
Feature Dev,High,Mid,C++,Low,12,2,2,24,2,10,True,3,False,4.5,0,1,1,0,5.99947425
Client Meeting,Medium,Junior,JavaScript,Low,3,2,3,6,8,12,False,2,False,3.625,1,0,1,0,1.81356656
Client Meeting,Medium,Senior,Java,Critical,2,3,0,4,3,10,True,1,False,4.91666667,0,1,2,0,0.64494281
Documentation,High,Mid,Go,Low,9,3,2,18,2,13,False,2,False,4.91666667,0,1,2,0,4.09808667
Documentation,Medium,Junior,JavaScript,Medium,1,2,2,2,10,13,False,1,False,2.375,1,1,0,0,0.785
Testing,High,Tech Lead,Python,High,8,4,0,16,9,9,False,1,True,4.5625,1,1,1,1,3.00171218
Client Meeting,Medium,Tech Lead,Java,Critical,12,4,1,24,3,12,False,3,False,1.5,4,0,0,0,4.5740625
Testing,Medium,Tech Lead,Other,Medium,3,3,0,6,7,17,True,3,True,3.5,1,1,1,0,1.55448563
Design Review,High,Senior,C++,Low,11,2,2,22,4,16,False,2,True,3.25,0,2,0,0,6.307125
Testing,Medium,Tech Lead,Go,Medium,7,2,1,14,4,15,True,0,False,4.5,0,1,1,0,2.62900313
Refactoring,Medium,Tech Lead,JavaScript,Critical,1,3,0,2,9,9,True,2,False,3.5,1,1,1,0,0.5
Deployment,Medium,Tech Lead,Other,Low,3,4,0,6,9,9,False,0,False,4.125,2,0,1,1,1.08537
Design Review,High,Mid,Go,Critical,2,5,1,4,6,12,False,0,False,3.55,2,1,2,0,0.78867292
Feature Dev,Medium,Junior,Go,Low,5,3,3,10,8,15,True,0,False,6.41666667,0,0,2,1,2.14070588
Deployment,Medium,Tech Lead,C++,Low,3,5,2,6,4,13,True,0,False,3.95,2,1,1,1,1.43849475
Client Meeting,Medium,Senior,Other,Low,11,4,0,22,7,10,False,1,False,3.5,2,1,0,1,4.3498125
Design Review,Medium,Junior,C++,Medium,7,5,0,14,10,15,True,1,True,3.95,2,1,1,1,2.78108985
Code Review,High,Senior,C++,Critical,13,5,2,26,7,17,False,3,True,3.05,2,2,1,0,5.65442512
Refactoring,High,Tech Lead,C++,Low,11,3,3,22,2,18,True,0,True,3.5,1,1,1,0,6.28115825
Feature Dev,Medium,Tech Lead,Python,Critical,13,2,1,26,7,11,False,2,False,4.5,0,1,1,0,4.00397813
Code Review,High,Junior,JavaScript,Low,2,4,0,4,5,18,True,0,False,3.0,2,1,1,0,0.9791859
Feature Dev,High,Junior,Python,Critical,9,5,3,18,2,14,True,2,False,4.3,1,2,1,1,3.48076607
Design Review,Low,Mid,Python,Low,8,4,1,16,3,13,False,0,False,3.5,2,1,0,1,2.92887375
Bug Fix,High,Junior,JavaScript,Medium,7,5,1,14,6,10,False,2,False,3.55,2,1,2,0,3.0957255
Bug Fix,Low,Mid,C++,Low,1,2,2,2,2,16,True,3,True,3.25,0,2,0,0,1.14345
Deployment,Medium,Tech Lead,Other,Medium,7,2,1,14,5,12,False,1,False,1.5,2,0,0,0,3.12625
Feature Dev,Medium,Senior,Python,Low,3,2,3,6,10,12,True,1,False,5.75,0,0,2,0,1.61497875
Refactoring,High,Mid,Other,Low,9,4,2,18,3,18,True,1,True,2.375,2,2,0,0,5.65991869
Documentation,Low,Senior,Go,Critical,13,5,1,26,9,17,False,2,False,3.45,2,2,0,1,3.76724994
Design Review,High,Tech Lead,C++,High,8,4,0,16,10,9,False,2,False,5.0,0,2,1,1,2.730744
Code Review,High,Mid,Python,Low,3,3,2,6,4,12,True,1,False,4.91666667,0,1,2,0,1.65071637
Testing,Medium,Tech Lead,Python,High,1,3,0,2,1,12,False,2,True,3.58333333,2,0,0,1,0.51962625
Documentation,Medium,Mid,JavaScript,Low,6,3,2,12,2,10,False,2,False,6.41666667,0,0,2,1,2.413235
Documentation,Low,Senior,Go,Critical,9,2,2,18,4,9,True,2,True,3.25,0,2,0,0,3.44226094
Deployment,Medium,Mid,C++,Low,3,5,3,6,8,11,True,1,False,3.55,2,1,2,0,1.75272694
Design Review,High,Tech Lead,Other,Low,6,2,1,12,1,15,False,1,False,1.5,2,0,0,0,3.393775
Feature Dev,High,Tech Lead,Go,Critical,13,3,2,26,10,15,False,2,True,3.5,1,1,1,0,5.4362583
Design Review,Medium,Mid,Go,Critical,2,4,2,4,3,10,False,1,False,2.375,2,2,0,0,1.000875
Design Review,Medium,Junior,Python,High,5,5,3,10,3,9,False,0,True,3.95,2,1,1,1,2.01389265
Client Meeting,Medium,Junior,Java,Medium,13,4,1,26,4,14,False,0,True,2.8125,1,3,0,0,5.64592188
Code Review,High,Junior,Go,Critical,3,4,3,6,2,14,False,0,False,2.375,2,2,0,0,1.52633438
Documentation,Medium,Tech Lead,C++,High,6,2,0,12,3,9,True,0,True,3.25,0,2,0,0,2.338875
Testing,Low,Senior,Go,Medium,3,5,0,6,6,12,False,0,True,1.85,4,1,0,0,1.19691
Feature Dev,Medium,Mid,JavaScript,Low,4,3,3,8,2,18,False,3,True,5.0,1,0,1,1,2.223617
Refactoring,Medium,Senior,Python,Low,6,2,0,12,7,10,False,3,True,1.5,2,0,0,0,3.348675
Feature Dev,High,Senior,Python,Medium,11,2,2,22,8,9,False,2,False,4.5,0,1,1,0,4.71905
Refactoring,Medium,Tech Lead,Python,High,11,2,0,22,1,17,True,0,False,4.5,0,1,1,0,3.5291025
Documentation,High,Mid,C++,High,5,3,3,10,10,16,False,2,False,2.91666667,2,0,1,0,2.45731312
Code Review,High,Junior,Go,High,10,3,0,20,5,14,True,2,True,2.08333333,2,1,0,0,4.96881
Client Meeting,Medium,Senior,C++,Low,3,3,3,6,4,11,True,3,False,4.08333333,0,2,1,0,1.95711141
Refactoring,Medium,Senior,Go,Critical,13,4,2,26,10,18,True,1,True,3.625,2,0,2,0,4.74803752
Design Review,Medium,Tech Lead,C++,High,3,3,3,6,8,17,True,0,True,2.08333333,2,1,0,0,1.70802844
Documentation,Medium,Junior,Go,Medium,6,3,1,12,2,18,True,2,False,2.66666667,1,2,0,0,2.79125
Feature Dev,Low,Senior,Other,High,3,3,2,6,8,13,True,0,True,1.5,3,0,0,0,1.47037275
Feature Dev,Medium,Senior,JavaScript,Medium,12,3,1,24,5,17,True,1,True,4.75,0,2,0,1,4.77920953
Deployment,Medium,Tech Lead,JavaScript,Medium,8,3,1,16,3,17,False,0,False,3.5,1,1,1,0,3.0057875
Code Review,Medium,Tech Lead,Java,Low,5,4,1,10,9,9,False,3,False,3.4375,1,2,1,0,2.42625797
Client Meeting,Low,Junior,Python,Critical,4,2,1,8,1,11,False,0,False,2.375,1,1,0,0,1.32615938
Bug Fix,Medium,Senior,C++,Critical,2,3,3,4,8,16,False,2,False,3.5,1,1,1,0,1.10586062
Code Review,Medium,Junior,Python,Medium,7,3,1,14,9,12,False,2,False,4.33333333,1,0,2,0,2.61555
Code Review,High,Tech Lead,Python,Critical,1,4,1,2,7,12,False,0,True,3.5,2,1,0,1,0.50119506
Deployment,Low,Tech Lead,C++,Critical,8,2,1,16,1,13,False,2,False,3.25,0,2,0,0,2.57390625
Refactoring,Low,Mid,C++,High,12,3,2,24,5,18,False,0,False,2.08333333,2,1,0,0,4.140675
Bug Fix,Low,Mid,Go,High,10,5,2,20,2,12,True,0,True,3.1,3,1,0,1,3.63952339
Documentation,Medium,Tech Lead,Go,Critical,9,2,3,18,2,18,True,3,False,4.5,0,1,1,0,3.29516578
Deployment,Low,Junior,Other,Medium,2,4,2,4,4,16,True,1,True,1.9375,3,1,0,0,1.2976425
Testing,Medium,Senior,Java,Medium,6,5,0,12,2,15,False,1,True,3.55,2,1,2,0,2.3846625
Design Review,High,Tech Lead,Other,Critical,8,2,2,16,6,12,False,1,False,4.5,0,1,1,0,2.943465
Documentation,Medium,Junior,Go,High,13,2,0,26,6,9,True,1,False,3.625,1,0,1,0,4.46351259
Code Review,High,Junior,Python,Medium,7,4,1,14,9,17,False,1,True,3.625,2,0,2,0,3.29645663
Bug Fix,Medium,Mid,Other,Critical,1,2,0,2,4,16,False,2,False,1.5,2,0,0,0,0.52275
Design Review,Medium,Senior,JavaScript,Medium,13,3,2,26,10,14,True,1,False,4.33333333,1,0,2,0,4.88236
Client Meeting,Low,Mid,Python,Low,6,3,1,12,2,10,False,2,False,4.16666667,1,1,0,1,2.33879708
Refactoring,High,Junior,JavaScript,Critical,6,3,2,12,10,9,False,0,False,4.33333333,1,0,2,0,2.159697
Refactoring,Medium,Tech Lead,Java,Critical,11,4,2,22,5,14,True,2,False,5.1875,1,0,2,1,3.30836363
Bug Fix,High,Senior,Other,Critical,7,5,0,14,2,10,True,0,True,2.9,1,4,0,0,3.01897943
Bug Fix,Medium,Junior,Go,High,12,5,0,24,4,18,True,3,False,3.9,1,2,2,0,4.09994865
Deployment,Medium,Mid,C++,Medium,1,2,3,2,7,15,False,0,False,2.375,1,1,0,0,0.8340625
Design Review,High,Junior,Python,Medium,2,3,0,4,5,14,False,1,False,2.66666667,1,2,0,0,0.986
Refactoring,Medium,Senior,C++,Low,6,5,0,12,6,15,False,1,True,3.1,3,1,0,1,2.71569375
Testing,High,Senior,JavaScript,Low,1,3,2,2,4,15,False,0,False,2.66666667,1,2,0,0,0.80813333
Documentation,Low,Junior,Go,High,1,2,1,2,6,12,False,3,True,1.5,2,0,0,0,0.8219475
Testing,High,Junior,Other,High,7,3,3,14,1,16,True,3,False,5.58333333,0,1,1,1,2.9337903
Testing,Medium,Mid,Java,Medium,3,4,1,6,7,11,True,2,False,4.125,2,0,1,1,1.33821188
Code Review,Medium,Tech Lead,Python,High,2,5,2,4,5,9,False,0,False,3.45,2,2,0,1,0.87231375
Documentation,Medium,Senior,Go,Critical,9,4,1,18,1,18,False,2,False,2.375,2,2,0,0,3.29454688
Deployment,High,Senior,Java,High,11,4,3,22,1,9,False,1,True,3.625,2,0,2,0,4.79648689
Client Meeting,Medium,Tech Lead,Python,High,3,3,2,6,10,15,False,1,False,3.58333333,2,0,0,1,1.2597
Testing,High,Mid,Go,Medium,5,4,0,10,9,13,False,1,True,4.5,0,2,2,0,2.1714
Documentation,High,Junior,Go,Low,8,4,0,16,3,12,True,3,True,2.8125,1,3,0,0,4.85116603
Code Review,Low,Senior,C++,Medium,6,4,1,12,1,16,True,3,False,3.9375,1,2,0,1,2.35126336
Documentation,Medium,Tech Lead,Other,Medium,9,4,0,18,5,9,False,2,True,5.625,0,1,2,1,3.16217
Refactoring,High,Tech Lead,Java,Low,4,5,0,8,2,11,False,0,False,3.4,1,3,1,0,1.8258504
Code Review,High,Junior,Java,Low,12,2,1,24,6,15,False,1,False,1.5,2,0,0,0,6.505675
Code Review,Medium,Tech Lead,Go,Medium,9,3,2,18,4,17,False,2,False,4.33333333,1,0,2,0,3.40436667
Refactoring,High,Tech Lead,Python,High,8,4,2,16,1,12,True,2,False,3.875,0,3,1,0,3.47238478
Feature Dev,High,Mid,JavaScript,Low,2,3,3,4,5,13,True,1,False,3.5,1,1,1,0,1.52339591
Testing,High,Tech Lead,JavaScript,Low,10,4,0,20,5,13,False,1,True,3.4375,1,2,1,0,5.11989947
Feature Dev,High,Junior,JavaScript,Critical,7,4,0,14,6,18,True,2,False,4.5625,1,1,1,1,2.44836624
Code Review,Medium,Junior,Java,Low,8,5,3,16,5,15,True,2,True,4.3,1,2,1,1,3.98259824
Feature Dev,Medium,Junior,Go,Critical,3,3,3,6,1,11,True,2,True,2.66666667,1,2,0,0,1.75569625
Bug Fix,Medium,Mid,JavaScript,Critical,4,5,2,8,7,9,True,3,False,3.2,3,0,2,0,1.7349486
Design Review,High,Junior,C++,Critical,13,3,3,26,10,13,False,3,False,3.5,1,1,1,0,5.13271862
Bug Fix,Low,Tech Lead,Python,Critical,13,4,1,26,7,14,True,1,False,2.375,2,2,0,0,4.31752453
Testing,High,Tech Lead,Python,Medium,2,5,2,4,6,10,False,2,False,2.55,2,3,0,0,1.38095
Design Review,High,Senior,Java,Low,1,2,0,2,5,14,True,1,False,2.375,1,1,0,0,0.6346725
Refactoring,High,Mid,JavaScript,Critical,3,3,1,6,6,17,False,3,False,3.5,1,1,1,0,1.39567238
Feature Dev,Low,Mid,JavaScript,Medium,3,5,2,6,6,16,True,2,True,2.2,3,2,0,0,1.806651
Bug Fix,High,Mid,C++,High,6,4,3,12,7,15,False,0,False,4.5625,1,1,1,1,2.31733913
Bug Fix,High,Tech Lead,Go,High,2,4,2,4,7,9,False,0,True,3.9375,1,2,0,1,1.03625466
Deployment,Low,Mid,Other,Low,5,2,2,10,4,9,True,2,True,1.5,2,0,0,0,2.99520375
Testing,High,Mid,Java,High,4,2,3,8,7,13,True,2,False,3.625,1,0,1,0,2.09700875
Deployment,Medium,Junior,Python,High,2,3,0,4,10,14,True,3,False,3.5,1,1,1,0,0.93269138
Testing,Low,Junior,Python,Critical,3,5,2,6,8,13,True,2,False,1.85,4,1,0,0,1.42072613
Design Review,High,Mid,C++,Critical,10,2,1,20,4,12,False,1,False,2.375,1,1,0,0,4.04520312
Code Review,High,Senior,Go,Medium,6,4,0,12,5,9,True,0,False,3.9375,1,2,0,1,2.48639344
Refactoring,High,Tech Lead,Other,High,6,4,1,12,2,18,False,2,False,3.875,0,3,1,0,2.46049594
Refactoring,High,Tech Lead,Python,Low,8,4,2,16,6,15,True,0,False,3.4375,1,2,1,0,4.13850288
Code Review,Low,Senior,JavaScript,High,3,5,0,6,9,17,False,2,False,2.2,3,2,0,0,1.14048
Feature Dev,Medium,Senior,Other,High,8,2,3,16,8,16,True,0,False,3.25,0,2,0,0,3.23367188
Refactoring,Low,Senior,Other,Medium,5,2,2,10,2,15,True,3,False,2.375,1,1,0,0,2.47275
Bug Fix,Medium,Senior,Java,Critical,10,2,3,20,8,11,False,3,False,3.625,1,0,1,0,3.59816953
Code Review,Low,Senior,JavaScript,High,12,5,0,24,7,10,False,0,False,3.1,3,1,0,1,3.490452
Deployment,High,Tech Lead,C++,Low,2,3,3,4,1,10,True,1,True,3.5,1,1,1,0,1.6757355
Refactoring,Low,Senior,Other,Low,5,2,3,10,8,13,False,1,True,3.25,0,2,0,0,2.66578125
Bug Fix,High,Junior,C++,Medium,12,4,0,24,10,15,False,0,False,3.4375,1,2,1,0,4.9695525
Refactoring,Low,Senior,C++,Low,8,5,0,16,10,16,True,0,False,1.85,4,1,0,0,3.351348
Deployment,High,Mid,Python,High,11,2,3,22,1,14,True,1,True,2.375,1,1,0,0,5.72225259
Deployment,Medium,Junior,Go,Critical,4,5,2,8,8,13,True,3,True,2.2,3,2,0,0,2.1382515
Code Review,High,Mid,Java,High,7,2,1,14,3,18,False,1,False,1.5,2,0,0,0,3.201075
Code Review,High,Junior,Go,Critical,10,4,1,20,9,18,False,0,False,3.625,2,0,2,0,3.48688594
Code Review,Medium,Mid,Go,Critical,5,4,2,10,9,18,False,0,False,3.0,2,1,1,0,1.8015325
Documentation,Medium,Mid,JavaScript,Medium,2,3,2,4,1,12,True,1,False,4.16666667,1,1,0,1,1.067325
Client Meeting,High,Mid,Java,Low,3,3,0,6,5,14,True,2,False,3.5,1,1,1,0,1.63739153
Refactoring,High,Junior,Java,High,8,2,1,16,3,12,True,0,False,3.625,1,0,1,0,3.22551948
Feature Dev,High,Tech Lead,Go,Critical,1,4,3,2,6,16,False,2,True,3.0,2,1,1,0,0.95637878
Refactoring,Low,Junior,JavaScript,Critical,11,3,0,22,10,18,False,3,False,4.16666667,1,1,0,1,3.06728875
Bug Fix,Low,Tech Lead,Go,Medium,5,4,1,10,7,14,False,1,False,1.9375,3,1,0,0,2.05640625
Code Review,Medium,Tech Lead,Java,Critical,4,3,3,8,3,11,True,0,True,5.0,1,0,1,1,1.57384343
Bug Fix,Low,Senior,Other,Critical,1,4,2,2,3,15,True,1,False,2.375,2,2,0,0,0.66558188
Refactoring,Low,Mid,Go,Medium,4,2,0,8,6,11,False,0,False,2.375,1,1,0,0,1.413
Documentation,High,Junior,C++,Critical,13,5,3,26,6,16,True,1,False,3.05,2,2,1,0,5.35639208
Client Meeting,High,Mid,Java,High,12,4,0,24,8,12,False,3,False,3.0,2,1,1,0,4.826817
Deployment,High,Junior,Go,High,3,2,3,6,10,18,False,0,False,4.5,0,1,1,0,1.39789125
Refactoring,High,Senior,JavaScript,High,3,5,3,6,9,15,False,3,True,3.05,2,2,1,0,1.93805345
Code Review,High,Mid,Python,High,13,3,1,26,9,16,False,1,False,3.5,1,1,1,0,5.03088075
Testing,Medium,Junior,Go,Medium,10,2,1,20,3,9,False,0,False,2.375,1,1,0,0,4.0721875
Deployment,High,Tech Lead,C++,High,5,2,1,10,6,15,True,0,True,4.5,0,1,1,0,2.16157528
Feature Dev,Medium,Mid,Java,Critical,9,5,1,18,2,10,False,0,False,3.1,3,1,0,1,2.86157812
Design Review,High,Senior,Python,Low,1,3,3,2,7,9,True,0,False,3.5,1,1,1,0,0.94305461
Code Review,Low,Junior,Python,Critical,5,3,0,10,5,17,True,0,False,2.08333333,2,1,0,0,1.59980625
Design Review,Low,Senior,JavaScript,Medium,5,3,1,10,7,16,False,2,True,3.25,0,3,0,0,2.2171875
Design Review,Low,Mid,JavaScript,Low,2,2,2,4,10,17,False,0,True,3.25,0,2,0,0,1.1570625
Feature Dev,Low,Tech Lead,Python,Medium,9,5,2,18,6,15,False,2,True,2.2,3,2,0,0,4.07286
Client Meeting,High,Junior,Java,Critical,1,5,3,2,2,13,False,1,False,4.8,1,1,2,1,0.6570959
Bug Fix,Medium,Senior,Other,Low,7,3,3,14,2,15,True,3,False,2.66666667,1,2,0,0,3.963575
Bug Fix,Medium,Mid,Java,High,5,2,1,10,4,13,False,0,False,5.75,0,0,2,0,1.546065
Bug Fix,High,Mid,Python,High,8,2,1,16,1,11,False,3,False,1.5,2,0,0,0,3.809925
Feature Dev,High,Tech Lead,C++,High,8,3,3,16,1,15,False,2,True,2.91666667,2,0,1,0,3.96751946
Feature Dev,Medium,Senior,Java,Low,12,3,1,24,5,9,False,0,False,4.08333333,0,2,1,0,4.73147813
Bug Fix,High,Tech Lead,C++,Critical,11,5,1,22,7,12,False,0,False,3.95,2,1,1,1,3.67698355
Deployment,Medium,Tech Lead,C++,Medium,7,5,3,14,3,16,True,2,True,4.3,1,2,1,1,3.24438345
Deployment,Low,Mid,Python,High,5,2,3,10,9,13,False,3,False,1.5,2,0,0,0,2.352375
Documentation,Medium,Mid,C++,Critical,12,4,3,24,5,15,False,3,False,2.375,2,2,0,0,4.62904688
Design Review,Medium,Mid,JavaScript,Medium,9,4,0,18,10,14,False,0,False,2.375,2,2,0,0,3.5325
Code Review,Medium,Senior,C++,Critical,1,3,0,2,9,10,False,0,True,4.91666667,0,1,2,0,0.5
Testing,High,Senior,JavaScript,Critical,13,2,3,26,5,16,False,1,True,3.625,1,0,1,0,5.44118984
Client Meeting,High,Mid,C++,High,10,2,1,20,6,16,False,3,False,1.5,2,0,0,0,4.658625
Client Meeting,High,Junior,JavaScript,Low,9,3,3,18,8,14,False,2,False,2.66666667,1,2,0,0,5.09336667
Code Review,High,Mid,Other,Medium,13,2,2,26,3,18,True,1,False,4.5,0,1,1,0,5.68577625
Documentation,Low,Mid,Java,Critical,9,4,1,18,2,18,False,2,False,3.5,2,1,0,1,2.68150563
Code Review,Medium,Junior,C++,Medium,7,4,1,14,10,9,False,2,False,4.125,2,0,1,1,2.5900875
Client Meeting,Low,Mid,Java,Critical,4,5,2,8,6,12,True,0,False,3.45,2,2,0,1,1.36834307
Testing,High,Junior,Java,Medium,1,2,3,2,3,9,True,1,False,3.625,1,0,1,0,0.94510434
Client Meeting,High,Junior,JavaScript,High,8,3,3,16,10,9,False,1,True,2.08333333,2,1,0,0,4.17025125
Code Review,High,Junior,Java,Medium,8,5,2,16,7,14,False,0,False,4.3,1,2,1,1,3.240516
Deployment,High,Junior,Go,Critical,11,5,0,22,3,14,False,2,False,3.05,2,2,1,0,4.10918432
Feature Dev,High,Mid,Python,Low,3,2,0,6,7,9,False,0,False,3.625,1,0,1,0,1.35282263
Testing,High,Mid,Java,Medium,9,4,1,18,8,9,True,1,False,4.5,0,2,2,0,3.79131375
Documentation,High,Senior,Other,Low,11,3,3,22,2,13,True,2,False,3.5,1,1,1,0,5.91740861
Deployment,Low,Senior,C++,Medium,9,4,2,18,7,17,False,0,False,1.9375,3,1,0,0,3.5510625
Code Review,Medium,Mid,JavaScript,Critical,11,3,3,22,3,14,False,1,False,3.5,1,1,1,0,3.77517938
Deployment,High,Senior,Other,Low,11,2,2,22,1,11,False,0,False,5.75,0,0,2,0,4.710904
Refactoring,High,Tech Lead,Go,High,11,2,0,22,5,18,False,2,True,3.625,1,0,1,0,4.64076979
Code Review,Medium,Mid,Other,High,5,5,1,10,10,17,False,0,False,4.8,1,1,2,1,1.481049
Feature Dev,High,Mid,Other,Low,11,5,3,22,7,12,False,2,True,3.55,2,1,2,0,5.99122607
Feature Dev,Medium,Mid,JavaScript,Medium,5,4,1,10,1,14,False,0,True,3.4375,1,2,1,0,2.12916516
Code Review,High,Junior,Java,Medium,13,4,3,26,7,18,False,0,False,3.4375,1,2,1,0,5.78880844
Client Meeting,Low,Junior,JavaScript,Medium,2,2,2,4,1,16,False,2,False,2.375,1,1,0,0,1.197125
Deployment,Medium,Junior,JavaScript,Medium,3,4,0,6,6,18,True,3,False,3.625,2,0,2,0,1.36020938
Client Meeting,Medium,Senior,Python,Medium,13,3,2,26,5,18,False,1,False,2.08333333,2,1,0,0,5.57666667
Deployment,High,Mid,Java,Low,9,2,3,18,3,14,True,1,False,2.375,1,1,0,0,5.31538219
Refactoring,Low,Senior,C++,Critical,3,3,1,6,9,16,True,2,False,2.66666667,1,2,0,0,1.2337325
Refactoring,Medium,Senior,C++,Critical,6,5,0,12,6,10,True,1,False,3.55,2,1,2,0,1.93482844
Refactoring,Medium,Mid,Python,Low,8,4,3,16,6,11,False,3,False,1.9375,3,1,0,0,4.35857813
Client Meeting,Medium,Tech Lead,JavaScript,Low,6,5,1,12,1,12,True,2,False,2.2,3,2,0,0,3.1444875
Testing,Medium,Tech Lead,Other,Medium,7,3,0,14,4,11,True,2,True,4.16666667,1,1,0,1,2.93514375
Refactoring,High,Senior,JavaScript,Low,11,4,1,22,3,12,True,3,False,2.375,2,2,0,0,6.24472406
Bug Fix,High,Senior,JavaScript,Low,10,5,1,20,4,10,False,3,False,2.55,2,3,0,0,5.4022375
Client Meeting,Medium,Junior,Python,Low,13,4,1,26,9,11,True,2,False,1.9375,3,1,0,0,6.43028203
Client Meeting,Medium,Senior,Go,Low,8,5,1,16,2,12,False,2,True,2.7,3,1,1,0,4.02080278
Design Review,Low,Junior,JavaScript,Low,5,2,3,10,5,16,True,2,True,2.375,1,1,0,0,3.05436141
Testing,Medium,Junior,Java,Critical,1,4,1,2,6,16,False,0,True,1.9375,3,1,0,0,0.51585703
Feature Dev,Low,Senior,Python,Low,5,2,0,10,5,15,False,1,True,2.375,1,1,0,0,2.25589375
Documentation,High,Mid,C++,Medium,3,4,3,6,9,11,False,0,False,4.125,2,0,1,1,1.5047175
Code Review,Medium,Mid,Java,High,6,5,2,12,7,11,False,2,False,3.05,2,2,1,0,2.39878575
Client Meeting,Medium,Mid,JavaScript,Low,6,5,1,12,9,15,True,1,False,3.2,3,0,2,0,2.7044787
Client Meeting,Low,Senior,JavaScript,Critical,1,3,1,2,1,12,True,2,True,1.5,3,0,0,0,0.71446856
Client Meeting,Low,Tech Lead,Other,Critical,12,4,2,24,1,14,True,3,False,3.9375,1,2,0,1,3.76742658
Testing,High,Junior,Java,Critical,12,2,2,24,1,17,False,2,False,4.5,0,1,1,0,4.34305375
Code Review,Low,Junior,C++,High,4,4,2,8,6,15,True,1,True,3.5,2,1,0,1,1.68076755
Bug Fix,High,Junior,JavaScript,High,9,2,1,18,8,12,True,0,False,4.5,0,1,1,0,3.44087494
Documentation,High,Senior,C++,Low,6,5,0,12,2,14,False,1,False,2.55,2,3,0,0,3.059485
Deployment,High,Senior,Python,Critical,13,4,3,26,5,14,False,0,False,4.5,0,2,2,0,4.49537375
Testing,Medium,Mid,Other,High,13,2,1,26,4,9,True,1,False,3.25,0,2,0,0,4.82835938
Deployment,High,Tech Lead,C++,Low,13,4,2,26,4,16,True,3,False,3.5,2,1,0,1,6.67841212
Deployment,High,Junior,Go,Medium,5,2,3,10,6,16,False,3,False,5.75,0,0,2,0,2.43695
Design Review,Medium,Junior,JavaScript,Low,11,3,3,22,5,10,False,3,False,4.16666667,1,1,0,1,4.79872708
Deployment,Medium,Tech Lead,C++,Medium,10,3,0,20,10,15,False,3,False,2.91666667,2,0,1,0,3.97982917
Testing,Medium,Senior,Java,Critical,13,4,3,26,10,12,False,3,False,3.875,0,3,1,0,4.44585859
Bug Fix,Low,Tech Lead,C++,Critical,5,2,3,10,3,10,False,2,False,3.25,0,2,0,0,1.95234375
Feature Dev,High,Junior,Python,Medium,12,3,1,24,2,9,True,1,False,2.08333333,2,1,0,0,6.03325625
Deployment,High,Tech Lead,JavaScript,Low,6,5,0,12,2,14,False,2,False,3.05,2,2,1,0,2.9925082
Code Review,Medium,Senior,Go,Low,6,2,0,12,8,9,False,3,False,5.75,0,0,2,0,2.37303
Feature Dev,High,Senior,Go,Critical,10,5,0,20,8,18,False,1,False,2.55,2,3,0,0,3.8851375
Deployment,Medium,Senior,Java,Medium,4,3,2,8,2,14,False,1,True,3.5,1,1,1,0,1.97395
Code Review,High,Mid,JavaScript,Medium,2,5,1,4,9,18,False,3,False,3.45,2,2,0,1,1.20714125
Deployment,Medium,Tech Lead,Go,Medium,9,2,0,18,2,9,False,0,False,3.25,0,2,0,0,3.375
Design Review,Medium,Mid,Python,Medium,13,3,1,26,5,17,False,0,False,3.5,1,1,1,0,4.8002875
Feature Dev,Low,Tech Lead,JavaScript,Medium,9,2,0,18,8,10,True,2,False,2.375,1,1,0,0,3.544275
Testing,High,Junior,Python,Critical,5,3,3,10,5,15,False,2,False,2.91666667,2,0,1,0,2.32079573
Code Review,Medium,Tech Lead,Java,High,7,4,0,14,2,14,False,1,True,3.0625,3,0,0,1,2.58255422
Feature Dev,High,Junior,Python,Critical,13,3,1,26,7,11,False,0,False,4.75,0,2,0,1,4.26935344
Design Review,High,Junior,C++,Medium,10,4,3,20,9,16,False,1,False,3.5,2,1,0,1,4.5255625
Deployment,Medium,Senior,Other,Medium,8,2,3,16,10,14,True,0,True,4.5,0,1,1,0,3.57811781
Testing,High,Junior,C++,Medium,1,4,0,2,8,14,True,1,False,3.5,2,1,0,1,0.516705
Bug Fix,Low,Tech Lead,Go,Critical,8,3,0,16,10,13,True,3,False,2.66666667,1,2,0,0,2.743545
Feature Dev,High,Tech Lead,JavaScript,Critical,1,4,2,2,1,15,False,0,False,3.4375,1,2,1,0,0.58158169
Client Meeting,Low,Mid,Go,Medium,5,5,2,10,9,15,True,0,False,2.2,3,2,0,0,2.18295
Code Review,High,Mid,JavaScript,High,11,4,2,22,8,10,True,3,False,3.4375,1,2,1,0,4.81533432
Testing,Low,Tech Lead,Java,Medium,7,5,3,14,4,18,True,3,False,2.75,4,0,0,1,3.13950656
Code Review,Low,Junior,JavaScript,Medium,9,4,3,18,4,14,True,3,False,2.375,2,2,0,0,4.11094688
Feature Dev,High,Mid,Go,Low,3,3,0,6,10,15,False,0,False,3.25,0,3,0,0,1.423125
Design Review,High,Junior,Java,High,1,5,0,2,9,10,True,3,False,4.65,0,3,1,1,0.57319542
Client Meeting,Medium,Senior,JavaScript,Low,2,2,1,4,2,11,False,1,False,3.625,1,0,1,0,1.02932156
Bug Fix,Medium,Senior,Other,Medium,7,3,1,14,6,10,False,2,False,4.33333333,1,0,2,0,2.61555
Code Review,Medium,Junior,Java,Critical,8,2,1,16,2,18,False,0,True,2.375,1,1,0,0,3.07352031
Code Review,High,Junior,C++,High,10,2,3,20,5,9,True,1,False,2.375,1,1,0,0,4.77549844
Deployment,Medium,Senior,C++,Critical,13,3,3,26,1,12,False,3,False,4.08333333,0,2,1,0,4.39475677
Feature Dev,High,Mid,C++,High,3,2,2,6,2,15,True,3,False,2.375,1,1,0,0,1.83601688
Testing,Medium,Senior,Go,Low,5,4,3,10,5,18,False,2,False,2.375,2,2,0,0,2.86034375
Documentation,Medium,Mid,JavaScript,Low,4,5,2,8,9,10,False,2,False,3.95,2,1,1,1,1.917993
Code Review,Low,Mid,C++,Medium,1,5,1,2,9,16,True,2,False,2.9,1,4,0,0,0.7119525
Refactoring,High,Tech Lead,JavaScript,High,4,2,1,8,5,12,False,3,False,1.5,2,0,0,0,2.112525
Bug Fix,Low,Senior,Other,Critical,6,3,1,12,6,18,False,2,True,3.58333333,2,0,0,1,2.05300482
Testing,High,Tech Lead,JavaScript,High,4,3,1,8,7,11,False,3,True,5.0,1,0,1,1,1.7728722
Testing,High,Senior,Other,Critical,4,2,2,8,8,16,False,0,True,3.625,1,0,1,0,1.78317707
Client Meeting,Medium,Junior,JavaScript,Medium,2,5,1,4,7,11,False,1,False,3.95,2,1,1,1,0.871815
Design Review,High,Senior,C++,High,3,2,2,6,9,15,False,0,False,3.625,1,0,1,0,1.3474755
Code Review,Medium,Tech Lead,Go,Low,2,5,1,4,10,15,True,0,False,5.15,0,2,2,1,0.83006962
Client Meeting,High,Mid,Other,High,4,3,2,8,5,13,True,3,False,3.5,1,1,1,0,2.06887905
Client Meeting,Medium,Senior,JavaScript,Critical,5,5,1,10,7,13,True,2,False,4.3,1,2,1,1,1.70768273
Feature Dev,High,Junior,JavaScript,High,6,3,3,12,8,17,False,2,False,2.66666667,1,2,0,0,2.9667
Design Review,Medium,Mid,JavaScript,High,10,4,0,20,9,17,True,2,False,2.8125,1,3,0,0,3.80775938
Feature Dev,Medium,Senior,Go,Critical,3,2,0,6,4,14,False,3,True,4.5,0,1,1,0,1.19037188
Bug Fix,Medium,Mid,Java,High,13,3,1,26,7,11,True,2,False,2.91666667,2,0,1,0,4.85423466
Deployment,Medium,Senior,Java,Medium,5,2,0,10,3,14,False,3,False,1.5,2,0,0,0,2.3575
Documentation,High,Junior,C++,High,8,5,0,16,5,15,False,3,True,3.45,2,2,0,1,3.47180872
Documentation,Medium,Senior,C++,Low,3,4,3,6,10,10,True,1,False,4.5,0,2,2,0,1.66247813
Code Review,High,Junior,Other,High,2,3,2,4,10,14,False,2,True,2.08333333,2,1,0,0,1.3999425
Code Review,High,Junior,JavaScript,Low,1,5,2,2,5,15,False,2,False,3.45,2,2,0,1,0.930468
Code Review,Medium,Mid,Go,Medium,2,3,0,4,8,13,True,3,False,5.0,1,0,1,1,0.90321
Refactoring,Medium,Tech Lead,Other,High,1,2,2,2,10,11,True,3,False,1.5,2,0,0,0,0.968625
Testing,High,Junior,JavaScript,Medium,5,2,2,10,4,12,True,2,False,3.625,1,0,1,0,2.62009125
Client Meeting,Medium,Tech Lead,Python,Medium,2,2,2,4,9,9,False,3,True,1.5,2,0,0,0,1.5785
Client Meeting,Medium,Tech Lead,Java,Critical,11,5,2,22,7,12,True,1,True,2.7,3,1,1,0,4.41104202
Design Review,High,Tech Lead,Go,Low,10,4,1,20,8,17,False,0,False,2.8125,1,3,0,0,5.01273438
Deployment,High,Junior,Python,Low,7,3,0,14,7,16,True,0,False,4.16666667,1,1,0,1,3.15038762
Testing,Medium,Mid,Python,High,12,5,2,24,7,13,True,0,True,4.45,2,0,2,1,4.14029991
Bug Fix,Low,Junior,C++,Critical,7,5,0,14,1,15,False,2,False,1.85,4,1,0,0,2.32934
Bug Fix,High,Junior,JavaScript,High,13,3,1,26,6,14,False,2,False,4.08333333,0,2,1,0,4.95045563
Refactoring,High,Junior,Other,Critical,7,3,0,14,6,16,True,0,False,3.5,1,1,1,0,2.57856191
Bug Fix,High,Mid,Other,Medium,7,3,3,14,10,11,False,3,True,3.5,1,1,1,0,3.91829075
Client Meeting,Low,Mid,Go,Medium,1,3,2,2,1,15,False,1,False,2.08333333,2,1,0,0,0.75683333
Client Meeting,High,Mid,JavaScript,Low,3,2,3,6,2,12,True,0,False,3.625,1,0,1,0,1.88365846
Testing,High,Mid,Go,Critical,12,3,2,24,7,13,True,3,False,2.08333333,2,1,0,0,5.43934125
Code Review,Medium,Tech Lead,JavaScript,Low,10,5,2,20,10,17,False,2,False,3.95,2,1,1,1,4.109985
Feature Dev,High,Mid,Python,High,5,3,3,10,7,17,False,0,False,4.16666667,1,1,0,1,2.09653125
Refactoring,Medium,Mid,Other,High,12,4,0,24,1,10,True,3,True,3.4375,1,2,1,0,4.77279603
Refactoring,High,Senior,C++,High,1,4,3,2,1,11,False,1,False,3.4375,1,2,1,0,0.81835566
Client Meeting,Medium,Senior,JavaScript,Medium,5,4,0,10,3,16,False,2,False,4.0625,1,1,2,0,1.8547375
Feature Dev,Medium,Mid,C++,Low,1,3,0,2,8,15,False,2,False,2.91666667,2,0,1,0,0.6108575
Testing,Low,Junior,Java,Medium,6,3,0,12,10,14,False,2,False,1.5,3,0,0,0,2.419
Refactoring,Medium,Senior,JavaScript,Critical,1,4,3,2,4,15,False,0,False,4.5625,1,1,1,1,0.57953531
Feature Dev,Low,Tech Lead,C++,Low,3,2,0,6,1,12,True,2,True,1.5,2,0,0,0,1.666896
Refactoring,High,Mid,Go,Low,7,4,2,14,1,15,False,2,True,2.8125,1,3,0,0,4.31833875
Testing,Medium,Tech Lead,Go,Critical,10,3,2,20,7,14,False,3,True,2.08333333,2,1,0,0,4.28307917
Feature Dev,Medium,Senior,Go,Low,1,5,1,2,7,12,True,2,True,4.8,1,1,2,1,0.72933053
Testing,High,Mid,C++,Medium,2,3,2,4,4,17,True,3,False,6.41666667,0,0,2,1,1.207374
Design Review,Low,Senior,Go,Critical,12,5,2,24,7,16,False,0,False,3.45,2,2,0,1,3.46017788
Documentation,Medium,Tech Lead,Java,High,6,4,2,12,2,14,False,3,False,2.5625,3,0,1,0,2.54534062
Bug Fix,Medium,Senior,JavaScript,Low,4,4,0,8,5,18,True,1,True,4.0625,1,1,2,0,1.82088854
Documentation,High,Junior,JavaScript,Critical,12,5,0,24,10,15,False,0,False,3.05,2,2,1,0,4.3122999
Bug Fix,Low,Junior,Java,High,3,2,2,6,5,13,False,1,False,3.25,0,2,0,0,1.24875
Feature Dev,Medium,Tech Lead,Other,Critical,12,4,2,24,8,12,False,3,False,3.9375,1,2,0,1,3.93807656
Testing,Medium,Junior,C++,Critical,4,3,3,8,9,15,False,0,True,1.5,3,0,0,0,1.96466875
Feature Dev,Low,Tech Lead,C++,Low,2,2,1,4,9,11,True,2,False,2.375,1,1,0,0,1.21267781
Testing,Low,Tech Lead,C++,Medium,9,2,3,18,8,13,False,2,False,2.375,1,1,0,0,3.8170625
Code Review,Medium,Tech Lead,Other,Low,13,3,2,26,5,16,True,1,True,4.16666667,1,1,0,1,6.0268285
Testing,Medium,Mid,Python,Medium,4,4,3,8,10,11,False,1,False,4.0625,1,1,2,0,1.81258438
Design Review,High,Tech Lead,Go,Critical,6,2,2,12,2,10,True,0,True,1.5,2,0,0,0,3.07925888
Testing,High,Junior,Java,Critical,12,3,3,24,9,11,True,2,True,2.91666667,2,0,1,0,5.60637378
Deployment,High,Junior,Python,Medium,7,4,1,14,3,14,True,1,False,3.25,0,4,0,0,3.41578125
Feature Dev,High,Senior,C++,Low,1,3,0,2,7,12,True,0,False,4.08333333,0,2,1,0,0.5
Design Review,High,Mid,Java,High,9,2,0,18,4,13,True,0,False,4.5,0,1,1,0,3.32056463
Code Review,Medium,Mid,Other,Critical,10,2,3,20,4,11,True,2,False,1.5,2,0,0,0,4.25387813
Code Review,High,Mid,Go,Critical,1,2,2,2,9,9,False,3,False,4.5,0,1,1,0,0.76472375
Testing,Medium,Tech Lead,C++,High,4,5,1,8,2,12,False,2,False,2.55,2,3,0,0,1.7067375
Design Review,Medium,Tech Lead,Python,Critical,7,2,3,14,8,14,False,2,True,2.375,1,1,0,0,3.16526719
Client Meeting,Medium,Senior,Java,Low,5,4,3,10,4,16,True,1,False,3.5,2,1,0,1,2.58813844
Documentation,Medium,Tech Lead,C++,Low,8,4,2,16,5,14,True,0,False,3.5,2,1,0,1,3.55234688
Feature Dev,Low,Mid,JavaScript,Low,2,5,3,4,4,10,True,0,True,3.8,1,3,0,1,1.28506628
Bug Fix,High,Mid,Other,High,9,5,2,18,4,17,True,3,False,3.45,2,2,0,1,3.94682321
Design Review,Low,Junior,Python,Low,12,3,2,24,7,15,False,1,True,2.08333333,2,1,0,0,5.68740333
Code Review,High,Senior,Java,Critical,4,5,0,8,4,18,True,1,False,3.05,2,2,1,0,1.59133241
Refactoring,Medium,Mid,JavaScript,Low,12,2,3,24,4,16,True,3,False,2.375,1,1,0,0,6.29005781
Code Review,Low,Senior,Java,Low,12,2,1,24,3,13,False,3,False,2.375,1,1,0,0,5.14861875
Code Review,Medium,Junior,Python,Low,13,4,2,26,10,17,False,2,False,3.4375,1,2,1,0,5.64476344
Design Review,High,Senior,Go,Low,11,2,2,22,7,13,True,3,False,1.5,2,0,0,0,6.7007325
Feature Dev,High,Mid,C++,Medium,11,4,0,22,9,18,True,0,False,2.8125,1,3,0,0,5.09715938
Refactoring,Medium,Tech Lead,JavaScript,Medium,6,3,0,12,3,13,False,0,False,2.08333333,2,1,0,0,2.39
Documentation,High,Senior,Go,Critical,11,4,0,22,5,13,True,2,True,2.375,2,2,0,0,5.06717991
Bug Fix,Medium,Tech Lead,Go,High,7,3,3,14,1,18,False,1,True,4.33333333,1,0,2,0,2.7538005
Deployment,Low,Tech Lead,Go,High,12,5,0,24,2,9,False,0,False,2.2,3,2,0,0,3.84912
Design Review,Low,Senior,Other,Low,12,5,2,24,2,13,False,0,False,1.5,5,0,0,0,5.20905
Design Review,High,Senior,Go,Low,8,4,3,16,6,18,False,2,True,3.0,2,1,1,0,4.82801495
Refactoring,Low,Tech Lead,Java,Medium,7,2,3,14,8,11,False,1,False,3.25,0,2,0,0,2.878125
Code Review,High,Tech Lead,Python,Medium,5,5,3,10,6,9,False,1,True,4.45,2,0,2,1,2.44835663
Bug Fix,Medium,Mid,C++,Critical,11,2,0,22,1,18,False,0,False,1.5,2,0,0,0,3.8335
Client Meeting,Medium,Senior,JavaScript,Medium,7,3,1,14,4,10,False,3,False,3.5,1,1,1,0,2.9160625
Code Review,Medium,Senior,JavaScript,High,4,4,2,8,6,17,False,1,True,3.0,2,1,1,0,1.82457
Design Review,Medium,Mid,C++,Medium,9,2,1,18,10,10,True,2,False,2.375,1,1,0,0,4.06973438
Bug Fix,Medium,Tech Lead,Go,Critical,11,5,1,22,1,14,False,0,False,4.25,0,3,2,0,3.22646188
Feature Dev,High,Tech Lead,Go,Low,5,3,2,10,9,18,True,2,True,3.5,1,1,1,0,3.19187715
Testing,High,Tech Lead,Go,Critical,11,4,0,22,6,15,False,2,False,4.0625,1,1,2,0,3.76933244
Bug Fix,High,Senior,Python,Medium,11,4,1,22,1,17,False,2,False,3.875,0,3,1,0,4.75572813
Deployment,High,Mid,Java,High,1,2,3,2,1,14,True,3,False,3.25,0,2,0,0,1.07198438
Feature Dev,Medium,Senior,JavaScript,Critical,1,3,1,2,3,16,True,1,False,4.16666667,1,1,0,1,0.5
Design Review,Medium,Senior,JavaScript,Low,10,3,0,20,7,9,False,0,True,4.75,0,2,0,1,3.965775
Testing,High,Junior,Other,High,8,4,0,16,9,16,False,1,False,3.625,2,0,2,0,2.93805225
Feature Dev,Medium,Junior,Other,Critical,1,4,0,2,3,9,False,1,False,3.625,2,0,2,0,0.5
Design Review,Low,Tech Lead,C++,Critical,3,3,3,6,9,13,False,1,False,2.66666667,1,2,0,0,1.33931667
Refactoring,High,Mid,Python,Medium,12,2,3,24,1,18,False,2,False,3.625,1,0,1,0,5.49862688
Code Review,High,Mid,Python,Critical,13,4,1,26,4,17,True,0,False,3.4375,1,2,1,0,4.92546123
Testing,Medium,Junior,JavaScript,High,10,3,3,20,8,15,False,0,True,2.08333333,2,1,0,0,4.38714375
Feature Dev,High,Senior,JavaScript,Low,13,4,0,26,8,13,True,3,False,3.9375,1,2,0,1,6.22319053
Client Meeting,Low,Junior,JavaScript,High,10,2,0,20,10,15,True,1,False,2.375,1,1,0,0,3.43094063
Design Review,High,Senior,Python,Medium,13,3,3,26,5,12,False,0,True,3.5,1,1,1,0,6.34624925
Code Review,High,Mid,Python,High,6,4,2,12,5,12,True,2,True,3.9375,1,2,0,1,2.90745876
Bug Fix,High,Senior,JavaScript,High,7,4,0,14,7,18,False,0,False,4.5625,1,1,1,1,2.32455825
Bug Fix,Low,Tech Lead,Go,Medium,4,3,0,8,6,14,True,0,True,2.08333333,2,1,0,0,1.65627
Feature Dev,Low,Senior,C++,Medium,2,2,0,4,10,14,True,2,False,2.375,1,1,0,0,0.9478875
Design Review,High,Junior,JavaScript,Critical,8,2,1,16,7,17,True,3,False,3.25,0,2,0,0,3.45564844
Testing,Low,Senior,C++,Medium,2,2,2,4,1,17,False,1,False,2.375,1,1,0,0,1.099
Design Review,High,Mid,C++,Low,10,2,3,20,2,14,False,0,False,2.375,1,1,0,0,5.45084375
Design Review,High,Senior,Go,High,7,2,2,14,8,9,False,2,False,1.5,2,0,0,0,3.4317
Code Review,High,Tech Lead,Other,Medium,12,4,3,24,4,12,False,2,True,5.625,0,1,2,1,5.1343655
Feature Dev,Medium,Junior,Other,Low,3,5,3,6,5,12,False,1,True,3.1,3,1,0,1,1.90098563
Client Meeting,Medium,Junior,Python,Medium,13,5,3,26,7,18,True,2,False,3.8,1,3,0,1,5.31019125
Client Meeting,High,Mid,JavaScript,Low,2,3,2,4,9,18,True,3,True,4.16666667,1,1,0,1,1.63585345
Feature Dev,Medium,Mid,C++,Medium,10,4,0,20,4,16,False,2,True,3.0,2,1,1,0,4.25733
Testing,Medium,Senior,Java,Critical,11,5,2,22,10,16,False,1,True,3.8,1,3,0,1,3.879876
Testing,High,Tech Lead,Other,Medium,8,2,0,16,6,9,False,2,True,3.625,1,0,1,0,3.80358825
Documentation,Medium,Mid,Other,Low,2,5,2,4,6,14,False,3,False,3.05,2,2,1,0,1.4153755
Feature Dev,Medium,Junior,C++,Low,11,3,3,22,10,9,True,0,False,4.33333333,1,0,2,0,4.65131975
Design Review,Low,Junior,JavaScript,High,3,5,1,6,8,11,False,0,False,2.55,2,3,0,0,1.0765575
Code Review,Low,Junior,C++,High,2,2,3,4,10,17,False,0,True,2.375,1,1,0,0,1.13658188
Testing,Medium,Tech Lead,C++,Low,9,4,0,18,2,16,True,0,False,4.125,2,0,1,1,3.4189155
Deployment,Medium,Junior,Go,High,3,3,2,6,10,15,False,1,False,2.66666667,1,2,0,0,1.392
Bug Fix,Low,Mid,C++,Medium,8,3,2,16,2,10,False,3,False,1.5,3,0,0,0,3.567
Deployment,Medium,Mid,Other,Low,13,4,2,26,10,10,False,1,False,2.5625,3,0,1,0,5.8071475
Code Review,Medium,Junior,C++,High,12,5,2,24,3,13,True,3,False,3.55,2,1,2,0,4.42506645
Design Review,High,Junior,C++,Medium,2,3,3,4,3,18,False,2,False,2.91666667,2,0,1,0,1.45310042
Testing,Low,Junior,Python,Low,1,2,2,2,5,13,False,2,False,1.5,2,0,0,0,0.96965
Documentation,Medium,Mid,C++,Critical,12,3,3,24,10,13,False,3,False,2.66666667,1,2,0,0,4.56025
Client Meeting,Low,Senior,Python,Medium,13,3,1,26,8,10,True,2,False,1.5,3,0,0,0,5.4135375
Refactoring,Medium,Junior,Python,Low,1,5,1,2,2,16,True,2,False,3.95,2,1,1,1,0.71924738
Deployment,High,Tech Lead,Java,Low,9,2,3,18,7,12,False,2,False,2.375,1,1,0,0,5.17020625
Client Meeting,High,Tech Lead,Python,Critical,4,4,1,8,9,11,True,1,False,2.8125,1,3,0,0,1.78954617
Deployment,High,Mid,Python,Critical,8,4,2,16,2,9,False,0,False,3.0,2,1,1,0,3.1174345
Bug Fix,High,Junior,C++,Medium,5,2,1,10,2,13,False,0,False,2.375,1,1,0,0,2.4040625
Code Review,Low,Mid,JavaScript,Medium,5,4,3,10,9,11,True,0,False,1.9375,3,1,0,0,2.36988281
Client Meeting,High,Junior,JavaScript,Critical,3,5,1,6,4,14,False,2,False,4.45,2,0,2,1,1.14842374
Deployment,Medium,Mid,Python,Medium,4,5,0,8,9,14,False,0,False,3.9,1,2,2,0,1.36112
Documentation,High,Tech Lead,JavaScript,Critical,13,2,3,26,7,18,False,2,False,2.375,1,1,0,0,5.52983438
Bug Fix,Low,Senior,Java,High,8,2,2,16,9,11,False,2,True,2.375,1,1,0,0,3.28345875
Bug Fix,Medium,Junior,JavaScript,Low,11,4,2,22,4,11,False,3,False,4.5,0,2,2,0,4.52375
Documentation,Medium,Junior,C++,High,4,4,0,8,6,16,True,2,False,4.125,2,0,1,1,1.39864725
Deployment,Medium,Senior,Python,Low,9,2,0,18,7,18,True,2,True,1.5,2,0,0,0,4.9485975
Testing,High,Senior,C++,High,12,5,2,24,5,15,True,1,True,3.55,2,1,2,0,5.33630236
Refactoring,High,Senior,Go,Low,1,3,2,2,9,10,False,1,False,3.5,1,1,1,0,0.8487985
Testing,Medium,Tech Lead,Other,Medium,8,5,0,16,7,15,False,0,True,2.55,2,3,0,0,3.4232
Testing,Medium,Junior,Other,Low,11,3,1,22,7,10,False,0,True,3.5,1,1,1,0,4.93980988
Feature Dev,Medium,Tech Lead,Python,Medium,5,3,3,10,10,13,False,0,False,2.08333333,2,1,0,0,2.43979167
Design Review,Medium,Senior,Java,High,8,2,0,16,2,15,True,0,False,1.5,2,0,0,0,3.0996
Deployment,High,Junior,C++,Medium,1,2,3,2,8,14,True,2,True,3.25,0,2,0,0,1.20192188
Code Review,Low,Senior,Java,Medium,7,3,2,14,2,11,True,1,True,2.08333333,2,1,0,0,3.3585475
Documentation,High,Senior,C++,Critical,6,5,1,12,7,18,False,2,True,2.55,2,3,0,0,2.82788413
Client Meeting,Medium,Junior,Python,Medium,3,3,0,6,9,9,False,0,False,2.66666667,1,2,0,0,1.16
Code Review,Medium,Junior,Java,Medium,11,3,0,22,2,11,True,2,False,2.91666667,2,0,1,0,4.47036625
Refactoring,High,Mid,Other,Medium,3,4,1,6,2,15,False,2,True,4.5,0,2,2,0,1.5652175
Refactoring,Medium,Mid,C++,Medium,6,2,2,12,8,9,True,3,False,1.5,2,0,0,0,3.22875
Bug Fix,High,Tech Lead,Python,Low,1,2,3,2,3,9,False,1,True,4.5,0,1,1,0,1.03725738
Refactoring,Low,Tech Lead,Java,High,10,2,1,20,5,14,False,2,False,3.25,0,2,0,0,3.3328125
Refactoring,Medium,Mid,Go,Low,12,3,3,24,7,16,False,1,False,2.66666667,1,2,0,0,5.68883333
Client Meeting,High,Senior,C++,High,5,2,2,10,7,15,True,2,False,3.25,0,2,0,0,2.480625
Refactoring,Low,Tech Lead,Other,Medium,8,3,0,16,10,13,False,2,False,2.08333333,2,1,0,0,3.06716667
Bug Fix,Medium,Mid,JavaScript,Low,7,4,1,14,5,17,False,1,True,1.9375,3,1,0,0,3.70203281
Refactoring,High,Mid,Python,Medium,8,5,0,16,2,12,False,2,False,3.05,2,2,1,0,3.566011
Bug Fix,Medium,Junior,Go,High,3,4,1,6,7,12,True,2,False,2.375,2,2,0,0,1.43728594
Design Review,Low,Tech Lead,JavaScript,Medium,12,5,2,24,8,11,False,2,False,2.2,3,2,0,0,4.7718
Feature Dev,Medium,Junior,Other,Low,1,3,0,2,7,15,True,0,True,5.0,1,0,1,1,0.5
Client Meeting,Medium,Tech Lead,Go,High,8,3,0,16,7,10,True,2,False,3.58333333,2,0,0,1,2.81070563
Feature Dev,Low,Junior,C++,Critical,9,2,1,18,9,18,True,2,False,2.375,1,1,0,0,3.14399859
Documentation,Medium,Senior,Python,Medium,5,4,1,10,7,15,True,3,False,3.4375,1,2,1,0,2.31597352
Deployment,Medium,Mid,Go,High,2,3,3,4,9,14,False,1,False,3.5,1,1,1,0,1.09015875
Testing,High,Junior,Go,High,1,2,2,2,2,12,True,1,False,1.5,2,0,0,0,0.8330175
Feature Dev,Low,Tech Lead,Java,High,1,2,3,2,5,16,True,1,True,2.375,1,1,0,0,0.92820853
Design Review,Medium,Senior,Python,Medium,8,2,2,16,8,15,False,2,False,2.375,1,1,0,0,3.630625
Deployment,Medium,Senior,JavaScript,Critical,8,3,2,16,5,12,False,2,True,3.5,1,1,1,0,3.10403638
Refactoring,Low,Junior,Java,Medium,6,2,2,12,1,15,False,1,False,3.25,0,2,0,0,2.4
Feature Dev,High,Junior,Python,Low,7,3,2,14,5,18,False,0,False,3.58333333,2,0,0,1,3.38719333
Deployment,High,Mid,Go,Critical,10,2,0,20,5,11,False,2,True,5.75,0,0,2,0,3.585912
Deployment,Medium,Junior,Python,Low,7,5,3,14,10,18,False,1,False,2.2,3,2,0,0,3.64815
Feature Dev,Low,Mid,Python,Critical,6,2,0,12,5,17,True,2,True,1.5,2,0,0,0,2.37485325
Documentation,Medium,Mid,JavaScript,High,2,4,0,4,3,14,False,3,False,3.0,2,1,1,0,0.912285
Feature Dev,Low,Senior,Python,High,9,4,0,18,1,15,False,2,False,1.9375,3,1,0,0,3.105675
Code Review,Low,Mid,Python,Medium,3,2,2,6,5,10,True,3,True,2.375,1,1,0,0,1.9040175
Documentation,Low,Mid,Other,Critical,1,3,0,2,5,11,True,0,False,2.08333333,2,1,0,0,0.5
Documentation,Low,Tech Lead,C++,Critical,9,2,0,18,5,15,False,2,False,1.5,2,0,0,0,2.9971
Bug Fix,Medium,Junior,Python,High,6,3,0,12,1,13,False,2,False,3.5,1,1,1,0,2.099565
Deployment,Medium,Junior,Java,Medium,3,3,3,6,7,12,True,2,False,2.91666667,2,0,1,0,1.79786469
Deployment,Medium,Tech Lead,Python,High,1,2,3,2,9,12,False,1,False,4.5,0,1,1,0,0.72568125
Bug Fix,Medium,Junior,Java,Medium,8,4,0,16,6,10,False,2,False,3.0,2,1,1,0,3.1331
Deployment,Medium,Tech Lead,Go,Medium,8,4,0,16,8,14,False,0,False,3.5,2,1,0,1,2.812
Code Review,Low,Tech Lead,JavaScript,Medium,6,5,0,12,6,16,False,2,False,2.75,4,0,0,1,2.157925
Code Review,Low,Mid,Go,High,11,5,1,22,9,15,False,3,False,2.2,3,2,0,0,3.92931
Client Meeting,Low,Senior,Python,Low,7,3,0,14,1,13,True,1,False,3.25,0,3,0,0,2.83696875
Design Review,High,Tech Lead,Other,High,8,4,1,16,6,17,False,2,False,2.375,2,2,0,0,3.55899375
Testing,Low,Senior,JavaScript,Low,5,4,1,10,5,14,False,0,False,1.9375,3,1,0,0,2.15170312
Bug Fix,High,Mid,Python,Medium,1,4,2,2,5,16,True,0,False,3.0,2,1,1,0,0.735357
Client Meeting,Low,Senior,C++,High,1,3,3,2,3,11,False,3,True,2.66666667,1,2,0,0,1.06227
Testing,Medium,Senior,JavaScript,Low,10,3,0,20,10,10,True,3,False,2.08333333,2,1,0,0,4.94580625
Code Review,Medium,Tech Lead,JavaScript,Medium,11,4,3,22,1,16,False,1,False,2.8125,1,3,0,0,4.74890625
Client Meeting,Medium,Senior,Java,Medium,7,3,1,14,10,16,True,3,False,4.16666667,1,1,0,1,2.89067187
Refactoring,High,Senior,Python,Low,10,5,3,20,1,15,False,1,False,4.8,1,1,2,1,4.335991
Code Review,High,Mid,JavaScript,Critical,9,4,0,18,4,12,True,0,True,3.0,2,1,1,0,3.74538607
Code Review,Medium,Senior,Python,Medium,6,4,1,12,2,10,False,3,False,2.375,2,2,0,0,2.7965625
Code Review,Medium,Senior,Python,High,5,4,2,10,9,11,False,0,False,4.375,0,3,0,1,1.73297812
Bug Fix,Medium,Senior,Other,Critical,1,2,2,2,2,17,False,1,False,4.5,0,1,1,0,0.57715
Documentation,Low,Senior,Go,High,1,2,3,2,8,13,True,0,False,2.375,1,1,0,0,0.75109781
Documentation,Low,Tech Lead,Java,Low,9,5,2,18,10,16,False,1,True,2.2,3,2,0,0,4.360356
Client Meeting,High,Mid,Other,Low,12,4,3,24,6,13,False,3,False,3.4375,1,2,1,0,6.20923978
Refactoring,High,Mid,C++,High,4,3,2,8,10,16,True,0,False,3.5,1,1,1,0,1.81450868
Design Review,Low,Tech Lead,Go,Medium,9,4,2,18,3,11,False,0,True,3.25,0,4,0,0,3.650625
Documentation,High,Tech Lead,JavaScript,Medium,13,3,0,26,3,12,False,1,False,4.08333333,0,2,1,0,5.28326667
Design Review,Medium,Tech Lead,JavaScript,Critical,10,4,3,20,8,9,False,2,False,3.0,2,1,1,0,3.64222875
Deployment,High,Junior,Python,High,12,4,3,24,1,12,True,0,False,4.0625,1,1,2,0,4.75626355
Documentation,Low,Junior,Python,Medium,8,3,2,16,4,18,False,0,False,3.58333333,2,0,0,1,2.7818375
Testing,Medium,Tech Lead,Java,Critical,9,3,0,18,7,15,False,1,False,4.08333333,0,2,1,0,2.73287396
Testing,Medium,Mid,Python,High,1,2,2,2,9,15,False,2,False,2.375,1,1,0,0,0.7948125
Code Review,High,Tech Lead,C++,Medium,10,3,2,20,4,12,False,0,True,3.25,0,3,0,0,5.053125
Client Meeting,Low,Junior,Other,Medium,9,2,1,18,10,12,True,3,False,2.375,1,1,0,0,3.80185313
Bug Fix,Medium,Mid,Java,High,11,4,2,22,8,9,False,2,False,3.0,2,1,1,0,4.063815
Code Review,High,Mid,Other,Critical,4,4,1,8,10,14,False,3,False,4.125,2,0,1,1,1.60050963
Deployment,Medium,Junior,Go,High,5,3,2,10,3,12,False,3,True,5.58333333,0,1,1,1,2.012868
Code Review,High,Tech Lead,Go,Low,9,3,0,18,6,17,True,1,False,5.58333333,0,1,1,1,3.8296104
Documentation,High,Tech Lead,Go,Medium,9,4,3,18,1,16,True,2,True,4.125,2,0,1,1,4.54905701
Refactoring,Medium,Junior,Java,High,4,2,1,8,9,18,False,1,False,2.375,1,1,0,0,1.63378125
Client Meeting,Low,Tech Lead,JavaScript,High,13,5,2,26,6,13,False,0,False,1.85,4,1,0,0,4.515615
Client Meeting,High,Junior,JavaScript,Low,7,2,2,14,10,16,False,2,False,3.25,0,2,0,0,3.83625
Feature Dev,High,Mid,JavaScript,Low,5,5,2,10,5,13,True,2,True,2.9,1,4,0,0,3.397317
Deployment,High,Mid,Go,Low,4,4,3,8,1,18,True,1,False,3.0,2,1,1,0,2.54375468
Refactoring,High,Senior,Python,Medium,5,4,1,10,1,10,True,1,True,3.625,2,0,2,0,2.54359153
Client Meeting,High,Mid,Other,Critical,6,4,1,12,10,10,True,3,False,3.625,2,0,2,0,2.47422085
Deployment,Low,Senior,Go,High,12,3,0,24,8,17,True,1,True,2.08333333,2,1,0,0,4.57544588
Feature Dev,Low,Mid,Java,Medium,3,4,3,6,5,10,False,2,True,3.25,0,4,0,0,1.7840625
Client Meeting,Low,Junior,Java,High,12,4,0,24,1,15,False,3,False,1.9375,3,1,0,0,4.17099375
Feature Dev,High,Tech Lead,Java,High,2,3,0,4,5,11,True,3,False,2.08333333,2,1,0,0,1.14809625
Feature Dev,High,Junior,Other,Low,13,5,3,26,6,17,False,0,False,3.8,1,3,0,1,6.1146085
Refactoring,High,Senior,Other,Medium,4,4,2,8,9,14,True,1,True,2.375,2,2,0,0,2.53869
Refactoring,High,Junior,Java,Medium,11,4,1,22,9,16,False,3,True,3.4375,1,2,1,0,5.45660466
Client Meeting,High,Tech Lead,C++,Medium,12,4,2,24,3,17,False,2,False,2.375,2,2,0,0,5.907125
Deployment,Medium,Junior,C++,High,10,3,3,20,6,10,False,0,False,2.08333333,2,1,0,0,3.9883125
Testing,Medium,Senior,C++,High,13,5,0,26,6,9,False,1,False,2.7,3,1,1,0,4.4649585
Client Meeting,Medium,Mid,Other,Low,3,2,0,6,4,15,False,1,False,2.375,1,1,0,0,1.4031875
Testing,Low,Junior,Python,High,4,5,2,8,6,11,False,1,False,2.2,3,2,0,0,1.63944
Deployment,Low,Junior,Python,Low,12,2,2,24,7,14,True,3,False,1.5,2,0,0,0,5.824665
Design Review,Medium,Senior,Python,Critical,3,4,1,6,6,16,True,0,False,3.0625,3,0,0,1,1.08382271
Client Meeting,Low,Mid,JavaScript,Low,13,5,1,26,6,15,True,3,True,3.1,3,1,0,1,5.85123375
Refactoring,Medium,Junior,Go,Medium,9,3,0,18,7,16,True,0,False,3.5,1,1,1,0,3.391605
Design Review,High,Mid,JavaScript,Medium,5,3,3,10,3,13,False,3,True,5.0,1,0,1,1,2.62361
Code Review,Medium,Mid,JavaScript,Low,5,2,2,10,7,15,True,1,True,3.25,0,2,0,0,2.858625
Refactoring,High,Mid,Go,Low,12,5,2,24,8,12,True,2,True,3.55,2,1,2,0,6.63231873
Client Meeting,Low,Senior,Java,High,7,3,2,14,2,11,False,1,False,1.5,3,0,0,0,2.6937
Testing,Medium,Junior,JavaScript,Critical,4,3,1,8,6,11,True,1,False,2.66666667,1,2,0,0,1.5960875
Deployment,Medium,Senior,C++,High,7,4,1,14,8,12,False,2,False,4.5,0,2,2,0,2.3317875
Documentation,Medium,Senior,Other,Low,11,3,3,22,5,9,False,1,False,2.08333333,2,1,0,0,5.4223125
Client Meeting,High,Mid,Go,Medium,2,3,0,4,2,12,True,2,False,4.08333333,0,2,1,0,1.021895
Deployment,Medium,Senior,Go,Critical,10,4,3,20,9,13,True,3,False,3.5,2,1,0,1,3.72535078
Testing,Medium,Tech Lead,Python,High,13,2,2,26,7,14,False,3,False,1.5,2,0,0,0,5.3505
Code Review,Low,Junior,Python,Critical,4,3,0,8,7,13,True,3,True,2.08333333,2,1,0,0,1.70112731
Feature Dev,Medium,Mid,JavaScript,Low,8,4,2,16,4,11,False,1,True,3.4375,1,2,1,0,3.92162513
Code Review,Low,Tech Lead,Go,Low,2,5,3,4,6,18,True,2,False,2.55,2,3,0,0,1.53883538
Client Meeting,Low,Mid,C++,High,2,5,1,4,2,18,False,3,False,2.9,1,4,0,0,1.005615
Testing,Medium,Junior,Other,High,13,2,0,26,1,12,True,2,False,3.25,0,2,0,0,4.7840625
Design Review,High,Junior,Other,Critical,9,3,3,18,2,13,True,2,False,2.91666667,2,0,1,0,3.95676004
Refactoring,High,Senior,Other,High,11,5,3,22,9,17,False,3,True,4.45,2,0,2,1,4.4920901
Bug Fix,High,Tech Lead,Java,Low,1,5,3,2,6,12,True,3,False,3.95,2,1,1,1,1.16038577
Refactoring,Low,Senior,Go,High,12,4,0,24,7,12,False,0,False,1.9375,3,1,0,0,3.90015
Client Meeting,Medium,Tech Lead,Python,High,3,2,3,6,5,9,False,0,False,1.5,2,0,0,0,1.522125
Documentation,High,Senior,C++,Critical,4,2,3,8,5,18,True,1,True,2.375,1,1,0,0,2.30238783
Testing,Medium,Senior,Java,Critical,12,3,2,24,1,9,True,1,False,3.5,1,1,1,0,4.16413725
Refactoring,Medium,Mid,Go,Critical,7,5,1,14,9,17,False,2,False,2.7,3,1,1,0,2.50627388
Client Meeting,Medium,Mid,Other,Critical,3,5,1,6,2,13,False,2,True,3.05,2,2,1,0,1.33196944
Feature Dev,Medium,Tech Lead,Python,Critical,13,5,2,26,4,13,False,3,False,2.35,4,0,1,0,4.69841325
Documentation,High,Mid,Java,Low,10,3,3,20,2,9,False,0,True,3.5,1,1,1,0,5.48264612
Documentation,Low,Junior,C++,Critical,7,2,1,14,5,12,False,2,True,2.375,1,1,0,0,2.63313531
Refactoring,High,Senior,Python,High,11,5,3,22,8,11,False,1,False,3.95,2,1,1,1,4.1921847
Refactoring,High,Junior,Java,High,5,4,3,10,9,11,False,1,False,4.375,0,3,0,1,2.14738594
Testing,Medium,Tech Lead,Python,Critical,3,3,2,6,4,9,True,2,False,2.91666667,2,0,1,0,1.40427809
Feature Dev,Low,Senior,JavaScript,Medium,12,5,1,24,3,14,False,2,False,3.1,3,1,0,1,4.1924925
Refactoring,Medium,Junior,Go,High,7,2,1,14,7,16,False,2,False,2.375,1,1,0,0,2.78184375
Testing,High,Tech Lead,Go,High,8,4,1,16,5,10,True,2,False,3.0,2,1,1,0,3.50939452
Design Review,Medium,Senior,C++,Critical,2,3,2,4,5,15,False,2,True,2.66666667,1,2,0,0,1.17498333
Deployment,High,Junior,Go,High,7,3,0,14,2,18,False,0,True,3.58333333,2,0,0,1,2.78866088
Client Meeting,Medium,Senior,JavaScript,Critical,4,2,0,8,1,17,False,0,False,1.5,2,0,0,0,1.394
Refactoring,Medium,Tech Lead,Go,Critical,12,2,3,24,4,16,True,0,False,1.5,2,0,0,0,4.80276563
Client Meeting,Low,Tech Lead,Other,Medium,12,3,3,24,2,10,False,0,True,3.25,0,3,0,0,4.9190625
Design Review,Medium,Junior,JavaScript,Low,6,5,2,12,5,17,True,1,True,2.7,3,1,1,0,3.32990427
Bug Fix,Medium,Junior,Other,Low,11,4,3,22,6,15,False,1,False,2.375,2,2,0,0,5.34290625
Design Review,Medium,Junior,Python,Low,4,4,0,8,8,18,True,3,False,1.9375,3,1,0,0,2.20135781
Client Meeting,Low,Tech Lead,JavaScript,High,8,4,0,16,5,10,False,2,True,3.9375,1,2,0,1,2.61611831
Deployment,Medium,Mid,C++,Medium,13,2,1,26,1,11,False,3,False,3.625,1,0,1,0,5.03520938
Deployment,Medium,Senior,Java,High,7,3,1,14,2,15,False,0,True,3.5,1,1,1,0,2.62041863
Testing,Low,Junior,C++,Medium,10,3,2,20,7,11,True,2,True,3.58333333,2,0,0,1,4.14257594
Bug Fix,Medium,Tech Lead,Other,Low,5,5,1,10,3,13,False,0,False,3.95,2,1,1,1,1.9636595
Bug Fix,High,Tech Lead,Java,High,8,5,3,16,8,9,True,0,True,4.45,2,0,2,1,3.35283111
Documentation,Medium,Tech Lead,Python,Low,4,4,2,8,4,11,False,1,False,3.0,2,1,1,0,2.0273
Client Meeting,Medium,Junior,Go,Low,9,4,0,18,10,14,False,1,True,3.875,0,3,1,0,3.93556281
Refactoring,Medium,Tech Lead,Go,Medium,10,3,3,20,5,10,False,1,False,3.58333333,2,0,0,1,3.98030208
Bug Fix,High,Senior,C++,Low,9,2,1,18,5,18,False,3,False,5.75,0,0,2,0,4.034151
Deployment,High,Tech Lead,JavaScript,High,3,2,1,6,6,14,False,1,False,3.25,0,2,0,0,1.3753125
Code Review,Medium,Tech Lead,Python,High,1,2,3,2,7,11,False,1,False,1.5,2,0,0,0,0.876375
Deployment,Low,Senior,Go,High,12,3,2,24,5,18,True,0,False,2.66666667,1,2,0,0,4.22037
Feature Dev,Medium,Junior,JavaScript,Low,3,3,2,6,8,10,True,3,False,2.66666667,1,2,0,0,2.0097
Documentation,Low,Tech Lead,Java,Medium,12,4,0,24,1,12,True,1,False,1.9375,3,1,0,0,4.65550313
Feature Dev,Medium,Mid,Python,High,2,4,0,4,1,11,True,2,True,3.4375,1,2,1,0,0.93584236
Deployment,High,Junior,Java,Low,7,4,0,14,5,16,False,2,False,4.5,0,2,2,0,3.094245
Code Review,Low,Junior,Other,High,7,3,0,14,2,10,True,1,False,2.08333333,2,1,0,0,2.46558375
Deployment,High,Senior,Go,Medium,11,5,0,22,6,11,False,0,False,3.8,1,3,0,1,4.37437
Client Meeting,High,Senior,JavaScript,Medium,11,3,2,22,2,18,False,1,False,2.08333333,2,1,0,0,5.43725
Refactoring,Medium,Mid,Go,Critical,9,2,2,18,6,15,False,0,True,4.5,0,1,1,0,3.09496688
Design Review,High,Tech Lead,C++,Critical,10,4,3,20,6,15,True,1,False,3.0,2,1,1,0,4.23555956
Refactoring,Medium,Senior,Python,Low,12,4,0,24,5,11,False,2,True,1.9375,3,1,0,0,6.06890625
Bug Fix,High,Junior,Java,High,9,4,3,18,3,13,False,0,True,2.8125,1,3,0,0,4.35949594
Bug Fix,Low,Junior,C++,Medium,1,2,0,2,3,11,False,1,False,3.25,0,2,0,0,0.5
Deployment,Medium,Junior,Other,Low,3,2,3,6,2,17,True,2,False,1.5,2,0,0,0,2.19016875
Bug Fix,High,Junior,JavaScript,Medium,3,4,2,6,7,13,True,1,False,5.1875,1,0,2,1,1.4138985
Code Review,High,Mid,Other,Low,3,2,1,6,7,18,False,3,False,2.375,1,1,0,0,1.97525625
Deployment,Medium,Tech Lead,C++,Critical,8,5,3,16,8,15,False,3,False,3.4,1,3,1,0,3.02880075
Refactoring,High,Tech Lead,Python,Critical,6,3,3,12,2,14,False,3,True,2.91666667,2,0,1,0,3.03748892
Design Review,Medium,Junior,Go,Medium,4,3,2,8,6,15,True,2,False,4.16666667,1,1,0,1,1.86781875
Bug Fix,Medium,Tech Lead,Other,High,10,3,3,20,10,17,True,0,False,2.91666667,2,0,1,0,3.89213409
Documentation,Medium,Mid,JavaScript,Critical,8,5,0,16,1,9,False,1,False,3.95,2,1,1,1,2.3289915
Testing,Medium,Mid,JavaScript,Critical,3,5,1,6,1,11,False,2,False,3.9,1,2,2,0,1.12079725
Client Meeting,High,Mid,Go,Medium,7,3,2,14,7,11,False,0,False,4.33333333,1,0,2,0,2.92277333
Code Review,Medium,Mid,Other,High,1,4,2,2,10,12,True,3,True,3.625,2,0,2,0,0.89773819
Testing,Medium,Tech Lead,Java,Critical,1,3,0,2,1,10,True,0,False,3.5,1,1,1,0,0.5
Feature Dev,High,Senior,JavaScript,Critical,3,2,3,6,6,10,False,0,False,2.375,1,1,0,0,1.52633438
Code Review,High,Senior,Python,High,4,4,0,8,4,16,True,2,True,3.5,2,1,0,1,1.86345968
Documentation,Medium,Senior,Go,Low,10,3,3,20,5,10,False,1,False,2.08333333,2,1,0,0,4.98414583
Testing,High,Mid,JavaScript,Medium,12,4,0,24,2,15,True,2,False,3.4375,1,2,1,0,5.40708919
Deployment,Medium,Tech Lead,Go,Low,6,5,1,12,3,14,False,1,False,3.45,2,2,0,1,2.56847938
Refactoring,High,Senior,JavaScript,Critical,8,2,2,16,9,10,True,0,False,3.25,0,2,0,0,3.33014062
Design Review,Medium,Junior,Python,Low,2,5,1,4,2,18,True,0,False,1.85,4,1,0,0,1.10547938
Deployment,High,Junior,C++,Low,7,3,3,14,8,17,False,1,False,3.58333333,2,0,0,1,3.62776104
Testing,High,Senior,Python,Low,9,5,1,18,10,11,True,1,True,3.55,2,1,2,0,4.83652479
Deployment,High,Mid,Java,Medium,7,3,0,14,3,9,False,2,True,2.08333333,2,1,0,0,3.746325
Code Review,Low,Senior,Other,Critical,1,5,2,2,7,14,False,1,False,1.85,4,1,0,0,0.650845
Bug Fix,Medium,Junior,Python,Low,13,3,2,26,3,17,False,3,False,3.5,1,1,1,0,5.724455
Feature Dev,Medium,Mid,JavaScript,High,11,4,1,22,2,18,False,1,False,2.375,2,2,0,0,4.10653125
Code Review,Medium,Senior,C++,Critical,4,2,1,8,8,15,False,3,True,2.375,1,1,0,0,1.88081094
Testing,High,Senior,Python,High,8,3,3,16,2,9,False,2,False,3.5,1,1,1,0,3.49658325
Bug Fix,High,Tech Lead,Python,High,9,2,1,18,8,12,False,3,False,5.75,0,0,2,0,3.300669
Design Review,Medium,Junior,Python,Low,3,2,0,6,3,17,False,2,False,4.5,0,1,1,0,1.307075
Feature Dev,Medium,Mid,JavaScript,Medium,1,3,3,2,9,15,False,2,False,1.5,3,0,0,0,1.07625
Client Meeting,Medium,Tech Lead,Java,High,4,5,2,8,10,12,True,1,False,3.9,1,2,2,0,1.607823
Bug Fix,Medium,Senior,JavaScript,Medium,13,2,0,26,4,18,True,0,False,3.625,1,0,1,0,4.86588375
Refactoring,Medium,Tech Lead,Python,Medium,12,4,0,24,2,16,True,1,False,2.8125,1,3,0,0,4.93598438
Design Review,High,Mid,Go,High,11,2,3,22,9,17,True,3,False,3.25,0,2,0,0,5.14729688
Deployment,Medium,Mid,Java,High,5,3,2,10,9,12,False,3,True,2.08333333,2,1,0,0,2.563275
Testing,High,Tech Lead,Java,High,11,4,2,22,10,9,False,3,False,2.8125,1,3,0,0,4.88705625
Deployment,Low,Junior,Other,Critical,8,5,0,16,3,15,False,0,False,2.2,3,2,0,0,2.42352
Design Review,Low,Mid,Go,Low,10,4,2,20,7,15,False,0,False,2.375,2,2,0,0,4.2095625
Design Review,Medium,Junior,Java,Low,12,2,0,24,1,12,False,3,False,1.5,2,0,0,0,5.75025
Deployment,Medium,Senior,Java,High,8,5,3,16,8,17,False,2,False,4.65,0,3,1,1,2.7654165
Deployment,Medium,Junior,C++,High,6,5,1,12,6,14,False,0,True,4.3,1,2,1,1,2.0554479
Design Review,Medium,Tech Lead,Other,High,11,5,0,22,6,18,True,0,True,3.05,2,2,1,0,4.20366524
Refactoring,High,Senior,JavaScript,High,10,5,0,20,7,10,False,3,True,4.3,1,2,1,1,3.9496842
Testing,High,Tech Lead,Java,Critical,5,3,1,10,5,9,False,0,False,2.91666667,2,0,1,0,1.92744052
Deployment,Medium,Senior,JavaScript,High,5,3,3,10,5,11,False,0,False,3.5,1,1,1,0,1.97843625
Refactoring,High,Mid,Other,Medium,13,4,3,26,1,18,False,3,False,4.5625,1,1,1,1,5.39830125
Design Review,Medium,Senior,Python,Low,11,2,1,22,2,12,False,0,False,5.75,0,0,2,0,3.998995
Design Review,Medium,Senior,JavaScript,Medium,5,3,1,10,8,14,False,0,False,5.0,1,0,1,1,1.6813
Refactoring,High,Tech Lead,JavaScript,Medium,13,2,1,26,3,10,True,1,False,1.5,2,0,0,0,6.7050375
Bug Fix,High,Mid,Python,Low,1,3,2,2,8,16,False,2,False,5.0,1,0,1,1,0.825792
Documentation,Medium,Tech Lead,JavaScript,Medium,6,3,2,12,6,9,False,2,False,5.0,1,0,1,1,2.2678
Bug Fix,Medium,Tech Lead,JavaScript,High,9,5,3,18,2,10,True,2,True,4.65,0,3,1,1,3.52590604
Deployment,Medium,Tech Lead,C++,High,6,4,0,12,4,14,True,1,False,3.5,2,1,0,1,2.07604688
Testing,Low,Junior,Java,Critical,1,3,3,2,3,13,False,3,True,2.66666667,1,2,0,0,1.003255
Bug Fix,Medium,Junior,JavaScript,Low,7,5,1,14,5,16,False,1,False,2.55,2,3,0,0,3.2627375
Design Review,Medium,Junior,Other,High,6,3,3,12,6,18,False,2,False,2.08333333,2,1,0,0,2.7335625
Deployment,Medium,Tech Lead,Java,Low,2,5,3,4,3,12,True,0,False,1.85,4,1,0,0,1.45457813
Documentation,Low,Senior,Other,High,12,3,0,24,2,15,True,3,False,2.66666667,1,2,0,0,4.22037
Deployment,High,Senior,JavaScript,Low,12,2,2,24,10,16,True,1,False,2.375,1,1,0,0,6.709395
Design Review,Low,Tech Lead,Java,Medium,13,3,1,26,10,18,False,2,False,2.08333333,2,1,0,0,5.00904167
Code Review,Medium,Mid,C++,Critical,4,2,0,8,1,10,False,0,False,2.375,1,1,0,0,1.3345
Documentation,Low,Junior,Python,High,4,2,0,8,4,13,False,1,True,1.5,2,0,0,0,1.562715
Documentation,Medium,Tech Lead,Java,Medium,11,5,3,22,3,13,False,2,False,3.05,2,2,1,0,4.64132875
Refactoring,Medium,Senior,Other,High,9,3,2,18,10,15,True,1,True,2.66666667,1,2,0,0,4.0194
Refactoring,High,Senior,Go,Medium,3,4,3,6,10,15,False,0,False,3.4375,1,2,1,0,1.64751469
Documentation,High,Tech Lead,Java,High,5,5,0,10,9,12,True,1,False,4.8,1,1,2,1,1.7359272
Bug Fix,High,Tech Lead,JavaScript,Medium,10,2,2,20,5,11,False,1,False,5.75,0,0,2,0,3.995
Client Meeting,High,Tech Lead,JavaScript,Critical,13,4,0,26,6,16,False,3,True,4.0625,1,1,2,0,4.95029439
Feature Dev,Medium,Tech Lead,Python,Medium,10,3,2,20,5,10,True,1,False,2.91666667,2,0,1,0,4.2760025
Bug Fix,High,Mid,Java,Low,10,3,3,20,1,11,True,2,False,2.91666667,2,0,1,0,5.61225328
Refactoring,Low,Senior,JavaScript,Medium,1,2,1,2,7,12,True,1,True,1.5,2,0,0,0,0.72216375
Code Review,High,Junior,JavaScript,High,1,3,1,2,1,15,True,3,False,4.16666667,1,1,0,1,0.72844931
Testing,Medium,Senior,JavaScript,Low,12,2,0,24,2,15,False,3,False,2.375,1,1,0,0,5.5048125
Feature Dev,High,Senior,JavaScript,Critical,7,4,1,14,1,12,False,0,False,3.0,2,1,1,0,2.63963675
Refactoring,Medium,Junior,C++,Low,3,4,1,6,8,18,False,0,False,4.5625,1,1,1,1,1.19115563
Testing,High,Mid,JavaScript,Low,7,2,1,14,8,13,True,2,True,4.5,0,1,1,0,3.84966264
Documentation,Low,Tech Lead,C++,High,10,2,1,20,2,16,False,1,False,2.375,1,1,0,0,3.40003125
Bug Fix,High,Junior,Java,Low,2,3,0,4,6,12,False,1,False,2.91666667,2,0,1,0,1.03845775
Feature Dev,Medium,Junior,Python,Low,8,2,0,16,5,13,False,3,False,3.625,1,0,1,0,3.43107188
Design Review,Medium,Junior,JavaScript,Critical,1,3,0,2,9,16,True,1,False,3.5,1,1,1,0,0.5
Testing,Medium,Tech Lead,JavaScript,High,3,4,0,6,9,9,False,3,False,3.9375,1,2,0,1,1.15825781
Code Review,Medium,Mid,Python,Medium,12,2,2,24,10,16,True,1,False,1.5,2,0,0,0,5.5965
Client Meeting,Medium,Tech Lead,C++,High,3,2,1,6,5,15,True,2,True,1.5,2,0,0,0,1.65150563
Refactoring,Medium,Mid,Java,Medium,10,4,2,20,9,17,True,2,False,3.625,2,0,2,0,4.08062812
Code Review,Medium,Senior,Other,Critical,12,3,1,24,9,9,True,1,False,5.58333333,0,1,1,1,3.52457175
Documentation,High,Junior,JavaScript,Low,11,2,2,22,7,10,False,0,False,3.625,1,0,1,0,5.2544415
Bug Fix,Low,Tech Lead,Other,Medium,7,4,3,14,3,9,True,0,False,2.375,2,2,0,0,3.06002813
Design Review,Medium,Junior,C++,Critical,8,3,1,16,9,18,True,2,False,2.08333333,2,1,0,0,3.15517344
Documentation,Medium,Senior,Other,Critical,5,5,0,10,8,17,False,3,False,3.6,3,0,1,1,1.654712
Documentation,High,Junior,C++,Medium,8,2,2,16,4,18,True,3,False,2.375,1,1,0,0,4.4097375
Bug Fix,High,Junior,Go,Medium,9,4,0,18,6,11,False,3,False,4.5625,1,1,1,1,3.561435
Design Review,Low,Mid,Python,Medium,13,3,2,26,3,17,False,1,False,2.08333333,2,1,0,0,5.05883333
Refactoring,High,Senior,Python,High,6,3,3,12,3,9,False,2,False,4.08333333,0,2,1,0,2.66683313
Documentation,High,Junior,JavaScript,Low,13,2,1,26,5,13,False,0,False,1.5,2,0,0,0,6.911575
Client Meeting,Medium,Mid,Go,Low,8,5,1,16,10,16,False,2,False,3.9,1,2,2,0,3.3219835
Testing,Medium,Junior,C++,High,10,4,0,20,2,10,False,3,False,3.0,2,1,1,0,3.566205
Bug Fix,High,Tech Lead,Python,Critical,9,5,2,18,4,9,False,3,True,3.05,2,2,1,0,4.07324849
Deployment,High,Junior,Java,Medium,2,5,0,4,4,9,False,0,False,4.45,2,0,2,1,0.718497
Deployment,Medium,Mid,Java,Medium,5,4,3,10,3,18,True,3,False,2.375,2,2,0,0,2.83335938
Bug Fix,Low,Tech Lead,Java,High,4,4,1,8,10,11,True,1,False,2.8125,1,3,0,0,1.53216984
Refactoring,High,Tech Lead,Other,Critical,1,5,2,2,2,16,True,1,False,3.05,2,2,1,0,0.70543602
Documentation,Medium,Tech Lead,C++,Medium,5,4,1,10,3,15,True,2,True,5.1875,1,0,2,1,2.05333012
Bug Fix,Medium,Tech Lead,Java,Critical,10,2,2,20,2,12,False,2,False,3.25,0,2,0,0,3.5859375
Documentation,Medium,Mid,JavaScript,Critical,10,2,0,20,6,10,True,3,True,1.5,2,0,0,0,4.32706313
Code Review,Medium,Mid,Go,High,13,4,1,26,3,16,False,2,False,2.375,2,2,0,0,4.90134375
Bug Fix,Medium,Junior,Java,High,11,5,3,22,3,17,True,0,False,2.75,4,0,0,1,4.19080922
Documentation,Medium,Mid,Python,Low,10,3,0,20,10,17,True,3,False,2.91666667,2,0,1,0,4.59670269
Code Review,Medium,Mid,JavaScript,Critical,8,3,3,16,8,13,True,1,False,4.33333333,1,0,2,0,2.77902188
Bug Fix,High,Senior,Python,Low,9,3,0,18,9,18,False,1,False,4.16666667,1,1,0,1,3.95079667
Deployment,High,Senior,Go,High,13,5,0,26,9,15,False,1,False,3.45,2,2,0,1,4.821516
Client Meeting,Medium,Senior,C++,Medium,10,2,0,20,6,12,True,3,False,3.25,0,2,0,0,4.2328125
Design Review,Medium,Junior,Python,Low,2,2,2,4,10,12,False,2,False,4.5,0,1,1,0,1.2137125
Deployment,High,Mid,Other,Low,9,2,0,18,6,16,False,1,True,4.5,0,1,1,0,4.354427
Refactoring,High,Senior,Python,High,3,4,0,6,10,15,False,1,False,4.125,2,0,1,1,1.095237
Code Review,High,Tech Lead,JavaScript,High,2,3,2,4,4,10,True,1,False,5.0,1,0,1,1,0.9754668
Client Meeting,High,Junior,Java,Medium,9,4,1,18,8,17,False,3,True,4.0625,1,1,2,0,4.25662256
Deployment,Medium,Senior,Python,Medium,9,4,2,18,3,16,True,1,False,4.125,2,0,1,1,3.45345
Refactoring,Medium,Junior,Go,Medium,9,3,3,18,6,9,False,2,False,4.16666667,1,1,0,1,3.60010417
Client Meeting,Medium,Senior,Go,High,6,2,2,12,5,18,False,2,False,4.5,0,1,1,0,2.2152375
Deployment,Medium,Tech Lead,Other,Low,9,4,0,18,10,15,True,1,True,3.0,2,1,1,0,4.33183328
Design Review,Medium,Tech Lead,Go,High,12,3,3,24,4,17,False,2,True,5.0,1,0,1,1,4.219281
Client Meeting,High,Mid,Other,Critical,11,4,2,22,10,13,False,3,False,3.9375,1,2,0,1,4.12768766
Code Review,Low,Senior,Other,Low,9,3,0,18,2,15,True,3,False,2.66666667,1,2,0,0,3.95241
Bug Fix,Medium,Senior,Python,Critical,9,3,3,18,7,13,False,1,False,2.91666667,2,0,1,0,3.26484823
Testing,Low,Senior,Python,Low,2,3,0,4,4,12,False,3,True,1.5,3,0,0,0,1.265055
Bug Fix,Medium,Junior,Go,Low,9,5,3,18,9,14,True,1,True,4.25,0,3,2,0,4.39864569
Documentation,Medium,Mid,Go,Medium,7,3,0,14,3,12,True,0,False,4.16666667,1,1,0,1,2.490425
Design Review,Low,Senior,C++,Low,9,2,2,18,3,15,True,1,False,3.25,0,2,0,0,3.9414375
Documentation,High,Mid,Go,Critical,1,3,0,2,10,10,False,2,False,2.66666667,1,2,0,0,0.5423
Documentation,Medium,Tech Lead,C++,Medium,11,3,0,22,6,10,True,3,False,2.91666667,2,0,1,0,4.56754812
Testing,Medium,Junior,Python,Medium,3,4,2,6,7,18,True,2,False,1.5,4,0,0,0,1.829625
Documentation,High,Mid,Other,High,6,3,2,12,6,10,True,0,False,3.5,1,1,1,0,2.59457783
Testing,Medium,Mid,Other,Medium,10,3,2,20,8,9,False,3,False,4.91666667,0,1,2,0,3.69341667
Deployment,Medium,Senior,C++,High,7,4,0,14,9,15,False,1,True,4.5625,1,1,1,1,2.30290088
Documentation,High,Tech Lead,JavaScript,High,4,3,1,8,6,12,False,3,False,3.5,1,1,1,0,1.84923225
Bug Fix,Medium,Tech Lead,Other,High,11,5,2,22,3,11,True,1,True,4.45,2,0,2,1,3.89675286
Documentation,Medium,Senior,JavaScript,High,7,3,2,14,1,11,False,2,False,2.08333333,2,1,0,0,2.957625
Refactoring,High,Mid,Go,High,4,4,1,8,3,10,True,3,False,4.0625,1,1,2,0,1.8244294
Testing,Low,Junior,Go,Low,11,5,1,22,5,13,False,0,False,2.2,3,2,0,0,4.47579
Design Review,Medium,Mid,JavaScript,Low,7,4,0,14,1,13,True,1,False,3.0,2,1,1,0,3.08656425
Documentation,Low,Junior,C++,Low,6,4,2,12,9,16,True,1,False,2.8125,1,3,0,0,2.83668
Code Review,Low,Mid,Go,Low,12,3,1,24,4,12,False,2,False,2.08333333,2,1,0,0,5.11559583
Deployment,High,Senior,Python,Critical,3,4,2,6,2,15,False,1,True,5.0,0,2,1,1,1.3014826
Client Meeting,Medium,Senior,Go,High,12,3,2,24,6,12,True,0,False,2.08333333,2,1,0,0,4.79941875
Feature Dev,Medium,Tech Lead,Go,Low,10,5,0,20,1,17,False,2,False,2.35,4,0,1,0,4.4029755
Code Review,High,Tech Lead,Java,Critical,7,2,2,14,9,16,False,2,False,4.5,0,1,1,0,2.6837475
Refactoring,High,Junior,Java,Critical,5,4,3,10,6,18,True,2,True,2.375,2,2,0,0,2.84185945
Design Review,Medium,Tech Lead,C++,Critical,5,3,0,10,4,10,True,1,False,4.33333333,1,0,2,0,1.55625225
Client Meeting,Medium,Junior,Other,Medium,2,3,3,4,7,14,True,2,True,5.0,1,0,1,1,1.3096545
Code Review,High,Senior,Java,Low,10,5,0,20,7,14,False,0,False,4.3,1,2,1,1,4.119852
Testing,Medium,Junior,JavaScript,Low,7,2,1,14,2,16,True,3,False,4.5,0,1,1,0,3.18599531
Code Review,Low,Junior,Other,Low,12,3,1,24,2,15,True,1,False,2.08333333,2,1,0,0,5.25635688
Code Review,Low,Senior,C++,Low,6,4,1,12,4,16,False,1,False,1.9375,3,1,0,0,2.65928438
Bug Fix,High,Tech Lead,Go,Critical,4,5,1,8,9,12,True,2,False,3.9,1,2,2,0,1.66275695
Design Review,High,Senior,Other,Critical,9,4,1,18,3,13,False,1,True,3.0,2,1,1,0,3.78243497
Testing,High,Tech Lead,Python,High,7,5,0,14,8,13,False,1,False,3.45,2,2,0,1,2.6328015
Code Review,Medium,Junior,Python,High,4,2,1,8,4,18,False,2,False,4.5,0,1,1,0,1.48955625
Client Meeting,Medium,Junior,JavaScript,High,2,5,0,4,7,15,False,1,False,3.95,2,1,1,1,0.672543
Refactoring,Medium,Tech Lead,Java,Critical,11,5,2,22,9,17,True,1,False,3.75,0,4,1,0,3.7918755
Design Review,Medium,Tech Lead,JavaScript,Medium,9,2,0,18,3,13,False,3,True,2.375,1,1,0,0,4.2095625
Documentation,High,Junior,JavaScript,Medium,5,2,1,10,6,9,True,2,False,2.375,1,1,0,0,2.73032812
Deployment,Medium,Senior,C++,Low,8,4,3,16,9,11,True,3,False,5.625,0,1,2,1,3.45134213
Documentation,High,Senior,C++,High,11,4,0,22,9,15,False,0,True,3.9375,1,2,0,1,4.29790866
Testing,Medium,Mid,JavaScript,Medium,4,5,0,8,9,9,False,3,False,2.2,3,2,0,0,1.881
Bug Fix,Medium,Mid,Java,Low,11,3,0,22,7,15,True,3,True,3.5,1,1,1,0,5.35779379
Documentation,Medium,Tech Lead,Other,Medium,9,4,0,18,5,12,True,3,False,3.4375,1,2,1,0,3.68665172
Feature Dev,Medium,Tech Lead,Other,Low,7,5,0,14,1,16,True,0,False,2.55,2,3,0,0,3.145065
Code Review,Medium,Mid,Other,Critical,8,5,3,16,4,18,True,3,True,2.55,2,3,0,0,3.77126991
Feature Dev,High,Senior,Java,High,10,3,3,20,9,18,False,2,False,4.75,0,2,0,1,3.87154688
Deployment,High,Junior,Python,Critical,11,4,3,22,4,14,True,2,False,3.4375,1,2,1,0,4.5879908
Documentation,Low,Mid,JavaScript,Critical,6,3,0,12,10,13,True,2,False,2.08333333,2,1,0,0,2.09752375
Bug Fix,Medium,Senior,Python,High,4,5,1,8,6,18,True,1,False,3.05,2,2,1,0,1.60677287
Design Review,Medium,Junior,Python,Medium,9,4,2,18,8,14,False,0,False,1.9375,3,1,0,0,3.9121875
Bug Fix,Medium,Junior,Go,Critical,10,2,2,20,7,13,False,3,False,3.25,0,2,0,0,3.665625
Bug Fix,Medium,Tech Lead,Go,High,12,5,3,24,4,15,False,2,False,2.9,1,4,0,0,4.684275
Code Review,Low,Mid,C++,Low,13,3,1,26,7,13,False,0,False,2.66666667,1,2,0,0,5.1359
Deployment,Low,Tech Lead,C++,Low,6,5,3,12,3,10,False,2,False,1.85,4,1,0,0,3.1141825
Design Review,Medium,Tech Lead,Other,Medium,2,4,0,4,2,9,False,1,True,5.625,0,1,2,1,0.748935
Code Review,Medium,Junior,JavaScript,Critical,3,2,3,6,5,18,False,0,True,5.75,0,0,2,0,1.23265725
Refactoring,High,Tech Lead,Other,Medium,6,3,0,12,6,9,False,1,False,4.33333333,1,0,2,0,2.37475333
Code Review,Low,Mid,Go,Low,9,5,2,18,4,15,False,1,False,3.8,1,3,0,1,3.461458
Documentation,Medium,Junior,JavaScript,High,5,5,1,10,9,11,False,3,False,4.45,2,0,2,1,1.72204988
Feature Dev,Medium,Senior,C++,Critical,3,5,1,6,3,9,False,0,False,3.45,2,2,0,1,1.01109094
Client Meeting,Medium,Junior,Python,High,5,3,1,10,4,17,True,2,False,1.5,3,0,0,0,2.27626875
Testing,Medium,Senior,Python,Medium,4,4,2,8,10,9,False,1,True,4.0625,1,1,2,0,1.8547375
Documentation,Medium,Mid,Other,Critical,2,5,3,4,5,16,True,3,False,2.7,3,1,1,0,1.29490817
Bug Fix,Low,Mid,JavaScript,Low,9,2,1,18,7,13,False,3,False,1.5,2,0,0,0,4.160475
Design Review,Medium,Senior,Other,Critical,3,4,3,6,10,15,False,0,False,3.4375,1,2,1,0,1.26264445
Documentation,Low,Mid,Java,Medium,8,2,0,16,7,17,True,0,False,1.5,2,0,0,0,3.0996
Refactoring,Medium,Junior,Go,Medium,11,5,2,22,8,17,False,1,False,3.05,2,2,1,0,4.41156
Deployment,Medium,Senior,Python,Critical,7,5,0,14,3,12,True,0,False,3.6,3,0,1,1,2.1151536
Deployment,High,Tech Lead,Go,Low,3,2,3,6,3,15,True,2,False,3.625,1,0,1,0,2.08952277
Feature Dev,Low,Senior,C++,High,6,4,2,12,10,17,True,3,False,1.9375,3,1,0,0,2.61635063
Code Review,Medium,Junior,JavaScript,Medium,7,3,0,14,3,16,False,1,True,3.5,1,1,1,0,2.8622275
Testing,Medium,Senior,JavaScript,High,2,5,3,4,4,17,False,0,False,3.55,2,1,2,0,0.97554375
Design Review,High,Junior,Java,High,7,5,0,14,10,10,False,1,False,3.9,1,2,2,0,2.5418916
Deployment,Medium,Junior,JavaScript,Low,13,2,2,26,8,17,False,0,True,3.25,0,2,0,0,6.2390625
Refactoring,Medium,Mid,Java,Critical,6,4,3,12,7,18,False,1,False,3.625,2,0,2,0,2.16553969
Code Review,Low,Mid,C++,High,8,4,1,16,9,13,False,2,False,3.0625,3,0,0,1,2.61493734
Testing,Medium,Senior,Other,Medium,9,3,1,18,2,9,False,3,True,2.66666667,1,2,0,0,4.3065
Code Review,Medium,Tech Lead,C++,Medium,11,4,1,22,10,16,False,1,False,4.125,2,0,1,1,3.8234625
Bug Fix,High,Mid,C++,High,4,5,2,8,1,13,False,0,False,4.3,1,2,1,1,1.5681492
Documentation,High,Mid,Other,Low,11,3,2,22,8,18,True,3,False,3.5,1,1,1,0,5.86559242
Bug Fix,Low,Junior,Other,Critical,3,3,2,6,3,11,False,3,False,2.66666667,1,2,0,0,1.3804
Refactoring,Low,Mid,Other,Low,13,2,3,26,8,16,True,2,False,2.375,1,1,0,0,6.04072219
Feature Dev,Medium,Tech Lead,C++,Medium,11,3,0,22,8,9,False,1,False,1.5,3,0,0,0,4.6125
Refactoring,Medium,Tech Lead,Go,Critical,5,4,0,10,10,15,False,3,False,2.375,2,2,0,0,1.91834375
Deployment,Medium,Tech Lead,Java,Low,3,3,0,6,5,10,False,2,False,2.91666667,2,0,1,0,1.42533417
Bug Fix,High,Tech Lead,Java,High,13,3,0,26,10,9,True,1,False,3.5,1,1,1,0,5.1552396
Design Review,Medium,Junior,JavaScript,Low,2,2,2,4,4,11,True,1,False,3.625,1,0,1,0,1.23518588
Design Review,Medium,Mid,JavaScript,High,10,4,0,20,1,12,False,1,False,3.0,2,1,1,0,3.400335
Deployment,High,Senior,Java,Critical,10,4,0,20,2,11,True,0,True,3.0,2,1,1,0,4.16154008
Refactoring,Medium,Junior,C++,Low,1,5,1,2,3,13,True,2,False,2.55,2,3,0,0,0.84242813
Client Meeting,Medium,Mid,JavaScript,Critical,13,3,1,26,3,15,True,1,False,5.58333333,0,1,1,1,3.80374575
Documentation,High,Senior,Other,Medium,5,5,0,10,5,14,True,1,True,3.55,2,1,2,0,2.4037398
Client Meeting,Medium,Tech Lead,JavaScript,Critical,6,4,1,12,4,13,True,1,False,3.4375,1,2,1,0,2.12927769
Client Meeting,Medium,Junior,Python,Critical,1,3,2,2,5,14,False,0,True,2.08333333,2,1,0,0,0.65177292
Feature Dev,High,Tech Lead,Java,Critical,12,3,1,24,8,11,False,1,True,2.91666667,2,0,1,0,4.99325101
Design Review,High,Senior,Go,Low,11,3,0,22,2,9,False,1,False,2.66666667,1,2,0,0,5.4868
Design Review,High,Mid,Python,Low,10,3,3,20,3,13,True,3,False,2.08333333,2,1,0,0,6.15350313
Feature Dev,Medium,Mid,C++,Critical,10,3,1,20,4,14,False,3,False,3.5,1,1,1,0,3.39384813
Documentation,Medium,Tech Lead,Go,Medium,13,4,1,26,4,18,False,2,False,2.5625,3,0,1,0,5.23208906
Refactoring,Low,Junior,C++,Low,9,5,1,18,2,12,True,2,True,1.85,4,1,0,0,4.59530321
Refactoring,Medium,Senior,C++,Medium,6,2,1,12,4,13,True,1,True,2.375,1,1,0,0,3.00336094
Refactoring,Low,Junior,Other,Critical,10,5,0,20,10,13,True,3,False,2.2,3,2,0,0,3.4459425
Testing,Low,Mid,JavaScript,Medium,6,3,1,12,7,13,False,0,False,2.08333333,2,1,0,0,2.300375
Deployment,High,Tech Lead,C++,High,5,5,1,10,6,14,True,2,False,3.95,2,1,1,1,2.07927878
Deployment,Medium,Tech Lead,Java,High,11,5,2,22,6,11,True,0,True,3.05,2,2,1,0,4.49027877
Design Review,Low,Junior,Java,Medium,7,3,3,14,9,10,False,2,False,4.75,0,2,0,1,2.59741875
Client Meeting,Medium,Senior,Java,Medium,7,3,0,14,8,11,True,0,True,4.33333333,1,0,2,0,2.685298
Code Review,High,Senior,Go,Low,13,4,1,26,10,17,True,3,True,3.0,2,1,1,0,7.52802377
Client Meeting,Low,Tech Lead,Go,High,12,2,0,24,6,14,False,1,False,1.5,2,0,0,0,4.07745
Refactoring,High,Senior,Other,High,11,4,2,22,9,11,False,3,False,3.4375,1,2,1,0,4.58603269
Documentation,Medium,Junior,Python,Low,11,4,1,22,9,10,False,2,True,4.125,2,0,1,1,4.72588188
Testing,Medium,Tech Lead,Java,High,7,4,0,14,2,14,False,3,False,3.0625,3,0,0,1,2.50969219
Design Review,Low,Mid,JavaScript,High,5,5,2,10,10,10,True,1,True,1.85,4,1,0,0,2.30405175
Refactoring,Medium,Senior,Go,Medium,5,3,2,10,5,15,True,0,False,2.08333333,2,1,0,0,2.4049375
Refactoring,High,Tech Lead,Go,Low,10,2,3,20,6,10,True,3,False,1.5,2,0,0,0,6.33373125
Documentation,Low,Mid,Other,Low,7,2,1,14,4,14,False,0,True,1.5,2,0,0,0,3.3114675
Documentation,Medium,Tech Lead,JavaScript,High,10,2,1,20,3,15,True,3,False,2.375,1,1,0,0,4.12640156
Code Review,Medium,Junior,Other,High,1,2,1,2,1,18,False,3,False,1.5,2,0,0,0,0.784125
Bug Fix,High,Junior,Other,Low,3,2,3,6,9,9,False,1,False,2.375,1,1,0,0,2.08319375
Deployment,Low,Senior,Python,High,9,3,2,18,6,17,False,0,False,2.08333333,2,1,0,0,3.172725
Refactoring,Medium,Mid,Java,Low,5,5,0,10,7,17,True,1,False,2.2,3,2,0,0,2.401245
Client Meeting,Medium,Senior,Python,Critical,2,2,2,4,7,18,True,2,True,3.25,0,2,0,0,1.19650781
Refactoring,Medium,Senior,C++,Medium,9,3,1,18,2,18,False,0,True,5.58333333,0,1,1,1,3.22575
Code Review,Medium,Mid,C++,Low,4,2,0,8,6,12,False,0,False,1.5,2,0,0,0,1.804
Bug Fix,High,Junior,JavaScript,High,12,2,3,24,3,13,False,2,True,2.375,1,1,0,0,5.99376938
Design Review,Medium,Mid,Go,Low,12,3,3,24,10,9,False,3,False,4.08333333,0,2,1,0,5.30499063
Code Review,Low,Senior,Java,Critical,7,2,0,14,9,11,True,0,False,3.25,0,2,0,0,2.10853125
Testing,High,Junior,C++,Critical,11,2,1,22,7,12,True,1,False,1.5,2,0,0,0,4.85765438
Refactoring,High,Senior,Python,High,8,4,3,16,3,13,True,0,False,3.625,2,0,2,0,3.37059883
Deployment,High,Mid,Java,Medium,2,4,3,4,10,16,True,1,False,3.5,2,1,0,1,1.35635062
Documentation,High,Mid,JavaScript,Low,7,5,0,14,1,18,True,1,True,4.65,0,3,1,1,3.36643369
Bug Fix,High,Mid,JavaScript,Low,3,3,0,6,10,9,False,2,False,3.5,1,1,1,0,1.5594205
Feature Dev,Low,Mid,JavaScript,Critical,13,4,0,26,1,12,False,0,False,4.375,0,3,0,1,3.33033188
Testing,Low,Tech Lead,Other,Critical,5,3,2,10,4,15,False,2,True,3.58333333,2,0,0,1,1.88123948
Deployment,Medium,Senior,Go,Medium,2,3,2,4,8,18,True,3,False,2.91666667,2,0,1,0,1.36054625
Code Review,High,Mid,Other,Low,8,2,2,16,10,10,False,2,False,2.375,1,1,0,0,4.5117875
Design Review,Medium,Mid,Go,Low,4,4,3,8,2,15,True,2,False,3.9375,1,2,0,1,2.22964629
Refactoring,Medium,Tech Lead,Java,Medium,7,2,1,14,6,13,False,3,False,1.5,2,0,0,0,3.33125
Testing,Medium,Tech Lead,JavaScript,Medium,8,3,0,16,3,15,False,0,True,5.58333333,0,1,1,1,2.75264
Deployment,Medium,Tech Lead,C++,Low,5,5,0,10,10,11,False,2,False,3.45,2,2,0,1,2.1323225
Code Review,Medium,Mid,Go,Low,11,2,2,22,2,15,True,0,False,3.625,1,0,1,0,4.83781134
Bug Fix,Medium,Senior,Go,Critical,10,4,2,20,6,11,False,3,False,3.4375,1,2,1,0,3.52009969
Code Review,Medium,Tech Lead,Go,Critical,6,5,1,12,6,13,False,2,False,3.45,2,2,0,1,2.05962969
Design Review,Low,Junior,Java,High,1,2,0,2,7,14,False,0,False,2.375,1,1,0,0,0.5
Feature Dev,Medium,Tech Lead,JavaScript,Medium,8,3,0,16,1,17,True,0,False,4.08333333,0,2,1,0,2.9197
Code Review,High,Tech Lead,Other,Critical,10,3,0,20,6,16,False,2,True,4.16666667,1,1,0,1,3.80171
Deployment,Medium,Mid,C++,Low,11,5,1,22,6,17,True,2,True,2.7,3,1,1,0,5.64894474
Client Meeting,Medium,Senior,Java,Low,6,3,1,12,5,11,False,0,False,4.16666667,1,1,0,1,2.37606875
Feature Dev,High,Junior,Java,Critical,1,3,2,2,4,17,True,0,False,5.0,1,0,1,1,0.5304306
Bug Fix,Medium,Junior,JavaScript,Medium,12,2,2,24,6,9,False,2,True,2.375,1,1,0,0,5.7206875
Code Review,High,Junior,C++,Critical,13,3,2,26,9,18,True,2,False,2.66666667,1,2,0,0,5.59062
Testing,Low,Tech Lead,C++,High,8,3,2,16,6,9,False,2,False,4.75,0,2,0,1,2.49253875
Testing,High,Mid,C++,Low,12,3,0,24,1,14,True,2,False,2.08333333,2,1,0,0,6.5790725
Code Review,Medium,Senior,Other,High,12,4,0,24,2,16,False,0,False,3.9375,1,2,0,1,3.706425
Client Meeting,Low,Tech Lead,C++,Critical,8,3,1,16,8,11,False,1,False,2.66666667,1,2,0,0,2.57181667
Refactoring,Low,Senior,Other,Critical,4,2,3,8,2,18,False,2,True,2.375,1,1,0,0,1.91750969
Feature Dev,High,Mid,C++,Critical,12,3,0,24,5,10,False,0,True,2.66666667,1,2,0,0,4.98916
Testing,Low,Senior,Python,Medium,2,3,2,4,8,9,False,0,False,1.5,3,0,0,0,1.0455
Testing,Low,Mid,Python,High,2,4,3,4,5,12,False,3,False,2.375,2,2,0,0,1.29819375
Bug Fix,Medium,Junior,Other,Critical,6,5,3,12,1,10,False,3,False,1.85,4,1,0,0,2.69758125
Testing,Medium,Senior,JavaScript,Medium,13,5,2,26,2,16,True,1,False,3.9,1,2,2,0,5.002116
Testing,Medium,Junior,Python,Critical,5,4,3,10,1,14,True,1,False,3.0,2,1,1,0,2.09721881
Code Review,Medium,Tech Lead,C++,Medium,11,4,1,22,7,10,False,0,False,3.0625,3,0,0,1,4.09286719
Client Meeting,High,Mid,Other,Medium,8,3,0,16,5,18,True,2,True,2.91666667,2,0,1,0,4.14772242
Feature Dev,Low,Mid,JavaScript,High,1,2,1,2,8,11,True,2,True,3.25,0,2,0,0,0.69191719
Deployment,Medium,Junior,Go,Critical,1,3,0,2,4,14,False,3,False,2.66666667,1,2,0,0,0.57516667
Documentation,Low,Junior,Other,High,12,2,0,24,2,14,False,2,False,3.25,0,2,0,0,3.81375
Feature Dev,High,Tech Lead,C++,Low,7,2,3,14,10,12,False,3,True,3.25,0,2,0,0,4.50346875
Documentation,Low,Tech Lead,Python,Medium,11,4,1,22,7,18,False,2,False,2.8125,1,3,0,0,4.13490625
Feature Dev,High,Mid,Other,High,13,3,2,26,8,9,True,1,False,5.0,1,0,1,1,4.7147562
Testing,High,Tech Lead,Python,Low,8,5,0,16,5,15,True,1,False,2.55,2,3,0,0,4.24583775
Client Meeting,Medium,Tech Lead,Python,Critical,4,5,0,8,2,12,False,1,True,3.2,3,0,2,0,1.4044822
Feature Dev,High,Senior,Java,Low,11,2,3,22,6,17,False,2,False,1.5,2,0,0,0,6.438025
Design Review,High,Tech Lead,Go,Medium,11,2,1,22,7,18,True,0,False,1.5,2,0,0,0,5.6072625
Design Review,Medium,Tech Lead,C++,Medium,11,4,2,22,5,11,True,2,False,2.8125,1,3,0,0,4.93598438
Deployment,High,Senior,C++,Low,9,5,1,18,10,12,False,1,False,3.55,2,1,2,0,4.18746735
Bug Fix,Medium,Junior,C++,Medium,10,4,1,20,6,11,False,3,False,2.5625,3,0,1,0,4.19509844
Deployment,High,Junior,Java,Medium,3,4,2,6,4,17,False,3,True,4.0625,1,1,2,0,1.83619013
Feature Dev,Low,Senior,JavaScript,Low,8,4,2,16,4,11,True,3,False,1.9375,3,1,0,0,4.03196063
Refactoring,Medium,Senior,Python,Low,2,4,3,4,7,18,False,3,False,2.8125,1,3,0,0,1.63573438
Documentation,High,Senior,JavaScript,Critical,11,5,2,22,2,13,False,2,False,4.25,0,3,2,0,3.9426655
Documentation,High,Mid,JavaScript,Low,7,2,0,14,1,17,False,3,False,5.75,0,0,2,0,3.093728
Testing,Medium,Junior,Java,High,4,3,1,8,5,13,False,2,False,2.66666667,1,2,0,0,1.6965
Design Review,Low,Senior,Python,Low,4,3,1,8,9,18,False,3,False,3.25,0,3,0,0,1.9490625
Feature Dev,Low,Mid,Other,Low,3,5,0,6,3,13,False,1,False,2.2,3,2,0,0,1.28502
Code Review,Medium,Tech Lead,Python,Medium,9,3,0,18,3,15,True,3,False,1.5,3,0,0,0,4.197375
Feature Dev,High,Senior,C++,Low,12,2,1,24,3,16,False,1,False,3.625,1,0,1,0,5.65636706
Code Review,Medium,Junior,JavaScript,High,5,3,0,10,7,11,False,3,False,2.08333333,2,1,0,0,2.061375
Testing,Low,Junior,Python,Low,10,2,1,20,3,15,False,1,False,3.25,0,2,0,0,3.9703125
Bug Fix,High,Mid,Python,Medium,13,5,3,26,9,10,True,3,False,3.4,1,3,1,0,6.37468965
Refactoring,Medium,Junior,Go,High,12,2,0,24,8,13,False,0,False,3.625,1,0,1,0,3.84993
Feature Dev,Low,Mid,Go,Critical,9,5,2,18,6,17,False,3,False,2.55,2,3,0,0,3.17424
Design Review,Medium,Senior,Python,High,2,4,1,4,5,9,False,3,True,3.9375,1,2,0,1,1.06173633
Code Review,High,Mid,C++,Low,12,3,0,24,6,13,False,2,False,2.66666667,1,2,0,0,6.08226667
Client Meeting,High,Senior,Python,Critical,2,4,3,4,5,13,False,1,False,3.875,0,3,1,0,1.09838859
Refactoring,High,Junior,Java,Critical,12,4,2,24,2,10,False,3,False,5.625,0,1,2,1,3.935313
Refactoring,Medium,Junior,Go,Medium,4,2,2,8,1,13,False,2,True,1.5,2,0,0,0,2.36775
Deployment,High,Senior,C++,Medium,7,2,3,14,9,11,False,1,False,2.375,1,1,0,0,3.6993125
Client Meeting,High,Tech Lead,Other,Low,13,2,3,26,2,12,True,2,False,1.5,2,0,0,0,7.84909125
Bug Fix,Medium,Senior,JavaScript,Low,1,4,1,2,7,13,False,1,False,3.4375,1,2,1,0,0.64370109
Design Review,Medium,Mid,Go,High,1,3,0,2,3,9,True,0,True,3.58333333,2,0,0,1,0.5
Deployment,High,Junior,JavaScript,Low,3,4,0,6,1,15,True,0,False,4.0625,1,1,2,0,1.34375732
Feature Dev,High,Tech Lead,Java,High,4,2,1,8,2,12,False,3,False,1.5,2,0,0,0,2.112525
Design Review,Medium,Tech Lead,Other,Low,9,3,3,18,2,12,False,1,True,5.58333333,0,1,1,1,3.926813
Design Review,High,Junior,Go,Medium,8,3,2,16,1,9,False,1,True,3.58333333,2,0,0,1,3.926065
Deployment,Medium,Senior,Other,Low,13,5,1,26,1,9,False,2,False,3.1,3,1,0,1,5.48076375
Testing,High,Tech Lead,Python,Medium,8,2,2,16,10,16,True,2,False,4.5,0,1,1,0,3.72516375
Documentation,High,Tech Lead,C++,Critical,7,4,0,14,9,12,False,0,True,3.0,2,1,1,0,2.77436005
Refactoring,High,Tech Lead,Java,High,10,4,3,20,5,16,False,3,False,3.4375,1,2,1,0,4.33485422
Feature Dev,High,Senior,Python,Medium,2,4,3,4,9,13,False,1,False,5.625,0,1,2,1,1.112055
Bug Fix,High,Junior,Java,Medium,10,5,2,20,10,10,False,0,False,3.05,2,2,1,0,4.5034675
Documentation,Low,Tech Lead,C++,High,2,2,0,4,9,17,True,3,True,2.375,1,1,0,0,1.04040956
Refactoring,High,Tech Lead,C++,High,2,4,1,4,8,16,False,0,True,3.9375,1,2,0,1,0.9088463
Bug Fix,High,Senior,Other,High,6,2,0,12,1,11,False,3,False,2.375,1,1,0,0,2.7023625
Client Meeting,High,Senior,Other,Medium,1,2,2,2,6,11,False,0,False,3.25,0,2,0,0,0.7125
Bug Fix,High,Junior,JavaScript,Critical,8,4,1,16,7,17,False,3,False,4.5,0,2,2,0,2.88738625
Code Review,Medium,Senior,Java,Medium,7,5,2,14,3,14,True,0,False,2.9,1,4,0,0,3.108525
Bug Fix,High,Junior,C++,Low,11,3,3,22,10,17,True,2,False,3.5,1,1,1,0,5.91740861
Deployment,High,Tech Lead,Java,Medium,2,5,1,4,3,14,False,1,False,4.45,2,0,2,1,0.91374075
Bug Fix,Medium,Junior,JavaScript,Medium,4,3,1,8,1,16,False,0,False,2.91666667,2,0,1,0,1.61969792
Refactoring,Medium,Mid,Java,Medium,11,2,3,22,1,12,False,2,False,2.375,1,1,0,0,4.9553125
Testing,High,Senior,Java,Low,1,2,3,2,8,17,False,0,False,2.375,1,1,0,0,0.98223125
Deployment,High,Junior,Python,Critical,10,2,2,20,5,13,False,1,False,3.625,1,0,1,0,3.78754687
Testing,High,Junior,C++,Medium,12,2,2,24,7,11,False,2,True,5.75,0,0,2,0,5.290978
Code Review,Low,Junior,C++,High,3,4,2,6,10,14,True,3,False,2.375,2,2,0,0,1.5578325
Code Review,High,Senior,Java,Low,7,3,1,14,1,17,True,0,False,4.16666667,1,1,0,1,3.29714481
Testing,Medium,Mid,Python,Critical,4,3,0,8,3,9,False,1,False,3.5,1,1,1,0,1.29652625
Refactoring,High,Mid,Java,High,11,3,0,22,1,17,True,3,False,5.0,1,0,1,1,3.9609864
Feature Dev,High,Mid,Python,High,10,5,3,20,5,17,True,3,False,3.9,1,2,2,0,4.30092652
Refactoring,Medium,Junior,Java,Low,8,4,3,16,9,15,True,3,True,3.4375,1,2,1,0,4.51803895
Testing,High,Junior,Other,Medium,4,3,0,8,10,11,True,3,False,4.08333333,0,2,1,0,1.95254938
Testing,High,Senior,Other,Critical,9,4,3,18,1,17,False,0,False,4.0625,1,1,2,0,3.28920834
Client Meeting,Medium,Senior,JavaScript,Low,6,4,1,12,2,10,False,3,False,3.0625,3,0,0,1,2.82003047
Bug Fix,Low,Tech Lead,Go,Medium,9,5,2,18,10,9,True,1,False,1.85,4,1,0,0,3.850665
Bug Fix,High,Mid,JavaScript,Critical,9,2,1,18,10,11,True,0,False,3.625,1,0,1,0,3.41220098
Documentation,Medium,Junior,JavaScript,Critical,4,5,2,8,3,15,True,3,False,3.95,2,1,1,1,1.63029405
Refactoring,Medium,Tech Lead,Go,Medium,2,3,1,4,10,11,False,2,False,5.58333333,0,1,1,1,0.8993
Documentation,Medium,Mid,Python,Critical,11,3,0,22,6,14,False,1,False,4.75,0,2,0,1,3.13410938
Refactoring,Low,Tech Lead,JavaScript,Medium,8,3,2,16,4,14,False,0,False,2.08333333,2,1,0,0,3.16675
Documentation,High,Junior,Other,Medium,4,3,3,8,6,17,False,2,False,3.5,1,1,1,0,2.2341525
Bug Fix,Low,Junior,Other,Medium,2,3,3,4,10,18,False,3,False,4.16666667,1,1,0,1,1.2452125
Bug Fix,High,Tech Lead,C++,Low,7,4,0,14,7,14,True,2,False,2.375,2,2,0,0,3.87603563
Documentation,Medium,Tech Lead,C++,Critical,8,2,0,16,9,11,False,3,False,4.5,0,1,1,0,2.52503125
Code Review,Low,Junior,Other,Medium,8,4,3,16,3,18,False,2,False,3.5,2,1,0,1,3.1019875
Client Meeting,Low,Tech Lead,Other,High,5,5,3,10,2,15,False,1,False,2.55,2,3,0,0,2.0568375
Feature Dev,Medium,Junior,Other,Medium,1,2,1,2,7,16,True,3,False,1.5,2,0,0,0,0.9148125
Code Review,Medium,Tech Lead,Python,Critical,11,3,2,22,9,10,False,2,False,4.33333333,1,0,2,0,3.45833833
Client Meeting,Medium,Mid,Python,Low,10,5,0,20,1,18,True,0,False,3.9,1,2,2,0,3.930234
Code Review,High,Senior,Other,Medium,11,2,1,22,10,11,False,3,False,4.5,0,1,1,0,4.6766125
Feature Dev,Medium,Mid,Go,Low,1,4,0,2,2,15,False,2,True,2.5625,3,0,1,0,0.68441381
Code Review,High,Senior,JavaScript,Medium,9,4,2,18,10,12,False,3,False,3.0,2,1,1,0,4.36791
Refactoring,Medium,Senior,Java,Critical,9,5,3,18,9,9,True,2,False,3.4,1,3,1,0,3.42177806
Feature Dev,High,Junior,C++,Critical,6,3,3,12,7,9,True,2,True,3.58333333,2,0,0,1,2.92859911
Design Review,High,Senior,Other,Critical,2,2,1,4,9,10,False,1,False,2.375,1,1,0,0,0.97585312
Client Meeting,High,Junior,JavaScript,High,9,3,2,18,5,16,False,0,False,2.91666667,2,0,1,0,3.6984645
Testing,High,Mid,Other,High,12,4,1,24,10,9,True,0,False,4.125,2,0,1,1,4.40573884
Bug Fix,Medium,Junior,Python,Critical,6,3,3,12,4,17,False,0,False,3.5,1,1,1,0,2.17358813
Design Review,Medium,Junior,Python,Medium,6,2,1,12,5,14,False,2,False,1.5,2,0,0,0,2.81875
Design Review,Medium,Tech Lead,Python,Low,2,3,3,4,7,10,False,0,False,4.75,0,2,0,1,1.12664062
Code Review,Medium,Junior,Java,High,8,5,0,16,4,14,False,0,True,2.35,4,0,1,0,3.0191832
Deployment,High,Mid,Java,High,12,4,2,24,5,10,False,3,False,3.0,2,1,1,0,5.075622
Bug Fix,High,Mid,Other,High,9,2,3,18,8,17,True,0,False,2.375,1,1,0,0,4.25622094
Refactoring,Medium,Junior,JavaScript,Critical,9,2,2,18,7,17,False,2,True,4.5,0,1,1,0,3.25368312
Design Review,High,Tech Lead,Go,High,10,5,1,20,6,17,True,1,False,4.25,0,3,2,0,3.82357631
Bug Fix,Medium,Mid,C++,Low,6,4,2,12,1,16,True,0,False,3.875,0,3,1,0,2.74135641
Testing,Medium,Mid,Go,Low,3,3,1,6,5,11,False,3,False,3.5,1,1,1,0,1.62850875
Testing,High,Mid,C++,Critical,3,2,0,6,1,18,True,0,False,5.75,0,0,2,0,0.98408835
Refactoring,High,Senior,Java,Critical,13,3,3,26,3,17,True,0,False,4.33333333,1,0,2,0,4.76509618
Refactoring,Medium,Mid,Python,Medium,1,2,3,2,3,15,False,0,False,2.375,1,1,0,0,0.8340625
Feature Dev,Low,Senior,C++,Low,6,2,3,12,1,17,False,1,True,3.25,0,2,0,0,3.07415625
Bug Fix,Medium,Senior,Go,Critical,10,3,2,20,10,10,True,3,False,5.58333333,0,1,1,1,3.210501
Bug Fix,Medium,Tech Lead,Python,High,8,5,3,16,9,9,True,1,False,3.55,2,1,2,0,3.07296281
Bug Fix,Low,Tech Lead,C++,Low,12,2,3,24,4,11,False,2,True,3.25,0,2,0,0,5.63784375
Feature Dev,Medium,Tech Lead,JavaScript,Low,12,5,1,24,8,16,False,1,False,3.95,2,1,1,1,4.6123165
Deployment,Low,Junior,Java,Medium,8,2,2,16,1,9,False,0,False,2.375,1,1,0,0,3.120375
Documentation,Low,Senior,Java,Low,12,3,0,24,2,9,True,2,False,4.75,0,2,0,1,4.27762913
Deployment,Medium,Senior,Java,Medium,11,2,1,22,2,9,False,2,False,2.375,1,1,0,0,4.6609375
Feature Dev,Medium,Tech Lead,Other,High,6,4,2,12,8,17,False,3,True,1.9375,3,1,0,0,2.97928125
Documentation,Medium,Junior,Go,Low,10,4,3,20,9,14,True,3,False,1.5,4,0,0,0,5.62340625
Refactoring,Medium,Senior,Other,Critical,4,5,2,8,1,17,True,2,False,3.9,1,2,2,0,1.59442448
Testing,Medium,Senior,JavaScript,Critical,12,5,2,24,10,11,False,1,False,3.6,3,0,1,1,3.741088
Bug Fix,Low,Mid,Python,Medium,3,3,0,6,3,15,True,0,True,2.08333333,2,1,0,0,1.2422025
Feature Dev,High,Senior,JavaScript,Medium,10,4,3,20,6,16,True,3,False,2.8125,1,3,0,0,5.38928906
Deployment,Medium,Junior,Other,High,13,4,3,26,3,13,False,3,False,5.1875,1,0,2,1,4.0510575
Client Meeting,Low,Tech Lead,Java,Medium,7,2,3,14,1,11,True,0,False,2.375,1,1,0,0,3.06002813
Deployment,High,Tech Lead,C++,Low,6,3,1,12,8,16,False,1,False,4.75,0,2,0,1,2.71295063
Bug Fix,High,Mid,Python,High,8,5,3,16,6,9,True,0,False,4.65,0,3,1,1,3.11486458
Bug Fix,Medium,Mid,Go,High,4,2,3,8,7,9,False,1,True,2.375,1,1,0,0,2.08859062
Feature Dev,High,Senior,C++,High,12,3,0,24,3,17,False,3,False,3.5,1,1,1,0,4.6997955
Deployment,High,Mid,JavaScript,High,3,5,2,6,7,13,True,2,False,4.8,1,1,2,1,1.35980964
Testing,High,Mid,Go,Medium,6,3,0,12,7,14,True,3,False,3.5,1,1,1,0,2.88286425
Documentation,Medium,Mid,Go,Low,3,3,2,6,9,11,True,2,True,2.91666667,2,0,1,0,1.99903117
Feature Dev,High,Tech Lead,JavaScript,High,5,4,3,10,8,17,False,1,False,3.875,0,3,1,0,2.25479531
Documentation,Medium,Mid,Other,Low,12,4,3,24,3,12,True,2,False,4.125,2,0,1,1,5.17585819
Design Review,High,Senior,Python,High,8,3,0,16,10,16,True,2,True,3.58333333,2,0,0,1,3.52826224
Client Meeting,Medium,Junior,C++,High,11,5,0,22,1,13,True,3,False,2.55,2,3,0,0,4.31935875
Documentation,High,Mid,C++,High,8,3,3,16,4,10,False,3,False,3.58333333,2,0,0,1,3.48779438
Design Review,High,Tech Lead,Other,High,12,4,1,24,9,17,False,1,False,3.0,2,1,1,0,4.7853495
Bug Fix,Medium,Mid,Go,Critical,3,2,3,6,7,14,False,2,False,1.5,2,0,0,0,1.6118125
Design Review,High,Mid,JavaScript,Medium,13,3,2,26,1,15,False,0,False,4.75,0,2,0,1,5.145675
Client Meeting,Medium,Junior,Java,Critical,8,5,3,16,8,13,True,1,False,3.9,1,2,2,0,2.84718656
Bug Fix,Low,Mid,C++,Medium,1,3,0,2,4,18,False,2,True,3.58333333,2,0,0,1,0.53887167
Design Review,High,Tech Lead,Other,Low,11,3,0,22,3,10,False,3,True,3.5,1,1,1,0,5.8192046
Deployment,Medium,Mid,C++,Low,5,2,1,10,7,17,False,2,False,3.25,0,2,0,0,2.4234375
Feature Dev,Low,Junior,Python,High,1,3,2,2,3,16,True,0,False,2.66666667,1,2,0,0,0.60291
Feature Dev,High,Tech Lead,C++,Medium,7,5,2,14,9,9,False,0,True,3.05,2,2,1,0,3.5586584
Design Review,Medium,Mid,JavaScript,High,1,3,3,2,7,17,True,0,True,1.5,3,0,0,0,0.90566438
Testing,High,Junior,Python,High,6,3,1,12,10,15,True,2,False,2.91666667,2,0,1,0,2.72012068
Code Review,Medium,Junior,C++,Medium,12,2,2,24,5,10,False,3,True,3.625,1,0,1,0,5.29365375
Refactoring,Medium,Tech Lead,C++,Low,9,4,1,18,2,9,True,1,True,3.4375,1,2,1,0,4.40365821
Testing,Medium,Mid,C++,Low,2,3,1,4,5,16,True,1,False,5.0,1,0,1,1,0.9483705
Deployment,Low,Tech Lead,Go,Medium,1,4,3,2,1,12,True,2,False,3.0625,3,0,0,1,0.95395289
Refactoring,Medium,Senior,Java,High,4,4,2,8,1,9,True,3,False,3.0,2,1,1,0,1.9157985
Client Meeting,High,Junior,Go,Medium,5,3,0,10,8,18,False,3,True,3.25,0,3,0,0,2.68125
Code Review,Medium,Tech Lead,C++,Low,1,4,0,2,2,14,True,2,False,3.4375,1,2,1,0,0.62389491
Design Review,Medium,Mid,Other,High,5,4,2,10,9,14,False,3,False,2.8125,1,3,0,0,2.2449375
Feature Dev,High,Mid,Other,Medium,11,5,3,22,3,10,False,2,False,3.4,1,3,1,0,5.150991
Feature Dev,High,Tech Lead,Go,Medium,5,2,2,10,8,15,False,0,False,2.375,1,1,0,0,2.55125
Documentation,Medium,Senior,Java,Critical,11,2,0,22,2,16,False,3,False,4.5,0,1,1,0,3.39075625
Design Review,Low,Senior,JavaScript,Medium,8,2,0,16,9,16,True,1,True,1.5,2,0,0,0,3.5279475
Code Review,Medium,Junior,C++,Medium,11,3,2,22,8,17,False,0,True,4.91666667,0,1,2,0,4.15107917
Testing,Medium,Mid,Java,Critical,8,5,0,16,1,18,True,1,False,3.95,2,1,1,1,2.44544108
Feature Dev,Medium,Senior,Other,Low,13,4,3,26,4,18,True,0,False,4.0625,1,1,2,0,5.50161511
Bug Fix,Medium,Mid,Other,High,10,4,1,20,1,11,True,0,False,4.5625,1,1,1,1,3.14573372
Documentation,Medium,Senior,Python,Critical,2,3,0,4,4,13,True,2,False,3.5,1,1,1,0,0.80079562
Documentation,High,Junior,Java,Critical,8,3,1,16,10,9,False,1,False,4.16666667,1,1,0,1,2.82968187
Testing,Medium,Mid,JavaScript,High,1,3,0,2,5,10,True,1,False,2.08333333,2,1,0,0,0.5
Deployment,High,Mid,Go,Low,13,5,2,26,2,12,False,1,True,3.8,1,3,0,1,6.6737671
Deployment,Medium,Mid,Other,Low,9,2,1,18,10,15,False,3,False,1.5,2,0,0,0,4.566375
Bug Fix,Medium,Mid,JavaScript,High,8,2,0,16,8,9,True,2,False,1.5,2,0,0,0,3.293325
Feature Dev,Medium,Tech Lead,Other,Low,13,3,2,26,7,16,True,1,True,2.08333333,2,1,0,0,7.085155
Design Review,Medium,Junior,C++,Critical,8,5,0,16,10,9,True,1,False,4.3,1,2,1,1,2.39802255
Feature Dev,Medium,Tech Lead,Other,Critical,11,4,1,22,1,10,True,2,True,4.0625,1,1,2,0,3.93146389
Testing,Medium,Mid,Other,Critical,7,3,0,14,8,14,True,3,False,5.58333333,0,1,1,1,2.1635985
Deployment,Medium,Senior,Java,Medium,3,4,3,6,9,17,False,3,False,3.5,2,1,0,1,1.7135625
Feature Dev,Medium,Senior,C++,High,11,4,1,22,10,18,True,3,False,3.5,2,1,0,1,4.02753094
Documentation,High,Senior,Java,Low,8,4,0,16,9,9,False,2,False,5.0,0,2,1,1,3.337576
Documentation,High,Tech Lead,Other,Low,7,4,0,14,7,11,False,3,True,5.1875,1,0,2,1,3.2220848
Design Review,High,Mid,Other,Low,5,5,3,10,4,14,False,2,False,3.4,1,3,1,0,2.9273145
Feature Dev,Medium,Junior,JavaScript,Critical,10,5,0,20,4,16,True,2,False,4.8,1,1,2,1,2.8691019
Code Review,Low,Senior,C++,Low,3,4,3,6,1,15,True,3,False,1.9375,3,1,0,0,2.12025516
Client Meeting,High,Mid,C++,Critical,11,5,3,22,4,12,False,2,False,3.45,2,2,0,1,4.27654019
Deployment,Medium,Junior,C++,Critical,12,5,2,24,3,15,True,1,True,3.05,2,2,1,0,4.69196978
Bug Fix,Medium,Tech Lead,C++,Low,10,3,0,20,3,16,False,0,False,4.08333333,0,2,1,0,3.82341667
Client Meeting,Medium,Senior,Python,Critical,8,5,1,16,3,18,True,2,False,3.4,1,3,1,0,2.85819109
Client Meeting,High,Junior,C++,Critical,3,4,3,6,3,10,True,0,False,4.375,0,3,0,1,1.36735741
Deployment,High,Tech Lead,JavaScript,Medium,11,4,0,22,8,12,True,3,False,3.4375,1,2,1,0,5.06678287
Bug Fix,High,Tech Lead,Other,Critical,4,2,0,8,10,17,False,0,True,4.5,0,1,1,0,1.4601895
Client Meeting,Low,Senior,Other,Low,2,5,1,4,4,13,True,0,False,3.45,2,2,0,1,0.88539846
Deployment,Low,Senior,Other,Low,8,4,1,16,4,15,False,3,False,2.8125,1,3,0,0,3.51419063
Refactoring,Medium,Senior,C++,Medium,8,3,0,16,5,11,False,1,False,1.5,3,0,0,0,3.3825
Code Review,Low,Tech Lead,Python,Low,8,2,3,16,5,18,False,3,False,2.375,1,1,0,0,3.91813125
Client Meeting,Low,Mid,C++,Low,9,4,0,18,4,17,False,0,False,2.375,2,2,0,0,3.497175
Bug Fix,Low,Mid,C++,High,1,3,3,2,7,15,False,0,False,4.16666667,1,1,0,1,0.61752375
Client Meeting,High,Junior,C++,Critical,10,3,1,20,2,13,True,0,False,2.08333333,2,1,0,0,4.22171094
Bug Fix,High,Tech Lead,Other,Low,9,2,2,18,1,18,False,3,False,3.25,0,2,0,0,4.888125
Documentation,Medium,Senior,Other,Critical,10,3,3,20,10,14,True,0,False,3.5,1,1,1,0,3.56354053
Client Meeting,Low,Junior,Python,Low,4,5,2,8,1,11,False,3,True,2.9,1,4,0,0,2.357322
Code Review,Medium,Senior,Python,Low,1,2,3,2,9,16,True,3,False,2.375,1,1,0,0,1.30334531
Feature Dev,Medium,Senior,Java,Low,2,5,3,4,7,14,False,3,False,3.9,1,2,2,0,1.4504435
Bug Fix,High,Senior,Python,High,13,4,0,26,9,12,False,0,False,3.5,2,1,0,1,4.7294325
Code Review,Medium,Junior,Go,Critical,13,3,1,26,1,9,True,1,False,1.5,3,0,0,0,4.98572813
Testing,Medium,Senior,Python,Medium,2,4,3,4,3,13,False,2,True,3.0,2,1,1,0,1.4697925
Testing,High,Mid,JavaScript,Medium,13,5,0,26,7,12,True,0,False,3.45,2,2,0,1,5.53258388
Client Meeting,Medium,Tech Lead,Python,High,1,4,3,2,1,9,False,1,True,4.0625,1,1,2,0,0.79290028
Code Review,Low,Mid,Python,Medium,5,3,0,10,8,14,False,1,True,2.08333333,2,1,0,0,2.08129167
Bug Fix,High,Tech Lead,Go,High,11,2,0,22,10,18,False,2,False,1.5,2,0,0,0,4.85235
Client Meeting,Low,Junior,Python,High,11,3,1,22,8,9,False,1,True,1.5,3,0,0,0,4.2720975
Deployment,Medium,Junior,JavaScript,Medium,8,4,0,16,4,13,True,2,True,3.0,2,1,1,0,3.6187305
Design Review,Medium,Senior,Go,Critical,7,3,2,14,9,10,True,0,False,2.66666667,1,2,0,0,2.674525
Client Meeting,Low,Senior,Other,High,5,3,0,10,4,18,True,0,False,2.08333333,2,1,0,0,1.6939125
Refactoring,Medium,Mid,Other,Low,2,5,0,4,10,10,False,2,True,2.7,3,1,1,0,1.1326205
Documentation,High,Senior,Java,Critical,11,2,0,22,1,15,False,1,False,2.375,1,1,0,0,4.3037625
Documentation,Medium,Mid,Other,Critical,3,3,3,6,9,9,False,2,False,2.66666667,1,2,0,0,1.52008333
Refactoring,Medium,Junior,Go,Medium,12,3,0,24,1,14,False,3,False,2.08333333,2,1,0,0,5.07875
Code Review,Low,Tech Lead,JavaScript,High,9,4,2,18,2,11,False,3,False,2.8125,1,3,0,0,3.3156
Design Review,Low,Junior,Other,Medium,1,3,1,2,4,10,False,0,False,2.08333333,2,1,0,0,0.507875
Refactoring,High,Senior,Go,Medium,12,5,3,24,1,11,False,2,False,3.4,1,3,1,0,5.565957
Refactoring,High,Tech Lead,Other,High,4,4,0,8,6,11,False,1,False,2.375,2,2,0,0,1.7132625
Bug Fix,Low,Tech Lead,Go,Low,8,3,3,16,10,12,True,1,False,2.08333333,2,1,0,0,3.94514313
Design Review,Low,Mid,Go,High,2,2,0,4,9,18,True,3,True,1.5,2,0,0,0,1.08679725
Documentation,Medium,Junior,Other,Low,6,3,0,12,10,11,False,0,True,3.25,0,3,0,0,2.7225
Documentation,High,Junior,C++,Critical,8,3,3,16,3,16,True,1,False,4.91666667,0,1,2,0,3.03123122
Bug Fix,High,Mid,C++,Critical,1,5,0,2,1,12,True,0,True,4.3,1,2,1,1,0.5
Refactoring,Medium,Tech Lead,Java,Critical,13,2,3,26,6,18,False,3,False,2.375,1,1,0,0,4.96267188
Deployment,Low,Senior,Go,Low,10,2,2,20,1,17,False,1,False,3.25,0,2,0,0,4.125
Code Review,High,Mid,Java,High,2,4,0,4,3,14,False,2,False,3.9375,1,2,0,1,0.8648325
Deployment,Medium,Junior,C++,Critical,4,4,0,8,10,16,False,3,True,5.1875,1,0,2,1,1.34392225
Refactoring,Medium,Tech Lead,Java,Critical,4,3,3,8,7,10,False,1,True,1.5,3,0,0,0,2.06050625
Testing,Medium,Tech Lead,Python,High,9,2,3,18,5,13,False,3,False,2.375,1,1,0,0,3.84159375
Code Review,High,Junior,JavaScript,Critical,6,4,0,12,2,18,True,1,False,3.4375,1,2,1,0,2.2980129
Client Meeting,Low,Senior,C++,High,2,2,3,4,4,14,False,3,False,2.375,1,1,0,0,1.29819375
Feature Dev,High,Tech Lead,C++,Medium,2,3,0,4,8,18,True,3,False,5.58333333,0,1,1,1,1.001742
Refactoring,Medium,Junior,Java,High,8,5,1,16,3,14,False,3,False,2.55,2,3,0,0,3.1946625
Design Review,Medium,Mid,JavaScript,Critical,13,2,0,26,3,18,True,1,True,3.625,1,0,1,0,4.63709364
Client Meeting,Medium,Mid,JavaScript,Critical,8,2,3,16,2,16,False,1,False,4.5,0,1,1,0,2.70539063
Deployment,High,Mid,C++,Critical,6,2,0,12,9,15,False,0,False,4.5,0,1,1,0,1.9911675
Bug Fix,Medium,Tech Lead,C++,High,6,5,0,12,9,11,True,0,False,2.7,3,1,1,0,2.1229614
Documentation,Low,Senior,C++,Low,10,4,1,20,4,9,False,2,False,4.375,0,3,0,1,3.63757969
Testing,High,Senior,C++,Low,6,5,2,12,5,12,False,2,False,3.8,1,3,0,1,3.100097
Deployment,High,Senior,JavaScript,Low,11,5,3,22,6,17,True,2,False,2.55,2,3,0,0,6.41368613
Code Review,Medium,Junior,Java,Critical,3,4,3,6,4,12,False,3,False,3.5,2,1,0,1,1.45652812
Documentation,Low,Tech Lead,Other,Critical,8,4,2,16,7,17,True,1,False,1.5,4,0,0,0,3.000585
Deployment,Medium,Tech Lead,Java,Critical,9,3,3,18,1,16,True,3,False,3.5,1,1,1,0,3.48346097
Design Review,Low,Tech Lead,Python,High,9,3,3,18,2,9,True,0,False,2.08333333,2,1,0,0,3.47252063
Refactoring,Low,Mid,C++,Low,13,2,0,26,3,16,True,1,False,2.375,1,1,0,0,5.41738313
Client Meeting,Low,Tech Lead,Go,Critical,3,3,1,6,4,10,False,3,False,2.08333333,2,1,0,0,1.29508125
Feature Dev,High,Senior,C++,High,8,3,2,16,9,12,True,2,False,2.91666667,2,0,1,0,3.65598214
Testing,Medium,Senior,Go,Critical,4,2,1,8,9,12,False,2,False,4.5,0,1,1,0,1.40680313
Refactoring,Low,Mid,JavaScript,Medium,11,3,1,22,5,14,True,1,False,3.58333333,2,0,0,1,3.86701656
Design Review,High,Senior,Go,Low,7,4,3,14,9,12,False,3,False,3.5,2,1,0,1,3.83750125
Design Review,Low,Junior,Python,Critical,6,4,2,12,6,14,False,0,True,3.9375,1,2,0,1,1.97341392
Bug Fix,Medium,Senior,Go,Critical,10,4,1,20,1,10,True,3,False,3.0,2,1,1,0,3.65985244
Documentation,Low,Senior,Python,Low,13,5,1,26,4,17,True,0,False,3.8,1,3,0,1,4.82274293
Code Review,Medium,Senior,Other,Medium,5,5,0,10,3,18,False,1,False,2.7,3,1,1,0,1.965705
Design Review,High,Tech Lead,JavaScript,Critical,4,2,0,8,1,10,False,3,False,2.375,1,1,0,0,1.78489375
Refactoring,Medium,Tech Lead,Go,Medium,7,2,1,14,3,16,False,2,False,1.5,2,0,0,0,3.22875
Code Review,Medium,Junior,Other,Low,1,2,0,2,6,18,False,1,False,3.25,0,2,0,0,0.515625
Design Review,High,Mid,C++,Medium,10,2,2,20,3,12,False,2,True,2.375,1,1,0,0,5.5048125
Deployment,High,Junior,Python,Medium,1,2,2,2,9,15,False,3,False,5.75,0,0,2,0,0.84694
Bug Fix,Low,Tech Lead,Python,Low,13,4,1,26,4,13,True,1,False,3.9375,1,2,0,1,4.88540276
Code Review,Low,Senior,JavaScript,Low,6,2,2,12,6,12,False,0,True,2.375,1,1,0,0,2.92078875
Refactoring,Low,Tech Lead,Other,Low,8,2,3,16,5,14,True,2,True,2.375,1,1,0,0,4.40077378
Refactoring,High,Mid,Go,Low,1,4,1,2,7,14,False,2,False,3.4375,1,2,1,0,0.80215059
Feature Dev,Medium,Junior,Other,Low,8,4,2,16,2,10,False,0,False,3.9375,1,2,0,1,3.30317969
Documentation,High,Mid,Java,Low,8,2,3,16,1,16,True,0,False,1.5,2,0,0,0,4.88940375
Documentation,Medium,Senior,Other,Medium,13,3,3,26,8,15,True,0,False,3.5,1,1,1,0,5.32293563
Deployment,High,Tech Lead,Python,Low,4,4,0,8,10,13,True,3,False,4.0625,1,1,2,0,2.08379758
Deployment,Medium,Mid,Python,Low,9,2,2,18,8,14,False,1,False,2.375,1,1,0,0,4.3175
Design Review,High,Mid,Other,Medium,4,2,1,8,9,17,True,3,False,3.625,1,0,1,0,2.14286034
Testing,Medium,Senior,Java,High,3,5,0,6,9,13,False,3,False,3.95,2,1,1,1,1.120905
Code Review,High,Senior,Other,Medium,10,4,0,20,7,16,False,1,False,3.4375,1,2,1,0,4.23132188
Testing,Low,Senior,Java,Medium,10,2,0,20,2,18,False,3,False,2.375,1,1,0,0,3.826875
Documentation,High,Senior,C++,Critical,6,3,2,12,6,14,False,3,True,2.08333333,2,1,0,0,3.12851
Client Meeting,High,Tech Lead,JavaScript,Medium,3,5,3,6,10,18,False,3,False,3.4,1,3,1,0,1.921473
Refactoring,High,Tech Lead,C++,High,7,2,1,14,5,16,False,3,False,2.375,1,1,0,0,3.24106875
Deployment,High,Junior,JavaScript,Low,12,2,3,24,7,11,False,0,True,4.5,0,1,1,0,6.13111538
Design Review,High,Junior,C++,High,6,2,0,12,3,10,True,1,False,2.375,1,1,0,0,2.65202438
Deployment,Medium,Senior,JavaScript,Low,4,2,3,8,3,18,False,1,False,2.375,1,1,0,0,2.32065625
Design Review,Medium,Junior,Python,Critical,12,3,0,24,3,17,False,0,False,2.91666667,2,0,1,0,3.77621
Documentation,Medium,Tech Lead,Java,Medium,13,4,3,26,8,16,True,2,False,4.375,0,3,0,1,5.14242422
Documentation,High,Junior,Python,Medium,11,5,1,22,9,18,True,0,False,3.05,2,2,1,0,5.02779979
Design Review,High,Tech Lead,Java,Medium,10,4,2,20,4,14,False,3,False,4.0625,1,1,2,0,4.383925
Code Review,High,Tech Lead,Java,High,3,5,2,6,8,9,False,2,False,3.9,1,2,2,0,1.4393844
Testing,Medium,Tech Lead,JavaScript,Low,13,2,0,26,9,14,False,0,False,2.375,1,1,0,0,5.61275
Feature Dev,Medium,Junior,Other,Low,3,4,1,6,8,17,True,1,False,5.1875,1,0,2,1,1.26694838
Bug Fix,Low,Tech Lead,JavaScript,Critical,9,4,3,18,1,18,False,1,False,1.9375,3,1,0,0,3.23156719
Testing,High,Tech Lead,Go,Critical,1,4,2,2,8,17,False,0,False,3.4375,1,2,1,0,0.58158169
Testing,Medium,Senior,Other,High,1,4,0,2,7,15,False,3,False,3.875,0,3,1,0,0.55380938
Testing,High,Mid,Other,Medium,3,4,3,6,3,15,True,3,True,3.625,2,0,2,0,2.12464704
Bug Fix,Medium,Senior,Go,Low,3,4,2,6,3,16,True,2,False,3.4375,1,2,1,0,1.76770223
Client Meeting,Low,Senior,JavaScript,Critical,8,4,0,16,3,18,True,1,False,2.8125,1,3,0,0,2.55160172
Design Review,Low,Senior,Java,High,11,2,1,22,9,16,False,0,False,1.5,2,0,0,0,3.791475
Feature Dev,Low,Junior,Other,High,5,3,0,10,1,9,False,1,False,4.75,0,2,0,1,1.40113125
Code Review,Medium,Senior,Other,High,12,2,1,24,6,18,False,1,False,1.5,2,0,0,0,4.658625
Refactoring,Medium,Tech Lead,C++,High,3,2,1,6,5,10,True,1,False,2.375,1,1,0,0,1.34455781
Design Review,Medium,Junior,Python,High,7,4,2,14,7,10,False,0,False,4.125,2,0,1,1,2.2940775
Refactoring,Medium,Senior,Java,Medium,9,3,3,18,10,12,True,1,False,2.66666667,1,2,0,0,4.21225
Refactoring,Medium,Junior,Go,High,4,2,2,8,6,13,True,1,True,2.375,1,1,0,0,2.04001875
Documentation,Medium,Senior,Other,Medium,8,5,0,16,6,15,True,0,True,4.8,1,1,2,1,2.8289184
Deployment,High,Tech Lead,C++,Critical,13,4,2,26,9,16,False,0,True,2.375,2,2,0,0,5.76170375
Testing,Medium,Junior,C++,Critical,2,3,3,4,1,9,False,3,False,1.5,3,0,0,0,1.3504375
Deployment,Medium,Tech Lead,Go,Medium,2,4,0,4,4,13,False,0,False,3.4375,1,2,1,0,0.720225
Client Meeting,Low,Tech Lead,Other,Medium,2,2,1,4,5,10,False,0,True,2.375,1,1,0,0,0.93905625
Design Review,Medium,Mid,JavaScript,High,10,5,0,20,9,12,False,2,False,2.7,3,1,1,0,3.538269
Deployment,Low,Senior,Other,Critical,12,2,2,24,10,14,False,0,False,2.375,1,1,0,0,3.85336875
Design Review,Medium,Junior,Other,Medium,3,3,3,6,3,17,False,3,False,3.58333333,2,0,0,1,1.70584375
Deployment,Medium,Tech Lead,Python,Low,13,3,1,26,1,15,False,0,False,4.33333333,1,0,2,0,4.88651167
Testing,Medium,Tech Lead,Other,Low,12,4,3,24,2,9,False,1,False,2.5625,3,0,1,0,5.54789984
Code Review,High,Senior,Go,Critical,1,3,0,2,6,12,True,0,False,2.91666667,2,0,1,0,0.5
Documentation,Low,Mid,JavaScript,Medium,3,2,0,6,1,12,True,3,True,1.5,2,0,0,0,1.6337475
Design Review,Medium,Tech Lead,Python,Critical,10,5,3,20,6,11,False,1,True,2.2,3,2,0,0,4.2117075
Documentation,High,Mid,Other,High,2,5,1,4,8,9,True,0,False,3.4,1,3,1,0,0.91215842
Client Meeting,High,Junior,Other,High,12,2,0,24,2,13,False,3,False,2.375,1,1,0,0,5.1397875
Feature Dev,High,Junior,Other,High,13,2,1,26,4,10,False,2,True,2.375,1,1,0,0,6.14919938
Bug Fix,High,Senior,C++,Low,4,5,2,8,10,12,True,0,True,3.4,1,3,1,0,2.45269263
Client Meeting,High,Mid,Java,Medium,9,3,2,18,4,18,False,0,False,4.08333333,0,2,1,0,3.858175
Code Review,Medium,Junior,Java,High,1,5,1,2,5,13,False,3,True,3.05,2,2,1,0,0.77340161
Feature Dev,Medium,Tech Lead,Java,Low,2,2,1,4,2,15,True,2,False,3.625,1,0,1,0,1.1837198
Refactoring,Medium,Mid,Go,Low,6,3,0,12,7,16,False,0,True,2.91666667,2,0,1,0,2.687773
Design Review,Medium,Mid,Go,Critical,1,3,1,2,8,18,False,0,True,2.08333333,2,1,0,0,0.51210729
Testing,High,Tech Lead,C++,Low,12,2,0,24,8,10,False,1,True,3.25,0,2,0,0,6.3751875
Feature Dev,Medium,Mid,Other,High,7,2,0,14,5,14,True,1,False,1.5,2,0,0,0,2.8090125
Feature Dev,High,Senior,Go,Low,12,4,0,24,9,9,True,3,True,2.375,2,2,0,0,7.25566669
Testing,Medium,Tech Lead,Go,Low,10,2,0,20,1,15,True,1,True,1.5,2,0,0,0,5.33927625
Deployment,High,Mid,Python,Critical,6,2,2,12,10,13,True,0,False,1.5,2,0,0,0,2.79932625
Deployment,High,Senior,C++,Critical,4,3,0,8,3,15,False,3,False,4.33333333,1,0,2,0,1.51037633
Client Meeting,High,Junior,Java,Medium,10,3,2,20,10,10,True,0,False,3.25,0,3,0,0,4.8234375
Code Review,Medium,Senior,C++,Critical,13,3,0,26,7,14,False,0,False,4.16666667,1,1,0,1,3.74410833
Client Meeting,Low,Tech Lead,Go,Critical,13,3,3,26,1,11,False,0,False,1.5,3,0,0,0,4.4695125
Documentation,High,Junior,C++,High,7,4,3,14,6,18,False,3,False,3.4375,1,2,1,0,3.21670491
Testing,High,Tech Lead,Other,Critical,5,2,2,10,4,14,False,0,False,2.375,1,1,0,0,2.1685625
Feature Dev,High,Senior,JavaScript,Medium,12,2,0,24,7,13,True,2,False,2.375,1,1,0,0,5.8933875
Feature Dev,High,Senior,Java,High,12,4,2,24,4,12,True,1,False,5.1875,1,0,2,1,4.2321636
Bug Fix,High,Junior,Python,Medium,6,3,2,12,5,13,False,1,False,3.5,1,1,1,0,2.83531
Code Review,High,Mid,JavaScript,Medium,10,3,0,20,9,11,False,1,False,4.33333333,1,0,2,0,3.90256667
Testing,High,Mid,Other,High,1,4,2,2,8,9,False,0,False,3.625,2,0,2,0,0.5907195
Bug Fix,Medium,Mid,C++,Low,8,5,3,16,7,17,False,1,False,3.05,2,2,1,0,3.79118438
Code Review,Medium,Junior,Other,Low,13,4,0,26,9,17,False,2,False,3.5,2,1,0,1,5.219775
Feature Dev,High,Junior,Go,High,1,3,0,2,5,12,True,3,False,3.5,1,1,1,0,0.64440495
Feature Dev,High,Senior,Other,Medium,4,4,3,8,6,16,True,2,True,3.0,2,1,1,0,2.65018793
Documentation,Medium,Junior,Python,Critical,13,2,0,26,3,9,True,0,False,4.5,0,1,1,0,3.93904875
Design Review,High,Mid,Other,Critical,8,4,1,16,6,17,True,2,True,3.4375,1,2,1,0,3.56192
Deployment,Medium,Senior,Python,Low,10,2,1,20,6,11,True,3,False,4.5,0,1,1,0,4.36236281
Code Review,High,Mid,JavaScript,Low,13,3,3,26,8,12,True,0,False,4.91666667,0,1,2,0,5.96298106
Refactoring,Low,Senior,Python,High,1,4,3,2,3,12,False,3,False,1.5,4,0,0,0,1.023975
Code Review,Medium,Mid,Go,Critical,9,5,3,18,1,13,False,2,False,4.3,1,2,1,1,2.9412975
Bug Fix,High,Tech Lead,C++,Low,1,3,1,2,4,12,True,3,False,2.08333333,2,1,0,0,1.04667063
Testing,High,Senior,Go,High,11,4,0,22,2,10,True,0,True,2.375,2,2,0,0,5.16124744
Code Review,Low,Senior,C++,Critical,10,3,2,20,6,17,True,2,False,4.16666667,1,1,0,1,3.09968969
Documentation,Medium,Mid,Other,Low,1,2,0,2,2,9,False,1,True,1.5,2,0,0,0,0.620125
Bug Fix,Low,Junior,Python,High,5,4,3,10,2,16,False,2,False,1.9375,3,1,0,0,2.21189063
Feature Dev,Medium,Junior,Java,Medium,11,2,0,22,9,10,False,2,False,3.25,0,2,0,0,4.3125
Documentation,Medium,Senior,Java,Critical,6,5,3,12,7,10,False,2,False,4.8,1,1,2,1,1.9842995
Bug Fix,Medium,Junior,Go,Critical,12,3,0,24,1,16,False,2,False,2.08333333,2,1,0,0,4.23229167
Bug Fix,High,Senior,C++,Medium,10,3,3,20,9,12,True,0,False,5.0,1,0,1,1,4.146555
Documentation,Low,Senior,C++,Medium,12,4,1,24,8,17,True,3,True,3.9375,1,2,0,1,4.72685013
Code Review,High,Tech Lead,Python,Critical,8,2,2,16,1,15,False,3,False,3.625,1,0,1,0,3.24214012
Testing,High,Tech Lead,C++,Critical,9,3,3,18,6,12,True,2,True,2.91666667,2,0,1,0,4.35243604
Bug Fix,Medium,Senior,Java,Low,8,4,0,16,3,14,False,2,False,1.5,4,0,0,0,3.8335
Testing,Medium,Junior,Other,High,12,2,3,24,8,15,False,2,False,3.625,1,0,1,0,4.37127469
Code Review,Low,Tech Lead,Java,Low,1,2,0,2,3,9,False,0,False,2.375,1,1,0,0,0.5
Client Meeting,High,Junior,Other,Low,8,2,3,16,6,17,True,1,False,3.25,0,2,0,0,4.58029688
Client Meeting,Low,Senior,Java,Low,8,5,1,16,9,9,False,3,False,2.75,4,0,0,1,3.34935563
Code Review,High,Tech Lead,Python,Medium,2,3,1,4,3,12,True,2,True,4.75,0,2,0,1,1.20190022
Testing,Low,Junior,Python,Critical,11,5,2,22,2,9,True,2,False,3.1,3,1,0,1,3.57353876
Deployment,High,Tech Lead,Other,High,11,4,3,22,10,15,False,3,False,4.0625,1,1,2,0,4.40837381
Bug Fix,Medium,Senior,C++,Low,1,5,3,2,2,17,True,2,False,2.2,3,2,0,0,1.2006225
Deployment,Medium,Mid,Python,Low,1,5,0,2,3,13,False,0,True,3.45,2,2,0,1,0.5
Testing,Medium,Junior,JavaScript,High,9,3,2,18,6,17,True,1,True,2.08333333,2,1,0,0,4.140675
Documentation,Low,Senior,Go,Low,9,4,3,18,2,15,False,3,False,3.0625,3,0,0,1,3.94804266
Documentation,High,Senior,Go,High,8,5,1,16,9,14,True,0,False,3.95,2,1,1,1,3.0051463
Feature Dev,Medium,Junior,Go,High,10,4,3,20,6,10,False,3,False,3.25,0,4,0,0,4.0078125
Design Review,Medium,Tech Lead,Go,Low,6,2,2,12,8,13,False,3,False,4.5,0,1,1,0,2.800875
Code Review,Low,Junior,Python,High,5,3,3,10,8,15,True,0,False,2.08333333,2,1,0,0,2.11739063
Design Review,High,Tech Lead,C++,Low,6,4,3,12,10,11,True,3,True,5.0,0,2,1,1,3.48729381
Documentation,Low,Senior,JavaScript,Medium,9,2,2,18,5,17,False,1,True,2.375,1,1,0,0,3.928925
Deployment,Medium,Senior,Python,Low,1,4,3,2,9,10,False,2,False,3.875,0,3,1,0,1.01531719
Feature Dev,Medium,Mid,Go,Critical,12,5,2,24,2,16,True,0,False,3.9,1,2,2,0,3.87217373
Design Review,Medium,Tech Lead,JavaScript,Critical,10,4,1,20,9,10,True,3,False,2.375,2,2,0,0,3.89715703
Design Review,Low,Mid,Python,Critical,11,4,3,22,1,10,True,2,False,3.5,2,1,0,1,3.61555097
Refactoring,High,Tech Lead,Other,Critical,12,2,0,24,6,16,False,3,False,4.5,0,1,1,0,4.19876625
Design Review,Medium,Junior,C++,High,1,2,1,2,4,14,False,2,False,2.375,1,1,0,0,0.66234375
Testing,High,Junior,Go,Medium,7,2,0,14,7,11,False,1,False,3.625,1,0,1,0,2.9587425
Testing,Medium,Junior,Go,Low,11,4,2,22,5,18,True,3,False,2.5625,3,0,1,0,5.44420078
Documentation,High,Tech Lead,C++,Medium,3,3,0,6,4,17,False,1,True,3.5,1,1,1,0,1.460723
Refactoring,High,Mid,Go,Low,12,5,1,24,9,10,False,0,False,3.4,1,3,1,0,5.6263977
Code Review,Low,Tech Lead,Java,High,9,5,3,18,1,18,False,2,False,2.2,3,2,0,0,3.46599
Documentation,High,Tech Lead,Java,Medium,11,5,0,22,9,13,False,0,False,4.8,1,1,2,1,3.872924
Feature Dev,Medium,Mid,Go,High,5,2,3,10,9,14,False,1,False,1.5,2,0,0,0,2.352375
Feature Dev,Medium,Junior,C++,Low,13,5,2,26,3,18,True,0,True,3.05,2,2,1,0,6.42226633
Documentation,High,Junior,JavaScript,Critical,4,2,0,8,9,18,True,3,True,2.375,1,1,0,0,2.06155228
Documentation,Medium,Mid,Java,Low,8,5,0,16,4,11,False,0,False,3.05,2,2,1,0,3.235144
Refactoring,Low,Mid,C++,High,2,3,1,4,4,18,False,3,False,4.16666667,1,1,0,1,0.89197875
Deployment,High,Senior,Go,High,12,5,3,24,7,17,False,3,True,4.25,0,3,2,0,5.17844003
Design Review,Medium,Mid,JavaScript,High,10,2,3,20,10,15,True,1,False,2.375,1,1,0,0,4.21912969
Client Meeting,Low,Senior,Other,High,10,3,0,20,10,18,False,2,True,1.5,3,0,0,0,3.85605
Deployment,Low,Tech Lead,Other,Medium,9,4,3,18,3,10,False,2,False,3.5,2,1,0,1,3.4183375
Bug Fix,Medium,Mid,Other,Critical,12,4,2,24,6,16,False,3,False,2.5625,3,0,1,0,4.32707906
Testing,High,Senior,Other,Low,12,3,2,24,5,9,False,0,False,4.16666667,1,1,0,1,5.4230275
Documentation,High,Junior,C++,High,10,4,3,20,9,15,False,0,False,3.9375,1,2,0,1,3.89946797
Design Review,Medium,Senior,JavaScript,Critical,13,5,2,26,6,11,False,1,False,4.45,2,0,2,1,3.717441
Testing,High,Tech Lead,Go,Critical,1,4,1,2,1,12,False,1,False,3.9375,1,2,0,1,0.51778414
Code Review,Medium,Junior,C++,Critical,8,3,2,16,5,14,False,1,True,3.5,1,1,1,0,3.0201435
Code Review,High,Junior,Python,High,11,5,2,22,3,10,True,0,False,3.9,1,2,2,0,4.30896564
Testing,Low,Tech Lead,JavaScript,Medium,7,2,1,14,7,17,False,1,True,2.375,1,1,0,0,2.98986875
Feature Dev,Medium,Junior,Java,Critical,9,2,0,18,7,15,False,0,False,1.5,2,0,0,0,3.1365
Bug Fix,High,Junior,C++,Medium,4,2,3,8,2,14,True,0,False,2.375,1,1,0,0,2.35941563
Testing,Medium,Junior,Go,Low,13,5,2,26,1,11,False,0,True,3.05,2,2,1,0,6.11644413
Deployment,Medium,Senior,JavaScript,High,13,4,2,26,1,12,False,2,False,4.5,0,2,2,0,4.219425
Refactoring,High,Junior,Python,Critical,12,2,0,24,10,18,True,1,False,2.375,1,1,0,0,4.92180281
Client Meeting,Low,Mid,Other,High,7,4,3,14,7,10,False,0,False,3.5,2,1,0,1,2.34889875
Testing,Medium,Tech Lead,Go,Medium,10,2,2,20,5,18,False,3,True,4.5,0,1,1,0,4.294675
Client Meeting,Low,Senior,Other,Low,6,3,3,12,3,10,False,0,True,2.66666667,1,2,0,0,3.05283
Client Meeting,Medium,Senior,Python,High,11,2,0,22,6,16,False,0,True,3.625,1,0,1,0,3.88201275
Documentation,High,Senior,Other,Critical,1,4,3,2,4,9,True,3,False,3.0,2,1,1,0,0.99515089
Design Review,High,Mid,Java,High,10,3,1,20,1,15,True,3,False,4.75,0,2,0,1,3.91026234
Feature Dev,High,Tech Lead,C++,High,4,5,2,8,1,13,True,2,False,4.65,0,3,1,1,1.76483853
Design Review,Medium,Mid,Go,High,2,3,2,4,4,14,False,3,False,4.75,0,2,0,1,1.0324125
Code Review,Medium,Mid,Python,Medium,7,3,3,14,5,16,True,3,True,3.5,1,1,1,0,3.67894931
Code Review,High,Junior,JavaScript,Critical,6,5,3,12,4,14,False,0,True,3.9,1,2,2,0,2.55324845
Design Review,Low,Junior,Other,Medium,6,3,0,12,10,13,False,2,True,3.25,0,3,0,0,2.43375
Client Meeting,High,Senior,Other,Critical,2,5,0,4,2,9,False,0,False,4.45,2,0,2,1,0.61072245
Testing,Medium,Junior,Java,Medium,5,2,3,10,2,12,False,0,False,1.5,2,0,0,0,2.51125
Refactoring,Medium,Senior,Python,High,6,2,1,12,5,12,True,3,False,3.625,1,0,1,0,2.40019073
Documentation,High,Junior,Go,Critical,8,3,0,16,4,9,False,3,False,5.0,1,0,1,1,2.645506
Design Review,Medium,Junior,C++,High,12,5,1,24,3,9,True,1,False,3.45,2,2,0,1,4.20494878
Bug Fix,Medium,Junior,Go,Medium,1,5,1,2,3,16,False,2,True,4.3,1,2,1,1,0.671715
Client Meeting,High,Senior,Java,Low,9,3,3,18,2,13,True,2,True,4.91666667,0,1,2,0,4.88630594
Code Review,High,Junior,JavaScript,High,5,4,2,10,2,15,True,2,False,4.5625,1,1,1,1,2.12242275
Refactoring,Medium,Tech Lead,Go,Medium,9,4,2,18,1,16,True,3,False,1.9375,3,1,0,0,4.42378125
Design Review,Low,Tech Lead,JavaScript,Medium,2,2,3,4,8,18,False,1,False,2.375,1,1,0,0,1.2461875
Documentation,Medium,Tech Lead,JavaScript,Critical,8,4,3,16,6,10,True,3,True,4.0625,1,1,2,0,3.26932261
Code Review,Medium,Mid,Python,High,10,3,1,20,8,10,True,0,False,2.08333333,2,1,0,0,3.90540938
Refactoring,Low,Tech Lead,Java,Low,1,4,1,2,7,10,False,3,True,3.5,2,1,0,1,0.86126288
Client Meeting,Low,Senior,Python,Low,6,2,3,12,10,11,True,3,False,1.5,2,0,0,0,3.44507625
Code Review,Medium,Mid,Python,Low,12,3,0,24,9,17,False,1,False,2.66666667,1,2,0,0,5.21033333
Feature Dev,Medium,Junior,C++,Low,6,5,1,12,1,14,True,2,False,3.75,0,4,1,0,2.81137828
Client Meeting,Low,Mid,Go,Low,7,3,3,14,10,12,False,0,True,2.66666667,1,2,0,0,3.47391
Documentation,Medium,Senior,Other,Medium,8,2,1,16,5,16,True,1,False,4.5,0,1,1,0,3.07459688
Bug Fix,Low,Mid,Java,Critical,9,4,3,18,9,11,True,0,False,2.375,2,2,0,0,3.23157516
Bug Fix,Medium,Senior,Java,High,10,5,3,20,5,9,False,1,False,2.2,3,2,0,0,4.05405
Client Meeting,Low,Junior,Python,Low,2,3,3,4,1,16,True,2,False,2.08333333,2,1,0,0,1.57575688
Testing,High,Junior,Java,Medium,6,2,2,12,7,11,True,3,False,4.5,0,1,1,0,2.99439
Client Meeting,High,Mid,JavaScript,Critical,10,4,3,20,10,15,True,0,False,3.4375,1,2,1,0,4.05768013
Documentation,High,Junior,JavaScript,High,1,3,3,2,5,16,False,1,False,2.91666667,2,0,1,0,0.84131737
Feature Dev,Low,Junior,C++,Critical,2,4,2,4,6,18,False,1,True,1.9375,3,1,0,0,1.0504725
Design Review,High,Mid,Java,Medium,7,3,1,14,10,17,True,0,False,3.25,0,3,0,0,3.31734375
Deployment,Medium,Junior,Other,Low,1,3,1,2,4,11,False,1,False,5.0,1,0,1,1,0.55913
Design Review,High,Mid,JavaScript,High,3,4,0,6,9,18,False,3,False,2.375,2,2,0,0,1.48365
Bug Fix,Medium,Mid,Python,Critical,4,5,1,8,2,14,True,1,False,3.95,2,1,1,1,1.37092909
Documentation,High,Tech Lead,Go,High,13,2,3,26,4,10,True,1,False,4.5,0,1,1,0,5.23750894
Design Review,Medium,Junior,Java,Medium,8,5,0,16,3,11,False,1,False,4.45,2,0,2,1,2.5772175
Documentation,High,Tech Lead,Python,Medium,12,5,0,24,9,16,False,1,False,2.55,2,3,0,0,5.46545
Code Review,Medium,Tech Lead,Other,Low,1,5,0,2,1,18,True,1,True,2.2,3,2,0,0,0.6288975
Bug Fix,Medium,Senior,C++,Low,9,5,0,18,10,9,False,3,False,1.85,4,1,0,0,4.322175
Feature Dev,Medium,Junior,Java,Medium,11,2,3,22,9,17,False,1,False,1.5,2,0,0,0,5.07375
Client Meeting,Low,Mid,Go,Low,6,5,2,12,7,17,True,1,False,2.55,2,3,0,0,2.875488
Bug Fix,Medium,Tech Lead,JavaScript,High,9,2,1,18,3,14,False,2,False,3.25,0,2,0,0,3.3328125
Code Review,Medium,Senior,Java,Low,9,4,1,18,4,12,False,1,False,2.5625,3,0,1,0,3.99241391
Client Meeting,High,Mid,Java,High,9,2,3,18,7,17,True,1,True,3.25,0,2,0,0,4.57055156
Documentation,High,Mid,JavaScript,Medium,12,4,1,24,2,16,True,3,False,2.8125,1,3,0,0,6.01384219
Refactoring,Medium,Junior,JavaScript,Low,8,2,3,16,2,12,True,0,True,5.75,0,0,2,0,3.70522268
Refactoring,Low,Tech Lead,Java,Medium,9,4,2,18,2,10,False,0,False,3.5,2,1,0,1,3.110775
Deployment,Low,Junior,Other,Critical,2,3,3,4,4,10,True,1,True,3.25,0,3,0,0,1.16889609
Documentation,Medium,Senior,C++,Low,5,3,0,10,2,17,False,1,False,2.08333333,2,1,0,0,2.300375
Testing,High,Senior,Python,Critical,11,2,2,22,5,13,False,1,False,3.625,1,0,1,0,4.13600119
Documentation,Low,Junior,Other,Low,10,4,2,20,9,17,False,2,False,1.9375,3,1,0,0,4.52409375
Feature Dev,Medium,Senior,Java,Critical,6,3,2,12,4,9,True,3,False,2.08333333,2,1,0,0,2.66634375
Testing,Medium,Junior,JavaScript,Critical,2,4,0,4,2,15,True,3,True,3.625,2,0,2,0,0.93265023
Feature Dev,High,Senior,Python,High,4,2,0,8,7,9,False,0,True,3.625,1,0,1,0,1.62338715
Refactoring,Low,Tech Lead,Other,Critical,3,5,2,6,8,17,False,3,True,2.2,3,2,0,0,1.555092
Documentation,High,Senior,Other,Critical,5,3,2,10,2,15,False,3,False,5.58333333,0,1,1,1,1.92763
Client Meeting,Medium,Tech Lead,Other,Low,1,5,1,2,9,16,True,0,True,2.55,2,3,0,0,0.67955869
Design Review,High,Junior,JavaScript,Low,4,5,1,8,8,18,False,0,False,3.05,2,2,1,0,2.01185518
Code Review,Medium,Junior,Java,Critical,10,2,0,20,10,17,True,0,True,4.5,0,1,1,0,3.33304125
Deployment,High,Senior,Python,Critical,6,3,1,12,7,13,False,0,False,2.66666667,1,2,0,0,2.39105
Bug Fix,Medium,Junior,C++,Medium,6,4,2,12,6,12,False,0,True,3.9375,1,2,0,1,2.54816719
Code Review,High,Senior,Java,High,13,3,0,26,4,13,False,3,False,4.08333333,0,2,1,0,4.9113525
Design Review,Medium,Senior,C++,Medium,3,4,1,6,4,9,False,3,False,1.9375,3,1,0,0,1.65515625
Refactoring,Medium,Tech Lead,Python,High,4,3,3,8,1,9,False,1,True,2.91666667,2,0,1,0,1.97001544
Design Review,High,Mid,Go,Medium,1,3,1,2,8,9,True,1,True,2.91666667,2,0,1,0,0.75899044
Documentation,High,Senior,Other,Low,1,2,0,2,7,9,False,2,True,2.375,1,1,0,0,0.78362625
Feature Dev,High,Senior,Java,Medium,6,4,3,12,9,18,True,0,False,3.625,2,0,2,0,2.91084806
Design Review,Medium,Tech Lead,Python,Critical,6,3,1,12,6,15,True,0,True,2.91666667,2,0,1,0,2.31705885
Documentation,Low,Junior,Java,High,6,2,1,12,2,16,False,3,True,1.5,2,0,0,0,2.6484975
Documentation,Medium,Junior,JavaScript,Low,12,3,2,24,7,12,False,1,True,3.5,1,1,1,0,5.645497
Documentation,Medium,Tech Lead,C++,High,3,2,1,6,1,14,False,2,False,3.25,0,2,0,0,1.3078125
Refactoring,High,Senior,Java,High,1,3,0,2,1,12,False,0,False,4.91666667,0,1,2,0,0.5
Feature Dev,Medium,Tech Lead,Go,Low,8,3,2,16,2,11,False,3,False,3.5,1,1,1,0,3.750505
Design Review,Low,Senior,Other,Medium,2,3,1,4,7,14,False,3,False,2.66666667,1,2,0,0,1.131
Deployment,Low,Senior,Other,Low,11,4,2,22,1,13,False,0,False,2.375,2,2,0,0,4.5981375
Deployment,High,Mid,Python,Critical,4,3,3,8,5,18,True,0,True,5.58333333,0,1,1,1,1.75809826
Documentation,Medium,Senior,Go,Critical,9,2,0,18,7,9,False,3,False,2.375,1,1,0,0,3.25284375
Client Meeting,High,Junior,JavaScript,Low,1,3,3,2,6,17,True,0,True,2.91666667,2,0,1,0,1.07006963
Bug Fix,Medium,Tech Lead,JavaScript,Critical,7,3,2,14,10,10,True,2,False,2.66666667,1,2,0,0,2.847075
Bug Fix,Medium,Senior,Go,Low,9,2,0,18,2,16,True,3,False,4.5,0,1,1,0,3.82319438
Design Review,Medium,Mid,Other,High,7,5,3,14,6,18,False,1,False,2.2,3,2,0,0,2.98485
Code Review,Medium,Junior,Python,Critical,8,4,3,16,2,17,False,0,False,4.5625,1,1,1,1,2.48859281
Bug Fix,High,Mid,C++,High,4,2,2,8,7,9,False,0,False,2.375,1,1,0,0,1.8898875
Code Review,Medium,Senior,Other,High,2,5,1,4,3,11,False,1,False,2.7,3,1,1,0,0.88456725
Documentation,Low,Tech Lead,Java,Critical,9,2,1,18,2,9,True,2,False,2.375,1,1,0,0,3.14399859
Code Review,Low,Mid,Go,Medium,5,5,3,10,4,16,False,3,False,3.45,2,2,0,1,2.24686875
Client Meeting,Medium,Senior,Go,High,3,5,0,6,10,17,True,1,True,1.5,5,0,0,0,1.38513375
Client Meeting,Medium,Tech Lead,C++,Low,12,4,1,24,9,10,True,3,False,5.625,0,1,2,1,4.58722688
Refactoring,Medium,Senior,Other,Medium,10,4,3,20,3,18,True,0,True,3.5,2,1,0,1,4.51655531
Deployment,Medium,Tech Lead,Python,Critical,2,2,2,4,7,14,False,3,False,2.375,1,1,0,0,1.1676875
Refactoring,Low,Mid,Other,Medium,4,2,2,8,3,17,False,0,False,3.25,0,2,0,0,1.63125
Bug Fix,Low,Junior,Go,Low,7,4,2,14,10,15,False,1,False,2.375,2,2,0,0,3.151775
Feature Dev,Low,Senior,Go,Medium,13,4,1,26,3,15,True,2,False,3.9375,1,2,0,1,4.53136195
Bug Fix,High,Tech Lead,Go,Critical,8,2,3,16,4,9,True,3,False,1.5,2,0,0,0,4.05261938
Client Meeting,High,Senior,JavaScript,High,4,4,2,8,1,12,False,3,False,3.9375,1,2,0,1,1.88409937
Feature Dev,Medium,Junior,Other,Low,6,5,1,12,8,17,False,3,False,3.05,2,2,1,0,2.88130013
Documentation,Medium,Junior,Go,Critical,13,4,2,26,2,18,False,2,False,3.9375,1,2,0,1,4.15685859
Feature Dev,High,Junior,Go,Medium,2,4,2,4,6,18,False,0,False,3.875,0,3,1,0,1.07245625
Testing,High,Mid,C++,High,7,2,3,14,10,13,True,1,False,1.5,2,0,0,0,3.65171625
Documentation,Medium,Mid,Other,Medium,4,3,3,8,4,11,True,3,False,3.5,1,1,1,0,2.21396437
Refactoring,High,Mid,Java,Low,12,3,3,24,10,12,True,0,False,4.08333333,0,2,1,0,5.99177184
Documentation,Medium,Senior,C++,Low,8,3,0,16,8,18,False,3,False,3.5,1,1,1,0,3.4544125
Design Review,Medium,Senior,Python,Low,2,5,0,4,10,10,True,2,True,2.9,1,4,0,0,1.2133275
Feature Dev,High,Senior,Python,Critical,10,4,0,20,6,16,False,3,False,3.9375,1,2,0,1,3.57343984
Code Review,Medium,Tech Lead,Go,Critical,7,4,1,14,4,10,False,3,False,3.4375,1,2,1,0,2.48702695
Deployment,Medium,Tech Lead,C++,Critical,11,4,0,22,7,16,False,1,False,3.0,2,1,1,0,3.5247375
Client Meeting,Medium,Mid,Java,Medium,1,3,3,2,7,13,False,3,False,2.08333333,2,1,0,0,1.14520833
Code Review,Medium,Mid,Go,Medium,7,5,2,14,10,18,False,3,True,3.45,2,2,0,1,3.2954075
Design Review,Low,Tech Lead,Java,Low,4,3,0,8,3,16,True,3,False,2.66666667,1,2,0,0,1.94271
Client Meeting,High,Tech Lead,Java,Medium,2,5,2,4,8,11,False,2,False,3.95,2,1,1,1,1.179026
Design Review,Low,Tech Lead,JavaScript,Medium,7,3,0,14,9,16,False,2,False,4.16666667,1,1,0,1,2.30406667
Feature Dev,Low,Tech Lead,Java,Medium,7,4,0,14,1,14,True,2,False,3.5,2,1,0,1,2.50971
Design Review,High,Junior,JavaScript,Critical,7,5,0,14,2,14,True,3,False,4.45,2,0,2,1,2.45351106
Bug Fix,High,Junior,Other,High,3,2,2,6,4,12,False,2,False,2.375,1,1,0,0,1.660275
Design Review,High,Tech Lead,Go,Medium,3,5,3,6,8,10,True,1,True,4.3,1,2,1,1,1.81497393
Code Review,Medium,Senior,Go,Critical,7,5,2,14,4,18,False,2,True,3.4,1,3,1,0,2.78342955
Design Review,Medium,Mid,JavaScript,High,4,5,0,8,3,12,False,1,True,2.55,2,3,0,0,1.6367175
Deployment,Medium,Senior,JavaScript,Critical,11,2,2,22,8,16,False,2,False,5.75,0,0,2,0,3.327835
Feature Dev,High,Junior,Java,Critical,12,2,1,24,8,9,False,2,False,3.625,1,0,1,0,4.44658003
Code Review,High,Junior,Java,Low,7,3,2,14,8,9,True,1,False,3.5,1,1,1,0,3.75149198
Design Review,High,Tech Lead,Java,Low,9,2,0,18,9,17,False,1,True,2.375,1,1,0,0,5.034205
Testing,High,Senior,Python,High,9,5,3,18,6,18,True,3,True,3.55,2,1,2,0,4.40785786
Testing,Medium,Tech Lead,C++,Medium,13,4,1,26,10,18,True,3,False,3.875,0,3,1,0,5.21503828
Design Review,Medium,Tech Lead,Java,Critical,3,4,1,6,4,15,False,0,False,1.5,4,0,0,0,1.1761875
Code Review,Medium,Mid,Java,Critical,4,5,1,8,8,16,False,0,False,3.55,2,1,2,0,1.28988563
Client Meeting,Low,Senior,JavaScript,Critical,12,2,1,24,7,15,False,1,False,3.25,0,2,0,0,3.64171875
Client Meeting,Medium,Junior,C++,Critical,8,3,2,16,8,12,True,3,False,4.16666667,1,1,0,1,2.87288312
Client Meeting,High,Tech Lead,JavaScript,High,3,3,3,6,10,17,True,3,False,4.16666667,1,1,0,1,1.70505169
Client Meeting,Low,Tech Lead,Other,High,3,5,0,6,3,14,True,1,True,3.8,1,3,0,1,1.06040435
Refactoring,High,Senior,Java,High,13,3,0,26,9,16,False,3,False,2.08333333,2,1,0,0,5.62845
Bug Fix,Medium,Mid,C++,High,5,3,1,10,5,18,True,3,False,2.08333333,2,1,0,0,2.30560313
Bug Fix,Medium,Tech Lead,Java,Low,11,5,0,22,4,10,False,3,False,3.4,1,3,1,0,4.663857
Documentation,Low,Tech Lead,Go,High,10,3,3,20,8,10,False,0,False,3.58333333,2,0,0,1,3.18861563
Refactoring,High,Mid,C++,Medium,10,4,3,20,9,15,False,2,False,3.4375,1,2,1,0,4.72647656
Client Meeting,High,Tech Lead,Python,High,6,3,3,12,3,17,True,2,False,2.66666667,1,2,0,0,3.115035
Deployment,Low,Senior,Other,Critical,3,5,2,6,6,14,False,2,False,2.9,1,4,0,0,1.282565
Bug Fix,Medium,Junior,JavaScript,High,4,4,3,8,1,9,True,3,True,5.1875,1,0,2,1,1.84799711
Refactoring,Medium,Mid,C++,Medium,11,3,1,22,5,18,False,0,False,2.91666667,2,0,1,0,4.21121458
Documentation,High,Mid,Go,Medium,3,2,2,6,5,14,True,0,False,2.375,1,1,0,0,1.730925
Documentation,High,Mid,Other,Medium,2,4,3,4,9,16,False,2,False,4.0625,1,1,2,0,1.32360812
Code Review,High,Senior,Python,Critical,12,3,0,24,2,9,False,2,False,3.5,1,1,1,0,4.3624295
Design Review,Medium,Junior,C++,Low,10,3,2,20,9,16,True,0,True,2.08333333,2,1,0,0,5.44038688
Refactoring,Low,Tech Lead,Go,Low,1,2,3,2,1,12,False,0,False,2.375,1,1,0,0,0.87429375
Feature Dev,High,Junior,JavaScript,High,11,2,3,22,9,15,False,3,False,2.375,1,1,0,0,5.13095625
Client Meeting,High,Junior,Other,Critical,4,5,0,8,9,14,False,1,False,4.8,1,1,2,1,1.2621446
Client Meeting,High,Mid,Go,Critical,7,5,0,14,8,13,False,3,False,4.65,0,3,1,1,2.3879152
Design Review,High,Mid,Python,Critical,8,2,1,16,2,16,False,1,False,2.375,1,1,0,0,3.27786562
Deployment,Medium,Senior,Java,Medium,7,5,2,14,1,12,True,1,False,2.55,2,3,0,0,3.2676
Refactoring,High,Senior,Go,Low,12,2,0,24,5,12,False,1,False,3.625,1,0,1,0,5.50932112
Documentation,Medium,Junior,C++,High,13,2,1,26,1,14,False,0,True,4.5,0,1,1,0,4.49540438
Code Review,High,Tech Lead,Go,Low,9,3,2,18,3,15,False,1,True,2.91666667,2,0,1,0,5.08437059
Documentation,Medium,Senior,Python,High,3,3,3,6,8,16,True,3,True,2.66666667,1,2,0,0,1.9594575
Design Review,Medium,Junior,Python,Medium,6,2,3,12,5,16,False,1,True,3.625,1,0,1,0,2.89190344
Client Meeting,Medium,Tech Lead,Java,Low,11,3,3,22,8,15,False,3,False,4.08333333,0,2,1,0,4.92264896
Refactoring,Medium,Junior,Go,Low,13,3,3,26,6,13,False,2,False,2.08333333,2,1,0,0,6.4081875
Documentation,High,Junior,Python,Medium,5,4,0,10,3,13,False,1,False,2.375,2,2,0,0,2.355
Design Review,Low,Junior,Other,Low,1,2,3,2,4,14,True,3,False,2.375,1,1,0,0,1.25801156
Documentation,High,Tech Lead,Java,Low,7,2,1,14,5,16,False,2,False,3.625,1,0,1,0,3.49969331
Documentation,Low,Mid,Other,High,12,5,0,24,1,9,False,0,False,3.45,2,2,0,1,3.425814
Bug Fix,Low,Junior,Java,Critical,7,4,1,14,9,13,True,1,True,1.9375,3,1,0,0,2.72794577
Code Review,Medium,Senior,Go,Critical,2,3,0,4,6,10,True,1,False,5.0,1,0,1,1,0.6281415
Design Review,Medium,Senior,Go,Critical,5,4,1,10,10,12,False,2,False,3.4375,1,2,1,0,1.7983118
Design Review,Medium,Junior,JavaScript,Low,13,5,3,26,6,18,True,3,False,3.55,2,1,2,0,5.95927159
Testing,Low,Mid,Java,Critical,7,2,3,14,7,11,False,1,False,1.5,2,0,0,0,2.6747375
Refactoring,Medium,Junior,Go,Critical,9,3,3,18,7,14,True,3,False,2.08333333,2,1,0,0,3.86619844
Design Review,Medium,Tech Lead,Go,Medium,11,5,0,22,5,13,True,2,False,3.55,2,1,2,0,4.1883345
Code Review,Medium,Junior,C++,Critical,9,2,1,18,6,9,False,1,True,4.5,0,1,1,0,3.05528781
Refactoring,High,Senior,C++,Critical,10,3,3,20,2,9,False,2,False,3.5,1,1,1,0,4.00397813
Refactoring,Medium,Junior,Go,Low,1,2,2,2,3,16,True,0,False,2.375,1,1,0,0,0.79334063
Feature Dev,High,Junior,JavaScript,High,12,3,0,24,6,16,False,2,False,2.91666667,2,0,1,0,4.7646885
Client Meeting,Low,Junior,C++,Critical,4,2,0,8,2,15,True,1,False,1.5,2,0,0,0,1.40881125
Client Meeting,Low,Senior,C++,Medium,10,4,3,20,1,10,False,2,True,1.5,4,0,0,0,4.791875
Client Meeting,Medium,Mid,Go,Critical,7,2,2,14,3,9,True,0,False,3.625,1,0,1,0,2.46569302
Bug Fix,Medium,Tech Lead,Go,Critical,10,3,3,20,9,17,True,0,True,1.5,3,0,0,0,4.47800719
Client Meeting,High,Tech Lead,Other,Critical,2,4,2,4,1,18,True,0,False,2.375,2,2,0,0,1.06843406
Testing,High,Junior,Go,High,4,4,3,8,6,16,True,2,False,3.4375,1,2,1,0,2.1184068
Refactoring,High,Mid,Other,Medium,11,4,2,22,3,15,False,3,False,4.125,2,0,1,1,4.653935
Feature Dev,High,Mid,Java,Critical,12,4,0,24,8,12,True,1,False,4.125,2,0,1,1,4.12428266
Testing,Medium,Tech Lead,C++,High,5,2,1,10,7,12,True,0,False,3.625,1,0,1,0,1.8106702
Refactoring,Medium,Senior,C++,Low,12,4,2,24,9,17,False,2,False,4.0625,1,1,2,0,4.91505438
Documentation,High,Tech Lead,Java,Low,8,4,3,16,4,18,True,0,False,4.5625,1,1,1,1,3.82625657
Documentation,Medium,Mid,JavaScript,Medium,2,3,0,4,9,13,True,0,False,2.08333333,2,1,0,0,0.8365
Feature Dev,High,Mid,JavaScript,Low,10,3,3,20,9,18,True,2,True,5.0,1,0,1,1,5.21603775
Deployment,Medium,Senior,Other,Low,4,3,3,8,1,11,True,2,True,2.91666667,2,0,1,0,2.64577655
Refactoring,Medium,Junior,Other,Low,13,2,2,26,9,12,False,0,False,4.5,0,1,1,0,5.1349375
Feature Dev,Low,Junior,Python,Medium,5,3,2,10,8,17,False,3,False,2.66666667,1,2,0,0,2.32
Bug Fix,Low,Junior,Java,Critical,3,3,2,6,7,17,False,2,True,2.08333333,2,1,0,0,1.47114458
Bug Fix,Medium,Junior,Python,Critical,13,4,1,26,9,12,True,2,True,3.5,2,1,0,1,4.78805611
Code Review,Medium,Mid,JavaScript,Medium,3,4,1,6,8,17,True,2,False,4.5,0,2,2,0,1.33861875
Refactoring,High,Junior,C++,Critical,13,2,2,26,3,10,False,1,True,4.5,0,1,1,0,5.06304838
Bug Fix,High,Tech Lead,Other,Low,11,4,2,22,7,14,False,0,True,4.0625,1,1,2,0,5.46776615
Bug Fix,Low,Mid,Python,Low,10,4,3,20,4,17,True,3,False,2.375,2,2,0,0,4.93004531
Testing,Medium,Junior,Go,Medium,12,5,2,24,5,9,False,0,False,3.55,2,1,2,0,4.422465
Code Review,Low,Tech Lead,Other,Critical,3,4,2,6,3,13,False,0,True,3.9375,1,2,0,1,1.10703708
Design Review,Medium,Junior,Go,Low,10,2,2,20,10,11,True,0,True,3.625,1,0,1,0,4.86869099
Design Review,Medium,Junior,Go,Critical,4,5,3,8,7,15,False,1,False,3.2,3,0,2,0,1.614779
Bug Fix,Medium,Mid,Python,Medium,8,2,0,16,9,9,True,3,False,3.625,1,0,1,0,3.27511406
Code Review,Low,Tech Lead,JavaScript,Medium,6,2,3,12,1,12,False,1,False,1.5,2,0,0,0,2.77775
Feature Dev,High,Junior,Other,Low,13,2,1,26,2,9,False,0,True,2.375,1,1,0,0,7.27822563
Feature Dev,Medium,Junior,Other,High,12,3,3,24,3,18,True,0,True,3.25,0,3,0,0,5.11628906
Deployment,Medium,Mid,Go,High,5,4,0,10,2,11,True,0,False,3.9375,1,2,0,1,1.62156094
Feature Dev,Medium,Junior,Java,High,3,5,2,6,9,9,True,3,False,4.8,1,1,2,1,1.3019454
Client Meeting,Medium,Tech Lead,Python,Low,13,4,1,26,3,18,False,0,True,2.375,2,2,0,0,6.35212188
Bug Fix,High,Mid,Other,Medium,8,2,0,16,8,10,True,2,False,1.5,2,0,0,0,4.17585
Refactoring,Low,Senior,Java,High,9,4,1,18,8,11,True,3,False,4.375,0,3,0,1,2.91931467
Testing,Medium,Tech Lead,C++,High,6,5,0,12,1,13,False,2,False,3.9,1,2,2,0,1.990638
Code Review,High,Senior,C++,High,5,2,0,10,9,10,False,2,True,1.5,2,0,0,0,2.536875
Client Meeting,High,Mid,Other,Low,5,2,3,10,3,11,False,0,False,2.375,1,1,0,0,2.96828125
Design Review,Medium,Tech Lead,C++,High,12,3,2,24,5,17,True,1,False,4.08333333,0,2,1,0,4.27006125
Bug Fix,High,Mid,C++,Medium,13,5,2,26,5,18,False,2,False,3.45,2,2,0,1,5.70969
Feature Dev,High,Mid,Go,High,4,5,3,8,4,12,True,3,True,3.95,2,1,1,1,2.23542084
Deployment,Medium,Mid,Python,Low,12,5,1,24,4,10,True,1,False,3.55,2,1,2,0,5.05786916
Feature Dev,Medium,Mid,Go,Low,10,2,1,20,5,15,False,2,False,3.625,1,0,1,0,4.26433219
Feature Dev,High,Senior,Python,Medium,3,3,3,6,8,9,False,1,False,3.58333333,2,0,0,1,1.68834792
Bug Fix,Medium,Tech Lead,Java,Low,2,4,3,4,9,15,True,1,False,4.0625,1,1,2,0,1.3145452
Documentation,Medium,Mid,JavaScript,High,13,4,1,26,10,18,False,1,False,2.375,2,2,0,0,4.81303125
Client Meeting,Medium,Tech Lead,Other,Low,4,5,1,8,1,13,False,0,True,3.05,2,2,1,0,1.94614131
Documentation,High,Junior,Python,Critical,3,4,2,6,9,10,False,1,False,2.375,2,2,0,0,1.48463125
Code Review,High,Tech Lead,C++,Critical,7,2,0,14,1,14,True,0,False,4.5,0,1,1,0,2.43918019
Bug Fix,High,Senior,Python,Medium,1,3,0,2,5,18,False,1,True,2.08333333,2,1,0,0,0.61343333
Testing,Medium,Mid,C++,Medium,8,4,0,16,2,18,True,2,False,1.9375,3,1,0,0,3.58115625
Testing,Medium,Senior,Java,Critical,3,2,3,6,1,14,False,3,False,4.5,0,1,1,0,1.40680313
Deployment,Medium,Junior,Java,Critical,11,3,1,22,6,18,False,1,True,5.0,1,0,1,1,3.3999405
Client Meeting,High,Tech Lead,Go,Medium,4,4,2,8,1,15,True,0,False,4.0625,1,1,2,0,1.89436144
Feature Dev,High,Senior,Python,Medium,4,3,1,8,2,12,False,3,False,2.66666667,1,2,0,0,2.21366667
Documentation,Low,Junior,Other,Low,10,4,2,20,8,12,False,3,False,2.375,2,2,0,0,4.533375
Deployment,High,Senior,Python,Low,11,5,1,22,8,15,True,2,False,3.05,2,2,1,0,5.74288609
Design Review,Medium,Tech Lead,Java,Critical,4,5,0,8,8,10,False,3,False,3.9,1,2,2,0,1.3738805
Testing,High,Junior,Go,Low,2,5,1,4,9,17,True,0,False,3.05,2,2,1,0,1.13583884
Code Review,High,Senior,Go,Medium,8,3,2,16,1,17,False,1,False,4.16666667,1,1,0,1,3.4561
Refactoring,Low,Senior,Go,Low,4,2,3,8,6,13,True,1,False,3.25,0,2,0,0,2.15479688
Refactoring,Medium,Mid,Go,High,9,2,0,18,3,10,False,2,False,3.625,1,0,1,0,3.04786125
Client Meeting,Medium,Senior,Java,Critical,7,5,0,14,9,12,False,1,False,2.2,3,2,0,0,2.44035
Documentation,High,Mid,JavaScript,Medium,2,3,1,4,8,15,False,1,False,4.33333333,1,0,2,0,0.97149
Refactoring,Low,Mid,Other,Critical,7,5,2,14,2,14,False,2,False,3.45,2,2,0,1,2.26184788
Documentation,High,Mid,Other,Medium,3,3,1,6,10,15,False,3,False,4.08333333,0,2,1,0,1.59019375
Refactoring,Low,Senior,Java,Medium,9,5,1,18,7,9,True,2,True,2.55,2,3,0,0,4.03242263
Testing,High,Tech Lead,Other,High,2,4,3,4,2,16,True,3,False,5.625,0,1,2,1,1.19387048
Code Review,High,Tech Lead,Other,High,10,2,2,20,6,10,True,1,False,3.25,0,2,0,0,4.4296875
Documentation,High,Junior,Java,Low,2,2,3,4,3,11,False,0,False,3.25,0,2,0,0,1.4128125
Client Meeting,Low,Tech Lead,Other,High,6,4,2,12,1,15,False,2,True,2.8125,1,3,0,0,2.52641813
Client Meeting,Medium,Junior,Go,Low,5,3,1,10,8,13,True,1,False,2.91666667,2,0,1,0,2.40525141
Deployment,Medium,Tech Lead,C++,Low,6,3,2,12,5,9,True,3,False,2.08333333,2,1,0,0,3.4505625
Client Meeting,High,Tech Lead,JavaScript,Low,2,3,0,4,5,9,True,3,True,3.5,1,1,1,0,1.39074647
Deployment,Medium,Junior,Go,High,3,3,1,6,3,11,False,1,False,3.58333333,2,0,0,1,1.14160313
Code Review,Medium,Senior,Java,Critical,7,4,2,14,1,17,True,1,False,2.8125,1,3,0,0,2.739975
Design Review,Medium,Junior,Python,Medium,13,4,3,26,6,13,False,3,False,3.5,2,1,0,1,5.2285625
Feature Dev,Low,Senior,C++,Critical,10,5,0,20,9,12,True,0,False,2.75,4,0,0,1,2.93788688
Testing,Medium,Tech Lead,JavaScript,High,1,2,2,2,4,9,False,1,True,3.625,1,0,1,0,0.7058205
Code Review,Low,Junior,Other,Critical,13,3,1,26,3,17,False,2,True,2.08333333,2,1,0,0,4.68345396
Testing,Low,Mid,C++,Low,1,4,0,2,4,13,False,1,False,2.375,2,2,0,0,0.5
Code Review,High,Senior,JavaScript,Medium,4,3,2,8,4,16,False,0,False,5.0,1,0,1,1,1.67348
Client Meeting,High,Senior,JavaScript,Medium,13,4,2,26,3,15,False,0,False,2.375,2,2,0,0,6.16225
Client Meeting,Low,Tech Lead,JavaScript,Low,7,2,1,14,9,17,False,3,False,2.375,1,1,0,0,3.20574375
Code Review,High,Senior,C++,Medium,10,3,2,20,8,12,True,0,False,2.08333333,2,1,0,0,5.1235625
Deployment,Medium,Tech Lead,Python,Critical,9,5,0,18,10,11,False,0,False,3.55,2,1,2,0,2.653479
Client Meeting,Medium,Tech Lead,C++,Low,13,3,1,26,7,16,True,1,False,4.08333333,0,2,1,0,5.46987547
Feature Dev,Medium,Mid,Other,Low,13,5,0,26,6,18,False,2,False,3.45,2,2,0,1,5.2338825
Testing,High,Junior,C++,High,9,2,2,18,9,16,False,2,True,3.25,0,2,0,0,4.3065
Documentation,Low,Mid,Other,Medium,6,4,1,12,9,11,False,2,False,1.9375,3,1,0,0,2.51784375
Design Review,Medium,Junior,JavaScript,Medium,2,3,0,4,6,13,False,3,False,3.58333333,2,0,0,1,0.96227083
Feature Dev,Medium,Senior,Other,Low,2,2,3,4,1,17,False,3,False,2.375,1,1,0,0,1.67303125
Design Review,High,Senior,Go,Critical,5,5,2,10,8,14,False,0,False,3.95,2,1,1,1,1.834963
Bug Fix,Medium,Tech Lead,Go,Low,7,2,3,14,7,18,False,3,True,4.5,0,1,1,0,3.64580563
Documentation,High,Mid,Python,Critical,7,4,0,14,7,10,False,2,False,3.0,2,1,1,0,2.6788005
Testing,Medium,Senior,Go,High,5,5,3,10,10,17,True,0,False,3.6,3,0,1,1,1.9596276
Deployment,High,Junior,Go,Medium,3,5,3,6,4,16,False,3,True,5.15,0,2,2,1,1.7724795
Refactoring,Medium,Senior,Other,Low,13,2,1,26,4,14,False,1,False,3.25,0,2,0,0,5.6203125
Testing,Low,Senior,JavaScript,Medium,12,4,3,24,9,11,False,3,True,3.0625,3,0,0,1,5.01668578
Testing,High,Mid,JavaScript,High,1,2,0,2,10,10,False,3,False,1.5,2,0,0,0,0.7011
Code Review,Medium,Senior,Python,Low,9,2,1,18,5,9,False,3,False,3.625,1,0,1,0,3.97024031
Deployment,Medium,Junior,Other,High,8,4,1,16,10,18,False,2,False,3.0625,3,0,0,1,2.87400234
Client Meeting,High,Mid,Java,Medium,11,5,1,22,4,10,True,2,False,3.55,2,1,2,0,4.92584558
Feature Dev,Medium,Senior,Java,Low,2,2,1,4,2,17,False,3,True,4.5,0,1,1,0,1.28373438
Refactoring,Low,Tech Lead,JavaScript,Low,8,3,3,16,1,11,False,2,False,1.5,3,0,0,0,3.980075
Testing,Low,Junior,Go,High,12,3,2,24,7,11,True,3,False,2.66666667,1,2,0,0,4.49442
Client Meeting,Low,Mid,Other,Medium,6,3,1,12,1,16,True,2,False,4.16666667,1,1,0,1,2.23248812
Design Review,Low,Junior,Go,Low,9,5,0,18,6,13,False,3,False,1.85,4,1,0,0,3.923205
Client Meeting,High,Tech Lead,Other,Critical,13,2,0,26,2,9,False,0,False,2.375,1,1,0,0,4.98769375
Client Meeting,Medium,Junior,Java,Critical,1,4,1,2,8,12,True,1,False,4.5625,1,1,1,1,0.5
Feature Dev,Medium,Mid,Go,Critical,8,3,1,16,5,15,True,0,False,4.08333333,0,2,1,0,2.5980768
Client Meeting,High,Junior,JavaScript,Critical,12,2,3,24,10,16,True,1,False,3.625,1,0,1,0,4.827986
Bug Fix,High,Tech Lead,JavaScript,Low,13,3,2,26,3,11,True,2,False,3.58333333,2,0,0,1,6.54729075
Deployment,Medium,Junior,Java,Critical,12,2,0,24,7,13,False,3,False,3.625,1,0,1,0,3.86329781
Documentation,Medium,Mid,Java,Critical,11,3,0,22,10,16,False,0,True,5.0,1,0,1,1,3.217148
Design Review,High,Tech Lead,Other,Low,3,2,3,6,1,14,True,0,False,4.5,0,1,1,0,1.79396044
Bug Fix,High,Mid,Java,Low,13,5,2,26,3,11,False,0,True,3.45,2,2,0,1,6.69549265
Deployment,Low,Senior,JavaScript,Medium,2,3,2,4,9,18,False,3,True,2.08333333,2,1,0,0,1.44595
Code Review,High,Tech Lead,Python,Critical,1,2,2,2,8,13,True,2,True,3.25,0,2,0,0,0.883575
Feature Dev,Low,Mid,Python,High,8,2,3,16,4,9,True,0,False,2.375,1,1,0,0,3.08784656
Documentation,Medium,Junior,Java,Medium,2,2,3,4,6,14,False,3,False,4.5,0,1,1,0,1.3155625
Client Meeting,Medium,Senior,JavaScript,Low,3,3,0,6,2,17,False,1,True,3.5,1,1,1,0,1.41137425
Testing,Low,Junior,C++,High,3,5,2,6,6,13,False,2,False,2.75,4,0,0,1,1.30024125
Design Review,Low,Senior,Java,Low,6,5,1,12,7,14,False,2,False,1.85,4,1,0,0,2.7817075
Refactoring,High,Senior,Go,Medium,10,3,2,20,5,12,False,1,False,4.16666667,1,1,0,1,4.23541667
Refactoring,High,Tech Lead,JavaScript,High,1,2,2,2,2,10,False,0,True,1.5,2,0,0,0,0.77121
Code Review,High,Mid,Other,Medium,7,3,3,14,6,15,True,2,False,4.16666667,1,1,0,1,3.44212312
Feature Dev,High,Tech Lead,C++,High,10,4,2,20,10,9,False,3,False,3.4375,1,2,1,0,4.21331625
Client Meeting,High,Junior,C++,High,5,3,2,10,10,9,False,2,False,2.08333333,2,1,0,0,2.5095
Deployment,Medium,Junior,Java,Low,3,5,2,6,4,12,True,1,False,3.95,2,1,1,1,1.5343944
Refactoring,High,Senior,JavaScript,Medium,6,4,2,12,5,14,False,3,False,3.0,2,1,1,0,3.09624
Refactoring,Medium,Mid,Java,High,7,2,3,14,9,10,False,2,False,2.375,1,1,0,0,3.04678125
Feature Dev,Medium,Junior,Other,High,3,5,2,6,3,18,True,0,False,3.4,1,3,1,0,1.27872675
Code Review,High,Tech Lead,Other,Low,10,5,1,20,2,10,True,1,True,3.45,2,2,0,1,5.42942617
Client Meeting,Low,Senior,Go,Low,2,3,3,4,1,11,True,3,False,4.16666667,1,1,0,1,1.43822044
Testing,Medium,Tech Lead,Go,Critical,2,5,1,4,5,15,False,3,False,2.7,3,1,1,0,0.99455312
Feature Dev,High,Mid,Other,Critical,12,3,0,24,9,18,True,2,True,5.58333333,0,1,1,1,4.39140702
Documentation,High,Mid,Go,Critical,6,4,1,12,8,9,False,1,False,3.0,2,1,1,0,2.35765775
Feature Dev,High,Tech Lead,Python,Critical,3,4,1,6,4,12,True,0,True,3.0,2,1,1,0,1.38416442
Code Review,High,Junior,C++,Critical,9,3,3,18,1,13,False,0,False,3.5,1,1,1,0,3.50062088
Refactoring,Medium,Senior,Other,High,5,4,0,10,2,14,True,3,False,5.1875,1,0,2,1,1.64425275
Deployment,High,Junior,Python,Critical,8,4,0,16,8,13,False,3,False,4.5625,1,1,1,1,2.71358887
Code Review,Low,Mid,Go,Medium,12,3,3,24,3,17,False,3,False,2.66666667,1,2,0,0,4.901
Testing,High,Senior,Java,High,13,3,2,26,4,9,True,1,False,5.0,1,0,1,1,4.7147562
Testing,Medium,Senior,Other,Medium,4,5,3,8,10,15,False,1,False,2.2,3,2,0,0,2.1285
Code Review,High,Mid,JavaScript,High,11,3,3,22,9,17,False,0,False,3.25,0,3,0,0,4.6490625
Testing,High,Mid,Python,Low,3,2,2,6,5,17,False,3,False,3.625,1,0,1,0,1.94100638
Client Meeting,Medium,Mid,Java,Low,6,5,3,12,9,16,True,3,False,2.55,2,3,0,0,3.53819813
Refactoring,Low,Mid,JavaScript,High,9,3,1,18,3,17,False,0,False,4.16666667,1,1,0,1,2.58445125
Refactoring,High,Mid,JavaScript,High,6,5,2,12,4,14,False,1,False,3.8,1,3,0,1,2.458638
Bug Fix,Low,Senior,Other,High,8,3,3,16,3,17,False,2,True,1.5,3,0,0,0,3.5820675
Code Review,Medium,Mid,Java,High,7,5,2,14,4,12,False,2,False,2.2,3,2,0,0,2.9403
Documentation,High,Tech Lead,Java,High,2,3,2,4,4,12,True,1,False,2.66666667,1,2,0,0,1.20582
Feature Dev,High,Junior,Python,Critical,13,3,1,26,2,13,True,2,False,3.5,1,1,1,0,5.06903631
Bug Fix,High,Tech Lead,Java,Critical,4,4,2,8,5,15,False,3,False,3.0,2,1,1,0,1.911191
Code Review,Medium,Junior,Python,High,7,5,3,14,2,12,False,1,False,2.7,3,1,1,0,2.82219075
Deployment,High,Junior,Go,High,7,5,3,14,8,16,True,1,False,3.4,1,3,1,0,3.21386657
Code Review,Low,Mid,Go,Medium,10,3,2,20,2,13,False,3,False,3.58333333,2,0,0,1,3.674125
Feature Dev,Medium,Mid,Python,Low,6,4,2,12,1,16,False,1,True,4.5625,1,1,1,1,2.7175995
Code Review,Medium,Junior,Python,High,4,3,2,8,1,13,False,2,False,4.91666667,0,1,2,0,1.5175125
Deployment,Low,Tech Lead,JavaScript,Low,3,5,0,6,3,10,False,1,False,2.2,3,2,0,0,1.28502
Feature Dev,Medium,Senior,Go,High,9,4,3,18,9,16,False,1,True,3.0,2,1,1,0,3.78598275
Testing,Low,Senior,Other,Low,12,4,2,24,8,17,False,3,False,1.9375,3,1,0,0,5.4289125
Refactoring,High,Junior,JavaScript,Critical,1,4,2,2,5,16,False,3,False,4.125,2,0,1,1,0.74084725
Feature Dev,High,Junior,Other,Low,2,2,0,4,2,15,True,3,False,3.25,0,2,0,0,1.32103125
Bug Fix,High,Senior,C++,Low,2,3,3,4,2,13,False,0,False,3.5,1,1,1,0,1.35215575
Deployment,Medium,Junior,Python,Low,7,5,2,14,4,12,False,2,True,3.45,2,2,0,1,3.51833213
Code Review,Medium,Tech Lead,Go,Medium,7,4,1,14,6,10,True,2,True,1.9375,3,1,0,0,3.64961953
Testing,High,Mid,Java,Critical,1,3,3,2,5,17,True,1,False,2.91666667,2,0,1,0,0.8343064
Design Review,Medium,Junior,C++,Medium,2,5,1,4,10,11,True,3,False,3.55,2,1,2,0,1.13813438
Design Review,Medium,Junior,Java,Low,4,4,2,8,3,13,False,2,True,3.5,2,1,0,1,2.23290375
Feature Dev,High,Tech Lead,JavaScript,Critical,8,2,3,16,9,12,False,2,False,4.5,0,1,1,0,3.12382438
Design Review,Medium,Senior,Java,Critical,9,2,3,18,10,12,True,0,False,2.375,1,1,0,0,3.54685078
Deployment,High,Mid,JavaScript,High,7,3,3,14,5,10,False,1,False,3.58333333,2,0,0,1,2.96816813
Design Review,High,Senior,Python,Medium,7,3,0,14,3,11,True,3,False,4.91666667,0,1,2,0,2.96758
Bug Fix,Medium,Senior,JavaScript,Medium,4,4,3,8,10,13,False,2,False,3.4375,1,2,1,0,2.02563281
Bug Fix,Medium,Senior,Go,Critical,3,3,2,6,4,12,False,1,True,2.08333333,2,1,0,0,1.48976667
Feature Dev,High,Mid,Java,High,1,3,0,2,10,9,False,3,False,3.5,1,1,1,0,0.613719
Code Review,Medium,Mid,Other,High,9,2,0,18,10,18,False,2,False,3.25,0,2,0,0,3.20625
Feature Dev,High,Junior,Python,Critical,6,3,2,12,4,13,True,2,False,2.08333333,2,1,0,0,2.89742688
Testing,High,Junior,C++,Low,1,4,0,2,2,17,False,2,False,3.0,2,1,1,0,0.669009
Client Meeting,High,Tech Lead,Java,High,8,2,1,16,1,11,False,1,False,5.75,0,0,2,0,2.826063
Refactoring,Medium,Senior,Other,High,7,3,1,14,5,10,True,3,False,2.91666667,2,0,1,0,2.84256984
Feature Dev,Medium,Mid,Python,Low,7,5,0,14,9,16,False,1,False,2.75,4,0,0,1,2.91685625
Client Meeting,High,Mid,Python,Low,11,4,0,22,5,13,False,2,False,3.0,2,1,1,0,5.331799
Deployment,Low,Mid,Go,Critical,4,3,0,8,2,11,False,2,False,2.66666667,1,2,0,0,1.34753333
Design Review,Low,Tech Lead,JavaScript,Low,8,5,1,16,1,9,True,2,False,2.75,4,0,0,1,3.41121309
Testing,Medium,Mid,JavaScript,Low,6,5,2,12,2,9,False,3,False,3.95,2,1,1,1,2.73999
Deployment,High,Mid,Python,Medium,4,2,1,8,6,13,True,0,False,2.375,1,1,0,0,2.05032187
Refactoring,High,Junior,Python,High,2,3,3,4,5,10,False,0,True,5.0,1,0,1,1,1.0606266
Deployment,Medium,Junior,Go,Low,10,4,2,20,9,17,False,3,False,4.5625,1,1,1,1,4.0587525
Design Review,Low,Tech Lead,Python,Medium,2,2,2,4,1,15,False,0,False,3.25,0,2,0,0,0.95625
Refactoring,Medium,Senior,Python,Critical,4,5,2,8,1,14,False,0,False,2.35,4,0,1,0,1.53913538
Documentation,Low,Senior,JavaScript,Medium,2,4,0,4,7,13,False,2,False,1.9375,3,1,0,0,0.922875
Code Review,High,Tech Lead,Go,Low,3,5,3,6,2,10,False,1,False,3.9,1,2,2,0,1.8060361
Design Review,High,Mid,Go,Critical,2,2,0,4,9,17,True,2,False,1.5,2,0,0,0,1.02459
Bug Fix,High,Junior,Python,Critical,4,4,3,8,6,10,False,2,False,2.375,2,2,0,0,2.07681562
Client Meeting,Medium,Tech Lead,JavaScript,Medium,2,3,1,4,3,17,False,3,False,2.91666667,2,0,1,0,1.15692708
Deployment,High,Junior,Python,Critical,11,5,3,22,7,9,False,1,False,3.05,2,2,1,0,4.38260914
Refactoring,High,Senior,JavaScript,Medium,1,3,3,2,6,12,False,1,True,3.25,0,3,0,0,1.0415625
Documentation,Medium,Tech Lead,JavaScript,High,2,4,0,4,4,12,True,0,False,3.9375,1,2,0,1,0.64862438
Testing,Low,Junior,C++,Low,7,2,1,14,7,16,False,0,True,1.5,2,0,0,0,3.3114675
Design Review,Medium,Tech Lead,Python,Medium,8,4,0,16,9,13,False,3,False,4.5625,1,1,1,1,2.8074375
Client Meeting,High,Tech Lead,Java,Critical,2,3,2,4,9,17,True,0,False,3.5,1,1,1,0,0.97697066
Client Meeting,High,Mid,Go,Low,6,4,3,12,4,13,True,3,True,3.5,2,1,0,1,3.91874608
Refactoring,High,Senior,Python,Medium,4,2,1,8,9,12,False,2,False,2.375,1,1,0,0,2.1489375
Testing,Low,Senior,C++,High,5,2,2,10,7,11,True,1,True,2.375,1,1,0,0,2.24402063
Bug Fix,Medium,Tech Lead,Java,Critical,13,5,1,26,8,16,True,3,False,2.55,2,3,0,0,4.90395281
Client Meeting,Medium,Junior,Java,Critical,12,2,0,24,9,11,True,1,False,3.625,1,0,1,0,3.89738573
Design Review,Medium,Junior,Java,High,12,4,1,24,6,13,False,3,False,3.5,2,1,0,1,4.15209375
Bug Fix,High,Senior,C++,Low,6,2,2,12,6,12,True,2,False,2.375,1,1,0,0,3.69470063
Client Meeting,Low,Mid,Go,Medium,5,5,1,10,5,9,False,0,False,3.8,1,3,0,1,1.685775
Testing,Medium,Mid,Python,Critical,13,5,1,26,3,14,False,2,False,2.2,3,2,0,0,4.670325
Feature Dev,Medium,Mid,Java,Low,5,3,0,10,8,13,True,0,False,5.58333333,0,1,1,1,1.80642
Code Review,Medium,Senior,Other,Critical,10,5,0,20,3,10,False,3,True,3.05,2,2,1,0,3.69514104
Bug Fix,High,Senior,Python,Critical,4,4,0,8,3,17,True,3,False,4.5625,1,1,1,1,1.53201864
Testing,Low,Senior,JavaScript,Low,9,5,2,18,2,14,False,0,False,3.45,2,2,0,1,3.43110075
Documentation,Low,Mid,Python,Low,9,2,1,18,4,12,False,0,True,2.375,1,1,0,0,4.02498938
Testing,High,Senior,JavaScript,Medium,1,4,3,2,4,12,False,2,False,2.8125,1,3,0,0,1.06490625
Testing,High,Tech Lead,C++,Low,7,3,3,14,1,10,False,3,False,5.58333333,0,1,1,1,3.414994
Documentation,Low,Junior,JavaScript,High,10,3,3,20,5,9,False,0,False,1.5,3,0,0,0,3.736125
Feature Dev,Medium,Junior,C++,Critical,9,5,2,18,1,9,True,3,False,3.05,2,2,1,0,3.44515264
Deployment,Medium,Junior,Other,Low,3,2,3,6,4,11,False,1,False,4.5,0,1,1,0,1.63384375
Client Meeting,Medium,Mid,C++,Critical,8,3,2,16,8,16,True,1,False,4.16666667,1,1,0,1,2.72167875
Testing,Medium,Tech Lead,Other,Medium,12,4,3,24,5,17,True,0,False,3.4375,1,2,1,0,4.96280039
Design Review,High,Mid,Other,Critical,13,3,0,26,8,10,False,2,True,2.08333333,2,1,0,0,5.75422375
Documentation,High,Junior,Go,Low,12,5,0,24,6,17,False,2,True,4.45,2,0,2,1,5.40528417
Testing,Low,Junior,Java,High,8,2,1,16,5,9,False,2,False,2.375,1,1,0,0,2.85249375
Design Review,Medium,Junior,Python,Critical,11,2,3,22,6,13,False,2,False,3.25,0,2,0,0,4.02421875
Client Meeting,Low,Junior,Python,Medium,8,2,3,16,5,16,True,3,True,1.5,2,0,0,0,4.29746625
Refactoring,Medium,Junior,Java,Critical,2,2,2,4,10,13,False,3,True,3.625,1,0,1,0,1.16656444
Design Review,High,Mid,JavaScript,Low,1,3,3,2,9,15,True,1,False,3.5,1,1,1,0,1.04668699
Bug Fix,Low,Mid,JavaScript,Medium,9,5,2,18,5,14,True,2,False,1.85,4,1,0,0,3.9564525
Testing,High,Junior,JavaScript,Medium,1,3,3,2,7,18,False,3,True,2.08333333,2,1,0,0,1.32545417
Client Meeting,Medium,Mid,Python,Low,5,5,2,10,8,18,False,1,False,3.1,3,1,0,1,2.37006
Code Review,High,Junior,C++,High,7,3,0,14,10,17,False,2,False,4.16666667,1,1,0,1,2.6073225
Design Review,Medium,Junior,Java,High,2,5,1,4,7,9,False,0,False,3.45,2,2,0,1,0.75336188
Code Review,Low,Tech Lead,JavaScript,Medium,7,4,0,14,8,15,True,2,False,2.8125,1,3,0,0,2.739975
Code Review,Medium,Mid,C++,Medium,7,5,2,14,2,14,False,0,False,3.8,1,3,0,1,2.67995
Refactoring,Medium,Tech Lead,Python,Low,11,3,3,22,10,16,False,1,False,4.08333333,0,2,1,0,4.73147813
Refactoring,Medium,Senior,JavaScript,Critical,3,5,1,6,2,18,False,2,False,4.25,0,3,2,0,1.09912438
Client Meeting,High,Senior,Java,High,12,4,3,24,6,12,False,2,True,4.0625,1,1,2,0,5.14967867
Documentation,Low,Tech Lead,JavaScript,Medium,12,2,2,24,9,10,True,3,False,1.5,2,0,0,0,5.29515
Testing,High,Senior,Python,Medium,5,2,3,10,6,12,False,3,False,5.75,0,0,2,0,2.43695
Design Review,High,Junior,Java,Critical,5,4,1,10,2,12,False,2,False,2.375,2,2,0,0,2.21026563
Documentation,High,Junior,JavaScript,Critical,4,5,3,8,3,12,True,1,False,3.9,1,2,2,0,1.8146069
Bug Fix,Low,Mid,Go,Critical,13,3,0,26,10,16,False,2,False,1.5,3,0,0,0,4.2517
Bug Fix,High,Tech Lead,JavaScript,Medium,13,3,3,26,3,13,False,0,False,3.58333333,2,0,0,1,5.62491042
Feature Dev,Low,Tech Lead,Java,Medium,6,4,3,12,6,11,False,0,True,3.9375,1,2,0,1,2.46322828
Testing,Medium,Junior,Python,High,1,5,3,2,6,10,False,3,False,4.45,2,0,2,1,0.80830912
Documentation,High,Tech Lead,C++,Medium,5,2,1,10,1,10,True,3,False,1.5,2,0,0,0,2.9596875
Bug Fix,Medium,Junior,Java,Medium,12,2,2,24,8,11,False,3,False,3.625,1,0,1,0,4.8124125
Documentation,High,Junior,Java,Medium,3,3,1,6,1,10,False,1,False,2.66666667,1,2,0,0,1.57566667
Testing,Medium,Junior,Python,Low,7,4,1,14,10,13,True,1,False,4.0625,1,1,2,0,2.96989842
Design Review,High,Mid,Java,High,5,2,1,10,5,12,True,0,True,1.5,2,0,0,0,2.61044438
Refactoring,High,Junior,Python,Critical,13,5,0,26,8,13,True,1,True,3.05,2,2,1,0,5.48599544
Client Meeting,High,Mid,JavaScript,Low,2,5,2,4,8,15,True,2,False,4.8,1,1,2,1,1.25533254
Feature Dev,Medium,Junior,Other,Medium,4,3,2,8,2,16,True,0,False,2.66666667,1,2,0,0,1.9285
Bug Fix,Medium,Mid,JavaScript,Low,2,3,1,4,7,14,False,3,False,5.0,1,0,1,1,1.07525
Deployment,Medium,Senior,Python,High,3,5,1,6,10,18,False,2,False,3.55,2,1,2,0,1.20967425
Refactoring,Medium,Junior,Python,Critical,1,4,3,2,8,17,False,0,True,1.5,4,0,0,0,0.81461875
Bug Fix,Medium,Senior,C++,High,11,4,3,22,10,10,False,3,True,1.9375,3,1,0,0,5.11443281
Refactoring,High,Junior,Java,Low,3,5,1,6,5,11,True,1,False,3.55,2,1,2,0,1.63253995
Feature Dev,High,Senior,Python,High,2,3,0,4,6,9,True,0,False,2.91666667,2,0,1,0,0.80466592
Testing,Medium,Senior,JavaScript,Critical,5,3,3,10,9,10,True,1,False,2.66666667,1,2,0,0,2.2000125
Documentation,High,Mid,C++,Critical,3,5,1,6,5,17,False,0,True,3.95,2,1,1,1,1.18778567
Documentation,Low,Junior,C++,Low,12,4,0,24,5,10,False,3,False,3.9375,1,2,0,1,4.36019719
Deployment,Medium,Senior,Python,Low,2,5,1,4,3,10,True,2,False,3.4,1,3,1,0,1.19821433
Bug Fix,High,Senior,Other,Low,10,5,2,20,7,17,True,1,False,3.05,2,2,1,0,5.30765812
Deployment,High,Tech Lead,Java,Critical,8,3,3,16,5,18,False,2,True,2.66666667,1,2,0,0,3.91359833
Bug Fix,Medium,Tech Lead,Go,Critical,6,4,2,12,3,9,False,3,False,5.0,0,2,1,1,1.9941
Testing,Low,Mid,Other,Low,1,3,0,2,6,9,True,1,True,3.25,0,3,0,0,0.54790313
Design Review,Medium,Junior,C++,Critical,2,5,2,4,7,15,True,3,False,3.05,2,2,1,0,1.14838421
Design Review,Medium,Mid,Go,Low,2,3,1,4,1,16,True,1,False,4.16666667,1,1,0,1,1.02730031
Design Review,Medium,Senior,Go,Low,12,3,1,24,2,14,False,0,False,4.16666667,1,1,0,1,4.61236875
Feature Dev,Medium,Senior,Other,Critical,2,3,1,4,6,11,False,1,True,3.5,1,1,1,0,0.88087519
Client Meeting,Medium,Senior,Java,Low,9,3,2,18,5,12,True,3,False,2.08333333,2,1,0,0,4.8307875
Design Review,High,Senior,C++,Medium,12,4,2,24,2,14,True,3,True,4.0625,1,1,2,0,5.95927159
Deployment,Low,Senior,Java,High,7,4,3,14,3,15,True,3,False,1.9375,3,1,0,0,3.09980672
Documentation,Medium,Senior,Go,High,8,4,2,16,4,13,False,3,False,4.125,2,0,1,1,2.812095
Code Review,High,Tech Lead,JavaScript,Low,13,5,1,26,2,11,True,0,True,4.8,1,1,2,1,5.96106149
Client Meeting,Medium,Senior,Java,High,12,4,1,24,2,9,False,0,False,3.0,2,1,1,0,4.1052825
Bug Fix,Medium,Junior,Java,High,3,3,2,6,1,12,True,3,False,2.91666667,2,0,1,0,1.57434637
Refactoring,High,Junior,Other,High,3,2,0,6,3,12,False,2,False,2.375,1,1,0,0,1.3953375
Bug Fix,Medium,Tech Lead,JavaScript,High,1,4,3,2,6,11,True,1,False,2.5625,3,0,1,0,0.84632576
Deployment,Low,Junior,Other,High,13,2,0,26,6,9,False,3,False,1.5,2,0,0,0,4.59405
Refactoring,High,Junior,Go,Medium,8,2,1,16,5,11,True,2,False,5.75,0,0,2,0,3.3809685
Deployment,High,Senior,JavaScript,Medium,12,2,2,24,3,18,False,0,True,2.375,1,1,0,0,6.2819625
Bug Fix,High,Senior,Python,High,5,3,0,10,8,9,True,1,False,5.0,1,0,1,1,1.773576
Design Review,High,Senior,Java,Low,13,4,3,26,4,9,True,0,False,3.0,2,1,1,0,6.84365798
Bug Fix,Medium,Tech Lead,Python,High,6,5,2,12,3,16,False,1,False,2.2,3,2,0,0,2.4948
Code Review,Medium,Tech Lead,C++,Medium,2,4,3,4,9,10,True,3,False,3.0,2,1,1,0,1.49974125
Deployment,High,Mid,Other,High,7,4,3,14,8,14,True,3,False,3.4375,1,2,1,0,3.37754015
Testing,Low,Mid,Python,Low,5,3,3,10,5,11,False,0,False,4.16666667,1,1,0,1,2.09653125
Code Review,High,Mid,Java,Medium,5,4,0,10,8,18,False,1,False,3.5,2,1,0,1,2.109
Bug Fix,Medium,Senior,Other,Critical,4,2,1,8,6,12,True,2,True,1.5,2,0,0,0,1.96227281
Feature Dev,Low,Mid,Go,Medium,2,5,2,4,10,15,True,0,False,2.2,3,2,0,0,1.06029
Bug Fix,High,Senior,JavaScript,High,5,4,1,10,7,13,False,3,False,3.625,2,0,2,0,2.13747188
Testing,Medium,Junior,Python,High,10,4,2,20,4,16,False,0,False,5.0,0,2,1,1,3.02634
Design Review,Medium,Mid,C++,Medium,9,4,1,18,5,18,True,3,False,2.375,2,2,0,0,4.17276562
Design Review,High,Mid,Java,Medium,13,2,2,26,9,12,True,0,False,1.5,2,0,0,0,6.75885
Feature Dev,High,Senior,Other,Medium,4,3,2,8,5,15,True,1,False,2.91666667,2,0,1,0,2.176874
Deployment,Low,Mid,Go,Medium,4,3,1,8,8,12,True,2,True,2.08333333,2,1,0,0,2.05883563
Code Review,High,Senior,C++,Low,11,4,3,22,3,17,False,1,False,3.4375,1,2,1,0,5.55563559
Testing,High,Junior,Python,Low,2,3,2,4,10,16,False,3,False,3.5,1,1,1,0,1.500202
Bug Fix,High,Tech Lead,JavaScript,Medium,6,2,1,12,10,12,False,1,False,4.5,0,1,1,0,2.5547375
Testing,Medium,Mid,Other,High,5,2,3,10,3,14,True,1,False,3.625,1,0,1,0,2.14753908
Feature Dev,Medium,Senior,Python,Low,9,4,1,18,7,13,False,1,False,3.4375,1,2,1,0,3.81269109
Deployment,High,Junior,Other,Low,3,2,0,6,5,14,False,2,False,2.375,1,1,0,0,1.7054125
Feature Dev,Low,Mid,Python,Critical,12,2,3,24,8,13,True,3,False,2.375,1,1,0,0,4.44013172
Testing,Medium,Senior,C++,High,7,2,0,14,5,14,False,2,False,3.625,1,0,1,0,2.40620625
Client Meeting,Medium,Junior,Other,Medium,7,5,2,14,5,13,True,0,False,3.95,2,1,1,1,2.7026265
Code Review,Medium,Tech Lead,Python,Low,10,4,2,20,1,11,False,1,False,4.125,2,0,1,1,3.97969
Bug Fix,Low,Senior,JavaScript,Medium,11,5,2,22,8,17,False,1,False,2.9,1,4,0,0,4.1638
Deployment,Medium,Junior,JavaScript,Critical,5,3,1,10,9,10,False,2,True,4.16666667,1,1,0,1,1.86125385
Deployment,High,Tech Lead,Java,High,4,2,0,8,1,10,True,2,False,1.5,2,0,0,0,1.975995
Deployment,Medium,Senior,Python,High,6,5,0,12,3,13,False,0,True,3.4,1,3,1,0,2.1433896
Testing,Medium,Mid,Java,Medium,3,2,3,6,3,14,False,1,False,1.5,2,0,0,0,1.79375
Deployment,Medium,Tech Lead,Java,Medium,3,4,3,6,6,15,False,2,False,3.0,2,1,1,0,1.704775
Feature Dev,Low,Senior,Go,Critical,1,2,1,2,7,14,False,0,True,2.375,1,1,0,0,0.5
Feature Dev,Medium,Senior,C++,Critical,4,3,3,8,5,14,False,1,False,2.08333333,2,1,0,0,1.81988542
Testing,Low,Tech Lead,Other,Medium,9,3,0,18,8,12,True,2,False,2.08333333,2,1,0,0,3.59695
Deployment,Low,Tech Lead,JavaScript,Critical,10,5,2,20,5,9,True,0,False,1.5,5,0,0,0,3.56776875
Deployment,High,Mid,Go,Medium,6,3,1,12,8,14,False,1,False,2.08333333,2,1,0,0,2.99745833
Client Meeting,High,Tech Lead,C++,Critical,8,3,0,16,7,10,False,2,False,2.91666667,2,0,1,0,3.05243642
Code Review,Medium,Tech Lead,Other,Critical,11,4,2,22,5,16,False,0,True,4.5625,1,1,1,1,3.52493831
Client Meeting,High,Mid,Java,Critical,12,3,3,24,10,11,False,1,False,2.08333333,2,1,0,0,5.13800208
Feature Dev,Low,Senior,C++,High,8,4,3,16,2,15,True,1,False,1.9375,3,1,0,0,3.25147922
Testing,High,Mid,Python,High,7,2,2,14,10,14,False,0,False,3.625,1,0,1,0,2.823282
Deployment,Medium,Mid,Java,Medium,8,4,0,16,6,14,False,2,False,3.0,2,1,1,0,3.1331
Design Review,High,Tech Lead,Python,High,4,4,2,8,6,11,False,0,False,2.375,2,2,0,0,1.8898875
Feature Dev,High,Mid,Python,Low,8,3,0,16,1,15,False,0,True,2.91666667,2,0,1,0,4.12125193
Design Review,Low,Mid,Java,Medium,6,2,3,12,1,14,True,1,True,3.25,0,2,0,0,2.93442188
Client Meeting,High,Junior,Python,Low,10,5,0,20,8,16,False,1,False,3.9,1,2,2,0,4.398119
Design Review,Low,Mid,Other,High,6,4,0,12,4,13,False,2,True,2.375,2,2,0,0,2.2925925
Bug Fix,High,Tech Lead,JavaScript,Medium,7,3,3,14,7,16,True,3,False,4.33333333,1,0,2,0,3.4612445
Feature Dev,High,Tech Lead,JavaScript,Medium,3,3,1,6,6,15,True,0,False,5.0,1,0,1,1,1.256283
Testing,Low,Tech Lead,C++,High,4,3,2,8,10,11,True,1,False,2.66666667,1,2,0,0,1.68084
Design Review,Low,Junior,Go,Critical,11,5,2,22,7,11,False,1,False,2.2,3,2,0,0,3.66894
Bug Fix,Medium,Junior,Python,High,6,5,0,12,8,17,False,0,True,2.55,2,3,0,0,2.31066
Feature Dev,Medium,Junior,JavaScript,Low,13,4,1,26,8,13,False,1,True,3.875,0,3,1,0,5.79697766
Client Meeting,Medium,Tech Lead,Go,Critical,10,4,1,20,9,18,False,3,True,4.5625,1,1,1,1,3.33744159
Testing,Medium,Tech Lead,JavaScript,High,5,5,2,10,7,13,True,0,False,3.55,2,1,2,0,1.88475053
Client Meeting,Medium,Tech Lead,Java,Critical,2,2,3,4,4,15,False,0,False,2.375,1,1,0,0,1.04257812
Client Meeting,High,Mid,Java,Critical,2,3,1,4,8,14,True,1,False,2.08333333,2,1,0,0,1.03987406
Code Review,High,Tech Lead,C++,High,10,5,3,20,2,14,True,0,False,3.05,2,2,1,0,4.38605567
Refactoring,High,Senior,Java,Critical,8,2,0,16,4,13,True,1,False,2.375,1,1,0,0,3.31039406
Client Meeting,Medium,Senior,Java,Critical,4,3,1,8,4,11,True,2,True,2.66666667,1,2,0,0,1.85059875
Refactoring,High,Junior,Other,High,10,3,3,20,5,14,False,2,False,4.08333333,0,2,1,0,4.10582813
Refactoring,High,Junior,JavaScript,Critical,9,5,2,18,5,11,True,0,False,4.8,1,1,2,1,3.03305058
Deployment,Low,Mid,Python,Medium,6,5,1,12,2,18,False,3,True,2.2,3,2,0,0,2.84229
Refactoring,High,Tech Lead,Go,Low,1,5,1,2,5,13,True,3,False,2.55,2,3,0,0,1.02214613
Client Meeting,Medium,Mid,Go,Low,10,4,2,20,5,17,True,3,False,3.0,2,1,1,0,4.8959295
Design Review,Medium,Senior,Python,Low,3,3,2,6,7,18,True,0,False,4.75,0,2,0,1,1.41956719
Design Review,High,Mid,Python,Critical,6,4,1,12,1,12,True,0,False,3.4375,1,2,1,0,2.33818796
Refactoring,High,Tech Lead,Go,High,9,3,2,18,5,9,True,3,True,2.08333333,2,1,0,0,4.90669988
Bug Fix,High,Junior,JavaScript,High,11,5,2,22,7,15,False,0,False,3.45,2,2,0,1,4.250547
Client Meeting,High,Tech Lead,Other,High,6,2,2,12,3,13,False,1,True,2.375,1,1,0,0,3.0697425
Client Meeting,High,Senior,Python,Critical,11,3,3,22,8,17,False,1,False,2.91666667,2,0,1,0,4.41344544
Client Meeting,Medium,Tech Lead,C++,Medium,11,4,1,22,2,14,False,1,False,3.4375,1,2,1,0,4.18630781
Feature Dev,Low,Tech Lead,Go,Critical,9,3,0,18,3,16,True,3,False,2.66666667,1,2,0,0,3.054135
Deployment,High,Mid,Java,Medium,5,3,1,10,7,11,True,0,False,2.66666667,1,2,0,0,2.48675
Code Review,High,Tech Lead,Python,Low,6,3,3,12,7,15,False,1,False,2.91666667,2,0,1,0,3.36989721
Feature Dev,High,Senior,Java,High,11,2,3,22,7,14,False,2,False,3.25,0,2,0,0,4.8178125
Client Meeting,Medium,Tech Lead,Python,Low,10,2,1,20,7,16,True,2,True,1.5,2,0,0,0,5.66484188
Client Meeting,Low,Senior,Go,Low,9,3,2,18,2,14,True,2,False,2.66666667,1,2,0,0,4.17571
Code Review,High,Junior,Other,Critical,5,4,0,10,5,12,True,2,False,3.9375,1,2,0,1,1.91434277
Deployment,High,Senior,Other,Low,2,4,3,4,5,14,False,3,True,3.4375,1,2,1,0,1.81919832
Bug Fix,Medium,Junior,C++,High,5,5,2,10,3,18,False,3,False,3.95,2,1,1,1,1.942902
Feature Dev,High,Mid,Python,Critical,1,5,1,2,1,17,False,2,True,3.55,2,1,2,0,0.65673605
Feature Dev,High,Junior,Go,Low,11,4,3,22,2,11,False,2,True,2.8125,1,3,0,0,6.62841781
Testing,Medium,Tech Lead,Python,Critical,1,4,3,2,5,16,True,1,False,3.0,2,1,1,0,0.78131681
Client Meeting,High,Junior,Other,Low,8,4,3,16,3,12,False,3,False,4.5625,1,1,1,1,3.90875513
Code Review,High,Mid,Python,Critical,3,3,0,6,4,15,False,3,False,4.08333333,0,2,1,0,1.2408725
Deployment,Low,Mid,Go,Critical,4,3,0,8,5,10,False,1,False,3.58333333,2,0,0,1,1.14510229
Deployment,Low,Tech Lead,Java,Low,5,4,0,10,7,15,False,2,False,3.5,2,1,0,1,1.93325
Bug Fix,Medium,Senior,JavaScript,Low,5,3,1,10,6,9,False,0,False,2.91666667,2,0,1,0,2.18890604
Design Review,High,Tech Lead,C++,Medium,9,4,1,18,8,16,False,0,True,2.375,2,2,0,0,4.63051875
Documentation,Medium,Mid,JavaScript,Low,10,5,3,20,5,10,True,2,True,3.9,1,2,2,0,5.02578673
Documentation,Medium,Tech Lead,Go,Critical,8,5,2,16,6,15,False,0,False,4.65,0,3,1,1,2.3743475
Bug Fix,Medium,Tech Lead,Go,High,13,2,0,26,7,9,True,2,True,4.5,0,1,1,0,4.76428838
Documentation,High,Mid,Python,Medium,13,3,3,26,9,18,False,2,False,4.75,0,2,0,1,5.43245625
Testing,High,Mid,Python,Medium,2,3,0,4,8,13,False,1,False,4.16666667,1,1,0,1,0.864025
Code Review,High,Tech Lead,Python,Medium,3,3,1,6,3,11,False,0,False,5.58333333,0,1,1,1,1.19646
Client Meeting,Medium,Senior,Python,Medium,1,5,0,2,2,16,True,3,False,3.9,1,2,2,0,0.6252645
Design Review,Medium,Tech Lead,JavaScript,Medium,10,5,0,20,6,17,False,1,False,4.8,1,1,2,1,3.13814
Deployment,High,Junior,C++,Critical,4,4,2,8,8,10,True,1,False,2.375,2,2,0,0,1.961715
Refactoring,Medium,Tech Lead,Go,Low,12,5,2,24,8,13,True,2,False,1.85,4,1,0,0,6.16741125
Refactoring,High,Tech Lead,Java,Medium,3,3,3,6,5,13,True,2,True,4.91666667,0,1,2,0,1.88255856
Refactoring,High,Mid,JavaScript,Medium,9,3,3,18,10,10,False,2,True,2.91666667,2,0,1,0,4.87667904
Deployment,Medium,Senior,Python,Low,1,3,0,2,9,12,True,1,False,4.08333333,0,2,1,0,0.50182344
Refactoring,Medium,Mid,Java,Critical,5,4,3,10,9,17,True,1,False,3.0,2,1,1,0,2.09721881
Refactoring,Medium,Senior,JavaScript,Low,10,2,0,20,7,12,False,0,False,4.5,0,1,1,0,3.7345
Design Review,High,Senior,Java,High,6,3,0,12,7,10,True,0,False,2.08333333,2,1,0,0,2.5973325
Testing,Medium,Senior,Java,Low,10,5,2,20,8,13,True,1,True,3.05,2,2,1,0,5.13781307
Feature Dev,High,Junior,Go,Low,4,3,1,8,5,9,False,2,False,4.16666667,1,1,0,1,2.04062375
Design Review,Medium,Junior,C++,Critical,4,4,1,8,6,15,True,1,True,3.4375,1,2,1,0,1.63512457
Deployment,High,Senior,Java,Low,13,3,1,26,1,13,True,3,False,4.91666667,0,1,2,0,5.96298106
Client Meeting,High,Mid,JavaScript,Critical,4,2,1,8,9,15,True,2,True,2.375,1,1,0,0,2.10971939
Code Review,Low,Senior,C++,Low,2,4,2,4,1,13,True,3,False,3.0625,3,0,0,1,1.37142534
Client Meeting,Low,Junior,C++,Low,9,4,3,18,3,18,True,2,True,3.9375,1,2,0,1,4.24029176
Design Review,High,Mid,JavaScript,High,10,5,1,20,4,16,False,2,False,3.05,2,2,1,0,4.09447913
Code Review,Medium,Mid,Python,Medium,3,4,2,6,7,9,False,1,True,3.0625,3,0,0,1,1.583175
Documentation,High,Senior,Other,Critical,13,5,2,26,2,16,True,2,True,3.4,1,3,1,0,5.73892565
Client Meeting,Medium,Mid,JavaScript,High,7,3,2,14,10,10,False,1,False,3.5,1,1,1,0,2.58408
Client Meeting,High,Tech Lead,Java,Low,7,5,1,14,9,14,True,2,False,3.55,2,1,2,0,3.57556295
Design Review,Medium,Tech Lead,Go,Medium,2,4,1,4,1,15,False,0,False,3.9375,1,2,0,1,0.81507031
Client Meeting,Low,Junior,Go,High,6,5,2,12,8,16,False,3,False,2.2,3,2,0,0,2.45916
Bug Fix,Medium,Tech Lead,C++,High,6,2,1,12,1,13,True,2,False,4.5,0,1,1,0,2.20568906
Bug Fix,Medium,Mid,Other,Medium,8,2,3,16,10,14,True,3,False,2.375,1,1,0,0,4.06973438
Feature Dev,Medium,Senior,Java,Medium,11,4,2,22,8,17,False,2,True,3.0,2,1,1,0,4.966885
Code Review,High,Mid,Go,Low,4,2,2,8,9,16,False,2,False,3.25,0,2,0,0,2.413125
Design Review,Low,Senior,Python,High,1,2,3,2,9,18,True,1,True,3.25,0,2,0,0,0.88682344
Bug Fix,Low,Tech Lead,JavaScript,Low,10,5,1,20,5,10,True,1,False,2.2,3,2,0,0,4.4022825
Bug Fix,Medium,Senior,JavaScript,Critical,11,4,2,22,9,11,False,2,False,4.5625,1,1,1,1,3.34085063
Client Meeting,High,Senior,Go,Critical,2,4,3,4,10,17,True,1,False,5.625,0,1,2,1,0.99250909
Deployment,Low,Senior,Java,Medium,4,3,0,8,10,10,False,3,False,2.08333333,2,1,0,0,1.73275
Client Meeting,Medium,Senior,C++,Medium,10,3,3,20,1,13,False,3,False,5.0,1,0,1,1,3.7145
Design Review,High,Senior,C++,Critical,1,5,1,2,6,18,True,2,False,3.4,1,3,1,0,0.65215064
Testing,Medium,Mid,JavaScript,Medium,12,3,1,24,8,13,True,0,False,3.5,1,1,1,0,4.66345688
Client Meeting,Low,Senior,Go,Medium,9,3,3,18,8,14,False,0,False,3.58333333,2,0,0,1,3.22798125
Code Review,Medium,Senior,Python,Medium,12,5,2,24,6,18,False,2,False,2.55,2,3,0,0,5.15425
Design Review,High,Mid,Go,Medium,1,4,3,2,4,10,False,0,False,3.0,2,1,1,0,0.838565
Bug Fix,High,Tech Lead,Other,Medium,11,3,1,22,6,12,False,1,False,3.5,1,1,1,0,4.7643975
Client Meeting,High,Junior,C++,Critical,2,4,3,4,7,10,False,3,False,4.5,0,2,2,0,1.16753875
Testing,High,Tech Lead,C++,High,9,2,1,18,8,15,True,2,False,2.375,1,1,0,0,4.16349281
Deployment,Medium,Junior,Go,Critical,3,3,3,6,4,11,True,2,False,2.08333333,2,1,0,0,1.64424531
Client Meeting,Medium,Senior,Go,Medium,11,5,1,22,9,16,True,1,False,4.3,1,2,1,1,3.9753315
Documentation,High,Junior,Python,Medium,7,3,3,14,5,17,False,3,False,4.16666667,1,1,0,1,3.36292083
Design Review,Medium,Mid,Go,Critical,10,5,2,20,10,11,True,1,False,3.45,2,2,0,1,3.46017788
Refactoring,Medium,Tech Lead,Other,Critical,3,3,0,6,2,12,False,2,False,5.58333333,0,1,1,1,0.93058
Feature Dev,Medium,Mid,Java,Critical,3,2,2,6,5,11,True,2,False,3.25,0,2,0,0,1.42242188
Deployment,Medium,Mid,Go,Critical,4,4,2,8,6,12,False,2,True,2.375,2,2,0,0,1.92668438
Bug Fix,Medium,Junior,Other,Low,7,2,2,14,8,18,False,0,False,4.5,0,1,1,0,2.8942375
Feature Dev,Low,Junior,JavaScript,Medium,6,2,0,12,1,18,True,0,False,2.375,1,1,0,0,2.225475
Testing,Medium,Tech Lead,JavaScript,Low,2,2,0,4,7,11,False,1,False,1.5,2,0,0,0,1.01475
Design Review,High,Mid,C++,Low,7,2,3,14,6,12,True,0,False,3.625,1,0,1,0,3.77761013
Deployment,Low,Tech Lead,JavaScript,Critical,12,4,2,24,7,10,True,2,True,1.5,4,0,0,0,4.85033588
Client Meeting,Medium,Senior,Java,High,12,2,3,24,4,14,True,3,False,3.25,0,2,0,0,4.91695313
Deployment,Low,Senior,Other,Critical,10,2,3,20,6,17,False,2,False,2.375,1,1,0,0,3.54476562
Client Meeting,Low,Senior,Other,Critical,1,2,2,2,3,13,False,1,False,2.375,1,1,0,0,0.6338875
Bug Fix,Medium,Senior,C++,High,13,4,1,26,1,13,False,1,False,3.625,2,0,2,0,4.23608063
Code Review,Medium,Mid,C++,Medium,6,2,0,12,9,14,False,2,False,3.625,1,0,1,0,2.3170875
Testing,Medium,Mid,C++,High,13,3,0,26,1,18,False,1,True,2.66666667,1,2,0,0,5.0721
Refactoring,High,Senior,Python,Low,5,2,2,10,8,18,False,1,True,3.625,1,0,1,0,2.91150956
Testing,High,Junior,Python,Medium,1,4,2,2,5,15,False,0,True,3.625,2,0,2,0,0.7219905
Client Meeting,Medium,Tech Lead,Java,Critical,8,2,1,16,1,17,True,3,True,2.375,1,1,0,0,3.51619898
Deployment,Low,Tech Lead,Python,Medium,6,5,3,12,9,15,False,1,False,2.2,3,2,0,0,2.6829
Bug Fix,Medium,Tech Lead,Java,Low,10,4,1,20,4,9,True,3,False,1.9375,3,1,0,0,5.15581172
Testing,High,Junior,Go,Low,2,5,0,4,8,12,True,0,False,3.55,2,1,2,0,0.92143359
Feature Dev,Medium,Tech Lead,C++,High,8,5,3,16,8,14,False,3,False,2.55,2,3,0,0,3.4572375
Feature Dev,High,Mid,Java,High,12,3,0,24,10,15,True,2,True,2.91666667,2,0,1,0,5.50321522
Code Review,Low,Junior,Python,High,5,2,0,10,1,17,True,0,True,2.375,1,1,0,0,1.83601688
Documentation,Medium,Senior,Java,High,6,5,3,12,2,17,False,2,True,3.95,2,1,1,1,2.50709085
Testing,Medium,Mid,Java,Critical,9,2,3,18,2,17,True,2,True,3.625,1,0,1,0,3.71842414
Deployment,High,Junior,Go,Medium,3,2,0,6,3,11,False,2,False,2.375,1,1,0,0,1.550375
Deployment,Low,Junior,JavaScript,Critical,12,2,3,24,9,10,False,0,True,1.5,2,0,0,0,4.57144875
Refactoring,High,Mid,JavaScript,Low,11,3,0,22,9,18,False,2,True,2.66666667,1,2,0,0,6.15244667
Feature Dev,Medium,Mid,Python,Critical,10,3,1,20,9,9,True,0,False,3.5,1,1,1,0,3.32330184
Deployment,High,Mid,JavaScript,Critical,1,2,3,2,4,9,True,2,False,2.375,1,1,0,0,0.97209984
Testing,High,Senior,Java,Low,7,3,3,14,6,18,False,3,False,2.91666667,2,0,1,0,4.04184046
Documentation,Medium,Senior,Other,Critical,6,5,2,12,10,12,False,0,True,3.6,3,0,1,1,2.1367368
Code Review,Medium,Junior,Go,Low,3,4,0,6,8,15,True,1,False,3.9375,1,2,0,1,1.28824008
Deployment,Low,Mid,Other,Critical,5,5,2,10,8,16,False,1,True,1.85,4,1,0,0,2.0724275
Refactoring,Medium,Mid,C++,Medium,1,5,3,2,2,9,False,1,True,2.2,3,2,0,0,1.03455
Bug Fix,High,Tech Lead,C++,Medium,5,2,3,10,3,12,False,1,False,2.375,1,1,0,0,2.7965625
Deployment,Low,Junior,Go,High,4,2,2,8,3,11,False,1,False,2.375,1,1,0,0,1.62495
Code Review,Medium,Tech Lead,C++,Low,6,5,1,12,9,10,False,3,False,3.2,3,0,2,0,2.770086
Documentation,Medium,Senior,Python,Medium,4,5,2,8,2,14,True,0,True,3.4,1,3,1,0,1.97965845
Client Meeting,Low,Senior,Go,Critical,4,4,0,8,3,18,False,0,False,1.9375,3,1,0,0,1.227825
Client Meeting,Medium,Mid,Java,Critical,6,4,1,12,6,9,False,3,False,3.4375,1,2,1,0,2.18093133
Feature Dev,High,Mid,Java,Critical,2,2,1,4,7,9,True,0,False,3.625,1,0,1,0,0.85106178
Code Review,High,Senior,Python,Medium,9,3,0,18,8,11,False,3,False,2.08333333,2,1,0,0,4.4215
Testing,Medium,Junior,Other,Low,8,2,1,16,9,10,True,2,True,2.375,1,1,0,0,4.42570734
Bug Fix,High,Senior,Python,Medium,3,3,1,6,3,17,False,3,False,2.08333333,2,1,0,0,1.822375
Feature Dev,High,Junior,Python,Medium,5,3,1,10,4,14,True,3,False,3.5,1,1,1,0,2.59080938
Bug Fix,Low,Mid,Other,High,9,2,1,18,2,9,False,2,False,1.5,2,0,0,0,3.311775
Design Review,Medium,Senior,Go,Medium,13,3,0,26,3,11,False,3,True,4.16666667,1,1,0,1,5.12485417
Bug Fix,Medium,Senior,Other,Critical,4,5,0,8,3,12,False,0,False,2.35,4,0,1,0,1.296114
Bug Fix,Medium,Junior,JavaScript,Medium,12,4,3,24,8,12,False,3,True,3.0,2,1,1,0,5.6257575
Feature Dev,Medium,Mid,Java,Low,13,5,2,26,1,14,False,1,False,3.1,3,1,0,1,5.53014
Design Review,Low,Senior,Python,High,12,4,3,24,10,14,False,3,False,3.5,2,1,0,1,4.00973625
Documentation,Low,Junior,Go,High,6,2,3,12,3,16,True,3,False,1.5,2,0,0,0,2.81869875
Documentation,Low,Tech Lead,JavaScript,Critical,8,2,0,16,8,14,False,1,False,2.375,1,1,0,0,2.48550625
Refactoring,Medium,Mid,Other,Critical,9,4,3,18,2,13,True,1,False,3.625,2,0,2,0,3.19875905
Feature Dev,High,Mid,Other,Medium,9,3,2,18,5,15,True,0,False,2.08333333,2,1,0,0,4.642575
Client Meeting,High,Senior,C++,Critical,4,4,0,8,9,9,False,1,False,5.1875,1,0,2,1,1.2474685
Design Review,Low,Junior,Other,High,5,5,1,10,4,9,False,3,False,3.8,1,3,0,1,1.7506125
Testing,Medium,Mid,C++,Critical,3,5,2,6,6,12,False,0,False,2.2,3,2,0,0,1.26225
Client Meeting,High,Mid,Java,Critical,8,2,0,16,9,13,True,1,True,2.375,1,1,0,0,3.64143347
Refactoring,High,Senior,Python,Critical,9,5,2,18,4,18,False,3,False,3.4,1,3,1,0,3.6345609
Deployment,Medium,Tech Lead,Java,Critical,8,4,0,16,3,11,True,1,True,3.0,2,1,1,0,2.98545266
Code Review,Medium,Tech Lead,C++,Medium,6,2,0,12,9,17,True,0,False,3.625,1,0,1,0,2.2457925
Deployment,Medium,Tech Lead,Other,Medium,6,3,2,12,9,13,True,1,False,2.91666667,2,0,1,0,2.7210925
Feature Dev,Medium,Tech Lead,C++,Low,7,2,3,14,3,12,False,3,False,1.5,2,0,0,0,4.002625
Deployment,Medium,Tech Lead,Java,Low,3,4,3,6,8,18,False,2,False,5.1875,1,0,2,1,1.5394775
Refactoring,High,Mid,Other,Critical,8,5,1,16,1,13,False,1,False,2.55,2,3,0,0,3.24863625
Code Review,High,Senior,Python,Medium,12,5,2,24,7,11,False,3,False,3.9,1,2,2,0,5.206284
Documentation,Low,Junior,Go,Medium,11,3,2,22,4,18,True,2,False,4.16666667,1,1,0,1,3.96689125
Code Review,High,Mid,C++,Medium,4,5,1,8,8,15,True,1,False,4.15,0,4,0,1,1.86066169
Client Meeting,High,Senior,Java,Medium,1,2,1,2,2,15,False,0,False,4.5,0,1,1,0,0.5177375
Documentation,Low,Senior,Java,High,10,3,3,20,5,16,True,0,False,2.08333333,2,1,0,0,3.81130313
Code Review,High,Senior,JavaScript,High,6,4,1,12,2,11,True,1,False,3.4375,1,2,1,0,2.560805
Documentation,Medium,Senior,JavaScript,High,6,2,2,12,4,12,True,3,True,1.5,2,0,0,0,3.1964625
Bug Fix,Medium,Tech Lead,C++,Medium,13,3,1,26,5,16,False,0,False,2.91666667,2,0,1,0,4.95164792
Testing,Medium,Junior,Go,Medium,2,3,3,4,1,14,True,2,False,2.08333333,2,1,0,0,1.51615625
Documentation,Medium,Senior,Other,High,3,3,2,6,1,11,False,2,False,2.08333333,2,1,0,0,1.523625
Testing,Medium,Tech Lead,C++,High,13,2,3,26,4,16,True,2,True,2.375,1,1,0,0,5.96705484
Testing,High,Junior,Go,High,7,3,3,14,1,15,False,0,True,3.5,1,1,1,0,3.25997843
Deployment,High,Senior,Java,Medium,4,4,0,8,8,16,False,0,False,2.375,2,2,0,0,1.8055
Deployment,Medium,Tech Lead,Go,Medium,10,3,1,20,6,16,True,1,False,3.25,0,3,0,0,4.18359375
Testing,High,Junior,JavaScript,Low,2,4,2,4,1,12,False,2,False,3.625,2,0,2,0,1.34898225
Documentation,Medium,Junior,C++,Critical,11,4,1,22,8,11,False,3,False,3.25,0,4,0,0,3.86484375
Refactoring,Medium,Senior,Java,Medium,5,2,3,10,7,18,False,0,False,3.625,1,0,1,0,2.18340938
Testing,High,Senior,Other,Critical,8,2,2,16,5,14,True,0,False,4.5,0,1,1,0,3.01488731
Deployment,Medium,Junior,Java,Low,8,5,3,16,6,12,False,1,False,2.2,3,2,0,0,4.08375
Refactoring,High,Junior,Java,Medium,3,3,1,6,5,17,False,3,False,5.58333333,0,1,1,1,1.43106
Deployment,Medium,Tech Lead,Java,High,10,4,3,20,4,13,False,0,False,3.0625,3,0,0,1,3.60262266
Deployment,Medium,Mid,C++,Critical,4,3,3,8,6,9,False,0,False,2.08333333,2,1,0,0,1.73523958
Refactoring,Low,Tech Lead,JavaScript,Medium,13,2,0,26,1,11,False,1,True,1.5,2,0,0,0,5.38945
Documentation,Medium,Tech Lead,Other,Low,2,5,1,4,5,14,False,3,False,2.7,3,1,1,0,1.28706875
Design Review,High,Junior,Go,High,11,2,2,22,8,15,False,0,True,2.375,1,1,0,0,5.206905
Code Review,Medium,Mid,JavaScript,High,8,2,2,16,1,13,False,2,False,2.375,1,1,0,0,3.2675625
Documentation,Medium,Mid,Python,Low,13,3,0,26,9,12,False,0,True,3.5,1,1,1,0,5.645497
Design Review,Low,Senior,Java,Critical,6,5,1,12,10,15,False,3,False,3.8,1,3,0,1,1.91789325
Documentation,High,Junior,C++,Medium,3,2,2,6,3,15,False,3,False,1.5,2,0,0,0,2.0295
Documentation,Low,Tech Lead,C++,Critical,5,2,1,10,2,9,True,0,False,1.5,2,0,0,0,1.78388438
Testing,Medium,Tech Lead,Go,High,1,5,0,2,7,9,False,3,True,3.9,1,2,2,0,0.5895351
Client Meeting,High,Junior,JavaScript,Low,6,3,0,12,10,11,True,0,False,2.08333333,2,1,0,0,3.1745175
Testing,Medium,Senior,Java,High,2,3,3,4,6,15,False,3,False,4.08333333,0,2,1,0,1.21219688
Documentation,Medium,Tech Lead,C++,High,6,2,3,12,7,9,True,3,False,1.5,2,0,0,0,3.05116875
Deployment,High,Junior,Python,Low,13,3,1,26,6,17,True,2,False,4.16666667,1,1,0,1,6.19315331
Documentation,High,Tech Lead,Python,Low,9,4,0,18,5,11,True,1,True,4.125,2,0,1,1,4.42939497
Client Meeting,High,Junior,Java,Critical,11,4,0,22,6,10,True,0,True,3.0,2,1,1,0,4.57769408
Feature Dev,High,Tech Lead,Python,High,13,3,1,26,6,17,True,1,False,4.16666667,1,1,0,1,4.98707606
Feature Dev,High,Tech Lead,Go,Critical,4,4,3,8,10,11,False,1,False,3.4375,1,2,1,0,1.82892136
Code Review,Medium,Mid,Go,High,6,5,2,12,6,15,False,0,False,3.2,3,0,2,0,2.147148
Code Review,Medium,Tech Lead,Java,High,4,2,3,8,4,17,False,0,False,3.625,1,0,1,0,1.64424094
Design Review,Medium,Tech Lead,Java,Low,5,3,2,10,4,14,False,1,False,2.91666667,2,0,1,0,2.44343
Documentation,High,Junior,JavaScript,Low,3,4,2,6,2,11,False,1,False,3.0,2,1,1,0,1.804297
Design Review,Medium,Senior,Other,High,6,5,1,12,5,11,True,2,False,3.2,3,0,2,0,2.2962555
Design Review,High,Mid,C++,Medium,4,3,1,8,6,13,False,3,True,2.66666667,1,2,0,0,2.43503333
Refactoring,High,Junior,JavaScript,Medium,8,3,2,16,2,17,True,2,False,4.16666667,1,1,0,1,3.71784875
Documentation,Medium,Junior,JavaScript,High,10,4,3,20,10,18,False,1,False,4.5625,1,1,1,1,3.28470188
Documentation,High,Tech Lead,Other,High,4,4,3,8,3,18,False,2,False,2.8125,1,3,0,0,2.14995938
Refactoring,High,Senior,Go,High,9,2,3,18,1,10,False,1,True,3.25,0,2,0,0,4.35290625
Documentation,High,Mid,Go,Medium,13,3,2,26,2,13,True,3,True,4.08333333,0,2,1,0,6.60399644
Client Meeting,Medium,Mid,C++,High,6,4,0,12,3,12,False,0,True,5.625,0,1,2,1,1.797444
Documentation,High,Tech Lead,C++,Medium,9,2,1,18,6,15,False,3,False,2.375,1,1,0,0,4.5039375
Deployment,Medium,Junior,Java,Low,12,5,1,24,8,17,False,1,True,2.7,3,1,1,0,5.71973353
Bug Fix,High,Mid,JavaScript,Low,10,3,1,20,4,11,True,0,False,4.16666667,1,1,0,1,4.64731094
Code Review,High,Senior,JavaScript,Low,9,4,2,18,7,16,False,0,True,3.9375,1,2,0,1,4.60935131
Feature Dev,Low,Junior,Other,Low,9,3,2,18,7,13,False,2,False,1.5,3,0,0,0,4.21685
Documentation,High,Senior,Other,Medium,3,2,2,6,8,17,True,0,False,4.5,0,1,1,0,1.497195
Bug Fix,Medium,Junior,Python,High,6,5,0,12,2,12,False,1,False,4.25,0,3,2,0,1.8770625
Refactoring,Medium,Senior,JavaScript,Medium,13,4,3,26,3,11,True,2,True,3.4375,1,2,1,0,6.08297534
Code Review,Medium,Tech Lead,JavaScript,High,12,4,2,24,9,10,True,3,False,4.0625,1,1,2,0,4.30214794
Testing,High,Junior,Java,Low,4,2,2,8,9,9,True,0,True,1.5,2,0,0,0,2.78684175
Client Meeting,Medium,Tech Lead,JavaScript,Low,4,3,3,8,10,16,False,2,True,1.5,3,0,0,0,2.7905625
Feature Dev,Medium,Senior,Other,High,11,3,2,22,6,12,False,1,False,2.66666667,1,2,0,0,4.176
Refactoring,Low,Mid,Java,Critical,9,2,0,18,3,11,False,2,False,2.375,1,1,0,0,2.869175
Documentation,Medium,Junior,Go,Low,9,3,2,18,6,9,True,0,True,5.58333333,0,1,1,1,3.8747709
Client Meeting,Medium,Mid,Python,High,9,3,1,18,2,12,True,3,False,2.08333333,2,1,0,0,3.81130313
Code Review,Medium,Tech Lead,Java,Low,11,4,1,22,3,13,True,1,False,4.5625,1,1,1,1,4.30801284
Bug Fix,Medium,Mid,Other,High,3,3,3,6,2,16,False,0,False,4.16666667,1,1,0,1,1.25791875
Bug Fix,High,Senior,Python,High,11,2,3,22,9,13,False,0,False,1.5,2,0,0,0,5.082975
Deployment,High,Junior,Other,Medium,4,4,0,8,4,12,False,0,False,2.375,2,2,0,0,1.8055
Testing,Medium,Mid,Go,Critical,10,3,3,20,8,15,True,2,False,2.66666667,1,2,0,0,4.0117875
Feature Dev,Medium,Tech Lead,Java,Medium,3,5,1,6,4,12,False,3,False,3.4,1,3,1,0,1.488465
Refactoring,Medium,Tech Lead,JavaScript,High,11,4,3,22,4,11,True,1,False,3.625,2,0,2,0,4.03982184
Documentation,Low,Mid,Python,Critical,13,2,2,26,8,10,False,2,False,3.25,0,2,0,0,4.1278125
Deployment,Low,Junior,Go,Medium,7,4,2,14,10,9,False,0,False,2.375,2,2,0,0,2.767125
Client Meeting,Medium,Senior,C++,Medium,11,5,3,22,8,9,True,2,False,5.15,0,2,2,1,4.01134125
Refactoring,Medium,Tech Lead,C++,Low,11,2,2,22,9,15,False,0,True,2.375,1,1,0,0,5.58036875
Design Review,Medium,Senior,Java,Medium,11,5,1,22,9,15,True,1,False,4.45,2,0,2,1,3.81311044
Code Review,High,Tech Lead,Java,Medium,10,4,2,20,5,14,True,2,False,3.625,2,0,2,0,4.62471188
Documentation,Low,Tech Lead,C++,Medium,13,3,0,26,5,9,False,0,False,4.75,0,2,0,1,3.834675
Refactoring,Medium,Senior,Go,Low,6,4,2,12,7,11,False,0,True,3.4375,1,2,1,0,2.94121884
Testing,High,Junior,Go,Critical,7,5,2,14,7,17,False,1,False,3.4,1,3,1,0,2.7757617
Code Review,High,Junior,Other,Medium,8,3,0,16,10,12,False,2,False,2.66666667,1,2,0,0,3.75066667
Design Review,Low,Tech Lead,Java,Medium,12,3,2,24,8,13,True,1,False,4.75,0,2,0,1,4.0608225
Design Review,Medium,Junior,C++,Critical,6,4,2,12,3,16,True,1,False,3.4375,1,2,1,0,2.24980284
Bug Fix,Medium,Mid,Java,Critical,13,3,2,26,7,14,False,0,False,3.58333333,2,0,0,1,4.08965104
Testing,Low,Junior,C++,Medium,6,5,1,12,4,15,False,1,True,2.55,2,3,0,0,2.5780975
Deployment,Medium,Junior,Go,Critical,2,2,1,4,9,9,True,2,False,2.375,1,1,0,0,1.00713047
Documentation,Medium,Junior,Python,Low,6,2,0,12,1,11,False,3,True,3.625,1,0,1,0,2.91150956
Refactoring,Medium,Senior,Python,Low,3,3,3,6,6,16,False,2,False,4.16666667,1,1,0,1,1.72381458
Deployment,Medium,Senior,C++,High,6,2,2,12,10,13,False,0,False,3.625,1,0,1,0,2.16558563
Deployment,Medium,Junior,Go,Low,11,5,2,22,2,12,False,2,False,3.95,2,1,1,1,4.475317
Bug Fix,Medium,Senior,Go,Critical,12,3,1,24,4,9,True,0,True,2.08333333,2,1,0,0,4.83941391
Deployment,High,Senior,C++,High,5,5,0,10,9,18,False,1,False,4.45,2,0,2,1,1.686906
Deployment,Low,Senior,Other,Critical,1,5,2,2,1,15,True,2,True,3.1,3,1,0,1,0.75797481
Feature Dev,Low,Junior,C++,Critical,13,5,0,26,8,10,False,0,True,3.1,3,1,0,1,3.92837445
Documentation,High,Tech Lead,Other,Critical,2,4,3,4,8,10,False,2,False,4.125,2,0,1,1,1.09729262
Refactoring,Medium,Tech Lead,Other,High,10,4,0,20,9,17,False,1,False,3.625,2,0,2,0,3.18677625
Documentation,Low,Junior,Java,Medium,3,2,0,6,2,16,False,3,False,2.375,1,1,0,0,1.354125
Documentation,Medium,Junior,JavaScript,Low,12,5,3,24,9,17,False,0,False,1.85,4,1,0,0,5.8183125
Bug Fix,High,Tech Lead,C++,High,1,2,0,2,4,16,False,3,True,2.375,1,1,0,0,0.7382925
Documentation,Low,Senior,Python,Low,5,2,2,10,9,10,False,2,False,3.25,0,2,0,0,2.371875
Design Review,High,Junior,JavaScript,Medium,9,4,3,18,4,9,True,0,False,2.375,2,2,0,0,4.72913438
Documentation,Low,Tech Lead,JavaScript,Low,4,2,2,8,4,13,False,2,False,2.375,1,1,0,0,2.0939875
Deployment,Low,Junior,Go,Medium,8,4,2,16,1,10,False,0,False,3.9375,1,2,0,1,2.72834062
Documentation,Medium,Senior,Go,Low,12,3,1,24,2,18,True,0,False,3.25,0,3,0,0,5.35992188
Feature Dev,Medium,Senior,Other,Medium,8,2,3,16,4,14,False,1,True,2.375,1,1,0,0,4.04765625
Design Review,Low,Mid,C++,Critical,12,4,0,24,7,11,False,1,True,2.8125,1,3,0,0,3.96480906
Documentation,High,Tech Lead,Python,High,9,2,0,18,6,12,True,1,False,2.375,1,1,0,0,3.9316725
Documentation,Low,Mid,JavaScript,Critical,6,5,2,12,2,10,True,1,True,3.45,2,2,0,1,2.21451384
Client Meeting,Medium,Mid,Go,Low,4,2,3,8,7,9,False,3,False,1.5,2,0,0,0,2.649625
Design Review,Medium,Tech Lead,Java,Medium,8,5,1,16,2,14,False,0,False,2.7,3,1,1,0,3.1357675
Testing,Low,Tech Lead,JavaScript,Medium,4,5,3,8,7,15,True,2,False,3.45,2,2,0,1,1.93362881
Deployment,Low,Tech Lead,Go,Medium,7,4,3,14,10,16,False,0,False,2.8125,1,3,0,0,2.84934375
Client Meeting,Medium,Tech Lead,Go,High,11,4,3,22,9,9,True,1,True,2.5625,3,0,1,0,4.8507829
Testing,Low,Mid,Other,Low,10,2,3,20,4,14,False,2,False,2.375,1,1,0,0,4.58734375
Documentation,Medium,Junior,JavaScript,Low,3,5,0,6,8,13,False,2,True,3.45,2,2,0,1,1.49262575
Deployment,High,Tech Lead,Java,Low,12,4,2,24,6,16,False,1,False,3.875,0,3,1,0,5.724455
Code Review,Medium,Senior,Other,High,11,4,1,22,10,11,True,3,True,4.5,0,2,2,0,4.14669544
Feature Dev,High,Junior,Go,Medium,2,4,1,4,7,14,False,2,False,3.5,2,1,0,1,1.1160125
Bug Fix,Low,Junior,Java,High,9,4,3,18,6,17,False,0,False,3.5,2,1,0,1,2.91832875
Testing,Medium,Senior,JavaScript,Medium,10,5,1,20,4,9,False,2,False,2.2,3,2,0,0,4.3065
Code Review,Medium,Mid,C++,High,12,5,0,24,3,18,False,3,True,2.35,4,0,1,0,4.81182323
Documentation,Medium,Tech Lead,Python,Critical,5,3,3,10,10,16,True,2,False,2.66666667,1,2,0,0,2.2862875
Documentation,Low,Junior,JavaScript,High,10,4,0,20,6,18,False,3,False,4.375,0,3,0,1,2.93852813
Design Review,Low,Senior,Go,Low,10,5,3,20,6,11,False,3,False,2.2,3,2,0,0,4.73715
Refactoring,High,Mid,C++,Medium,13,4,1,26,7,17,True,1,True,3.5,2,1,0,1,6.32317744
Client Meeting,High,Junior,Python,High,7,3,2,14,10,13,True,3,False,4.75,0,2,0,1,2.95786181
Feature Dev,Medium,Senior,Java,High,9,4,3,18,4,11,True,3,False,2.5625,3,0,1,0,3.8752811
Refactoring,Low,Tech Lead,C++,Critical,4,4,1,8,10,15,False,1,True,2.375,2,2,0,0,1.55052219
Deployment,High,Mid,C++,Low,13,3,2,26,8,17,False,2,False,4.33333333,1,0,2,0,5.918616
Client Meeting,Medium,Mid,Other,Medium,9,2,3,18,6,11,True,3,False,2.375,1,1,0,0,4.48185938
Testing,High,Senior,Other,Critical,12,2,1,24,4,11,False,0,False,3.625,1,0,1,0,4.29507816
Feature Dev,Medium,Senior,Go,Low,2,4,2,4,4,18,True,2,True,4.125,2,0,1,1,1.35806921
Deployment,Medium,Junior,Python,Critical,9,5,3,18,2,16,False,2,False,3.75,0,4,1,0,3.19751406
Feature Dev,Medium,Mid,C++,High,3,3,0,6,1,15,False,3,False,4.33333333,1,0,2,0,1.12095
Documentation,Low,Tech Lead,JavaScript,Low,4,4,2,8,7,11,True,0,False,1.5,4,0,0,0,2.0599425
Client Meeting,Medium,Tech Lead,JavaScript,Low,2,3,3,4,2,18,False,0,False,2.08333333,2,1,0,0,1.36927083
Design Review,Low,Senior,Go,Critical,10,4,2,20,10,16,False,3,False,3.5,2,1,0,1,3.1371375
Refactoring,High,Junior,Python,High,1,5,0,2,1,17,False,0,False,3.55,2,1,2,0,0.5
Documentation,Low,Tech Lead,Other,Low,6,3,1,12,3,11,True,2,True,4.16666667,1,1,0,1,2.70131063
Code Review,Medium,Junior,JavaScript,High,2,5,0,4,2,10,False,0,False,3.4,1,3,1,0,0.649512
Bug Fix,Medium,Mid,Python,Critical,8,3,3,16,3,17,False,2,False,4.33333333,1,0,2,0,2.71726583
Design Review,High,Mid,JavaScript,Medium,3,2,3,6,5,11,False,1,False,2.375,1,1,0,0,1.8938125
Bug Fix,Medium,Tech Lead,Python,Low,10,2,3,20,9,14,False,3,True,4.5,0,1,1,0,4.87819063
Deployment,High,Mid,Other,Low,13,3,3,26,6,12,True,0,False,2.91666667,2,0,1,0,6.87367402
Testing,High,Junior,Go,Medium,2,2,3,4,4,17,False,0,True,2.375,1,1,0,0,1.47874375
Design Review,High,Junior,Go,Low,2,5,3,4,8,15,False,0,False,3.55,2,1,2,0,1.30679505
Design Review,Medium,Mid,C++,High,1,2,3,2,3,14,False,2,False,3.25,0,2,0,0,0.8859375
Deployment,High,Junior,C++,Low,5,4,2,10,6,9,True,1,False,3.625,2,0,2,0,2.69321456
Client Meeting,High,Junior,C++,Medium,2,3,3,4,3,14,False,0,False,4.08333333,0,2,1,0,1.19047292
Design Review,Low,Tech Lead,Go,Critical,8,4,1,16,1,10,False,1,False,1.5,4,0,0,0,2.7270125
Testing,High,Tech Lead,Other,Low,3,4,3,6,8,9,False,3,True,3.5,2,1,0,1,2.26480238
Refactoring,Medium,Mid,Other,Low,5,3,3,10,4,18,False,3,False,2.66666667,1,2,0,0,2.92416667
Code Review,High,Junior,Other,High,2,4,3,4,2,13,True,0,True,3.4375,1,2,1,0,1.28210403
Feature Dev,High,Tech Lead,Java,High,4,2,3,8,1,9,False,1,True,3.625,1,0,1,0,2.10863874
Client Meeting,High,Tech Lead,JavaScript,Medium,3,4,2,6,5,13,False,3,False,5.1875,1,0,2,1,1.49787
Client Meeting,Low,Senior,Python,Medium,12,3,2,24,3,15,False,1,False,3.58333333,2,0,0,1,4.12901667
Design Review,High,Senior,C++,Low,3,2,2,6,6,13,False,0,False,3.625,1,0,1,0,1.6469145
Code Review,High,Junior,Java,Low,11,3,3,22,2,18,True,3,True,2.66666667,1,2,0,0,7.1355515
Testing,Medium,Mid,Other,High,9,5,2,18,7,17,True,2,False,2.55,2,3,0,0,3.76795125
Testing,Low,Mid,Go,High,9,3,0,18,2,10,False,1,False,4.16666667,1,1,0,1,2.5463325
Documentation,Medium,Tech Lead,Python,High,1,2,0,2,3,16,False,0,True,3.625,1,0,1,0,0.5
Testing,High,Senior,JavaScript,Medium,4,3,3,8,10,13,False,2,False,2.91666667,2,0,1,0,2.30459875
Feature Dev,Low,Senior,Other,High,11,4,3,22,4,16,False,0,False,3.5,2,1,0,1,3.48775875
Design Review,Medium,Mid,JavaScript,High,1,4,2,2,3,15,False,0,False,3.9375,1,2,0,1,0.54052031
Code Review,Low,Tech Lead,Python,High,1,3,0,2,5,10,False,2,False,2.08333333,2,1,0,0,0.5019
Code Review,Medium,Mid,C++,Critical,3,4,1,6,10,15,False,3,False,3.0,2,1,1,0,1.29240375
Deployment,High,Tech Lead,Go,High,4,3,1,8,3,16,False,1,False,3.25,0,3,0,0,1.7634375
Code Review,High,Tech Lead,Python,Medium,6,4,2,12,7,10,False,2,False,5.0,0,2,1,1,2.54932
Design Review,High,Senior,Java,Critical,7,4,1,14,2,10,True,0,False,3.0,2,1,1,0,2.77161859
Documentation,High,Junior,C++,Low,6,5,0,12,9,17,False,1,False,3.55,2,1,2,0,2.7280539
Documentation,High,Mid,C++,Low,5,3,1,10,7,18,False,2,True,3.25,0,3,0,0,3.00609375
Documentation,High,Tech Lead,Python,High,4,3,1,8,2,16,False,3,False,2.66666667,1,2,0,0,1.9923
Documentation,Low,Mid,JavaScript,Low,9,3,3,18,6,18,False,3,False,3.58333333,2,0,0,1,3.83946063
Refactoring,Medium,Senior,Other,Critical,2,5,0,4,9,11,True,1,False,2.9,1,4,0,0,0.76710375
Refactoring,Medium,Mid,Python,Medium,8,3,3,16,10,15,True,2,False,2.91666667,2,0,1,0,3.74150219
Code Review,High,Mid,Java,Medium,8,4,0,16,10,18,True,2,False,4.0625,1,1,2,0,3.43463663
Deployment,Low,Junior,JavaScript,High,8,4,2,16,4,18,False,0,False,2.375,2,2,0,0,2.8083375
Deployment,Medium,Mid,Other,Medium,5,4,3,10,7,11,True,0,False,3.5,2,1,0,1,2.26058438
Design Review,Low,Junior,Java,Medium,11,3,3,22,1,17,False,0,False,3.58333333,2,0,0,1,3.85783125
Client Meeting,High,Tech Lead,JavaScript,High,1,3,3,2,10,12,False,1,False,2.08333333,2,1,0,0,0.9052125
Client Meeting,High,Tech Lead,JavaScript,Low,4,5,0,8,3,12,False,1,True,3.9,1,2,2,0,1.99693318
Testing,Medium,Senior,C++,Medium,6,4,1,12,7,17,False,1,False,5.1875,1,0,2,1,2.004725
Documentation,Medium,Tech Lead,C++,Critical,1,5,3,2,8,14,False,0,True,3.4,1,3,1,0,0.71694398
Deployment,Medium,Mid,Python,Medium,1,4,3,2,8,13,False,1,False,3.4375,1,2,1,0,0.85526719
Documentation,High,Junior,Java,High,13,3,1,26,4,14,False,3,False,4.91666667,0,1,2,0,4.64647875
Documentation,High,Senior,JavaScript,Critical,7,2,0,14,4,9,False,2,False,3.25,0,2,0,0,2.7253125
Testing,Medium,Senior,Go,High,9,2,0,18,4,18,True,2,False,1.5,2,0,0,0,3.680775
Feature Dev,High,Mid,Java,High,1,2,2,2,5,18,False,2,True,2.375,1,1,0,0,0.93258
Code Review,High,Senior,Python,Low,12,3,3,24,7,10,True,0,False,3.5,1,1,1,0,6.18685279
Design Review,Low,Senior,JavaScript,Low,6,4,1,12,6,9,True,3,False,1.9375,3,1,0,0,3.02397047
Refactoring,High,Senior,Java,High,13,3,0,26,5,14,True,1,False,2.66666667,1,2,0,0,5.55408
Documentation,Low,Tech Lead,Java,High,6,3,1,12,9,12,False,1,False,1.5,3,0,0,0,2.223225
Refactoring,Low,Senior,C++,Critical,4,2,0,8,9,9,False,1,False,1.5,2,0,0,0,1.341725
Documentation,Medium,Tech Lead,Other,Critical,10,3,1,20,9,15,False,3,True,3.5,1,1,1,0,3.73323294
Deployment,Medium,Senior,Other,Low,6,4,3,12,8,16,False,0,True,2.375,2,2,0,0,3.38384063
Client Meeting,Low,Tech Lead,C++,High,10,4,0,20,5,18,True,3,True,3.9375,1,2,0,1,3.47824821
Design Review,High,Senior,Other,High,12,3,0,24,1,18,False,0,False,2.08333333,2,1,0,0,4.9473
Deployment,Medium,Tech Lead,Python,Medium,5,4,0,10,8,10,False,2,False,2.375,2,2,0,0,2.15875
Testing,Low,Mid,Java,Medium,9,4,0,18,8,13,True,3,False,3.25,0,4,0,0,3.4846875
Deployment,High,Mid,JavaScript,High,12,5,3,24,5,10,True,2,False,3.95,2,1,1,1,4.8411887
Deployment,Medium,Junior,JavaScript,Critical,12,3,2,24,3,9,False,0,False,3.58333333,2,0,0,1,3.79222188
Code Review,High,Junior,Python,High,10,5,0,20,9,12,False,1,False,3.8,1,3,0,1,3.656835
Code Review,Low,Mid,JavaScript,Critical,11,2,3,22,8,14,True,0,False,3.25,0,2,0,0,3.68992969
Feature Dev,High,Senior,Java,High,13,3,3,26,7,16,False,0,True,4.16666667,1,1,0,1,5.39227837
Deployment,Low,Mid,Go,Medium,10,3,0,20,9,10,False,2,False,2.66666667,1,2,0,0,3.67333333
Testing,Medium,Junior,Java,Medium,12,2,1,24,5,9,True,3,True,2.375,1,1,0,0,5.95005469
Documentation,High,Senior,Python,Critical,4,3,0,8,5,18,False,0,True,3.58333333,2,0,0,1,1.50499158
Code Review,Low,Senior,Java,Medium,5,3,0,10,8,11,False,3,False,3.58333333,2,0,0,1,1.8370625
Feature Dev,High,Junior,JavaScript,Medium,3,4,2,6,7,18,True,2,False,5.1875,1,0,2,1,1.493331
Bug Fix,Medium,Junior,JavaScript,Critical,7,5,0,14,4,17,False,3,False,4.45,2,0,2,1,2.05786913
Bug Fix,High,Tech Lead,JavaScript,Medium,1,3,2,2,2,17,True,3,False,2.08333333,2,1,0,0,1.1083625
Documentation,Medium,Tech Lead,Java,Low,1,3,0,2,3,13,True,1,False,2.91666667,2,0,1,0,0.53450031
Design Review,Medium,Junior,Java,Medium,11,5,1,22,7,9,True,2,False,3.95,2,1,1,1,4.14112125
Feature Dev,High,Junior,Java,High,2,2,1,4,5,17,False,2,False,3.625,1,0,1,0,1.01862731
Client Meeting,Medium,Senior,C++,Low,9,3,2,18,5,9,False,3,False,3.58333333,2,0,0,1,4.0415375
Documentation,Medium,Senior,Java,Medium,3,2,0,6,6,15,True,3,False,3.625,1,0,1,0,1.40362031
Refactoring,Medium,Mid,Go,High,5,3,3,10,10,17,False,2,False,3.5,1,1,1,0,2.13994125
Deployment,Medium,Tech Lead,Other,High,11,3,2,22,6,16,True,2,False,4.08333333,0,2,1,0,4.02371156
Documentation,Medium,Mid,Go,Medium,5,2,1,10,2,15,True,2,False,2.375,1,1,0,0,2.42123438
Design Review,Low,Tech Lead,Python,Low,2,2,0,4,6,14,False,2,False,2.375,1,1,0,0,0.993025
Deployment,High,Tech Lead,Go,Low,7,3,2,14,3,9,True,0,False,2.91666667,2,0,1,0,3.7628822
Deployment,Medium,Mid,Python,High,11,5,2,22,5,18,False,1,False,2.7,3,1,1,0,4.043736
Refactoring,Medium,Junior,Other,Medium,6,2,0,12,5,13,False,2,True,3.625,1,0,1,0,2.54879625
Bug Fix,Medium,Junior,Python,Low,1,4,0,2,4,18,False,0,False,2.8125,1,3,0,0,0.5
Client Meeting,High,Senior,Other,High,4,3,2,8,6,14,False,1,False,2.91666667,2,0,1,0,1.865892
Code Review,Low,Tech Lead,JavaScript,Medium,10,2,0,20,1,14,False,3,False,1.5,2,0,0,0,3.9975
Feature Dev,High,Senior,C++,Medium,2,2,3,4,8,17,True,1,False,2.375,1,1,0,0,1.51455938
Design Review,High,Senior,Go,Critical,11,2,0,22,1,9,False,1,False,3.625,1,0,1,0,3.90874837
Code Review,Medium,Tech Lead,Go,Medium,6,3,2,12,5,15,False,2,False,2.08333333,2,1,0,0,2.88791667
Documentation,High,Tech Lead,Go,Medium,11,3,1,22,9,15,False,2,False,2.91666667,2,0,1,0,5.00718042
Code Review,High,Junior,Java,Critical,2,3,1,4,4,18,False,2,True,4.16666667,1,1,0,1,1.0058691
Deployment,Medium,Senior,Other,Critical,7,4,2,14,1,12,True,1,True,4.5625,1,1,1,1,2.5199559
Client Meeting,Medium,Tech Lead,Go,Medium,9,3,3,18,8,16,False,0,False,2.91666667,2,0,1,0,3.74844375
Testing,Medium,Tech Lead,JavaScript,Medium,11,2,0,22,7,10,True,2,False,4.5,0,1,1,0,4.0994625
Testing,Medium,Mid,C++,Medium,6,2,0,12,2,14,False,2,False,1.5,2,0,0,0,2.665
Code Review,High,Mid,JavaScript,High,6,4,2,12,1,13,False,2,True,4.0625,1,1,2,0,2.72089991
Design Review,Low,Mid,Go,Medium,3,4,3,6,8,11,True,0,True,3.0625,3,0,0,1,1.58960665
Refactoring,High,Junior,Python,Low,10,3,3,20,1,11,False,0,True,6.41666667,0,0,2,1,4.62259325
Feature Dev,Medium,Junior,JavaScript,High,6,3,1,12,1,10,False,2,False,4.33333333,1,0,2,0,2.055075
Client Meeting,High,Tech Lead,C++,Low,2,4,0,4,6,17,False,3,True,3.0,2,1,1,0,1.3603183
Design Review,Medium,Mid,Other,Medium,12,2,3,24,2,12,True,1,False,3.625,1,0,1,0,5.00624578
Deployment,Medium,Mid,Python,Critical,9,3,3,18,9,11,True,2,False,3.5,1,1,1,0,3.40338141
Documentation,Medium,Tech Lead,C++,High,8,3,2,16,7,15,False,2,False,4.91666667,0,1,2,0,2.6737125
Bug Fix,Medium,Tech Lead,Java,Critical,9,5,0,18,6,17,False,3,False,2.2,3,2,0,0,3.28185
Bug Fix,Low,Junior,JavaScript,High,3,5,2,6,4,14,True,1,False,1.85,4,1,0,0,1.4090895
Documentation,Low,Mid,Go,High,5,3,0,10,9,11,True,0,False,3.58333333,2,0,0,1,1.48802063
Design Review,High,Senior,JavaScript,High,4,2,2,8,5,13,True,2,False,3.625,1,0,1,0,1.97068292
Bug Fix,Medium,Tech Lead,Java,Low,12,5,2,24,6,18,False,1,False,2.55,2,3,0,0,5.5627
Client Meeting,High,Tech Lead,Other,Critical,9,4,0,18,4,17,False,2,False,5.0,0,2,1,1,2.884798
Documentation,Medium,Tech Lead,Go,Critical,3,2,3,6,8,18,False,0,True,4.5,0,1,1,0,1.30940906
Testing,Low,Mid,JavaScript,Critical,9,4,0,18,9,9,False,2,False,2.8125,1,3,0,0,2.8052125
Feature Dev,Low,Mid,Python,High,10,4,2,20,10,13,False,1,False,2.8125,1,3,0,0,3.45375
Testing,High,Mid,Go,Low,6,2,3,12,5,10,False,3,False,2.375,1,1,0,0,3.78860625
Documentation,Low,Senior,Go,Critical,4,3,3,8,5,9,True,1,False,3.25,0,3,0,0,1.66507031
Testing,Low,Tech Lead,C++,Medium,5,2,2,10,2,15,False,0,False,2.375,1,1,0,0,2.060625
Deployment,High,Tech Lead,C++,Critical,6,4,2,12,5,11,False,2,False,4.5625,1,1,1,1,2.22268838
Bug Fix,High,Mid,Go,High,12,5,1,24,5,11,True,2,False,3.05,2,2,1,0,5.09824689
Testing,Medium,Senior,Java,Critical,11,2,0,22,3,16,False,1,False,3.25,0,2,0,0,3.5859375
Client Meeting,High,Tech Lead,Python,Critical,11,3,0,22,7,9,True,0,False,2.66666667,1,2,0,0,4.365515
Documentation,Medium,Tech Lead,JavaScript,Medium,12,3,2,24,8,14,True,1,False,4.91666667,0,1,2,0,4.383925
Deployment,Medium,Junior,Other,Critical,3,5,0,6,10,13,False,1,False,3.2,3,0,2,0,0.976378
Refactoring,High,Senior,JavaScript,Critical,6,4,0,12,3,10,False,1,False,4.375,0,3,0,1,2.03520281
Deployment,Medium,Senior,Go,Medium,7,3,3,14,2,18,False,3,True,3.58333333,2,0,0,1,3.41606146
Documentation,Low,Mid,Python,Medium,8,4,0,16,7,14,True,2,False,2.8125,1,3,0,0,3.10261875
Deployment,Medium,Mid,Other,Low,9,4,0,18,10,18,False,1,False,3.4375,1,2,1,0,3.66414469
Deployment,High,Mid,Python,Medium,4,4,0,8,9,18,True,1,False,4.0625,1,1,2,0,1.71731831
Client Meeting,Low,Junior,JavaScript,Medium,6,3,0,12,9,10,False,0,False,2.08333333,2,1,0,0,2.151
Code Review,Medium,Mid,Java,Critical,2,4,1,4,8,17,False,1,False,3.5,2,1,0,1,0.78428437
Documentation,High,Senior,Other,High,6,4,3,12,5,11,True,2,False,5.1875,1,0,2,1,2.43778343
Code Review,High,Tech Lead,JavaScript,Medium,5,4,0,10,3,15,True,0,True,3.9375,1,2,0,1,2.27919398
Deployment,Low,Tech Lead,Other,Medium,4,5,1,8,2,15,False,1,False,2.55,2,3,0,0,1.643525
Testing,Low,Junior,C++,Medium,7,2,3,14,7,17,False,1,False,2.375,1,1,0,0,3.0124375
Code Review,Low,Mid,Python,High,11,3,2,22,7,10,True,0,True,2.08333333,2,1,0,0,4.40981888
Design Review,Medium,Tech Lead,Java,Medium,10,3,1,20,10,10,False,1,True,3.25,0,3,0,0,4.3828125
Client Meeting,High,Mid,C++,Medium,12,2,2,24,4,9,True,0,False,2.375,1,1,0,0,5.99641875
Refactoring,Medium,Tech Lead,Other,Critical,6,2,3,12,2,17,True,0,False,5.75,0,0,2,0,2.03235638
Refactoring,Medium,Tech Lead,Java,Low,3,3,0,6,5,12,False,0,False,2.91666667,2,0,1,0,1.221715
Client Meeting,High,Mid,Java,Critical,12,2,0,24,1,11,False,3,True,1.5,2,0,0,0,5.5777425
Documentation,Medium,Tech Lead,JavaScript,Critical,1,4,1,2,8,13,False,3,True,5.0,0,2,1,1,0.6214945
Design Review,Medium,Mid,Go,Critical,7,2,0,14,7,10,True,2,False,3.25,0,2,0,0,2.51015625
Code Review,Medium,Tech Lead,Java,Low,6,4,1,12,3,18,False,3,True,5.1875,1,0,2,1,2.60879025
Code Review,Medium,Tech Lead,JavaScript,High,11,5,3,22,10,9,False,3,True,3.2,3,0,2,0,4.5050346
Client Meeting,Medium,Junior,Java,High,7,4,3,14,6,10,True,3,False,1.9375,3,1,0,0,3.36523359
Testing,Medium,Junior,JavaScript,Medium,9,5,1,18,2,9,False,3,True,4.3,1,2,1,1,3.627261
Deployment,Low,Mid,Other,Low,11,2,3,22,9,18,True,3,False,2.375,1,1,0,0,5.33804906
Deployment,Low,Junior,Go,High,9,4,2,18,10,17,True,3,False,1.9375,3,1,0,0,3.64014
Feature Dev,Medium,Mid,JavaScript,Medium,4,3,2,8,10,10,False,2,False,3.5,1,1,1,0,1.884225
Code Review,Medium,Senior,Go,Low,6,3,3,12,3,17,True,1,True,2.08333333,2,1,0,0,3.73235844
Deployment,Low,Mid,JavaScript,Critical,2,5,2,4,6,9,False,3,False,3.45,2,2,0,1,0.98862225
Client Meeting,High,Junior,Python,Medium,4,3,2,8,8,18,False,1,False,4.91666667,0,1,2,0,1.79853333
Testing,High,Tech Lead,C++,Critical,11,4,2,22,6,13,False,2,False,4.125,2,0,1,1,3.8859535
Client Meeting,Medium,Senior,Python,High,13,5,1,26,6,18,False,2,True,2.55,2,3,0,0,5.34340125
Testing,High,Mid,C++,Low,9,3,2,18,10,9,False,2,False,3.58333333,2,0,0,1,4.46493667
Client Meeting,Medium,Mid,C++,Medium,13,2,0,26,6,14,False,2,False,3.25,0,2,0,0,5.0625
Deployment,Low,Senior,JavaScript,Medium,6,4,0,12,10,16,True,0,False,2.375,2,2,0,0,2.225475
Documentation,Medium,Junior,Java,Medium,4,2,2,8,1,17,True,1,False,1.5,2,0,0,0,2.1525
Documentation,Medium,Senior,JavaScript,Medium,1,4,2,2,1,17,True,2,True,2.5625,3,0,1,0,0.97995614
Bug Fix,Medium,Senior,Python,High,10,2,3,20,8,9,False,0,False,2.375,1,1,0,0,3.92990625
Bug Fix,Medium,Junior,JavaScript,Medium,2,3,0,4,3,13,False,3,True,2.66666667,1,2,0,0,1.16966667
Feature Dev,High,Tech Lead,JavaScript,Low,3,4,2,6,10,12,True,3,True,5.1875,1,0,2,1,1.90304384
Deployment,Medium,Mid,C++,Medium,4,5,1,8,6,10,False,0,False,2.75,4,0,0,1,1.60015625
Code Review,High,Junior,Go,High,2,2,1,4,3,15,True,0,False,4.5,0,1,1,0,0.85821356
Refactoring,Medium,Junior,Python,Low,13,2,1,26,4,9,True,3,True,2.375,1,1,0,0,7.04373141
Refactoring,High,Junior,Python,High,6,3,3,12,9,17,False,1,False,4.33333333,1,0,2,0,2.473563
Feature Dev,Low,Senior,JavaScript,High,1,4,3,2,9,16,True,2,False,1.9375,3,1,0,0,0.95743266
Design Review,High,Mid,C++,Low,6,4,1,12,3,14,True,1,False,5.1875,1,0,2,1,2.63001008
Bug Fix,Low,Junior,Other,Critical,3,2,0,6,3,17,True,2,False,2.375,1,1,0,0,1.12098
Documentation,Medium,Tech Lead,JavaScript,Low,8,5,0,16,8,9,True,1,False,2.55,2,3,0,0,3.70668375
Documentation,Medium,Mid,JavaScript,Critical,13,3,2,26,7,16,True,0,False,3.5,1,1,1,0,4.40437594
Feature Dev,Medium,Mid,C++,High,2,5,1,4,2,14,False,3,True,1.85,4,1,0,0,1.24678125
Deployment,Medium,Senior,Java,Medium,10,4,2,20,8,11,False,3,False,4.0625,1,1,2,0,3.8780875
Bug Fix,High,Tech Lead,JavaScript,High,13,4,2,26,9,9,False,2,True,3.0,2,1,1,0,5.9116068
Refactoring,Low,Mid,Other,High,12,4,3,24,1,13,True,1,False,3.5,2,1,0,1,4.04413931
Bug Fix,Medium,Senior,C++,Low,1,4,2,2,1,12,False,1,False,2.375,2,2,0,0,0.8635
Design Review,High,Senior,Python,High,5,2,0,10,7,16,False,2,False,4.5,0,1,1,0,1.9096875
Client Meeting,Medium,Senior,JavaScript,Low,11,2,1,22,9,11,False,1,False,1.5,2,0,0,0,5.242875
Testing,Low,Junior,Other,Low,12,2,0,24,8,12,True,2,True,1.5,2,0,0,0,5.8862265
Refactoring,Medium,Junior,Java,Low,13,3,2,26,10,11,True,1,False,2.66666667,1,2,0,0,6.2524
Deployment,High,Junior,Python,High,7,2,2,14,1,16,False,3,False,3.25,0,2,0,0,3.223125
Client Meeting,Medium,Tech Lead,Go,Medium,7,3,2,14,1,14,False,3,False,2.66666667,1,2,0,0,3.28666667
Client Meeting,Medium,Tech Lead,Java,Critical,9,5,1,18,9,16,True,0,False,3.8,1,3,0,1,2.89337344
Documentation,Medium,Junior,Java,Medium,1,2,0,2,10,18,False,3,True,2.375,1,1,0,0,0.7555625
Bug Fix,Low,Junior,C++,High,3,3,0,6,7,11,False,1,False,1.5,3,0,0,0,1.08855
Bug Fix,High,Tech Lead,JavaScript,Critical,7,3,2,14,4,17,False,1,False,2.91666667,2,0,1,0,2.84789171
Testing,Low,Tech Lead,Java,Critical,3,2,1,6,10,9,False,3,False,1.5,2,0,0,0,1.3330125
Refactoring,Low,Tech Lead,C++,High,12,3,3,24,3,15,True,1,False,2.08333333,2,1,0,0,4.58297438
Code Review,High,Junior,Other,High,3,5,0,6,6,10,False,1,False,4.3,1,2,1,1,1.0845144
Documentation,Medium,Senior,Go,Critical,13,4,2,26,1,16,True,3,True,3.5,2,1,0,1,5.00373431
Client Meeting,High,Mid,Go,Medium,10,4,3,20,9,14,False,2,True,4.0625,1,1,2,0,4.86868594
Feature Dev,Medium,Tech Lead,JavaScript,High,6,4,0,12,1,16,False,3,False,4.125,2,0,1,1,1.9980675
Client Meeting,High,Mid,Python,Low,3,4,2,6,1,14,True,3,False,4.5625,1,1,1,1,1.83437966
Testing,Medium,Tech Lead,JavaScript,Medium,12,2,1,24,7,12,False,1,False,1.5,2,0,0,0,5.17625
Deployment,High,Tech Lead,JavaScript,Medium,7,3,3,14,6,10,True,0,False,3.5,1,1,1,0,3.45755288
Documentation,Medium,Mid,Python,Critical,9,5,3,18,2,13,False,3,False,2.55,2,3,0,0,3.59581875
Testing,High,Senior,Other,Medium,8,2,2,16,7,11,True,1,False,3.625,1,0,1,0,3.81784725
Deployment,Low,Mid,C++,Critical,5,5,3,10,2,18,False,0,False,2.2,3,2,0,0,1.893375
Code Review,Low,Tech Lead,Java,Low,10,3,0,20,6,16,False,3,False,3.25,0,3,0,0,4.021875
Testing,Medium,Mid,Java,High,10,3,2,20,7,12,False,1,False,3.5,1,1,1,0,3.55311
Testing,Low,Tech Lead,JavaScript,Critical,7,2,3,14,7,9,False,1,False,1.5,2,0,0,0,2.6747375
Documentation,High,Mid,Go,Low,12,4,2,24,1,14,False,0,False,5.1875,1,0,2,1,4.843113
Client Meeting,Medium,Tech Lead,Other,Medium,2,4,2,4,4,14,False,0,False,3.0,2,1,1,0,1.01365
Code Review,Medium,Tech Lead,C++,Low,13,2,3,26,9,14,True,3,False,3.625,1,0,1,0,6.1244633
Client Meeting,Low,Mid,Python,Critical,5,2,0,10,7,14,False,1,False,2.375,1,1,0,0,1.58471875
Code Review,High,Tech Lead,Java,Critical,7,3,0,14,1,13,False,1,False,4.08333333,0,2,1,0,2.45220042
Refactoring,Low,Tech Lead,Java,High,12,2,0,24,9,10,False,1,False,2.375,1,1,0,0,3.9034125
Design Review,Medium,Junior,Go,Medium,11,4,3,22,8,10,False,0,False,3.0,2,1,1,0,4.469275
Feature Dev,Low,Tech Lead,Other,Medium,4,5,0,8,6,15,True,0,False,2.55,2,3,0,0,1.47042
Code Review,High,Mid,Other,High,10,3,1,20,8,17,True,3,True,2.66666667,1,2,0,0,5.0744925
Testing,Low,Tech Lead,Java,Low,8,2,1,16,4,12,False,3,False,2.375,1,1,0,0,3.59431875
Bug Fix,Medium,Tech Lead,Go,High,2,5,0,4,6,9,True,0,False,3.1,3,1,0,1,0.678699
Feature Dev,Medium,Tech Lead,Other,High,5,2,3,10,1,17,False,3,False,4.5,0,1,1,0,2.10065625
Client Meeting,Medium,Tech Lead,Java,Medium,7,5,2,14,9,18,True,1,False,3.55,2,1,2,0,2.913624
Client Meeting,Medium,Mid,Java,Critical,2,2,3,4,3,11,False,1,False,4.5,0,1,1,0,0.97394063
Documentation,High,Mid,Other,Medium,12,4,3,24,9,17,True,3,False,4.0625,1,1,2,0,5.55030197
Testing,Medium,Senior,JavaScript,Critical,13,3,2,26,3,13,True,0,True,4.91666667,0,1,2,0,4.33544891
Code Review,Medium,Junior,JavaScript,Medium,7,4,0,14,7,15,False,2,True,1.9375,3,1,0,0,3.3103125
Refactoring,Medium,Mid,Go,Medium,2,4,2,4,9,13,True,3,False,3.625,2,0,2,0,1.26952875
Feature Dev,High,Senior,Other,Critical,9,3,3,18,7,13,True,0,False,3.5,1,1,1,0,3.67565192
Client Meeting,Medium,Junior,Go,Medium,7,5,1,14,1,12,False,1,True,4.8,1,1,2,1,2.567917
Code Review,Medium,Tech Lead,Other,Low,11,4,2,22,1,15,True,1,False,4.0625,1,1,2,0,4.6739385
Client Meeting,Low,Senior,JavaScript,High,11,3,1,22,2,13,False,2,False,3.25,0,3,0,0,3.6365625
Client Meeting,High,Senior,Other,Low,2,2,1,4,1,15,True,0,False,2.375,1,1,0,0,1.21267781
Code Review,Medium,Junior,JavaScript,Low,5,5,3,10,6,12,False,3,False,1.85,4,1,0,0,3.0476875
Testing,Low,Mid,Go,Critical,13,3,0,26,5,17,False,1,False,2.66666667,1,2,0,0,3.92756667
Code Review,High,Mid,Python,Low,10,3,2,20,1,9,False,3,True,4.16666667,1,1,0,1,5.32984833
Client Meeting,Medium,Mid,Other,Critical,8,3,0,16,8,9,False,0,False,3.5,1,1,1,0,2.44052
Bug Fix,Low,Senior,Go,High,3,4,0,6,7,18,True,0,False,1.9375,3,1,0,0,1.02378938
Refactoring,Low,Tech Lead,JavaScript,Low,4,2,0,8,9,15,True,2,True,2.375,1,1,0,0,2.04455213
Testing,Low,Mid,Java,Critical,5,2,3,10,2,15,True,2,False,2.375,1,1,0,0,2.14562578
Deployment,High,Senior,JavaScript,Medium,11,2,3,22,10,10,False,2,False,2.375,1,1,0,0,5.6029375
Refactoring,High,Mid,C++,Critical,13,2,3,26,8,11,True,0,False,2.375,1,1,0,0,5.63117297
Design Review,Medium,Junior,C++,Medium,3,5,0,6,6,17,False,2,False,2.7,3,1,1,0,1.31047
Testing,High,Senior,Python,Medium,11,5,0,22,9,9,False,2,False,4.3,1,2,1,1,4.282692
Bug Fix,High,Mid,JavaScript,Medium,10,2,2,20,8,16,False,2,False,2.375,1,1,0,0,5.004375
Feature Dev,Low,Tech Lead,Other,Critical,13,2,0,26,3,11,False,1,False,2.375,1,1,0,0,3.98681875
Deployment,Medium,Mid,Other,Medium,3,4,2,6,2,16,False,1,True,2.5625,3,0,1,0,1.659185
Feature Dev,Low,Mid,Python,Critical,1,3,0,2,5,14,False,1,False,2.08333333,2,1,0,0,0.5
Bug Fix,High,Senior,Go,Low,11,3,1,22,5,10,False,1,True,2.66666667,1,2,0,0,6.21093
Documentation,Medium,Tech Lead,JavaScript,Critical,7,2,2,14,7,9,False,1,False,3.625,1,0,1,0,2.42403
Deployment,High,Mid,Python,Critical,1,3,2,2,10,17,False,3,False,4.33333333,1,0,2,0,0.74813033
Feature Dev,Medium,Junior,JavaScript,High,2,4,1,4,9,14,False,0,False,3.5,2,1,0,1,0.75133125
Design Review,Medium,Junior,JavaScript,Medium,10,5,3,20,10,11,False,0,True,3.05,2,2,1,0,4.49887213
Code Review,High,Junior,Python,Medium,7,3,2,14,10,9,False,2,True,4.16666667,1,1,0,1,3.466265
Deployment,High,Junior,Go,Critical,9,4,3,18,2,13,True,2,False,4.0625,1,1,2,0,3.60415542
Documentation,High,Junior,Other,Critical,11,4,1,22,3,12,True,0,False,4.5625,1,1,1,1,3.72982109
Client Meeting,Medium,Senior,C++,Low,9,5,0,18,9,10,False,3,False,1.85,4,1,0,0,4.322175
Documentation,Low,Tech Lead,Python,Low,4,2,2,8,7,17,False,3,False,2.375,1,1,0,0,2.201925
Client Meeting,Medium,Tech Lead,C++,Medium,4,5,1,8,1,11,True,1,True,4.45,2,0,2,1,1.66874833
Deployment,Low,Mid,C++,Medium,10,2,0,20,1,14,True,3,True,2.375,1,1,0,0,4.42004063
Feature Dev,Low,Tech Lead,Other,High,6,3,3,12,10,18,False,0,True,4.75,0,2,0,1,2.11718306
Refactoring,Medium,Senior,JavaScript,Low,10,3,1,20,6,9,True,0,True,4.16666667,1,1,0,1,4.46631041
Bug Fix,Low,Senior,JavaScript,Medium,4,4,1,8,8,9,False,0,False,2.375,2,2,0,0,1.5601875
Design Review,High,Tech Lead,C++,Low,3,4,0,6,1,12,False,3,False,4.125,2,0,1,1,1.519518
Bug Fix,Medium,Junior,Java,Medium,6,3,1,12,10,13,True,2,False,1.5,3,0,0,0,2.9596875
Code Review,Medium,Mid,Go,Critical,2,4,0,4,5,15,True,0,False,1.5,4,0,0,0,0.73185
Client Meeting,High,Tech Lead,JavaScript,High,11,3,1,22,4,18,False,2,False,2.08333333,2,1,0,0,4.8487125
Code Review,High,Mid,Other,Critical,7,2,3,14,1,14,True,2,False,2.375,1,1,0,0,3.38921297
Code Review,High,Mid,Other,Medium,10,3,1,20,2,9,False,2,False,4.08333333,0,2,1,0,4.30134375
Documentation,Low,Junior,Python,Low,11,3,3,22,9,10,True,1,False,4.16666667,1,1,0,1,4.41249944
Client Meeting,High,Tech Lead,C++,Low,1,3,0,2,1,18,True,0,False,2.66666667,1,2,0,0,0.51359
Refactoring,High,Mid,Python,Medium,8,4,0,16,7,11,True,2,True,4.0625,1,1,2,0,3.77810029
Refactoring,High,Senior,Java,Medium,3,3,0,6,2,10,False,2,True,3.58333333,2,0,0,1,1.52038792
Testing,Medium,Mid,C++,Critical,2,3,0,4,4,16,True,2,False,3.5,1,1,1,0,0.80079562
Bug Fix,High,Mid,JavaScript,Medium,10,3,3,20,3,15,False,2,False,4.08333333,0,2,1,0,4.56203125
Deployment,Low,Tech Lead,Java,Low,1,3,0,2,5,18,False,2,False,4.16666667,1,1,0,1,0.52180333
Client Meeting,Low,Tech Lead,JavaScript,High,5,3,3,10,4,10,False,0,False,2.08333333,2,1,0,0,2.0165625
Client Meeting,High,Mid,Go,Critical,8,4,3,16,5,11,False,0,True,3.5,2,1,0,1,3.39333706
Code Review,Low,Tech Lead,Java,High,13,4,0,26,10,10,False,2,True,3.5,2,1,0,1,4.245417
Design Review,Medium,Junior,Java,Critical,4,3,1,8,6,17,True,0,False,2.08333333,2,1,0,0,1.55536719
Deployment,High,Junior,Java,Medium,5,4,0,10,4,18,True,2,True,4.0625,1,1,2,0,2.43434297
Deployment,High,Senior,Python,Low,13,5,3,26,6,16,False,1,False,3.05,2,2,1,0,6.60171573
Code Review,High,Junior,JavaScript,Medium,2,2,0,4,3,15,False,2,False,2.375,1,1,0,0,1.099
Deployment,High,Tech Lead,C++,Critical,13,2,3,26,10,16,True,1,False,2.375,1,1,0,0,5.71874953
Documentation,Medium,Tech Lead,C++,Low,2,5,0,4,4,14,True,2,True,1.5,5,0,0,0,1.3022625
Code Review,Medium,Junior,Java,Low,2,4,0,4,10,15,False,2,False,3.625,2,0,2,0,0.9499875
Client Meeting,High,Mid,Go,Medium,4,2,1,8,10,13,False,3,False,4.5,0,1,1,0,1.9436375
Feature Dev,Medium,Senior,Go,Critical,7,3,3,14,6,16,False,1,False,4.75,0,2,0,1,2.33317031
Testing,Medium,Tech Lead,Java,Low,4,2,0,8,9,16,True,1,False,4.5,0,1,1,0,1.66652063
Feature Dev,Low,Tech Lead,Python,High,11,2,1,22,2,14,True,0,False,2.375,1,1,0,0,3.81112594
Deployment,High,Mid,Other,Low,7,4,0,14,9,16,False,1,False,3.5,2,1,0,1,3.209195
Documentation,Medium,Junior,Java,Medium,4,5,2,8,6,11,True,2,True,3.45,2,2,0,1,2.13716869
Testing,Medium,Mid,Python,Medium,2,2,1,4,7,11,True,1,False,2.375,1,1,0,0,1.08182813
Refactoring,Medium,Senior,C++,Medium,7,2,1,14,8,13,True,1,False,4.5,0,1,1,0,2.71812188
Feature Dev,Medium,Junior,Java,High,13,5,3,26,5,11,True,2,False,3.05,2,2,1,0,5.08087637
Code Review,Medium,Senior,C++,High,13,4,1,26,2,15,False,3,False,4.0625,1,1,2,0,4.28697281
Deployment,Medium,Senior,C++,Low,4,3,0,8,5,9,True,1,False,3.5,1,1,1,0,1.76175038
Refactoring,Medium,Mid,Python,Critical,11,2,1,22,3,16,True,0,False,2.375,1,1,0,0,3.98473359
Code Review,High,Tech Lead,C++,Low,6,3,1,12,7,9,False,3,True,4.16666667,1,1,0,1,3.29015637
Bug Fix,Medium,Tech Lead,C++,Critical,3,4,2,6,4,10,False,1,False,2.375,2,2,0,0,1.3345
Feature Dev,Medium,Junior,Go,High,12,4,3,24,10,18,True,2,True,4.125,2,0,1,1,4.65827237
Bug Fix,Medium,Tech Lead,JavaScript,High,2,4,1,4,8,15,True,2,True,5.0,0,2,1,1,0.93482235
Design Review,High,Tech Lead,Java,High,1,5,3,2,8,18,False,2,True,5.15,0,2,2,1,0.83131785
Client Meeting,High,Mid,Other,Medium,12,4,3,24,6,10,False,2,False,2.375,2,2,0,0,6.0543125
Design Review,Medium,Senior,Other,High,13,4,3,26,3,9,False,3,False,4.5625,1,1,1,1,4.29537938
Feature Dev,Low,Junior,C++,High,12,5,2,24,6,16,True,1,False,2.2,3,2,0,0,4.415796
Design Review,Medium,Junior,Java,High,8,4,1,16,10,15,False,3,False,5.1875,1,0,2,1,2.4851025
Documentation,Medium,Tech Lead,JavaScript,Medium,10,4,2,20,7,9,True,1,True,1.5,4,0,0,0,5.20905
Feature Dev,Medium,Junior,C++,High,6,3,2,12,5,15,True,3,True,2.91666667,2,0,1,0,2.88630169
Bug Fix,High,Mid,Java,Low,7,2,1,14,3,16,False,3,False,4.5,0,1,1,0,3.42640375
Testing,High,Mid,C++,Low,7,5,2,14,8,14,False,0,True,3.05,2,2,1,0,3.91452424
Refactoring,Low,Junior,Python,Medium,10,3,0,20,2,11,False,0,False,2.66666667,1,2,0,0,3.48
Deployment,High,Mid,Python,Medium,3,2,1,6,2,9,False,0,False,4.5,0,1,1,0,1.2985875
Feature Dev,High,Tech Lead,C++,Low,3,4,2,6,8,18,True,1,False,3.9375,1,2,0,1,1.76389795
Documentation,High,Tech Lead,Go,High,8,4,0,16,8,17,False,2,False,4.125,2,0,1,1,2.871297
Design Review,High,Mid,Other,Medium,12,4,1,24,1,16,True,3,False,2.375,2,2,0,0,6.15096563
Testing,Low,Junior,Java,Medium,12,4,1,24,5,16,False,1,False,2.375,2,2,0,0,4.4843125
Refactoring,High,Mid,C++,Critical,6,5,3,12,9,10,False,0,False,3.4,1,3,1,0,2.46137985
Testing,High,Junior,C++,Low,12,3,1,24,6,18,True,0,False,4.16666667,1,1,0,1,5.54742169
Feature Dev,High,Junior,C++,Critical,6,3,1,12,9,10,False,0,False,4.91666667,0,1,2,0,1.98601437
Design Review,Medium,Mid,JavaScript,High,4,2,3,8,1,11,False,1,False,4.5,0,1,1,0,1.64233125
Deployment,Medium,Tech Lead,Go,Medium,6,5,2,12,9,16,False,1,False,2.55,2,3,0,0,2.723
Refactoring,Low,Mid,Python,Low,7,5,3,14,1,18,True,3,False,3.45,2,2,0,1,3.32787696
Client Meeting,Medium,Mid,Python,High,7,2,3,14,9,16,True,0,False,1.5,2,0,0,0,3.14803125
Design Review,Medium,Mid,Java,High,3,3,1,6,5,14,False,0,False,5.58333333,0,1,1,1,0.95013
Client Meeting,High,Tech Lead,Other,Medium,12,5,0,24,10,17,True,0,False,2.55,2,3,0,0,5.63661
Code Review,Medium,Junior,Python,Low,6,5,2,12,5,18,False,3,True,1.85,4,1,0,0,3.657225
Code Review,Low,Junior,JavaScript,Medium,11,5,0,22,8,12,False,2,False,2.2,3,2,0,0,4.1184
Refactoring,High,Senior,C++,Critical,11,3,3,22,3,12,False,2,True,3.58333333,2,0,0,1,4.67038149
Documentation,Medium,Senior,Go,Low,12,5,0,24,6,12,False,0,False,3.55,2,1,2,0,4.578552
Documentation,Medium,Senior,Other,Low,4,5,0,8,4,17,False,0,False,3.4,1,3,1,0,1.587696
Design Review,Low,Junior,JavaScript,High,12,3,2,24,1,18,True,0,False,3.58333333,2,0,0,1,3.81925294
Bug Fix,Low,Tech Lead,C++,Low,12,5,1,24,2,15,True,3,False,3.45,2,2,0,1,4.85442602
Documentation,Medium,Tech Lead,Python,Medium,7,3,2,14,2,11,True,3,False,2.91666667,2,0,1,0,3.30418375
Design Review,Low,Tech Lead,Java,High,7,4,0,14,1,9,True,3,False,3.0625,3,0,0,1,2.39716083
Design Review,Medium,Junior,JavaScript,High,3,2,0,6,4,9,False,1,False,4.5,0,1,1,0,0.9930375
Deployment,Medium,Mid,JavaScript,Critical,5,3,2,10,8,12,False,1,False,3.58333333,2,0,0,1,1.784575
Refactoring,Medium,Tech Lead,Python,High,8,2,0,16,2,9,True,2,False,2.375,1,1,0,0,3.15275625
Refactoring,High,Junior,JavaScript,High,7,4,3,14,9,12,True,0,False,2.375,2,2,0,0,3.40312219
Documentation,Low,Senior,Java,Medium,3,2,2,6,5,11,True,1,False,2.375,1,1,0,0,1.5248625
Client Meeting,Medium,Senior,Java,High,1,4,2,2,3,11,True,3,False,5.625,0,1,2,1,0.7148925
Design Review,High,Junior,Java,Medium,10,3,2,20,2,15,True,3,False,4.33333333,1,0,2,0,4.53362
Design Review,Low,Mid,Other,High,10,3,2,20,1,10,False,3,False,2.08333333,2,1,0,0,3.76425
Bug Fix,Low,Junior,Other,Critical,5,4,0,10,7,14,False,1,False,3.9375,1,2,0,1,1.38561953
Refactoring,Low,Mid,JavaScript,Medium,10,5,3,20,3,16,False,2,True,3.45,2,2,0,1,4.11925938
Documentation,Low,Mid,JavaScript,Critical,2,2,0,4,7,11,True,1,False,1.5,2,0,0,0,0.75014625
Bug Fix,Medium,Mid,JavaScript,Medium,12,5,3,24,4,16,False,3,False,3.05,2,2,1,0,5.10086625
Deployment,Low,Mid,Java,High,6,3,0,12,9,14,False,2,False,3.58333333,2,0,0,1,1.8580575
Code Review,Medium,Senior,Python,Medium,3,2,2,6,5,13,True,2,False,2.375,1,1,0,0,1.75153125
Design Review,High,Mid,Other,High,8,4,3,16,1,16,False,1,False,2.375,2,2,0,0,3.73561875
Design Review,High,Mid,Other,Low,3,4,0,6,5,12,False,1,False,2.8125,1,3,0,0,1.5618625
Deployment,Medium,Junior,C++,Critical,13,3,3,26,8,9,True,2,False,4.91666667,0,1,2,0,4.19212828
Client Meeting,Medium,Junior,C++,High,9,2,1,18,4,16,False,2,True,2.375,1,1,0,0,3.83717813
Deployment,High,Senior,Other,Medium,13,2,3,26,7,18,False,1,False,1.5,2,0,0,0,6.69325
Client Meeting,Medium,Mid,Python,Critical,13,4,3,26,8,16,True,0,True,2.5625,3,0,1,0,5.22915485
Code Review,Medium,Junior,C++,Medium,2,5,1,4,7,15,False,2,False,3.9,1,2,2,0,0.978305
Refactoring,Medium,Mid,Go,Low,11,3,3,22,7,13,True,0,True,3.5,1,1,1,0,5.52878721
Testing,Medium,Mid,Other,Critical,9,5,0,18,3,17,True,2,False,4.3,1,2,1,1,2.7613593
Bug Fix,High,Mid,Java,High,1,2,2,2,3,10,True,3,False,3.25,0,2,0,0,0.93909375
Deployment,Medium,Senior,Other,Critical,9,2,2,18,5,17,True,1,True,1.5,2,0,0,0,4.025175
Bug Fix,Low,Junior,C++,High,5,3,3,10,5,14,True,0,False,4.16666667,1,1,0,1,1.80111094
Documentation,Low,Mid,JavaScript,Medium,6,3,3,12,7,12,True,0,True,2.08333333,2,1,0,0,3.00198938
Bug Fix,High,Junior,C++,Low,9,3,1,18,6,11,True,2,False,2.91666667,2,0,1,0,4.79981281
Documentation,Medium,Junior,Go,High,7,4,3,14,3,16,False,3,False,3.25,0,4,0,0,2.9953125
Bug Fix,High,Mid,Java,Low,2,3,2,4,9,9,True,3,False,3.5,1,1,1,0,1.5752121
Testing,High,Tech Lead,C++,Critical,5,3,2,10,1,17,True,1,True,3.58333333,2,0,0,1,2.31883214
Refactoring,High,Senior,Go,Low,2,2,1,4,2,18,False,2,True,1.5,2,0,0,0,1.5751175
Code Review,High,Tech Lead,C++,Medium,7,3,2,14,5,16,False,2,False,2.08333333,2,1,0,0,3.7045
Documentation,High,Tech Lead,Java,High,7,3,2,14,1,9,True,1,False,2.08333333,2,1,0,0,3.40664625
Testing,Medium,Senior,Go,Low,2,5,2,4,8,9,True,3,False,2.2,3,2,0,0,1.60083
Refactoring,Medium,Mid,JavaScript,Medium,7,5,3,14,7,13,True,3,True,5.15,0,2,2,1,3.10183913
Testing,High,Senior,Go,Critical,8,4,2,16,7,18,True,0,True,3.875,0,3,1,0,3.43481805
Client Meeting,High,Mid,Python,High,6,3,1,12,9,14,False,1,False,2.91666667,2,0,1,0,2.50729237
Refactoring,Medium,Junior,Python,Low,11,2,1,22,5,12,False,3,False,3.25,0,2,0,0,5.0015625
Client Meeting,Medium,Tech Lead,Go,Low,4,2,0,8,10,14,False,0,True,1.5,2,0,0,0,1.9844
Bug Fix,Low,Senior,JavaScript,Low,2,2,1,4,5,13,False,2,True,1.5,2,0,0,0,1.3270675
Documentation,Medium,Senior,Other,Low,4,4,0,8,1,11,False,1,False,3.0,2,1,1,0,1.723205
Documentation,Low,Junior,C++,Medium,8,4,0,16,8,13,False,0,False,2.375,2,2,0,0,2.826
Code Review,High,Tech Lead,C++,Low,7,5,3,14,5,11,False,2,False,4.3,1,2,1,1,3.4660494
Feature Dev,Low,Junior,Java,Critical,9,5,3,18,9,17,False,3,True,2.55,2,3,0,0,3.62805713
Deployment,High,Senior,Go,Critical,1,3,2,2,3,15,False,3,False,2.66666667,1,2,0,0,0.87096667
Bug Fix,High,Tech Lead,Python,Critical,10,2,2,20,9,16,True,2,False,4.5,0,1,1,0,3.86329781
Bug Fix,Medium,Mid,Python,Low,3,3,3,6,7,11,True,0,False,4.33333333,1,0,2,0,1.58240775
Documentation,High,Mid,Other,Low,3,3,2,6,4,10,False,3,False,3.58333333,2,0,0,1,1.90529625
Client Meeting,Medium,Tech Lead,Go,High,4,5,0,8,3,13,True,2,False,3.05,2,2,1,0,1.56334658
Feature Dev,Low,Mid,JavaScript,High,3,4,0,6,8,16,False,0,False,1.5,4,0,0,0,0.9963
Code Review,Low,Senior,JavaScript,Low,11,4,2,22,5,13,True,3,False,2.375,2,2,0,0,5.1680475
Documentation,Medium,Tech Lead,C++,Low,8,3,0,16,6,16,True,3,True,3.5,1,1,1,0,3.98984644
Client Meeting,High,Mid,JavaScript,Low,6,2,3,12,3,17,False,2,False,4.5,0,1,1,0,3.18366125
Refactoring,Medium,Tech Lead,Python,Low,4,4,0,8,1,11,False,2,True,3.0,2,1,1,0,2.007027
Design Review,High,Senior,C++,Low,8,2,1,16,7,16,True,1,True,3.25,0,2,0,0,4.68099844
Documentation,High,Tech Lead,Go,High,11,2,2,22,7,17,True,0,True,3.25,0,2,0,0,5.2234875
Code Review,High,Tech Lead,Python,Medium,5,3,3,10,9,10,False,0,False,4.33333333,1,0,2,0,2.28341667
Documentation,High,Junior,C++,High,4,3,1,8,7,10,True,0,False,3.5,1,1,1,0,1.68732349
Documentation,High,Senior,Go,Medium,9,5,2,18,6,18,False,0,False,2.55,2,3,0,0,4.3179
Feature Dev,High,Junior,JavaScript,Medium,8,3,3,16,1,9,True,2,True,5.58333333,0,1,1,1,3.9108993
Client Meeting,Low,Mid,Go,Medium,6,2,3,12,2,12,True,1,False,3.25,0,2,0,0,2.66765625
Feature Dev,Medium,Mid,Go,High,10,5,3,20,9,17,True,2,False,3.4,1,3,1,0,3.96405292
Feature Dev,Medium,Tech Lead,Python,Critical,5,3,3,10,7,15,False,2,False,1.5,3,0,0,0,2.3088125
Code Review,Medium,Mid,JavaScript,High,5,4,2,10,2,13,False,3,False,2.375,2,2,0,0,2.296125
Client Meeting,Medium,Senior,C++,Low,6,3,2,12,6,16,False,3,False,4.08333333,0,2,1,0,2.8675625
Testing,Low,Senior,C++,High,3,4,0,6,3,12,False,3,True,1.5,4,0,0,0,1.400355
Code Review,Low,Senior,Other,Critical,8,4,0,16,2,12,False,0,False,1.9375,3,1,0,0,2.45565
Deployment,Medium,Junior,JavaScript,Critical,1,5,0,2,3,10,True,0,False,3.1,3,1,0,1,0.5
Client Meeting,Medium,Tech Lead,Java,Critical,9,3,0,18,3,17,True,0,True,3.58333333,2,0,0,1,3.09177619
Design Review,High,Mid,Java,Low,11,3,3,22,3,17,False,0,True,3.5,1,1,1,0,5.98205548
Feature Dev,High,Senior,Other,High,11,2,2,22,9,9,True,1,True,3.625,1,0,1,0,5.05808616
Code Review,Medium,Mid,Python,High,12,3,0,24,8,12,False,2,True,3.5,1,1,1,0,4.4413875
Design Review,Medium,Senior,Java,Medium,4,4,2,8,10,12,True,0,False,2.8125,1,3,0,0,1.91395313
Code Review,High,Senior,Java,Critical,6,2,1,12,7,11,False,3,False,3.625,1,0,1,0,2.43160509
Deployment,High,Mid,Go,Critical,6,5,1,12,3,12,False,3,False,5.15,0,2,2,1,2.06411025
Deployment,Medium,Mid,Java,High,7,5,1,14,6,13,False,3,False,4.8,1,1,2,1,2.238795
Deployment,Medium,Senior,JavaScript,Low,6,5,2,12,6,18,False,1,False,3.9,1,2,2,0,2.620156
Documentation,Low,Junior,JavaScript,Critical,6,5,3,12,5,18,False,0,False,2.2,3,2,0,0,2.196315
Deployment,Low,Senior,Java,Critical,7,3,3,14,2,18,True,3,False,2.66666667,1,2,0,0,2.8211925
Deployment,High,Senior,C++,Medium,6,4,2,12,1,11,True,1,False,4.5,0,2,2,0,2.729055
Client Meeting,High,Tech Lead,Java,Medium,12,2,0,24,3,12,True,3,True,1.5,2,0,0,0,6.8901525
Testing,Low,Mid,Java,Critical,7,4,2,14,10,16,False,1,False,3.5,2,1,0,1,2.1810575
Documentation,Medium,Mid,Java,Medium,12,3,0,24,1,14,False,2,False,4.16666667,1,1,0,1,4.23541667
Client Meeting,High,Junior,JavaScript,High,7,2,2,14,1,18,True,0,False,3.625,1,0,1,0,2.9644461
Bug Fix,Medium,Tech Lead,JavaScript,Medium,7,4,1,14,8,11,False,0,False,2.8125,1,3,0,0,2.83015625
Client Meeting,Low,Senior,C++,High,5,5,3,10,6,12,False,0,False,1.85,4,1,0,0,2.0401875
Bug Fix,High,Senior,Java,Critical,1,3,0,2,1,16,False,1,False,5.0,1,0,1,1,0.5
Bug Fix,Low,Mid,JavaScript,Low,2,3,2,4,2,17,False,2,True,4.16666667,1,1,0,1,1.25046442
Documentation,High,Tech Lead,JavaScript,Critical,10,2,2,20,2,12,True,2,False,2.375,1,1,0,0,4.46640469
Documentation,Medium,Senior,Other,Critical,3,4,3,6,9,16,False,1,False,5.0,0,2,1,1,1.163225
Bug Fix,Low,Junior,Java,High,6,5,1,12,8,17,True,0,False,2.75,4,0,0,1,1.99603491
Design Review,High,Junior,Python,High,1,4,1,2,8,18,True,1,False,3.9375,1,2,0,1,0.57565413
Refactoring,High,Senior,JavaScript,High,9,5,0,18,9,17,False,0,True,3.55,2,1,2,0,3.55410099
Refactoring,High,Junior,Python,High,8,4,0,16,3,17,True,3,False,2.375,2,2,0,0,3.69057938
Refactoring,High,Mid,Python,Critical,8,3,2,16,6,16,True,0,False,4.16666667,1,1,0,1,3.00896706
Documentation,High,Tech Lead,Go,Low,7,4,1,14,5,11,False,1,False,3.4375,1,2,1,0,3.43637353
Bug Fix,Medium,Mid,Other,Low,4,5,3,8,10,13,True,2,False,3.45,2,2,0,1,2.28982359
Design Review,High,Junior,Python,Critical,2,4,1,4,4,14,False,1,False,3.0,2,1,1,0,0.91643175
Feature Dev,Medium,Tech Lead,Python,Medium,7,2,3,14,3,17,False,3,True,1.5,2,0,0,0,4.002625
Feature Dev,High,Mid,Go,High,9,5,3,18,9,10,False,3,True,3.95,2,1,1,1,4.01956533
Deployment,Medium,Junior,Java,Critical,7,2,1,14,7,9,True,3,False,2.375,1,1,0,0,2.84623828
Design Review,Low,Tech Lead,Other,Medium,11,3,1,22,2,16,False,3,False,1.5,3,0,0,0,4.52025
Feature Dev,Low,Tech Lead,Go,Critical,9,2,0,18,3,16,False,1,False,2.375,1,1,0,0,2.78576875
Refactoring,Low,Senior,C++,Low,5,3,0,10,6,15,True,3,False,1.5,3,0,0,0,2.4861375
Client Meeting,Low,Junior,JavaScript,Critical,10,2,1,20,2,10,True,2,False,2.375,1,1,0,0,3.45927422
Bug Fix,Medium,Junior,JavaScript,Critical,2,2,3,4,4,15,True,1,False,4.5,0,1,1,0,1.02263766
Feature Dev,Medium,Junior,Java,Low,11,2,0,22,1,11,True,2,False,2.375,1,1,0,0,5.21338125
Documentation,Medium,Tech Lead,Other,Critical,12,4,1,24,3,12,False,1,False,3.4375,1,2,1,0,3.86445727
Client Meeting,High,Junior,Other,Low,12,5,0,24,2,12,True,1,False,3.55,2,1,2,0,5.62875737
Bug Fix,Medium,Tech Lead,C++,Medium,6,5,2,12,8,16,False,3,False,3.75,0,4,1,0,2.655375
Bug Fix,High,Senior,Java,Critical,7,5,2,14,8,9,False,2,False,3.45,2,2,0,1,2.78611725
Deployment,Low,Tech Lead,Other,Low,1,4,2,2,3,15,False,3,False,1.9375,3,1,0,0,1.0593
Testing,High,Mid,Other,Medium,10,5,1,20,4,11,False,0,False,2.55,2,3,0,0,4.619375
Documentation,High,Mid,Python,Critical,13,3,2,26,10,15,False,2,False,2.66666667,1,2,0,0,5.3244
Documentation,Medium,Mid,Go,Medium,11,4,2,22,8,9,True,3,False,3.0,2,1,1,0,4.837875
Design Review,Low,Tech Lead,JavaScript,Low,8,4,3,16,10,10,True,2,False,2.375,2,2,0,0,4.00070344
Design Review,Medium,Junior,JavaScript,Critical,8,5,2,16,6,14,False,2,False,2.9,1,4,0,0,3.003475
Testing,Medium,Senior,Python,High,8,5,1,16,3,13,False,3,True,3.45,2,2,0,1,3.18394519
Bug Fix,High,Senior,Go,Medium,11,3,2,22,6,15,False,0,False,5.0,1,0,1,1,4.19152
Bug Fix,Medium,Mid,Other,Critical,8,3,1,16,2,9,False,1,False,4.91666667,0,1,2,0,2.35455312
Feature Dev,Low,Mid,Other,Low,12,2,1,24,5,18,True,0,False,2.375,1,1,0,0,5.06604656
Feature Dev,High,Tech Lead,Other,Critical,3,3,0,6,7,12,False,3,False,3.5,1,1,1,0,1.281273
Testing,Low,Junior,Python,Low,4,2,0,8,8,15,False,2,False,2.375,1,1,0,0,1.770175
Documentation,High,Mid,Other,Critical,12,2,2,24,6,16,True,3,False,2.375,1,1,0,0,5.35968563
Refactoring,Low,Junior,C++,High,8,5,2,16,6,11,False,2,False,2.55,2,3,0,0,2.958345
Code Review,Low,Mid,Other,Critical,2,4,3,4,1,10,True,2,False,3.5,2,1,0,1,1.07446959
Feature Dev,Medium,Senior,JavaScript,Critical,11,5,0,22,10,10,True,0,False,3.4,1,3,1,0,3.5425467
Code Review,Low,Tech Lead,Other,Critical,9,4,0,18,3,13,False,0,False,3.9375,1,2,0,1,2.36284594
Bug Fix,High,Mid,Python,Medium,6,2,0,12,6,10,False,0,True,4.5,0,1,1,0,2.576805
Code Review,Low,Senior,C++,Medium,12,2,1,24,3,15,False,2,False,3.25,0,2,0,0,4.378125
Client Meeting,Medium,Junior,Java,High,13,4,1,26,10,14,False,3,False,2.8125,1,3,0,0,4.87842188
Client Meeting,Medium,Tech Lead,JavaScript,Critical,6,4,1,12,2,9,False,1,False,3.625,2,0,2,0,1.94531531
Client Meeting,Medium,Junior,Go,Medium,7,5,0,14,5,16,True,0,True,1.5,5,0,0,0,3.31485
Code Review,High,Mid,Java,Critical,8,3,3,16,10,16,False,0,False,2.66666667,1,2,0,0,3.39348333
Code Review,High,Mid,Python,Low,9,3,0,18,1,14,True,3,True,4.33333333,1,0,2,0,4.68392694
Design Review,Medium,Tech Lead,Go,Medium,4,2,2,8,1,10,False,2,False,5.75,0,0,2,0,1.6779
Client Meeting,High,Senior,JavaScript,Critical,2,5,1,4,1,18,False,3,False,3.9,1,2,2,0,0.99064015
Testing,Medium,Junior,Go,Medium,5,4,1,10,5,14,True,3,False,3.4375,1,2,1,0,2.31597352
Documentation,High,Mid,Java,High,9,3,2,18,7,11,True,0,False,2.08333333,2,1,0,0,4.1783175
Design Review,Medium,Junior,Python,High,2,4,0,4,5,18,True,2,False,2.375,2,2,0,0,0.92728125
Testing,High,Junior,Java,High,11,2,3,22,5,14,False,0,False,3.25,0,2,0,0,4.6490625
Bug Fix,Medium,Junior,Java,Medium,10,5,1,20,2,18,True,2,False,3.45,2,2,0,1,4.02453844
Feature Dev,High,Junior,Other,Medium,4,3,2,8,9,18,False,0,False,2.08333333,2,1,0,0,2.13108333
Client Meeting,Medium,Tech Lead,Other,High,2,3,1,4,9,9,True,2,False,5.58333333,0,1,1,1,0.8498385
Client Meeting,Medium,Junior,JavaScript,Medium,9,3,2,18,4,17,True,2,False,2.66666667,1,2,0,0,4.1615
Feature Dev,Medium,Tech Lead,C++,High,5,2,3,10,10,9,False,0,False,3.25,0,2,0,0,2.0671875
Deployment,Medium,Senior,Java,Low,6,3,2,12,5,14,False,1,False,4.16666667,1,1,0,1,2.60901667
Code Review,Medium,Tech Lead,Other,Low,3,2,0,6,6,16,False,0,False,3.625,1,0,1,0,1.1763675
Documentation,Low,Senior,Python,High,13,2,1,26,9,11,False,1,False,2.375,1,1,0,0,4.35380625
Testing,Medium,Junior,C++,Critical,3,2,2,6,7,18,False,3,False,2.375,1,1,0,0,1.5013125
Client Meeting,Medium,Junior,C++,Low,10,5,1,20,8,11,False,3,False,3.9,1,2,2,0,4.1641765
Client Meeting,Medium,Mid,Python,Medium,4,5,3,8,2,14,True,3,True,2.7,3,1,1,0,2.54067371
Documentation,High,Mid,Other,High,4,2,0,8,9,16,False,1,False,2.375,1,1,0,0,1.7132625
Design Review,High,Senior,C++,Critical,1,4,2,2,6,10,True,0,True,3.4375,1,2,1,0,0.67172685
Bug Fix,Medium,Junior,Python,Critical,8,2,2,16,3,13,False,3,False,5.75,0,0,2,0,2.58077
Documentation,Medium,Senior,Other,Low,13,3,2,26,8,15,True,1,False,3.5,1,1,1,0,5.803413
Code Review,High,Tech Lead,C++,Low,9,4,1,18,9,10,False,2,False,3.625,2,0,2,0,4.26544388
Feature Dev,Medium,Junior,Other,High,11,2,3,22,8,9,True,0,False,4.5,0,1,1,0,3.89003344
Code Review,High,Mid,Java,Medium,8,4,1,16,5,15,True,3,True,4.5625,1,1,1,1,3.82625657
Client Meeting,Low,Tech Lead,C++,Critical,2,2,1,4,3,15,False,0,True,2.375,1,1,0,0,0.79819781
Testing,Low,Tech Lead,C++,Medium,1,2,1,2,6,16,False,0,False,3.25,0,2,0,0,0.5
Deployment,High,Mid,JavaScript,Critical,7,4,2,14,4,15,False,3,False,2.375,2,2,0,0,3.18611875
Refactoring,High,Junior,C++,Low,12,2,3,24,2,12,False,2,False,5.75,0,0,2,0,5.422813
Documentation,Medium,Junior,C++,Critical,8,3,0,16,9,10,False,2,False,4.16666667,1,1,0,1,2.44807083
Bug Fix,High,Junior,Other,Low,3,2,0,6,9,13,False,2,False,1.5,2,0,0,0,1.78145
Client Meeting,Low,Tech Lead,Other,Critical,8,2,1,16,5,12,True,2,False,1.5,2,0,0,0,2.95484438
Feature Dev,High,Tech Lead,Python,Critical,3,3,1,6,2,18,True,0,False,4.33333333,1,0,2,0,1.13384093
Design Review,Low,Senior,C++,High,10,2,2,20,5,11,True,1,False,1.5,2,0,0,0,3.8745
Code Review,Medium,Tech Lead,Go,Low,6,3,2,12,10,16,False,3,True,4.08333333,0,2,1,0,3.15431875
Bug Fix,Low,Junior,C++,Low,9,4,3,18,8,10,False,1,False,3.9375,1,2,0,1,3.57687172
Bug Fix,Medium,Mid,Go,Critical,9,3,3,18,1,15,True,2,True,2.08333333,2,1,0,0,4.15505234
Bug Fix,High,Junior,JavaScript,Low,13,3,0,26,10,17,False,2,True,2.66666667,1,2,0,0,7.22854
Client Meeting,Medium,Mid,Java,High,12,5,1,24,5,18,True,0,False,1.85,4,1,0,0,4.71283313
Design Review,Medium,Junior,JavaScript,High,10,3,2,20,1,15,True,1,False,6.41666667,0,0,2,1,3.145527
Code Review,Low,Senior,Python,Low,11,3,1,22,6,11,True,2,True,3.25,0,3,0,0,5.13361406
Deployment,Medium,Junior,JavaScript,Critical,5,3,0,10,8,11,True,3,True,2.91666667,2,0,1,0,2.08989622
Deployment,Medium,Junior,Java,Low,8,2,0,16,7,11,True,2,True,4.5,0,1,1,0,3.66634538
Feature Dev,Medium,Senior,Java,Medium,12,5,1,24,1,15,True,1,True,4.45,2,0,2,1,4.55523193
Bug Fix,Medium,Senior,Go,Critical,5,5,1,10,4,18,False,2,False,3.9,1,2,2,0,1.69927325
Documentation,Medium,Mid,Java,High,1,3,3,2,4,15,True,1,False,3.5,1,1,1,0,0.80550619
Client Meeting,High,Junior,C++,Low,4,3,3,8,9,18,True,1,False,4.08333333,0,2,1,0,2.39871603
Testing,Medium,Senior,Python,Low,13,4,2,26,1,9,True,1,False,3.4375,1,2,1,0,5.82301912
Feature Dev,Medium,Junior,Go,Medium,7,2,2,14,10,12,False,2,True,3.25,0,2,0,0,3.403125
Client Meeting,Low,Senior,Python,High,7,5,3,14,9,17,False,2,False,2.55,2,3,0,0,2.7745425
Feature Dev,Low,Mid,Go,Low,3,2,1,6,9,10,False,1,False,1.5,2,0,0,0,1.499575
Client Meeting,Low,Junior,Other,High,11,3,2,22,8,18,False,1,False,2.08333333,2,1,0,0,3.90765
Bug Fix,Medium,Senior,Java,Medium,2,5,2,4,10,14,True,2,False,2.7,3,1,1,0,1.27770825
Refactoring,Low,Senior,Java,Medium,8,4,2,16,6,10,True,1,False,2.8125,1,3,0,0,3.3040875
Bug Fix,Medium,Tech Lead,Go,Medium,6,4,1,12,8,17,False,0,False,3.4375,1,2,1,0,2.29571719
Deployment,High,Mid,JavaScript,Low,9,3,0,18,4,15,False,2,True,4.33333333,1,0,2,0,4.36041247
Bug Fix,Medium,Junior,Java,High,4,3,3,8,7,10,True,3,True,4.08333333,0,2,1,0,2.12271314
Code Review,High,Senior,Go,Medium,5,2,0,10,4,14,False,2,False,2.375,1,1,0,0,2.453125
Code Review,High,Junior,Java,Low,4,3,3,8,10,12,True,2,False,4.16666667,1,1,0,1,2.43616931
Design Review,Low,Senior,JavaScript,Medium,8,5,2,16,1,9,True,3,False,2.2,3,2,0,0,3.61746
Client Meeting,Medium,Tech Lead,Java,Medium,11,3,2,22,2,9,True,3,False,3.58333333,2,0,0,1,4.59265625
Deployment,Low,Senior,Python,Medium,12,5,2,24,4,12,True,3,True,3.1,3,1,0,1,5.10155415
Testing,High,Mid,Java,Medium,1,4,3,2,8,9,False,3,False,3.625,2,0,2,0,1.04498625
Client Meeting,High,Senior,Other,Low,1,2,1,2,5,13,True,0,False,3.625,1,0,1,0,0.62788615
Code Review,Low,Mid,JavaScript,Low,1,4,1,2,8,14,True,1,False,3.9375,1,2,0,1,0.60448188
Deployment,Medium,Tech Lead,C++,Critical,11,2,0,22,7,17,False,2,False,2.375,1,1,0,0,3.8366875
Refactoring,High,Tech Lead,JavaScript,Low,12,2,3,24,1,11,True,3,False,3.25,0,2,0,0,6.78923438
Documentation,Medium,Mid,Python,High,13,3,1,26,10,17,True,0,False,5.0,1,0,1,1,3.9535965
Refactoring,High,Senior,JavaScript,Critical,5,3,0,10,3,11,False,1,False,4.08333333,0,2,1,0,1.772675
Client Meeting,Medium,Junior,C++,High,10,2,2,20,5,16,False,3,False,2.375,1,1,0,0,4.062375
Design Review,Medium,Junior,Java,Medium,12,5,2,24,5,17,False,2,True,3.9,1,2,2,0,4.959581
Client Meeting,Low,Tech Lead,Go,Medium,2,4,0,4,1,12,False,3,True,2.8125,1,3,0,0,1.07641875
Feature Dev,Medium,Tech Lead,Go,Low,8,4,2,16,9,13,True,1,True,2.375,2,2,0,0,4.48804125
Code Review,High,Mid,Go,Medium,9,2,1,18,1,17,False,3,False,1.5,2,0,0,0,4.70475
Feature Dev,Medium,Junior,Other,Critical,4,4,1,8,8,18,False,2,True,3.0,2,1,1,0,1.68012488
Feature Dev,Medium,Senior,Python,Critical,12,5,0,24,9,18,False,3,True,1.85,4,1,0,0,4.80426375
Testing,Medium,Junior,Go,High,13,5,2,26,9,18,False,3,False,3.1,3,1,0,1,4.686255
Documentation,Medium,Tech Lead,JavaScript,Critical,4,4,3,8,1,15,False,3,True,3.0,2,1,1,0,2.02476588
Bug Fix,Medium,Senior,Other,Critical,1,2,2,2,4,14,True,2,False,2.375,1,1,0,0,0.78818906
Code Review,Medium,Mid,Other,High,3,3,2,6,2,13,False,1,False,4.33333333,1,0,2,0,1.19568
Client Meeting,High,Mid,Go,High,13,5,1,26,2,15,False,2,False,3.4,1,3,1,0,5.1392637
Feature Dev,Low,Tech Lead,Java,High,13,3,2,26,6,13,True,0,True,2.66666667,1,2,0,0,5.004153
Documentation,Low,Junior,Go,Medium,9,3,2,18,7,17,True,2,False,2.08333333,2,1,0,0,3.9106375
Deployment,Low,Senior,Java,Medium,12,2,2,24,10,11,True,3,True,2.375,1,1,0,0,5.57605125
Client Meeting,Low,Mid,Go,Medium,11,2,2,22,1,15,False,0,True,1.5,2,0,0,0,4.80315
Refactoring,Low,Junior,Go,High,11,3,1,22,10,11,True,2,False,4.16666667,1,1,0,1,3.45012806
Code Review,High,Tech Lead,Python,Critical,5,3,1,10,9,17,False,0,False,4.33333333,1,0,2,0,1.72916917
Client Meeting,Low,Junior,Java,Critical,5,3,3,10,6,14,True,0,False,2.66666667,1,2,0,0,1.9411875
Feature Dev,Low,Junior,Python,Medium,10,4,1,20,6,17,True,0,False,1.9375,3,1,0,0,3.94980469
Feature Dev,Low,Senior,Java,High,5,2,0,10,9,13,False,3,False,1.5,2,0,0,0,1.93725
Design Review,Medium,Senior,JavaScript,High,3,4,1,6,3,10,False,3,False,3.4375,1,2,1,0,1.33691766
Documentation,Low,Mid,Other,Low,5,3,2,10,4,10,True,1,True,2.66666667,1,2,0,0,2.70193
Refactoring,Low,Senior,Go,Low,11,3,2,22,2,9,False,2,False,2.66666667,1,2,0,0,4.74246667
Design Review,Medium,Junior,Java,Low,1,3,0,2,2,10,True,0,False,3.5,1,1,1,0,0.5
Client Meeting,Medium,Mid,Python,Medium,9,3,3,18,10,12,True,3,False,4.16666667,1,1,0,1,3.86905312
Testing,Low,Mid,Other,Low,13,5,0,26,4,14,True,2,False,2.9,1,4,0,0,5.382762
Refactoring,Medium,Junior,JavaScript,Critical,1,4,2,2,8,18,True,1,False,3.9375,1,2,0,1,0.61258969
Deployment,High,Senior,Other,Critical,10,4,0,20,9,18,True,3,True,3.0,2,1,1,0,4.43294486
Client Meeting,Medium,Mid,C++,Low,9,3,2,18,8,15,False,3,False,2.66666667,1,2,0,0,4.466
Refactoring,High,Mid,Go,Critical,5,4,0,10,7,13,False,1,False,3.625,2,0,2,0,1.761795
Refactoring,Medium,Senior,Other,Medium,10,3,2,20,6,18,False,3,False,4.16666667,1,1,0,1,3.89658333
Code Review,Low,Junior,Other,Medium,9,2,1,18,1,14,False,0,False,2.375,1,1,0,0,3.3264375
Deployment,Medium,Senior,Other,Low,1,3,0,2,9,13,False,3,False,3.25,0,3,0,0,0.721875
Client Meeting,High,Tech Lead,C++,Low,3,2,1,6,3,11,True,3,True,1.5,2,0,0,0,2.38314038
Client Meeting,High,Junior,C++,Critical,4,3,2,8,1,11,False,2,False,2.08333333,2,1,0,0,1.9807125
Design Review,Medium,Senior,JavaScript,Critical,9,3,2,18,7,15,True,3,False,3.58333333,2,0,0,1,3.27915656
Bug Fix,High,Mid,Python,Critical,3,2,0,6,8,11,True,0,False,5.75,0,0,2,0,0.98408835
Code Review,Medium,Senior,Go,Medium,7,2,1,14,1,10,False,3,False,2.375,1,1,0,0,3.1890625
Feature Dev,Medium,Tech Lead,Python,High,9,2,1,18,1,14,False,2,False,2.375,1,1,0,0,3.48834375
Design Review,Low,Senior,C++,High,1,2,2,2,10,9,True,3,True,3.25,0,2,0,0,0.93555
Documentation,High,Tech Lead,Go,Medium,9,3,3,18,9,12,False,3,True,3.25,0,3,0,0,5.0428125
Deployment,Medium,Tech Lead,Other,Critical,2,3,3,4,3,13,False,2,False,3.25,0,3,0,0,1.15546875
Feature Dev,Medium,Junior,C++,Critical,4,5,2,8,4,13,False,1,True,3.4,1,3,1,0,1.686927
Code Review,High,Tech Lead,JavaScript,Medium,4,2,1,8,2,16,False,3,False,2.375,1,1,0,0,2.2470625
Design Review,High,Mid,JavaScript,Critical,3,4,3,6,5,11,True,3,True,4.125,2,0,1,1,1.71942959
Refactoring,High,Tech Lead,Other,Critical,10,3,1,20,1,10,True,3,True,2.08333333,2,1,0,0,4.93717984
Refactoring,High,Senior,JavaScript,Medium,5,5,2,10,5,11,True,2,False,3.9,1,2,2,0,2.501058
Deployment,High,Mid,Python,Medium,13,4,2,26,4,13,False,3,False,3.625,2,0,2,0,5.6826525
Deployment,Medium,Junior,Java,Low,8,5,2,16,7,13,False,0,False,3.2,3,0,2,0,3.40186
Design Review,Low,Junior,JavaScript,Medium,6,2,2,12,4,15,False,3,False,2.375,1,1,0,0,2.70825
Design Review,Medium,Tech Lead,Other,Low,11,4,1,22,6,18,False,3,False,3.625,2,0,2,0,4.60743938
Documentation,Medium,Junior,C++,Low,1,3,2,2,8,14,False,0,False,3.5,1,1,1,0,0.6908825
Client Meeting,Medium,Senior,Java,High,1,4,1,2,4,11,False,3,False,3.0,2,1,1,0,0.7049475
Design Review,Low,Mid,Python,Medium,12,4,1,24,3,18,False,1,True,3.0625,3,0,0,1,4.52194359
Testing,Medium,Junior,Java,Critical,10,2,3,20,9,10,True,3,False,2.375,1,1,0,0,4.15988672
Refactoring,Medium,Junior,Java,Critical,13,2,1,26,10,17,False,2,False,3.25,0,2,0,0,4.42265625
Code Review,Low,Mid,JavaScript,High,12,3,0,24,4,10,False,3,True,3.58333333,2,0,0,1,4.00112213
Deployment,Medium,Junior,Java,Critical,8,5,3,16,1,16,True,2,False,3.05,2,2,1,0,3.15805658
Design Review,Medium,Tech Lead,JavaScript,Critical,3,5,2,6,6,11,False,0,False,2.9,1,4,0,0,1.217625
Client Meeting,Low,Tech Lead,Go,High,11,2,2,22,3,16,False,2,False,1.5,2,0,0,0,4.11435
Bug Fix,Low,Mid,Java,Low,4,2,0,8,10,15,False,1,False,1.5,2,0,0,0,1.73635
Testing,High,Junior,Go,Low,3,4,0,6,6,12,False,1,False,3.4375,1,2,1,0,1.46565788
Deployment,High,Junior,Other,Low,4,2,2,8,5,18,True,0,True,2.375,1,1,0,0,2.66789119
Bug Fix,Medium,Tech Lead,Other,High,8,3,1,16,8,17,False,3,True,3.5,1,1,1,0,3.24221288
Feature Dev,Low,Junior,Other,Medium,12,4,1,24,4,16,True,3,True,3.5,2,1,0,1,4.84134131
Testing,Medium,Tech Lead,Other,Medium,6,5,3,12,9,15,False,2,False,3.95,2,1,1,1,2.532415
Design Review,Low,Tech Lead,Other,Critical,12,2,1,24,10,18,False,2,False,2.375,1,1,0,0,3.89507188
Client Meeting,Low,Junior,Python,Medium,2,3,2,4,9,9,False,2,False,2.66666667,1,2,0,0,1.17933333
Refactoring,Medium,Senior,JavaScript,Low,9,4,1,18,5,12,False,2,False,4.0625,1,1,2,0,3.66310656
Design Review,Medium,Junior,Java,Low,6,5,2,12,4,15,False,2,True,3.95,2,1,1,1,2.9135227
Documentation,Low,Junior,C++,Low,12,3,3,24,5,17,False,0,False,2.08333333,2,1,0,0,5.2251375
Documentation,Low,Mid,JavaScript,High,5,3,0,10,4,16,True,3,True,2.08333333,2,1,0,0,2.17385438
Refactoring,Medium,Junior,C++,Critical,2,2,3,4,10,15,False,1,False,2.375,1,1,0,0,1.12598438
Deployment,High,Mid,Other,Low,5,3,0,10,10,10,True,0,False,2.91666667,2,0,1,0,2.45870144
Testing,High,Senior,JavaScript,Low,5,4,1,10,3,17,True,1,False,5.0,0,2,1,1,2.3031855
Deployment,Medium,Tech Lead,Java,Low,10,3,2,20,6,11,False,3,False,4.16666667,1,1,0,1,4.28624167
Testing,Medium,Senior,JavaScript,Low,1,5,2,2,10,13,False,1,False,4.45,2,0,2,1,0.687258
Testing,High,Tech Lead,Python,Medium,5,4,0,10,8,12,True,3,False,3.4375,1,2,1,0,2.45776781
Testing,High,Junior,Other,Low,11,3,1,22,9,16,False,1,False,5.58333333,0,1,1,1,4.567662
Feature Dev,High,Tech Lead,Go,Medium,13,3,1,26,4,16,True,2,False,3.5,1,1,1,0,5.96357213
Testing,Medium,Tech Lead,Go,Low,6,3,3,12,9,13,False,0,True,2.91666667,2,0,1,0,3.19173044
Testing,High,Junior,Other,Low,5,5,2,10,8,9,False,3,False,3.9,1,2,2,0,2.713733
Refactoring,Medium,Junior,Go,Critical,11,5,2,22,8,15,False,2,False,3.45,2,2,0,1,3.66988562
Design Review,Low,Mid,Python,Low,5,2,2,10,9,17,False,1,True,1.5,2,0,0,0,2.72855
Testing,High,Mid,C++,Critical,5,2,3,10,4,18,False,2,False,2.375,1,1,0,0,2.46048438
Testing,Low,Junior,Python,Low,3,3,3,6,7,11,True,1,False,2.66666667,1,2,0,0,1.819895
Feature Dev,Low,Junior,JavaScript,Medium,5,5,1,10,5,9,False,0,False,1.85,4,1,0,0,1.964625
Bug Fix,Low,Senior,Other,High,11,2,1,22,5,17,False,2,False,2.375,1,1,0,0,3.80626875
Refactoring,Medium,Tech Lead,JavaScript,High,8,5,0,16,10,16,False,0,False,3.1,3,1,0,1,2.58552
Documentation,Medium,Senior,Python,Medium,11,5,2,22,8,16,False,0,False,3.45,2,2,0,1,4.1412875
Deployment,Medium,Tech Lead,Java,High,13,3,0,26,3,17,True,3,True,4.16666667,1,1,0,1,4.84298719
Code Review,Medium,Mid,Go,Low,12,5,0,24,2,13,True,1,False,3.55,2,1,2,0,4.90763543
Code Review,Medium,Junior,Java,High,8,3,2,16,10,10,True,1,True,4.33333333,1,0,2,0,3.1072734
Documentation,Low,Junior,JavaScript,Medium,11,4,0,22,9,12,True,0,True,3.0625,3,0,0,1,4.11427603
Testing,Medium,Tech Lead,C++,Low,5,4,3,10,7,11,False,1,False,5.1875,1,0,2,1,2.1219825
Design Review,Medium,Junior,Other,Medium,8,5,0,16,3,16,True,1,False,2.7,3,1,1,0,3.24341325
Design Review,Low,Tech Lead,C++,Critical,9,3,0,18,10,12,False,1,False,4.16666667,1,1,0,1,2.40486958
Testing,High,Tech Lead,Java,Low,8,5,2,16,5,10,True,3,False,4.3,1,2,1,1,4.02491628
Testing,High,Junior,Python,Critical,9,5,3,18,1,14,True,3,False,3.05,2,2,1,0,4.011142
Documentation,Medium,Tech Lead,JavaScript,High,10,3,0,20,6,16,False,3,False,2.66666667,1,2,0,0,3.741
Refactoring,High,Tech Lead,Other,Critical,10,3,0,20,5,18,False,1,False,3.5,1,1,1,0,3.58451375
Code Review,Low,Senior,Go,High,6,3,0,12,8,10,True,3,False,2.08333333,2,1,0,0,2.31501375
Documentation,Low,Senior,Java,High,11,3,0,22,9,9,True,2,False,4.75,0,2,0,1,3.221127
Feature Dev,High,Tech Lead,C++,Medium,7,2,3,14,2,15,False,3,False,1.5,2,0,0,0,4.06925
Code Review,Medium,Junior,JavaScript,High,12,2,1,24,8,11,False,1,True,2.375,1,1,0,0,4.90575938
Design Review,Medium,Senior,Go,Low,3,4,1,6,3,15,False,0,True,1.9375,3,1,0,0,1.63860469
Refactoring,Medium,Mid,JavaScript,Critical,7,2,0,14,3,18,True,1,False,2.375,1,1,0,0,2.53972031
Design Review,Medium,Tech Lead,Python,Critical,7,2,3,14,2,16,False,3,False,3.25,0,2,0,0,2.82890625
Design Review,High,Senior,Java,Critical,2,2,3,4,5,18,False,0,False,2.375,1,1,0,0,1.14266562
Testing,Medium,Senior,Go,Medium,5,5,2,10,5,16,False,3,False,1.85,4,1,0,0,2.6195
Deployment,Medium,Senior,Java,Low,9,2,0,18,9,13,True,0,False,4.5,0,1,1,0,3.5291025
Feature Dev,High,Tech Lead,Other,Critical,9,3,3,18,9,17,True,3,False,3.5,1,1,1,0,3.91589061
Bug Fix,Medium,Mid,Go,Low,1,4,3,2,4,11,True,0,False,3.0625,3,0,0,1,0.8831148
Client Meeting,Medium,Senior,JavaScript,Low,5,2,3,10,7,15,False,2,False,2.375,1,1,0,0,2.86034375
Code Review,Medium,Junior,Java,Low,2,5,0,4,1,9,False,2,False,2.2,3,2,0,0,1.089
Bug Fix,Medium,Senior,JavaScript,Medium,4,3,1,8,6,10,True,0,False,2.91666667,2,0,1,0,1.70068281
Testing,High,Senior,Go,Medium,13,3,1,26,6,16,True,3,True,2.08333333,2,1,0,0,7.39570563
Refactoring,Low,Mid,Python,Low,10,4,1,20,7,16,False,1,True,2.375,2,2,0,0,4.57115313
Feature Dev,Low,Tech Lead,Go,High,6,2,1,12,6,12,True,3,False,1.5,2,0,0,0,2.52811125
Refactoring,High,Tech Lead,Python,Critical,6,5,2,12,1,13,False,3,False,2.9,1,4,0,0,2.72748
Design Review,Low,Senior,Go,High,12,2,3,24,1,17,False,1,False,1.5,2,0,0,0,4.492575
Refactoring,High,Senior,Java,Critical,10,5,2,20,3,9,False,0,False,3.55,2,1,2,0,3.61167975
Bug Fix,Low,Junior,Python,Low,7,3,1,14,6,15,False,1,False,3.25,0,3,0,0,2.8565625
Testing,Medium,Junior,JavaScript,Critical,7,2,2,14,3,17,False,2,True,3.625,1,0,1,0,2.74975903
Documentation,Medium,Senior,Go,Medium,5,3,3,10,5,14,True,1,False,2.08333333,2,1,0,0,2.66634375
Feature Dev,Medium,Mid,Go,High,8,5,3,16,6,9,False,1,False,3.55,2,1,2,0,2.92663125
Bug Fix,Medium,Tech Lead,Other,Critical,1,2,2,2,3,15,True,2,False,1.5,2,0,0,0,0.82333125
Client Meeting,High,Junior,C++,Medium,1,3,2,2,1,18,True,3,True,2.08333333,2,1,0,0,1.21919875
Client Meeting,High,Mid,C++,Low,10,4,1,20,2,12,True,1,False,4.125,2,0,1,1,4.60603894
Testing,High,Mid,Go,High,1,3,0,2,6,13,False,1,True,4.33333333,1,0,2,0,0.5
Bug Fix,Medium,Junior,JavaScript,Medium,10,2,1,20,8,16,False,0,False,2.375,1,1,0,0,4.0721875
Deployment,High,Mid,JavaScript,Low,9,2,3,18,1,18,True,1,False,2.375,1,1,0,0,5.31538219
Client Meeting,High,Junior,Go,Medium,6,3,1,12,3,16,False,1,False,4.33333333,1,0,2,0,2.49930333
Refactoring,High,Mid,Other,Critical,9,5,3,18,4,18,False,3,False,3.05,2,2,1,0,3.82013524
Code Review,Medium,Senior,Java,Low,2,2,3,4,1,17,False,2,False,3.625,1,0,1,0,1.42144406
Client Meeting,High,Mid,Go,High,12,4,1,24,2,18,True,3,False,4.5625,1,1,1,1,4.52530851
Code Review,Medium,Tech Lead,Java,High,1,4,0,2,5,15,False,3,False,2.5625,3,0,1,0,0.59391281
Feature Dev,Low,Junior,JavaScript,Critical,5,5,0,10,9,9,False,3,False,3.45,2,2,0,1,1.57280812
Feature Dev,Low,Tech Lead,Python,High,10,2,1,20,2,13,False,3,True,1.5,2,0,0,0,4.1097375
Refactoring,Medium,Junior,Java,Low,10,2,2,20,4,16,True,3,False,3.625,1,0,1,0,4.73487919
Refactoring,Medium,Mid,Go,Low,11,5,0,22,7,18,False,1,True,2.2,3,2,0,0,5.39055
Client Meeting,Low,Mid,JavaScript,Critical,13,5,2,26,8,17,False,2,False,1.85,4,1,0,0,4.4360225
Refactoring,Low,Senior,C++,Medium,8,3,3,16,7,17,False,1,False,2.66666667,1,2,0,0,3.31566667
Testing,High,Mid,Python,High,6,5,1,12,10,14,False,3,True,2.55,2,3,0,0,3.09050775
Bug Fix,Low,Junior,JavaScript,Critical,10,3,0,20,5,14,False,2,False,3.25,0,3,0,0,3.028125
Bug Fix,Medium,Mid,C++,Medium,2,4,3,4,5,18,True,0,False,2.8125,1,3,0,0,1.25917969
Client Meeting,Medium,Junior,Go,High,4,4,0,8,3,11,False,3,True,4.0625,1,1,2,0,1.58580056
Bug Fix,Low,Tech Lead,Java,High,9,2,0,18,10,9,False,2,True,1.5,2,0,0,0,3.49074
Testing,Medium,Junior,C++,High,2,4,1,4,1,11,False,1,False,2.375,2,2,0,0,0.92728125
Bug Fix,Medium,Tech Lead,Java,Medium,9,4,3,18,7,17,False,2,False,3.875,0,3,1,0,3.73601562
Bug Fix,Medium,Tech Lead,Other,Low,5,5,0,10,2,14,False,0,False,4.65,0,3,1,1,1.75582
Design Review,Medium,Junior,Go,Critical,9,3,1,18,5,9,False,3,False,3.5,1,1,1,0,3.08878312
Refactoring,Low,Senior,Other,Medium,5,5,1,10,5,15,True,2,False,2.2,3,2,0,0,2.234925
Deployment,High,Mid,JavaScript,Critical,4,2,0,8,9,12,False,2,False,5.75,0,0,2,0,1.385466
Bug Fix,High,Junior,Go,Medium,2,2,3,4,10,15,True,2,False,1.5,2,0,0,0,1.6897125
Design Review,Low,Mid,C++,Medium,13,2,3,26,4,12,False,1,False,1.5,2,0,0,0,5.36075
Refactoring,High,Mid,Go,Medium,3,5,0,6,5,14,False,0,False,3.05,2,2,1,0,1.2683235
Deployment,Medium,Junior,Python,Medium,11,4,3,22,10,10,True,3,False,2.375,2,2,0,0,5.30610938
Code Review,Medium,Tech Lead,C++,Critical,4,3,2,8,7,13,False,0,False,4.33333333,1,0,2,0,1.34098833
Feature Dev,High,Senior,Go,Critical,1,3,2,2,2,10,True,3,False,4.16666667,1,1,0,1,0.80138319
Bug Fix,Medium,Mid,Java,Medium,5,4,3,10,7,15,True,3,False,3.4375,1,2,1,0,2.59956211
Design Review,Low,Senior,Other,Critical,13,5,3,26,4,17,False,1,False,2.55,2,3,0,0,4.32324875
Bug Fix,Low,Tech Lead,Java,High,11,2,1,22,5,15,False,3,False,1.5,2,0,0,0,4.068225
Bug Fix,High,Junior,JavaScript,High,3,3,0,6,8,16,True,1,True,2.91666667,2,0,1,0,1.42390883
Deployment,High,Senior,Python,High,3,3,0,6,2,10,False,3,True,3.5,1,1,1,0,1.4923062
Documentation,Medium,Senior,Other,Low,6,5,1,12,6,9,False,1,False,3.45,2,2,0,1,2.56847938
Code Review,High,Senior,Python,Medium,12,4,1,24,5,16,False,2,True,5.0,0,2,1,1,5.049374
Feature Dev,High,Senior,Java,Medium,3,4,2,6,6,17,True,2,False,3.0,2,1,1,0,1.819041
Deployment,Low,Senior,JavaScript,Medium,6,2,1,12,4,9,False,2,False,3.25,0,2,0,0,2.353125
Testing,Medium,Mid,Python,Medium,8,2,0,16,5,16,True,3,False,3.25,0,2,0,0,3.4453125
Documentation,Medium,Mid,Java,Low,6,3,2,12,2,10,True,3,False,2.91666667,2,0,1,0,3.20700187
Design Review,High,Junior,JavaScript,Critical,12,5,2,24,5,17,True,2,False,4.3,1,2,1,1,4.37457447
Client Meeting,High,Junior,JavaScript,Low,3,5,0,6,9,18,True,1,False,3.05,2,2,1,0,1.57106681
Documentation,Medium,Senior,Other,Medium,13,5,1,26,1,13,False,0,False,3.45,2,2,0,1,4.71401875
Testing,Medium,Tech Lead,Python,Critical,10,4,3,20,2,17,False,0,False,3.4375,1,2,1,0,3.40531383
Documentation,Medium,Mid,Java,Critical,5,5,1,10,9,10,True,0,False,4.3,1,2,1,1,1.56234802
Documentation,Medium,Senior,Python,Low,6,2,3,12,8,10,True,2,False,1.5,2,0,0,0,3.61081875
Documentation,High,Senior,Java,Critical,8,2,2,16,2,14,False,3,False,3.25,0,2,0,0,3.410625
Design Review,Medium,Senior,Python,Medium,10,2,1,20,5,10,False,1,False,2.375,1,1,0,0,4.1703125
Bug Fix,Medium,Mid,JavaScript,High,8,5,0,16,3,10,False,0,True,1.85,4,1,0,0,3.19176
Bug Fix,Medium,Tech Lead,Java,Critical,4,5,3,8,1,9,False,3,False,3.55,2,1,2,0,1.73213212
Bug Fix,Low,Junior,Go,Critical,5,5,2,10,7,11,False,3,False,3.1,3,1,0,1,1.83141
Deployment,High,Mid,Go,Low,10,3,3,20,1,15,False,2,False,3.5,1,1,1,0,5.18161875
Testing,High,Junior,Other,Low,12,4,2,24,7,9,False,1,False,4.375,0,3,0,1,5.451765
Bug Fix,Medium,Junior,C++,Medium,7,5,2,14,4,15,True,1,False,3.45,2,2,0,1,2.96058
Client Meeting,High,Junior,Python,Critical,8,3,0,16,8,9,False,3,False,3.5,1,1,1,0,3.03539675
Testing,Medium,Senior,JavaScript,High,3,5,2,6,7,10,False,3,False,3.9,1,2,2,0,1.378134
Testing,High,Senior,Java,Medium,2,2,1,4,1,9,False,3,False,2.375,1,1,0,0,1.3443125
Bug Fix,Low,Senior,C++,Medium,11,3,0,22,2,9,False,1,True,2.08333333,2,1,0,0,4.44739167
Refactoring,Medium,Junior,Python,Critical,4,4,1,8,8,11,False,1,True,4.125,2,0,1,1,1.42228694
Client Meeting,High,Junior,Python,Low,9,2,3,18,2,18,False,3,True,3.25,0,2,0,0,5.54709375
Deployment,High,Mid,Other,Critical,5,2,0,10,7,9,True,2,False,5.75,0,0,2,0,1.78276875
Design Review,Medium,Tech Lead,Other,Low,12,3,3,24,6,10,False,2,False,3.58333333,2,0,0,1,5.24437604
Bug Fix,Medium,Mid,Python,Medium,10,3,3,20,7,14,False,1,False,5.0,1,0,1,1,3.5581
Client Meeting,Medium,Mid,Python,Low,3,5,2,6,9,17,True,0,False,3.1,3,1,0,1,1.55535188
Testing,Medium,Tech Lead,Go,Critical,8,2,0,16,9,12,False,2,False,1.5,2,0,0,0,2.96225
Testing,High,Senior,Python,High,6,3,1,12,8,15,True,1,False,2.08333333,2,1,0,0,2.83259813
Refactoring,High,Tech Lead,C++,Medium,2,4,0,4,6,15,False,1,False,2.375,2,2,0,0,1.000875
Code Review,Medium,Mid,JavaScript,Medium,10,3,0,20,8,13,False,2,False,4.16666667,1,1,0,1,3.55775
Refactoring,High,Junior,Java,High,3,3,0,6,7,12,False,3,False,3.5,1,1,1,0,1.356642
Design Review,High,Mid,Go,Medium,3,2,1,6,9,10,True,0,False,2.375,1,1,0,0,1.57637813
Client Meeting,Medium,Junior,Go,Medium,7,4,2,14,10,18,True,3,False,3.4375,1,2,1,0,3.21400406
Bug Fix,Medium,Junior,Python,Medium,9,5,0,18,8,16,False,1,False,3.1,3,1,0,1,3.321675
Code Review,Medium,Senior,JavaScript,Medium,13,4,3,26,7,15,True,0,False,3.0,2,1,1,0,5.46679875
Documentation,Medium,Junior,Java,Low,13,4,2,26,5,17,False,1,False,4.5625,1,1,1,1,4.94109
Documentation,Low,Tech Lead,C++,High,6,3,2,12,6,17,False,3,False,2.08333333,2,1,0,0,2.47365
Design Review,Low,Mid,JavaScript,Critical,1,4,3,2,1,10,True,1,False,2.375,2,2,0,0,0.79694672
Bug Fix,High,Mid,JavaScript,High,8,5,0,16,2,12,False,1,True,3.45,2,2,0,1,3.29734598
Refactoring,Medium,Tech Lead,Go,High,2,2,2,4,2,9,True,2,True,4.5,0,1,1,0,1.14695831
Design Review,Medium,Tech Lead,Python,Low,9,5,1,18,7,12,False,2,False,3.4,1,3,1,0,3.9196245
Design Review,Low,Tech Lead,C++,Low,7,3,1,14,3,15,True,2,False,2.08333333,2,1,0,0,3.30103813
Testing,Medium,Junior,Other,Medium,2,4,3,4,10,12,True,2,True,3.0,2,1,1,0,1.54328213
Bug Fix,Medium,Senior,Go,Critical,8,3,1,16,1,12,True,2,False,3.5,1,1,1,0,2.84282447
Code Review,High,Junior,C++,Low,11,2,0,22,2,14,False,1,True,2.375,1,1,0,0,6.1265325
Feature Dev,High,Mid,JavaScript,Medium,8,3,0,16,2,10,False,3,False,2.08333333,2,1,0,0,3.96341667
Code Review,Medium,Junior,JavaScript,Low,8,4,2,16,9,11,False,0,False,4.0625,1,1,2,0,3.24579063
Design Review,High,Mid,Other,Critical,1,3,0,2,1,10,False,3,False,2.66666667,1,2,0,0,0.62446667
Bug Fix,Medium,Senior,Other,Low,12,2,0,24,10,14,True,0,False,5.75,0,0,2,0,4.429656
Deployment,Low,Mid,Python,Medium,3,2,0,6,3,14,False,0,False,2.375,1,1,0,0,1.05975
Refactoring,Medium,Mid,Python,Critical,5,4,2,10,5,14,True,0,False,4.125,2,0,1,1,1.68787369
Documentation,High,Junior,JavaScript,High,9,3,3,18,2,13,True,0,False,2.66666667,1,2,0,0,4.192965
Documentation,High,Junior,Other,High,4,3,1,8,3,10,False,0,False,2.08333333,2,1,0,0,1.7835375
Bug Fix,Low,Tech Lead,Go,High,11,2,3,22,10,15,False,2,True,2.375,1,1,0,0,4.47832688
Design Review,Medium,Mid,Other,Low,9,3,1,18,2,10,False,3,False,2.91666667,2,0,1,0,4.12328812
Feature Dev,Medium,Tech Lead,Other,Medium,11,2,1,22,6,9,True,3,False,4.5,0,1,1,0,4.32225938
Documentation,High,Mid,C++,Low,12,3,0,24,4,18,False,3,True,4.08333333,0,2,1,0,6.11937838
Code Review,High,Tech Lead,Other,Critical,4,3,0,8,6,11,False,0,False,4.16666667,1,1,0,1,1.32483833
Design Review,High,Junior,Java,Critical,2,4,3,4,1,15,False,2,False,3.4375,1,2,1,0,1.20142533
Design Review,High,Mid,Go,Medium,9,3,0,18,1,17,False,0,True,4.33333333,1,0,2,0,3.781338
Documentation,High,Mid,Python,Medium,6,2,0,12,1,10,False,2,False,5.75,0,0,2,0,2.36504
Deployment,Medium,Tech Lead,Other,Low,9,3,2,18,6,9,True,0,False,4.16666667,1,1,0,1,3.81568687
Deployment,Low,Junior,Java,Critical,9,5,0,18,8,14,False,2,False,1.85,4,1,0,0,2.94593
Code Review,High,Senior,Other,Medium,3,5,3,6,8,13,True,1,False,3.05,2,2,1,0,1.86250549
Bug Fix,Medium,Tech Lead,JavaScript,Medium,9,5,3,18,4,15,False,1,False,2.35,4,0,1,0,3.95505375
Documentation,Medium,Tech Lead,Python,Medium,9,3,0,18,8,15,False,3,True,3.5,1,1,1,0,3.8492025
Design Review,High,Junior,JavaScript,Medium,10,3,2,20,5,9,True,3,True,2.08333333,2,1,0,0,5.980975
Bug Fix,High,Senior,Other,Medium,9,2,0,18,8,12,False,1,True,2.375,1,1,0,0,4.57655
Code Review,Medium,Tech Lead,Other,Critical,2,2,3,4,3,9,False,2,False,4.5,0,1,1,0,1.04608438
Documentation,High,Tech Lead,Java,Low,2,3,1,4,7,11,False,3,False,2.08333333,2,1,0,0,1.50072083
Refactoring,Medium,Mid,C++,Low,12,3,1,24,8,9,True,1,False,2.66666667,1,2,0,0,5.638325
Feature Dev,Medium,Tech Lead,Java,Critical,1,3,1,2,1,13,False,2,True,2.91666667,2,0,1,0,0.64903609
Deployment,Medium,Mid,Python,Medium,1,2,1,2,7,9,True,1,False,4.5,0,1,1,0,0.57927188
Client Meeting,Low,Mid,Python,High,3,2,0,6,9,13,True,0,False,1.5,2,0,0,0,1.046115
Testing,Medium,Tech Lead,Python,Low,10,4,1,20,3,13,True,0,True,4.5625,1,1,1,1,4.22926422
Feature Dev,Medium,Mid,Python,High,4,3,0,8,6,16,True,1,True,1.5,3,0,0,0,1.81132875
Testing,Medium,Junior,Go,High,8,2,1,16,7,18,True,2,True,3.25,0,2,0,0,3.45958594
Testing,Medium,Mid,JavaScript,Low,12,5,0,24,5,10,True,0,True,3.6,3,0,1,1,5.16168576
Design Review,Medium,Mid,Java,Low,10,2,3,20,8,17,True,0,False,1.5,2,0,0,0,5.26824375
Documentation,Medium,Junior,Go,Critical,8,3,2,16,9,13,True,0,True,2.66666667,1,2,0,0,3.3215875
Feature Dev,High,Senior,Go,Low,11,3,3,22,8,15,False,2,False,2.91666667,2,0,1,0,5.81332721
Deployment,High,Junior,Python,High,13,2,2,26,1,16,True,0,True,2.375,1,1,0,0,6.40565888
Testing,Medium,Junior,Go,Low,12,4,1,24,2,11,True,1,False,3.9375,1,2,0,1,5.00431723
Bug Fix,Low,Mid,Python,Medium,8,2,1,16,7,11,False,1,True,3.25,0,2,0,0,3.2278125
Bug Fix,Low,Senior,Java,Low,7,4,0,14,6,15,True,3,True,1.9375,3,1,0,0,3.59400628
Deployment,Low,Tech Lead,Other,High,2,2,2,4,3,18,False,3,False,3.25,0,2,0,0,1.11375
Refactoring,Medium,Tech Lead,C++,High,5,4,3,10,2,11,True,2,False,4.5625,1,1,1,1,2.00872153
Deployment,Low,Tech Lead,Python,Low,10,3,0,20,9,13,False,2,False,4.16666667,1,1,0,1,3.54080833
Feature Dev,High,Tech Lead,Python,Critical,13,3,3,26,8,10,False,3,False,4.91666667,0,1,2,0,4.59308479
Testing,Low,Mid,Go,Critical,9,3,3,18,10,14,True,1,True,3.58333333,2,0,0,1,3.25495326
Testing,Medium,Mid,JavaScript,High,8,5,1,16,1,13,False,2,True,3.2,3,0,2,0,3.1054122
Deployment,Low,Tech Lead,JavaScript,Critical,7,4,2,14,6,9,False,0,False,3.9375,1,2,0,1,2.05655109
Design Review,High,Senior,Other,Critical,2,2,3,4,1,15,False,1,False,2.375,1,1,0,0,1.22607187
Testing,Medium,Tech Lead,C++,Medium,9,2,1,18,3,14,False,2,True,3.625,1,0,1,0,3.87220969
Documentation,High,Senior,Python,Medium,7,2,0,14,6,17,True,2,False,2.375,1,1,0,0,3.52366875
Code Review,High,Mid,Java,Low,6,4,2,12,4,15,False,3,False,4.5625,1,1,1,1,2.964654
Code Review,High,Senior,Other,Medium,5,4,2,10,6,11,True,0,False,3.4375,1,2,1,0,2.45776781
Documentation,High,Tech Lead,Java,High,1,2,1,2,7,14,False,3,True,4.5,0,1,1,0,0.76463888
Client Meeting,High,Tech Lead,JavaScript,High,5,3,2,10,7,14,False,1,False,4.33333333,1,0,2,0,2.01771
Refactoring,Medium,Tech Lead,Java,Critical,8,4,1,16,4,16,False,0,False,4.125,2,0,1,1,2.34135688
Feature Dev,Low,Mid,JavaScript,Critical,9,5,3,18,2,10,True,3,True,3.1,3,1,0,1,3.51665059
Documentation,Medium,Junior,Java,Low,12,4,0,24,8,10,False,2,False,3.4375,1,2,1,0,4.95154688
Refactoring,Low,Mid,Java,Medium,2,3,0,4,8,12,False,3,False,3.58333333,2,0,0,1,0.8922875
Client Meeting,Medium,Junior,Other,Low,4,4,1,8,2,17,True,0,True,3.5,2,1,0,1,1.95379078
Refactoring,High,Tech Lead,JavaScript,Medium,1,3,0,2,7,12,False,3,False,3.58333333,2,0,0,1,0.66484167
Testing,Low,Tech Lead,Java,Critical,10,3,3,20,9,18,False,2,True,3.58333333,2,0,0,1,3.47620339
Client Meeting,Low,Tech Lead,Go,Critical,11,4,3,22,3,14,True,2,False,3.5,2,1,0,1,3.61555097
Feature Dev,High,Senior,Other,Medium,6,2,1,12,2,10,False,3,False,1.5,2,0,0,0,3.29025
Client Meeting,High,Junior,Python,Medium,11,4,1,22,7,9,False,3,False,2.8125,1,3,0,0,5.28615625
Client Meeting,High,Junior,Python,Low,12,4,1,24,6,14,False,3,True,3.625,2,0,2,0,6.23856791
Testing,Medium,Mid,JavaScript,Critical,1,5,3,2,6,16,False,1,False,2.55,2,3,0,0,0.78529375
Refactoring,Medium,Senior,Go,Critical,8,3,3,16,5,13,False,3,True,2.08333333,2,1,0,0,3.67786146
Feature Dev,High,Mid,Java,High,7,5,2,14,3,12,False,0,False,3.05,2,2,1,0,2.9116296
Documentation,Medium,Tech Lead,C++,Critical,1,5,2,2,7,10,False,2,False,2.55,2,3,0,0,0.7439625
Refactoring,Low,Junior,JavaScript,Low,6,3,0,12,5,14,False,2,False,2.66666667,1,2,0,0,2.50946667
Refactoring,High,Tech Lead,Java,Critical,4,4,0,8,10,16,True,2,False,4.125,2,0,1,1,1.49707058
Refactoring,Medium,Mid,Other,High,9,5,3,18,2,16,False,0,False,4.3,1,2,1,1,2.967759
Refactoring,Medium,Tech Lead,Other,High,5,5,0,10,8,14,False,2,False,3.55,2,1,2,0,1.716957
Code Review,Low,Tech Lead,JavaScript,Low,1,2,2,2,4,11,False,2,True,2.375,1,1,0,0,1.02108875
Feature Dev,Low,Senior,Go,Critical,7,3,2,14,4,9,False,1,False,4.16666667,1,1,0,1,2.10246083
Documentation,Medium,Tech Lead,Python,Medium,9,4,2,18,10,13,True,0,False,4.5625,1,1,1,1,3.28470188
Bug Fix,Medium,Senior,Java,Critical,5,4,3,10,3,15,False,1,False,3.0,2,1,1,0,1.99735125
Feature Dev,Low,Mid,Java,High,10,4,2,20,1,18,False,2,False,3.5,2,1,0,1,3.2425875
Client Meeting,Medium,Mid,Go,Low,3,4,1,6,10,14,True,0,False,3.0,2,1,1,0,1.43684888
Bug Fix,High,Tech Lead,C++,High,9,2,3,18,4,14,True,1,False,3.625,1,0,1,0,3.94978756
Client Meeting,High,Junior,Python,High,11,2,0,22,4,18,False,0,False,1.5,2,0,0,0,4.66785
Client Meeting,Medium,Junior,Python,Critical,13,2,1,26,8,16,True,2,False,4.5,0,1,1,0,4.20417703
Deployment,Medium,Junior,Python,Medium,4,2,2,8,10,10,False,1,False,3.25,0,2,0,0,1.875
Design Review,High,Mid,C++,Low,4,5,2,8,2,18,False,1,False,2.55,2,3,0,0,2.39624
Testing,Low,Mid,C++,Critical,6,2,1,12,9,9,False,3,False,2.375,1,1,0,0,2.17690313
Design Review,High,Mid,C++,Critical,7,2,1,14,8,12,True,1,True,4.5,0,1,1,0,2.89141328
Code Review,Low,Tech Lead,C++,High,9,2,3,18,1,12,False,0,False,1.5,2,0,0,0,3.404025
Feature Dev,Medium,Tech Lead,C++,High,13,4,0,26,8,14,False,2,False,4.125,2,0,1,1,3.996135
Testing,High,Mid,Go,High,1,4,3,2,8,13,True,1,True,4.0625,1,1,2,0,0.8851271
Code Review,High,Mid,C++,Critical,10,5,3,20,9,16,True,0,False,4.25,0,3,2,0,3.76006903
Bug Fix,Medium,Junior,Other,High,7,5,1,14,6,11,False,3,False,1.85,4,1,0,0,2.9469375
Deployment,Low,Senior,Python,Low,2,4,2,4,6,13,True,2,False,3.5,2,1,0,1,1.23824663
Code Review,High,Tech Lead,Java,Medium,10,3,1,20,10,11,True,1,False,4.91666667,0,1,2,0,4.08885312
Feature Dev,Medium,Mid,Other,Low,8,3,1,16,9,15,True,0,False,3.25,0,3,0,0,3.62742188
Design Review,High,Mid,Java,Low,5,2,0,10,6,18,True,0,False,5.75,0,0,2,0,2.1225435
Deployment,Medium,Mid,Python,Critical,4,2,0,8,9,18,False,1,False,1.5,2,0,0,0,1.481125
Design Review,Medium,Senior,Go,Critical,8,2,0,16,8,9,False,0,True,3.625,1,0,1,0,2.666433
Deployment,High,Tech Lead,Other,Critical,9,4,2,18,2,18,False,2,False,3.0,2,1,1,0,3.634396
Testing,High,Mid,JavaScript,Medium,10,4,1,20,1,10,False,2,False,5.0,0,2,1,1,3.8709
Refactoring,High,Junior,Other,Medium,11,4,0,22,10,17,False,1,False,3.4375,1,2,1,0,4.64545125
Feature Dev,Low,Junior,Go,Medium,1,3,1,2,7,17,False,2,False,3.25,0,3,0,0,0.665625
Client Meeting,Medium,Mid,Go,Critical,8,3,3,16,5,15,True,3,True,3.5,1,1,1,0,3.47945699
Client Meeting,High,Tech Lead,C++,Medium,1,3,3,2,4,9,False,1,False,2.08333333,2,1,0,0,1.00579167
Testing,Low,Junior,Python,Low,2,4,1,4,5,11,True,1,False,2.375,2,2,0,0,1.09934344
Deployment,Medium,Junior,Java,High,3,2,2,6,8,14,False,0,False,2.375,1,1,0,0,1.3246875
Deployment,High,Tech Lead,C++,High,8,4,1,16,7,15,False,0,False,3.0,2,1,1,0,3.1764105
Bug Fix,Low,Mid,Java,Low,4,3,2,8,2,12,True,0,False,4.16666667,1,1,0,1,1.70238337
Client Meeting,High,Tech Lead,Other,Medium,10,2,2,20,4,9,True,1,False,1.5,2,0,0,0,5.38125
Bug Fix,High,Junior,Other,Medium,3,2,2,6,2,15,True,3,False,4.5,0,1,1,0,1.76455125
Deployment,High,Junior,Go,Medium,1,5,2,2,9,10,True,1,False,3.8,1,3,0,1,0.7806435
Feature Dev,Medium,Senior,JavaScript,Low,5,3,2,10,1,11,True,3,False,4.16666667,1,1,0,1,2.54379125
Refactoring,High,Junior,Java,Low,8,2,1,16,8,13,False,1,False,2.375,1,1,0,0,4.24194375
Deployment,High,Mid,JavaScript,Low,5,4,2,10,2,9,False,2,False,2.375,2,2,0,0,3.02225
Design Review,Low,Junior,Python,Medium,2,3,0,4,1,17,False,3,False,2.66666667,1,2,0,0,0.986
Client Meeting,High,Tech Lead,C++,Medium,13,3,2,26,2,18,True,0,False,2.66666667,1,2,0,0,6.3742
Deployment,High,Tech Lead,JavaScript,Medium,6,2,0,12,6,10,False,0,False,1.5,2,0,0,0,2.829
Client Meeting,High,Tech Lead,Go,High,8,2,3,16,2,11,False,2,False,1.5,2,0,0,0,3.994425
Design Review,High,Senior,Other,Critical,2,5,1,4,2,12,False,1,False,2.9,1,4,0,0,0.9497475
Client Meeting,High,Tech Lead,Java,Medium,11,2,2,22,2,12,True,2,False,4.5,0,1,1,0,4.9550025
Client Meeting,High,Mid,Other,Medium,13,4,0,26,3,14,False,1,False,2.375,2,2,0,0,5.966
Client Meeting,Medium,Junior,Java,Low,4,2,3,8,10,14,False,0,True,3.625,1,0,1,0,2.21059059
Documentation,Medium,Tech Lead,Python,Low,4,3,0,8,5,12,True,3,True,2.66666667,1,2,0,0,2.333485
Refactoring,Medium,Tech Lead,Java,High,1,3,1,2,2,18,False,1,False,4.16666667,1,1,0,1,0.5
Code Review,High,Tech Lead,Java,Medium,12,3,3,24,8,12,True,2,False,3.25,0,3,0,0,6.07359375
Documentation,Medium,Junior,Python,High,5,4,2,10,5,9,False,3,False,3.4375,1,2,1,0,2.10665812
Testing,High,Mid,Other,High,4,2,3,8,2,12,False,3,True,5.75,0,0,2,0,2.0487159
Feature Dev,High,Mid,Java,High,9,2,0,18,4,18,False,0,False,2.375,1,1,0,0,3.6561375
Documentation,High,Mid,Other,Medium,4,4,3,8,6,18,False,0,False,2.8125,1,3,0,0,2.19696875
Code Review,Medium,Junior,Go,Medium,4,3,1,8,4,14,True,3,True,2.08333333,2,1,0,0,2.35788438
Design Review,High,Senior,Python,Critical,13,2,0,26,1,18,True,0,False,1.5,2,0,0,0,5.47057875
Design Review,Medium,Junior,Python,Low,6,3,0,12,8,14,False,0,False,2.08333333,2,1,0,0,2.629
Deployment,High,Tech Lead,C++,Critical,3,3,2,6,9,14,True,2,False,2.91666667,2,0,1,0,1.55296636
Design Review,High,Tech Lead,Python,High,9,5,1,18,8,9,True,1,True,4.8,1,1,2,1,3.49283019
Deployment,High,Senior,Go,High,3,5,0,6,8,18,True,1,True,3.75,0,4,1,0,1.36172941
Refactoring,Medium,Mid,JavaScript,Low,5,3,2,10,8,12,True,3,False,5.58333333,0,1,1,1,2.348346
Feature Dev,Medium,Junior,Other,Critical,8,2,1,16,10,12,False,1,False,4.5,0,1,1,0,2.48895938
Deployment,Low,Senior,C++,High,6,4,0,12,8,14,True,0,False,2.375,2,2,0,0,2.0029275
Feature Dev,Low,Mid,Java,Medium,7,2,3,14,4,16,True,1,True,1.5,2,0,0,0,3.63449625
Feature Dev,Low,Mid,Python,Low,4,4,1,8,10,10,False,2,False,3.0625,3,0,0,1,1.77117703
Documentation,Low,Tech Lead,Java,Medium,8,2,0,16,4,13,True,3,True,2.375,1,1,0,0,3.60403313
Feature Dev,Medium,Mid,Go,Low,3,4,1,6,4,13,False,0,False,2.375,2,2,0,0,1.45715625
Feature Dev,High,Senior,Java,Medium,4,3,0,8,4,17,True,0,True,4.16666667,1,1,0,1,1.8002215
Bug Fix,High,Junior,JavaScript,Critical,11,5,3,22,2,9,True,1,False,3.05,2,2,1,0,4.60173959
Design Review,High,Junior,Go,High,4,5,1,8,4,10,True,3,False,4.8,1,1,2,1,1.65636387
Code Review,Low,Senior,Python,High,3,3,2,6,5,14,True,0,False,1.5,3,0,0,0,1.3367025
Code Review,High,Tech Lead,JavaScript,Critical,1,5,3,2,3,17,False,0,False,3.8,1,3,0,1,0.66869075
Code Review,High,Junior,C++,Low,10,4,0,20,10,10,False,3,False,3.0,2,1,1,0,4.966885
Testing,High,Tech Lead,Go,Low,11,4,2,22,8,11,False,3,False,3.875,0,3,1,0,5.47304312
Documentation,Low,Tech Lead,Go,Critical,2,2,3,4,10,15,True,1,True,2.375,1,1,0,0,1.22344458
Bug Fix,High,Mid,Java,Medium,1,3,3,2,4,17,False,1,False,3.5,1,1,1,0,0.9062225
Client Meeting,Medium,Mid,Go,Critical,12,4,3,24,7,11,True,3,False,4.0625,1,1,2,0,4.17600471
Feature Dev,High,Mid,Other,Critical,8,3,2,16,5,12,False,3,False,2.66666667,1,2,0,0,3.51673333
Documentation,Medium,Junior,Java,Critical,10,5,3,20,6,14,True,1,False,3.9,1,2,2,0,3.45458636
Testing,Low,Junior,Go,Low,5,3,0,10,6,10,False,0,True,2.08333333,2,1,0,0,2.168925
Documentation,Medium,Junior,Java,Medium,11,5,2,22,1,11,False,2,True,2.55,2,3,0,0,5.241775
Documentation,Medium,Mid,Java,High,7,2,2,14,7,14,False,3,False,2.375,1,1,0,0,3.002625
Deployment,Medium,Mid,Go,Low,4,5,1,8,9,9,True,1,False,5.15,0,2,2,1,1.61645138
Code Review,High,Junior,Other,Critical,7,2,0,14,5,9,False,2,True,2.375,1,1,0,0,3.13774313
Code Review,High,Tech Lead,Other,Medium,6,3,2,12,2,11,False,0,False,2.08333333,2,1,0,0,3.04725
Feature Dev,Low,Junior,Go,Low,12,2,0,24,7,17,True,3,True,3.25,0,2,0,0,5.50285313
Client Meeting,Medium,Senior,C++,Low,13,5,3,26,1,13,False,1,False,3.4,1,3,1,0,5.7057825
Testing,Medium,Tech Lead,Other,Medium,4,2,0,8,9,11,False,2,False,1.5,2,0,0,0,1.845
Design Review,Medium,Senior,C++,Low,12,3,3,24,6,13,True,1,False,4.91666667,0,1,2,0,4.96142281
Documentation,Low,Tech Lead,Python,Low,3,4,0,6,3,11,False,1,True,1.9375,3,1,0,0,1.43226188
Feature Dev,Medium,Tech Lead,Other,Low,4,3,1,8,4,18,False,3,False,4.75,0,2,0,1,1.84769062
Deployment,Medium,Mid,Java,Critical,1,3,3,2,7,17,False,2,False,2.91666667,2,0,1,0,0.82604594
Refactoring,Medium,Tech Lead,Java,High,7,2,2,14,10,18,False,0,False,3.625,1,0,1,0,2.48641313
Testing,Medium,Tech Lead,JavaScript,Critical,6,4,0,12,3,13,True,0,False,3.0,2,1,1,0,1.973853
Testing,Low,Senior,C++,High,2,3,1,4,3,11,False,2,False,2.08333333,2,1,0,0,0.9589875
Code Review,Medium,Senior,Other,Critical,2,3,0,4,9,9,True,2,False,3.5,1,1,1,0,0.80079562
Testing,Low,Junior,Python,Medium,9,4,1,18,6,13,True,2,False,1.9375,3,1,0,0,3.78127969
Bug Fix,High,Mid,Java,Medium,4,3,1,8,6,10,False,1,False,2.91666667,2,0,1,0,1.93438208
Feature Dev,Medium,Mid,JavaScript,Critical,2,2,0,4,5,11,True,1,False,3.625,1,0,1,0,0.71584636
Documentation,High,Tech Lead,Other,Critical,6,3,3,12,3,13,False,1,False,6.41666667,0,0,2,1,2.12841275
Documentation,Medium,Junior,JavaScript,High,8,3,3,16,4,17,True,1,False,3.5,1,1,1,0,3.17962969
Design Review,Medium,Mid,C++,High,12,4,3,24,1,12,False,2,False,3.0,2,1,1,0,4.5199575
Bug Fix,Low,Tech Lead,Go,Medium,1,3,2,2,3,12,True,3,False,2.66666667,1,2,0,0,0.9744
Feature Dev,High,Junior,C++,Critical,9,3,0,18,2,14,False,2,True,3.5,1,1,1,0,3.64095078
Client Meeting,Medium,Senior,Other,Critical,9,3,2,18,3,18,False,2,False,2.08333333,2,1,0,0,3.47047917
Refactoring,Medium,Senior,JavaScript,High,11,2,1,22,6,13,False,1,False,2.375,1,1,0,0,4.10653125
Deployment,Medium,Junior,C++,Medium,1,3,0,2,7,15,True,2,False,4.16666667,1,1,0,1,0.5336625
Bug Fix,Medium,Junior,Java,Medium,4,3,2,8,9,16,False,1,False,5.58333333,0,1,1,1,1.564
Design Review,Medium,Junior,Java,Medium,4,2,1,8,2,14,False,3,True,3.625,1,0,1,0,2.00962781
Client Meeting,Low,Mid,C++,Critical,9,4,1,18,7,18,False,0,False,3.9375,1,2,0,1,2.47223695
Documentation,High,Mid,Java,Critical,11,3,2,22,3,11,False,1,True,2.08333333,2,1,0,0,5.08382875
Deployment,Medium,Mid,Java,Medium,3,4,0,6,6,13,False,1,True,2.375,2,2,0,0,1.4031875
Design Review,Medium,Tech Lead,JavaScript,Low,13,3,1,26,10,10,False,0,False,4.33333333,1,0,2,0,4.88651167
Deployment,Medium,Senior,Java,Medium,5,4,2,10,7,10,True,1,True,3.4375,1,2,1,0,2.49557963
Code Review,Medium,Mid,Python,Critical,11,5,2,22,5,9,False,1,True,3.05,2,2,1,0,4.1248086
Refactoring,Medium,Mid,JavaScript,Low,7,5,3,14,9,14,True,0,False,4.65,0,3,1,1,2.99586788
Feature Dev,High,Tech Lead,Java,Medium,12,5,3,24,2,16,False,1,False,3.55,2,1,2,0,5.2636005
Client Meeting,Low,Junior,JavaScript,Critical,8,3,2,16,10,9,False,0,True,2.08333333,2,1,0,0,2.96091125
Bug Fix,High,Senior,Python,Low,4,4,3,8,10,10,True,3,False,3.0,2,1,1,0,2.75662118
Testing,High,Tech Lead,C++,Low,11,5,0,22,5,18,False,2,False,4.65,0,3,1,1,4.6178066
Feature Dev,Medium,Tech Lead,C++,Medium,11,3,2,22,2,15,False,0,False,3.5,1,1,1,0,4.217075
Code Review,High,Tech Lead,Go,Critical,8,2,1,16,5,18,True,0,False,1.5,2,0,0,0,3.50373188
Documentation,High,Tech Lead,Java,Low,10,2,2,20,10,12,True,1,False,4.5,0,1,1,0,4.90153125
Testing,Medium,Senior,Python,Medium,7,2,2,14,5,9,False,1,False,4.5,0,1,1,0,2.716
Feature Dev,Medium,Tech Lead,C++,Medium,13,5,2,26,8,16,False,2,False,3.1,3,1,0,1,5.117175
Client Meeting,Medium,Senior,JavaScript,Medium,9,3,2,18,2,10,False,2,False,2.66666667,1,2,0,0,3.96333333
Testing,Low,Senior,Java,Critical,8,3,1,16,1,9,True,0,False,4.16666667,1,1,0,1,2.29074628
Deployment,Low,Tech Lead,Go,Critical,5,5,2,10,3,12,True,3,False,2.2,3,2,0,0,2.12058
Design Review,Medium,Senior,Other,Critical,6,4,1,12,8,13,False,2,True,4.5,0,2,2,0,2.11485313
Feature Dev,Low,Junior,Java,Low,8,3,1,16,8,12,False,2,False,1.5,3,0,0,0,3.641825
Deployment,Medium,Mid,JavaScript,High,2,4,1,4,3,14,True,2,False,4.5625,1,1,1,1,0.87170934
Documentation,High,Mid,JavaScript,Low,13,5,2,26,9,11,False,0,False,3.05,2,2,1,0,6.3489701
Client Meeting,Low,Mid,Python,Medium,4,4,0,8,4,13,False,1,False,3.5,2,1,0,1,1.353275
Client Meeting,Medium,Mid,JavaScript,High,9,3,3,18,7,15,True,2,True,4.33333333,1,0,2,0,3.66830888
Testing,Medium,Senior,C++,High,1,2,3,2,5,11,True,2,False,4.5,0,1,1,0,0.84217219
Bug Fix,Low,Tech Lead,JavaScript,Low,4,3,2,8,8,12,False,1,False,2.66666667,1,2,0,0,1.95653333
Deployment,High,Junior,JavaScript,High,5,3,1,10,8,12,True,0,False,5.0,1,0,1,1,1.8105255
Client Meeting,Medium,Tech Lead,C++,Critical,4,4,2,8,5,11,False,3,False,3.0,2,1,1,0,1.723205
Feature Dev,Medium,Tech Lead,Other,High,4,5,3,8,8,15,True,2,False,3.1,3,1,0,1,1.90884094
Feature Dev,Low,Junior,Go,Medium,1,2,3,2,8,14,False,0,True,1.5,2,0,0,0,0.913275
Bug Fix,Medium,Junior,Go,Low,7,2,1,14,4,15,True,0,False,1.5,2,0,0,0,3.49243125
Documentation,High,Senior,Java,Low,1,3,1,2,3,11,True,1,False,5.0,1,0,1,1,0.6412791
Testing,Low,Tech Lead,JavaScript,Medium,9,2,2,18,1,18,False,1,False,1.5,2,0,0,0,3.731
Deployment,Medium,Senior,JavaScript,Low,2,5,1,4,2,12,False,3,False,4.8,1,1,2,1,1.052425
Client Meeting,Low,Tech Lead,Python,Medium,4,3,0,8,7,16,True,2,True,2.08333333,2,1,0,0,1.8863075
Refactoring,High,Senior,Python,Low,12,3,3,24,3,16,False,3,False,2.08333333,2,1,0,0,6.8682625
Client Meeting,Low,Senior,Go,High,3,3,3,6,10,11,False,2,False,1.5,3,0,0,0,1.595925
Bug Fix,Low,Senior,C++,Medium,1,3,0,2,6,18,False,3,False,3.58333333,2,0,0,1,0.5773625
Client Meeting,High,Junior,Java,Low,2,3,1,4,1,9,True,1,False,4.33333333,1,0,2,0,1.12207095
Testing,Medium,Junior,JavaScript,Critical,4,2,1,8,2,9,True,2,False,2.375,1,1,0,0,1.70774297
Client Meeting,Medium,Tech Lead,Python,Low,13,2,3,26,1,9,True,3,True,1.5,2,0,0,0,7.74846188
Code Review,Medium,Mid,C++,Critical,9,2,3,18,5,12,False,3,False,2.375,1,1,0,0,3.62817188
Feature Dev,Medium,Tech Lead,Python,Medium,8,4,2,16,7,14,False,0,True,3.0,2,1,1,0,3.547775
Design Review,High,Junior,Python,Low,5,5,0,10,6,14,False,0,False,3.95,2,1,1,1,2.100659
Testing,High,Senior,JavaScript,Low,12,4,0,24,8,10,False,1,True,5.1875,1,0,2,1,5.1443513
Code Review,Medium,Tech Lead,C++,Medium,12,4,1,24,1,13,False,1,True,2.8125,1,3,0,0,5.32932813
Feature Dev,High,Senior,Java,Critical,6,5,3,12,1,17,False,2,True,3.9,1,2,2,0,2.71232934
Deployment,High,Tech Lead,Other,Critical,6,2,0,12,3,16,True,2,False,2.375,1,1,0,0,2.59226625
Bug Fix,Low,Tech Lead,Java,Low,1,3,1,2,4,14,True,3,False,3.58333333,2,0,0,1,0.81841134
Design Review,High,Junior,Go,High,7,5,0,14,3,9,False,1,True,3.55,2,1,2,0,2.85014862
Refactoring,Low,Mid,JavaScript,Medium,2,3,2,4,7,11,False,1,True,2.08333333,2,1,0,0,1.22686667
Refactoring,Low,Mid,Java,High,10,2,3,20,10,17,False,3,False,2.375,1,1,0,0,3.84159375
Code Review,High,Mid,C++,Low,3,3,0,6,9,14,True,1,False,3.5,1,1,1,0,1.53375915
Deployment,Medium,Mid,Go,Medium,6,2,0,12,2,17,True,0,False,2.375,1,1,0,0,2.47275
Documentation,High,Mid,Go,Medium,6,5,2,12,1,18,False,3,False,4.3,1,2,1,1,2.735712
Deployment,Medium,Mid,Go,Medium,3,2,3,6,7,10,True,2,False,2.375,1,1,0,0,1.90607813
Client Meeting,Medium,Mid,JavaScript,Low,13,4,1,26,8,14,False,1,False,2.8125,1,3,0,0,5.75145313
Client Meeting,Medium,Junior,Java,Critical,13,4,0,26,4,16,False,0,False,2.375,2,2,0,0,4.337125
Design Review,Medium,Tech Lead,Other,High,6,5,3,12,7,13,False,0,False,3.05,2,2,1,0,2.35742738
Code Review,Medium,Tech Lead,Python,High,12,2,3,24,10,15,True,0,False,3.625,1,0,1,0,4.42140398
Deployment,Low,Mid,Python,Medium,6,3,3,12,10,17,True,3,False,2.08333333,2,1,0,0,3.04276875
Design Review,Medium,Tech Lead,Python,Critical,8,2,2,16,6,17,False,0,False,3.25,0,2,0,0,2.7890625
Documentation,High,Senior,JavaScript,High,13,3,1,26,2,17,False,3,False,3.5,1,1,1,0,5.19238575
Testing,Medium,Mid,Go,Critical,10,2,3,20,4,15,True,0,False,3.625,1,0,1,0,3.53946255
Refactoring,Low,Junior,JavaScript,Medium,6,3,2,12,7,10,False,1,False,2.08333333,2,1,0,0,2.54933333
Documentation,High,Tech Lead,Go,Medium,13,5,0,26,3,9,True,0,False,3.75,0,4,1,0,5.55769988
Documentation,High,Junior,Other,High,6,5,0,12,1,11,False,0,True,3.05,2,2,1,0,2.51128053
Design Review,High,Junior,Python,Critical,2,2,0,4,4,17,False,0,False,4.5,0,1,1,0,0.6637225
Feature Dev,High,Tech Lead,Python,Critical,9,4,0,18,2,11,False,2,False,2.375,2,2,0,0,3.61983125
Code Review,Low,Tech Lead,Python,High,8,3,2,16,5,11,False,0,False,2.08333333,2,1,0,0,2.850075
Refactoring,Medium,Senior,Java,Medium,4,5,1,8,1,10,True,3,False,3.6,3,0,1,1,1.821876
Feature Dev,High,Tech Lead,JavaScript,Medium,2,4,2,4,5,14,True,2,False,3.0,2,1,1,0,1.3739565
Deployment,Medium,Mid,Python,High,9,4,3,18,2,10,True,1,True,3.4375,1,2,1,0,3.88374579
Bug Fix,High,Senior,C++,Medium,13,3,3,26,3,13,True,2,True,2.08333333,2,1,0,0,7.62574313
Feature Dev,High,Senior,C++,Critical,9,5,3,18,8,13,False,3,True,4.65,0,3,1,1,3.64903292
Design Review,High,Mid,Python,Medium,13,4,2,26,8,11,False,1,False,4.125,2,0,1,1,5.245955
Bug Fix,Medium,Mid,Python,Low,6,3,3,12,5,15,False,0,False,2.08333333,2,1,0,0,3.1219375
Documentation,Medium,Mid,JavaScript,High,6,5,2,12,10,12,False,3,False,2.7,3,1,1,0,2.527335
Deployment,Medium,Mid,Python,High,9,3,2,18,6,14,False,2,False,2.66666667,1,2,0,0,3.567
Refactoring,High,Mid,C++,Low,9,2,0,18,5,16,True,2,True,3.25,0,2,0,0,5.16934688
Refactoring,High,Tech Lead,Go,Low,12,4,0,24,8,15,True,2,False,3.0,2,1,1,0,6.0879819
Feature Dev,Medium,Mid,Other,Low,5,2,3,10,8,14,False,3,False,4.5,0,1,1,0,2.56746875
Design Review,High,Mid,JavaScript,Medium,4,4,3,8,4,14,False,3,False,3.5,2,1,0,1,2.2759625
Documentation,High,Senior,Go,Critical,5,4,2,10,2,10,True,0,False,3.0,2,1,1,0,2.13834075
Design Review,High,Tech Lead,JavaScript,Medium,5,5,2,10,8,18,True,3,False,3.4,1,3,1,0,2.7468945
Testing,High,Junior,C++,Medium,6,3,1,12,4,18,False,3,False,4.08333333,0,2,1,0,2.78935625
Code Review,High,Mid,Java,Medium,11,2,1,22,5,14,False,3,False,1.5,2,0,0,0,5.64775
Client Meeting,High,Senior,Java,Medium,11,4,1,22,7,16,False,0,False,3.9375,1,2,0,1,4.47001719
Documentation,Low,Mid,JavaScript,Low,6,2,0,12,1,9,False,1,False,1.5,2,0,0,0,2.54815
Documentation,Medium,Senior,C++,Low,13,5,1,26,7,14,False,1,False,4.25,0,3,2,0,5.00132875
Design Review,High,Mid,JavaScript,Medium,6,2,1,12,6,9,True,3,False,4.5,0,1,1,0,2.86071188
Bug Fix,Low,Senior,Go,Low,8,3,2,16,10,11,False,2,False,1.5,3,0,0,0,3.81095
Bug Fix,Low,Tech Lead,Other,High,10,4,1,20,7,10,False,3,True,1.9375,3,1,0,0,4.02202969
Deployment,Medium,Junior,C++,Critical,8,4,3,16,8,9,False,0,False,1.9375,3,1,0,0,3.11219531
Feature Dev,Medium,Senior,Other,Medium,6,4,2,12,3,12,False,1,False,2.375,2,2,0,0,2.7475
Documentation,Medium,Tech Lead,Python,Low,5,5,0,10,8,16,True,3,False,3.4,1,3,1,0,2.39642865
Deployment,Low,Junior,Java,Low,10,2,1,20,6,12,False,2,False,1.5,2,0,0,0,4.453625
Documentation,Medium,Mid,JavaScript,Critical,9,4,3,18,9,15,False,1,True,3.0,2,1,1,0,3.57565038
Client Meeting,Medium,Senior,JavaScript,Medium,10,3,0,20,4,12,False,2,False,1.5,3,0,0,0,4.305
Design Review,Medium,Tech Lead,C++,Critical,11,4,2,22,3,17,False,1,False,4.0625,1,1,2,0,3.439695
Bug Fix,Medium,Junior,JavaScript,Critical,9,4,0,18,5,14,False,1,False,3.0,2,1,1,0,2.8981175
Refactoring,High,Junior,Python,Low,8,3,0,16,2,10,False,1,True,3.5,1,1,1,0,4.10384205
Design Review,High,Tech Lead,C++,Critical,1,2,3,2,2,14,False,2,True,2.375,1,1,0,0,1.01839031
Code Review,High,Tech Lead,Java,Critical,12,4,0,24,8,15,False,3,True,3.4375,1,2,1,0,4.89906048
Deployment,High,Tech Lead,JavaScript,High,13,4,3,26,9,18,True,2,False,4.5,0,2,2,0,5.15325038
Feature Dev,Medium,Senior,Java,Low,10,2,1,20,3,10,True,2,True,2.375,1,1,0,0,5.42304984
Bug Fix,High,Senior,Java,High,10,2,1,20,4,15,False,3,False,1.5,2,0,0,0,4.658625
Bug Fix,Medium,Mid,JavaScript,Critical,9,3,3,18,9,18,False,2,True,2.91666667,2,0,1,0,3.6778712
Feature Dev,Low,Mid,Java,Medium,4,5,0,8,8,13,False,3,False,2.55,2,3,0,0,1.69215
Bug Fix,High,Tech Lead,JavaScript,High,4,3,2,8,6,14,False,0,False,4.33333333,1,0,2,0,1.599222
Deployment,Low,Tech Lead,Other,Critical,11,2,2,22,10,11,False,2,False,2.375,1,1,0,0,3.71991875
Feature Dev,Low,Junior,Go,Low,3,2,3,6,5,18,False,3,False,2.375,1,1,0,0,1.97525625
Deployment,Medium,Tech Lead,Python,Critical,10,3,2,20,9,9,False,3,True,4.16666667,1,1,0,1,3.64330542
Refactoring,Low,Mid,Go,High,13,4,3,26,4,12,False,1,False,2.8125,1,3,0,0,4.51577813
Feature Dev,High,Junior,Java,Medium,8,5,0,16,7,11,False,2,False,3.95,2,1,1,1,3.221564
Client Meeting,Medium,Junior,C++,Critical,12,2,0,24,2,11,False,0,False,2.375,1,1,0,0,4.0035
Feature Dev,Medium,Tech Lead,JavaScript,Medium,11,4,2,22,4,11,False,3,False,3.4375,1,2,1,0,4.50140625
Deployment,Medium,Junior,Python,Low,13,3,3,26,5,18,False,1,False,2.08333333,2,1,0,0,6.29864583
Deployment,High,Junior,Other,Critical,8,5,2,16,9,11,False,0,False,2.55,2,3,0,0,3.2899675
Documentation,Medium,Mid,Other,Critical,2,3,3,4,9,9,False,1,False,4.08333333,0,2,1,0,0.99712969
Refactoring,Low,Mid,Python,Medium,2,5,3,4,3,9,False,0,False,1.5,5,0,0,0,1.19925
Refactoring,Low,Mid,Go,High,10,4,1,20,6,12,True,1,False,3.9375,1,2,0,1,3.1215048
Documentation,Medium,Junior,Java,Medium,9,5,2,18,8,13,True,0,False,3.45,2,2,0,1,3.60820688
Client Meeting,High,Junior,C++,Low,7,2,0,14,10,10,False,1,False,1.5,2,0,0,0,3.7433
Documentation,High,Tech Lead,Python,Medium,10,2,3,20,1,12,True,2,False,1.5,2,0,0,0,5.6503125
Deployment,Low,Junior,Go,Critical,12,4,2,24,9,18,False,3,True,2.375,2,2,0,0,4.51394625
Refactoring,Medium,Tech Lead,JavaScript,Medium,8,4,2,16,3,11,True,2,False,5.0,0,2,1,1,3.03807
Testing,Medium,Mid,Python,High,1,2,0,2,2,15,False,0,False,1.5,2,0,0,0,0.5
Testing,Medium,Mid,Go,Low,3,5,2,6,10,18,True,1,True,4.3,1,2,1,1,1.65510576
Design Review,Low,Senior,Go,Medium,8,4,2,16,7,11,False,0,False,1.9375,3,1,0,0,3.1899375
Client Meeting,Low,Mid,Go,Low,9,4,2,18,3,12,False,3,False,1.9375,3,1,0,0,4.2372
Deployment,Low,Mid,C++,Medium,2,3,3,4,4,11,True,2,False,1.5,3,0,0,0,1.4744625
Code Review,High,Mid,Java,Critical,2,2,2,4,1,17,True,0,False,2.375,1,1,0,0,1.06843406
Feature Dev,High,Junior,Other,Critical,8,3,3,16,2,13,False,3,False,4.16666667,1,1,0,1,3.18969229
Client Meeting,Medium,Senior,Go,Critical,5,5,3,10,5,15,False,2,True,4.3,1,2,1,1,2.01738405
Feature Dev,Medium,Mid,JavaScript,Critical,3,3,3,6,10,14,False,2,False,3.58333333,2,0,0,1,1.3756099
Bug Fix,Low,Junior,JavaScript,High,5,4,0,10,5,16,False,2,False,1.5,4,0,0,0,1.845
Code Review,Medium,Tech Lead,Java,Critical,8,4,3,16,10,14,False,0,True,3.875,0,3,1,0,3.00002055
Refactoring,High,Senior,Python,Medium,11,3,1,22,3,12,False,2,False,2.66666667,1,2,0,0,5.22966667
Bug Fix,Low,Tech Lead,Java,Medium,7,5,3,14,6,15,True,3,True,3.45,2,2,0,1,3.32787696
Deployment,Medium,Junior,Python,Low,8,5,2,16,2,15,False,2,False,2.9,1,4,0,0,3.88685
Bug Fix,High,Junior,Other,High,8,4,3,16,6,13,False,2,False,4.125,2,0,1,1,3.20430825
Documentation,Medium,Junior,JavaScript,Critical,11,5,0,22,3,14,False,0,False,2.55,2,3,0,0,3.63715
Testing,Medium,Tech Lead,Java,Medium,4,2,2,8,2,18,False,2,False,4.5,0,1,1,0,1.782375
Documentation,Low,Junior,C++,Low,4,2,3,8,7,12,True,0,False,2.375,1,1,0,0,2.14201969
Refactoring,High,Junior,Other,Medium,4,3,3,8,5,10,False,3,True,3.5,1,1,1,0,2.55626525
Refactoring,Medium,Tech Lead,Go,High,7,5,3,14,10,11,True,0,False,3.05,2,2,1,0,2.82270909
Refactoring,Medium,Junior,JavaScript,High,6,4,3,12,2,10,False,2,True,3.4375,1,2,1,0,2.71839923
Testing,High,Senior,Go,Medium,11,2,0,22,6,18,False,0,True,4.5,0,1,1,0,4.7241425
Refactoring,Medium,Mid,Java,Low,10,4,1,20,1,15,False,3,False,4.0625,1,1,2,0,4.12679094
Documentation,Medium,Mid,Go,Critical,2,3,3,4,4,17,True,2,False,2.91666667,2,0,1,0,1.19776661
Refactoring,Medium,Junior,Go,Low,9,3,0,18,2,16,False,0,False,4.16666667,1,1,0,1,3.35445
Feature Dev,Medium,Tech Lead,JavaScript,Critical,7,4,2,14,7,17,True,2,False,3.0,2,1,1,0,2.71404788
Refactoring,Medium,Mid,Java,High,13,4,3,26,2,12,True,1,False,2.5625,3,0,1,0,5.12249801
Documentation,High,Mid,Python,Low,1,4,1,2,8,9,True,0,False,3.25,0,4,0,0,0.66051563
Deployment,High,Junior,Other,High,9,4,1,18,5,15,False,3,False,3.0,2,1,1,0,3.8067165
Testing,Medium,Tech Lead,C++,High,5,5,3,10,8,10,False,2,False,1.85,4,1,0,0,2.4028875
Code Review,Medium,Tech Lead,Go,High,13,4,3,26,5,10,True,2,False,2.5625,3,0,1,0,5.21158493
Design Review,Low,Senior,C++,Critical,1,5,2,2,2,9,True,1,False,2.2,3,2,0,0,0.671517
Code Review,High,Junior,Python,Medium,12,4,1,24,7,9,False,0,True,3.4375,1,2,1,0,5.61505416
Bug Fix,High,Senior,JavaScript,Critical,1,4,2,2,9,9,True,0,False,2.8125,1,3,0,0,0.65074406
Documentation,High,Tech Lead,JavaScript,Critical,12,3,0,24,4,14,False,0,False,4.33333333,1,0,2,0,3.895924
Deployment,Low,Junior,Python,Critical,6,2,2,12,10,11,True,1,False,1.5,2,0,0,0,2.34192
Feature Dev,High,Junior,Other,Critical,9,2,2,18,6,18,False,2,True,3.25,0,2,0,0,4.06725
Design Review,Medium,Senior,Other,Low,2,4,3,4,4,11,False,0,False,3.0,2,1,1,0,1.2670625
Refactoring,High,Senior,Other,Critical,6,4,0,12,4,15,False,2,False,2.375,2,2,0,0,2.468825
Design Review,Medium,Junior,Java,Critical,4,3,1,8,4,15,False,1,False,3.5,1,1,1,0,1.41092562
Feature Dev,High,Senior,C++,Critical,6,3,3,12,10,16,False,0,False,4.16666667,1,1,0,1,2.31126687
Testing,Medium,Junior,Java,High,2,2,3,4,8,15,False,1,False,2.375,1,1,0,0,1.19221875
Code Review,Low,Mid,Java,Low,13,2,2,26,9,11,False,3,False,2.375,1,1,0,0,5.6991
Deployment,Medium,Tech Lead,C++,Critical,7,4,3,14,9,11,True,0,True,2.375,2,2,0,0,3.13086211
Code Review,High,Mid,Go,High,4,5,0,8,1,13,True,1,True,4.3,1,2,1,1,1.64194015
Deployment,High,Senior,Java,High,5,2,3,10,1,15,False,0,False,3.625,1,0,1,0,2.20568906
Testing,Low,Junior,Other,Medium,8,4,1,16,2,12,False,3,True,1.5,4,0,0,0,3.754575
Testing,Low,Mid,JavaScript,Low,2,5,1,4,4,9,True,1,False,3.45,2,2,0,1,0.98716839
Bug Fix,High,Junior,Go,Medium,11,5,1,22,10,14,False,0,False,3.55,2,1,2,0,4.5178515
Feature Dev,Medium,Tech Lead,C++,Low,8,3,1,16,4,17,True,0,False,2.08333333,2,1,0,0,3.85312813
Documentation,High,Tech Lead,JavaScript,Medium,11,2,3,22,8,17,False,3,True,2.375,1,1,0,0,6.27116875
Refactoring,Medium,Junior,Java,Low,9,4,2,18,9,10,False,0,False,4.125,2,0,1,1,3.5274525
Feature Dev,Medium,Mid,Java,High,7,4,3,14,10,13,False,2,False,3.0,2,1,1,0,2.8612575
Refactoring,Medium,Junior,Go,Critical,6,2,1,12,2,13,False,3,False,2.375,1,1,0,0,2.37707813
Design Review,High,Senior,Python,Low,3,4,3,6,5,16,False,1,True,4.0625,1,1,2,0,1.96880386
Bug Fix,High,Senior,Java,Low,5,2,0,10,6,13,False,1,False,1.5,2,0,0,0,2.706
Testing,Medium,Tech Lead,Other,High,2,3,1,4,7,15,False,1,True,4.16666667,1,1,0,1,0.88054312
Deployment,High,Tech Lead,C++,Critical,2,5,1,4,9,10,False,1,True,3.95,2,1,1,1,0.90830669
Deployment,Medium,Junior,Python,High,8,5,1,16,8,15,False,0,True,3.95,2,1,1,1,2.75368995
Deployment,Medium,Senior,Go,High,13,4,3,26,7,18,False,2,False,5.1875,1,0,2,1,3.9829725
Deployment,Low,Tech Lead,Java,Medium,6,5,0,12,4,17,True,2,False,2.2,3,2,0,0,2.45322
Documentation,Low,Junior,Python,Low,4,2,0,8,6,13,False,0,False,3.25,0,2,0,0,1.485
Testing,Low,Junior,JavaScript,Critical,5,4,0,10,4,9,False,1,False,3.5,2,1,0,1,1.41918125
Client Meeting,Medium,Senior,JavaScript,Low,2,2,0,4,2,14,True,1,False,4.5,0,1,1,0,0.88227563
Code Review,Medium,Mid,Java,Medium,9,5,2,18,2,16,True,1,False,3.05,2,2,1,0,3.860115
Code Review,High,Junior,Go,Medium,9,4,0,18,7,15,True,0,True,3.5,2,1,0,1,4.20191888
Bug Fix,Medium,Senior,Other,High,10,2,2,20,10,14,True,3,True,1.5,2,0,0,0,4.9012425
Refactoring,Medium,Mid,Go,Critical,7,3,0,14,4,10,False,2,False,1.5,3,0,0,0,2.61375
Bug Fix,Low,Senior,Other,Low,3,2,2,6,1,13,False,1,False,2.375,1,1,0,0,1.597475
Bug Fix,Medium,Tech Lead,Python,High,1,3,2,2,8,16,False,2,False,2.91666667,2,0,1,0,0.74968875
Documentation,High,Mid,C++,Medium,5,3,2,10,10,9,True,1,False,2.91666667,2,0,1,0,2.62391062
Client Meeting,Low,Mid,C++,High,2,3,0,4,7,14,False,0,True,2.08333333,2,1,0,0,0.70983
Code Review,Medium,Senior,Other,Critical,5,4,3,10,3,11,True,2,False,3.4375,1,2,1,0,2.12927769
Client Meeting,Medium,Senior,JavaScript,High,2,2,1,4,2,13,True,2,False,1.5,2,0,0,0,1.11391875
Deployment,Medium,Tech Lead,Go,Medium,5,2,2,10,5,14,False,1,True,3.625,1,0,1,0,2.352735
Client Meeting,Medium,Senior,Go,High,1,3,3,2,10,9,False,3,False,5.0,1,0,1,1,0.80937
Refactoring,Medium,Senior,JavaScript,Low,1,5,0,2,5,16,True,2,False,3.9,1,2,2,0,0.5895351
Testing,Low,Junior,Other,Low,12,3,2,24,5,9,False,3,False,4.75,0,2,0,1,4.4344575
Bug Fix,High,Tech Lead,JavaScript,Low,5,2,0,10,3,9,True,0,True,3.625,1,0,1,0,2.60418355
Refactoring,Medium,Tech Lead,Go,High,10,5,0,20,2,9,True,0,False,3.05,2,2,1,0,3.4741035
Code Review,Medium,Tech Lead,C++,Low,7,4,3,14,7,10,False,3,False,4.0625,1,1,2,0,3.29215906
Documentation,High,Senior,Python,Low,10,3,3,20,5,16,False,3,True,4.16666667,1,1,0,1,5.48359396
Deployment,High,Senior,C++,High,3,4,3,6,7,13,False,2,True,3.0,2,1,1,0,1.85193855
Deployment,Medium,Tech Lead,JavaScript,Medium,3,2,3,6,8,18,False,3,True,2.375,1,1,0,0,2.10478125
Testing,Medium,Mid,Go,Low,13,4,3,26,7,10,False,3,False,3.5,2,1,0,1,5.75141875
Bug Fix,High,Junior,Go,High,1,4,3,2,5,14,True,3,False,3.875,0,3,1,0,1.00516402
Client Meeting,Medium,Senior,Go,Medium,8,4,2,16,1,12,False,0,False,4.125,2,0,1,1,2.877875
Testing,High,Mid,C++,High,6,4,3,12,6,14,True,0,False,3.0,2,1,1,0,2.79532418
Testing,Medium,Mid,Java,Low,5,3,3,10,2,11,True,1,False,2.08333333,2,1,0,0,2.93297813
Deployment,High,Tech Lead,Java,Medium,10,3,2,20,5,17,False,1,False,5.0,1,0,1,1,3.91
Deployment,High,Tech Lead,Java,Medium,1,5,2,2,3,11,False,3,False,3.95,2,1,1,1,0.880118
Feature Dev,Low,Mid,JavaScript,Low,2,2,1,4,2,12,True,2,False,1.5,2,0,0,0,1.26674625
Deployment,Low,Mid,C++,High,2,4,2,4,10,13,False,3,False,1.9375,3,1,0,0,1.1917125
Design Review,High,Tech Lead,C++,Medium,1,2,2,2,1,17,False,2,False,4.5,0,1,1,0,0.8148
Feature Dev,High,Junior,Java,Critical,1,3,2,2,10,15,True,1,False,5.58333333,0,1,1,1,0.6002241
Code Review,Medium,Junior,Java,High,13,2,2,26,1,11,True,3,False,3.25,0,2,0,0,5.1384375
Feature Dev,High,Junior,Go,Critical,9,3,1,18,9,16,False,2,False,2.66666667,1,2,0,0,3.68928333
Design Review,Low,Mid,Go,High,10,5,3,20,9,10,True,0,False,2.2,3,2,0,0,3.7889775
Design Review,Medium,Senior,C++,Medium,8,3,3,16,1,18,False,0,False,3.58333333,2,0,0,1,3.19298958
Design Review,Medium,Junior,Python,Low,13,2,1,26,4,15,True,2,True,2.375,1,1,0,0,6.91906359
Testing,Medium,Mid,Java,Critical,10,3,1,20,3,11,False,2,True,4.16666667,1,1,0,1,3.44529969
Code Review,Low,Tech Lead,Java,High,8,2,1,16,6,16,False,2,False,2.375,1,1,0,0,2.85249375
Testing,High,Junior,Other,Medium,5,3,1,10,7,9,False,3,True,4.33333333,1,0,2,0,2.51175833
Refactoring,Medium,Tech Lead,Other,Critical,6,3,3,12,7,16,True,2,True,2.66666667,1,2,0,0,2.89452625
Bug Fix,Medium,Mid,Go,Medium,3,5,1,6,6,16,False,3,False,4.3,1,2,1,1,1.34343
Feature Dev,Medium,Senior,Other,Critical,7,2,1,14,1,14,False,3,False,4.5,0,1,1,0,2.34467188
Code Review,Low,Junior,JavaScript,Medium,13,5,2,26,9,16,True,0,False,4.15,0,4,0,1,4.43353838
Testing,High,Tech Lead,JavaScript,High,11,2,2,22,9,14,False,2,True,2.375,1,1,0,0,5.4011925
Deployment,Medium,Junior,Java,Low,7,5,1,14,9,16,False,1,False,4.8,1,1,2,1,2.567917
Bug Fix,High,Mid,Go,High,6,4,3,12,4,16,True,0,False,3.0,2,1,1,0,2.79532418
Client Meeting,High,Junior,C++,Critical,10,4,2,20,3,17,False,3,False,4.5625,1,1,1,1,3.5453925
Refactoring,High,Senior,Other,Low,3,2,0,6,3,17,False,2,False,4.5,0,1,1,0,1.4751275
Refactoring,Medium,Senior,Other,High,5,4,2,10,6,17,True,1,False,1.9375,3,1,0,0,2.2750875
Testing,Low,Junior,Go,Medium,11,2,0,22,9,14,False,3,False,2.375,1,1,0,0,4.180125
Deployment,High,Senior,C++,Low,13,4,0,26,6,9,False,1,True,2.8125,1,3,0,0,7.05793
Refactoring,Medium,Tech Lead,Other,Low,5,5,3,10,7,13,False,3,False,3.2,3,0,2,0,2.67289
Deployment,Low,Junior,C++,High,3,4,0,6,7,16,False,2,True,2.375,2,2,0,0,1.24344
Client Meeting,Medium,Mid,C++,High,2,5,3,4,2,12,True,0,False,1.85,4,1,0,0,1.19010938
Code Review,Medium,Tech Lead,Java,Medium,5,2,1,10,2,16,True,0,False,4.5,0,1,1,0,1.91605312
Design Review,Medium,Junior,Go,Low,6,2,0,12,10,13,False,1,False,3.25,0,2,0,0,2.578125
Documentation,Low,Tech Lead,C++,Medium,8,5,2,16,2,18,True,2,False,3.45,2,2,0,1,3.12711263
Deployment,High,Senior,C++,Medium,8,4,3,16,5,16,True,0,False,3.4375,1,2,1,0,3.90406964
Documentation,High,Senior,C++,Low,12,2,3,24,2,14,False,3,False,4.5,0,1,1,0,5.85382875
Documentation,Medium,Senior,Other,Medium,9,4,2,18,7,17,False,3,False,4.0625,1,1,2,0,3.5408625
Client Meeting,Medium,Junior,Go,Low,10,2,3,20,9,17,True,3,False,3.625,1,0,1,0,4.88927742
Code Review,Medium,Mid,JavaScript,Low,2,4,0,4,2,16,False,2,False,2.5625,3,0,1,0,1.03699062
Design Review,Medium,Tech Lead,JavaScript,Low,1,4,1,2,8,10,False,3,False,4.5625,1,1,1,1,0.74998688
Refactoring,Medium,Junior,Other,Critical,3,4,2,6,9,18,True,1,True,3.0,2,1,1,0,1.4474922
Testing,Low,Senior,Python,High,7,4,3,14,2,12,False,2,False,2.375,2,2,0,0,2.79950625
Code Review,High,Mid,Java,High,11,2,0,22,9,10,False,0,True,4.5,0,1,1,0,4.25172825
Testing,Medium,Senior,Other,Medium,10,4,1,20,4,12,True,3,False,2.8125,1,3,0,0,4.48267969
Refactoring,Medium,Junior,Java,Critical,13,2,1,26,4,9,False,2,False,3.625,1,0,1,0,4.20417703
Refactoring,Medium,Junior,JavaScript,Critical,13,3,3,26,5,18,True,2,False,5.58333333,0,1,1,1,4.08291975
Client Meeting,Low,Mid,Go,Critical,8,4,2,16,10,9,True,1,True,2.8125,1,3,0,0,3.08932181
Code Review,Low,Junior,Go,Medium,5,3,1,10,9,15,False,3,False,3.58333333,2,0,0,1,1.96828125
Bug Fix,High,Junior,Other,Critical,7,5,2,14,10,10,False,3,False,3.95,2,1,1,1,2.6959841
Code Review,Medium,Junior,C++,High,10,3,0,20,6,10,True,0,False,2.08333333,2,1,0,0,3.76425
Bug Fix,Medium,Senior,Other,Low,3,3,1,6,5,11,True,0,True,2.08333333,2,1,0,0,1.70802844
Design Review,Medium,Junior,Java,Critical,2,2,3,4,6,15,False,2,False,1.5,2,0,0,0,1.2633125
Bug Fix,Medium,Mid,Go,Critical,4,4,0,8,9,9,False,2,False,1.5,4,0,0,0,1.56825
Feature Dev,Medium,Junior,Python,Low,12,3,2,24,8,13,True,2,False,2.66666667,1,2,0,0,5.91745
Deployment,Medium,Tech Lead,C++,Low,3,5,0,6,7,17,False,1,False,4.8,1,1,2,1,1.094522
Code Review,Medium,Senior,C++,Medium,3,2,1,6,10,11,False,2,False,3.625,1,0,1,0,1.38134063
Code Review,Medium,Tech Lead,JavaScript,High,10,5,3,20,1,11,False,1,False,3.05,2,2,1,0,3.76361213
Bug Fix,Low,Mid,Java,High,7,5,2,14,10,13,True,1,False,3.45,2,2,0,1,2.43137633
Refactoring,Low,Tech Lead,JavaScript,Low,12,2,0,24,3,13,True,0,False,1.5,2,0,0,0,5.11434
Design Review,High,Tech Lead,Java,High,3,5,2,6,1,13,False,0,False,3.05,2,2,1,0,1.3896414
Design Review,High,Senior,Other,Critical,7,3,2,14,6,15,False,0,False,3.25,0,3,0,0,2.805
Refactoring,Low,Tech Lead,Other,Low,2,3,2,4,7,15,False,1,False,4.16666667,1,1,0,1,1.04360667
Refactoring,Low,Senior,Other,Medium,4,2,2,8,4,15,False,1,False,1.5,2,0,0,0,1.886
Feature Dev,Low,Mid,Go,Medium,8,5,1,16,1,14,False,3,True,3.8,1,3,0,1,3.1666635
Design Review,High,Tech Lead,Other,Critical,4,4,2,8,7,16,True,2,False,4.0625,1,1,2,0,1.76069388
Refactoring,Medium,Mid,Other,Low,1,2,0,2,5,13,False,1,True,1.5,2,0,0,0,0.620125
Refactoring,Low,Junior,Java,Medium,6,2,2,12,5,9,False,3,False,3.25,0,2,0,0,2.5875
Documentation,High,Mid,JavaScript,Medium,4,3,0,8,9,13,False,1,False,2.66666667,1,2,0,0,1.87533333
Feature Dev,Medium,Junior,Go,Low,1,5,0,2,1,13,False,2,False,1.85,4,1,0,0,0.66495
Design Review,Medium,Senior,Other,High,7,3,0,14,2,10,False,1,False,5.58333333,0,1,1,1,2.04102
Refactoring,Medium,Tech Lead,JavaScript,Medium,3,3,0,6,10,9,False,2,False,4.16666667,1,1,0,1,1.18591667
Feature Dev,High,Junior,C++,Medium,12,2,0,24,7,12,False,1,True,2.375,1,1,0,0,6.0660875
Design Review,High,Junior,Go,Low,2,5,1,4,4,15,True,3,False,4.65,0,3,1,1,1.26287354
Client Meeting,High,Junior,Other,Critical,4,2,0,8,5,10,True,3,False,4.5,0,1,1,0,1.62107006
Bug Fix,Medium,Tech Lead,Java,Medium,10,2,1,20,2,11,False,1,False,2.375,1,1,0,0,4.1703125
Refactoring,Medium,Tech Lead,JavaScript,High,1,3,1,2,2,17,True,3,False,2.08333333,2,1,0,0,0.79990313
Deployment,High,Junior,Python,High,5,5,3,10,1,13,True,1,True,3.9,1,2,2,0,2.52026255
Design Review,Medium,Junior,JavaScript,Critical,8,4,3,16,10,14,False,2,False,3.0,2,1,1,0,3.01560875
Code Review,High,Senior,Python,Medium,5,4,2,10,10,16,True,0,False,3.875,0,3,1,0,2.39984063
Refactoring,Low,Tech Lead,JavaScript,Medium,9,2,1,18,10,11,False,0,False,2.375,1,1,0,0,3.3264375
Feature Dev,Medium,Senior,Java,Low,9,2,0,18,1,17,False,2,False,3.25,0,2,0,0,3.91875
Refactoring,High,Mid,Python,Low,1,2,3,2,6,13,True,0,True,1.5,2,0,0,0,1.18505888
Testing,Medium,Tech Lead,JavaScript,Low,9,3,1,18,2,18,True,3,False,2.91666667,2,0,1,0,4.32945253
Refactoring,High,Tech Lead,JavaScript,Medium,6,4,1,12,3,16,False,0,False,4.5625,1,1,1,1,2.33418375
Testing,Low,Mid,Python,Critical,10,4,3,20,5,16,False,2,False,2.375,2,2,0,0,3.54476562
Documentation,High,Tech Lead,Java,Critical,1,3,1,2,6,10,True,0,True,4.33333333,1,0,2,0,0.5
Client Meeting,Low,Junior,JavaScript,Medium,2,2,0,4,7,13,False,3,False,1.5,2,0,0,0,1.0455
Design Review,Medium,Senior,Other,Low,12,4,1,24,10,10,False,0,False,3.9375,1,2,0,1,4.67163984
Documentation,Medium,Mid,Python,Critical,4,5,1,8,4,13,True,3,True,4.45,2,0,2,1,1.57178052
Feature Dev,Medium,Senior,JavaScript,High,2,2,2,4,2,17,False,2,False,2.375,1,1,0,0,1.1480625
Bug Fix,Medium,Mid,Go,Critical,8,4,2,16,4,9,False,3,False,3.0,2,1,1,0,2.976445
Client Meeting,High,Senior,C++,Medium,5,2,3,10,9,15,False,1,True,3.25,0,2,0,0,2.9390625
Documentation,High,Junior,Python,High,9,5,1,18,1,16,True,2,False,3.8,1,3,0,1,3.66811673
Code Review,Low,Tech Lead,Python,Low,9,4,3,18,7,15,False,0,False,3.0625,3,0,0,1,3.65119734
Bug Fix,High,Mid,Go,High,8,5,2,16,8,11,False,0,False,3.55,2,1,2,0,3.1061313
Client Meeting,Medium,Tech Lead,Go,Critical,2,5,3,4,6,14,False,3,False,3.1,3,1,0,1,1.18278562
Deployment,Medium,Mid,JavaScript,Low,7,3,2,14,8,14,False,1,False,3.5,1,1,1,0,3.15832
Client Meeting,High,Mid,C++,High,1,2,0,2,7,11,False,2,False,2.375,1,1,0,0,0.5828625
Client Meeting,Low,Tech Lead,C++,Critical,4,4,0,8,8,14,False,2,False,2.8125,1,3,0,0,1.33736875
Client Meeting,Medium,Tech Lead,Other,Critical,5,3,1,10,5,18,False,0,False,1.5,3,0,0,0,1.8731875
Refactoring,Medium,Junior,Python,Critical,8,5,0,16,9,10,True,3,False,3.9,1,2,2,0,2.65737412
Deployment,Medium,Mid,JavaScript,Low,6,4,2,12,9,9,False,2,False,3.5,2,1,0,1,2.8032125
Bug Fix,High,Mid,Other,Critical,6,3,2,12,6,12,True,0,False,2.66666667,1,2,0,0,2.640015
Client Meeting,High,Junior,Go,Low,9,2,1,18,4,12,False,0,False,3.625,1,0,1,0,4.20551381
Deployment,Low,Tech Lead,Python,Medium,5,5,0,10,9,13,True,3,False,2.55,2,3,0,0,2.1443625
Testing,Medium,Mid,Go,Low,6,2,2,12,5,12,True,3,False,2.375,1,1,0,0,3.40003125
Deployment,Low,Mid,Other,Medium,13,3,0,26,10,15,True,0,False,2.08333333,2,1,0,0,4.893525
Code Review,Low,Mid,Java,Low,12,3,2,24,8,14,True,3,False,4.16666667,1,1,0,1,4.81363575
Bug Fix,Low,Senior,Java,Medium,13,4,3,26,1,17,False,0,True,1.9375,3,1,0,0,5.66063438
Refactoring,High,Tech Lead,Java,Low,7,4,1,14,8,9,False,3,False,4.0625,1,1,2,0,3.40344331
Testing,Medium,Tech Lead,Other,Critical,1,5,1,2,5,10,True,1,False,2.35,4,0,1,0,0.55287363
Refactoring,High,Mid,JavaScript,Low,2,2,2,4,3,16,True,2,False,4.5,0,1,1,0,1.39203488
Refactoring,High,Junior,Java,Critical,7,5,3,14,5,17,False,1,False,3.45,2,2,0,1,2.82356506
Client Meeting,Medium,Tech Lead,C++,Critical,12,5,3,24,1,15,False,1,True,3.55,2,1,2,0,4.33770109
Feature Dev,Medium,Mid,Go,Low,3,4,1,6,2,9,False,2,False,5.625,0,1,2,1,1.2898325
Bug Fix,Low,Mid,Java,Medium,7,5,1,14,5,11,False,2,True,3.1,3,1,0,1,2.83419675
Design Review,High,Tech Lead,Other,Low,6,2,0,12,5,18,True,3,False,3.625,1,0,1,0,3.14972398
Documentation,Medium,Mid,Go,High,12,2,3,24,5,17,False,0,True,4.5,0,1,1,0,4.41137813
Feature Dev,High,Mid,C++,Low,13,4,0,26,9,16,False,0,True,3.625,2,0,2,0,6.24901778
Refactoring,Medium,Mid,Go,Critical,1,5,2,2,5,16,True,1,True,5.15,0,2,2,1,0.5941551
Feature Dev,Medium,Mid,Go,Critical,11,4,0,22,3,18,False,2,False,3.0,2,1,1,0,3.603065
Testing,Medium,Senior,C++,High,7,4,3,14,3,17,False,2,False,4.5625,1,1,1,1,2.49059813
Feature Dev,Medium,Junior,Other,Medium,2,3,0,4,8,14,True,0,False,4.33333333,1,0,2,0,0.69748
Bug Fix,High,Tech Lead,JavaScript,High,8,4,0,16,8,13,False,0,False,4.125,2,0,1,1,2.723292
Testing,High,Junior,Java,Medium,3,4,0,6,10,15,True,2,False,4.0625,1,1,2,0,1.39864069
Client Meeting,Medium,Tech Lead,Java,Medium,9,3,2,18,10,11,False,0,False,1.5,3,0,0,0,3.9975
Testing,Medium,Tech Lead,Java,Critical,3,4,0,6,4,14,True,1,False,1.9375,3,1,0,0,1.16387578
Bug Fix,Medium,Senior,Go,Low,13,5,0,26,4,12,True,0,False,2.55,2,3,0,0,5.840835
Refactoring,Medium,Mid,JavaScript,Low,2,3,0,4,7,13,True,1,False,2.91666667,2,0,1,0,0.96210056
Feature Dev,Medium,Tech Lead,Other,Critical,12,2,1,24,5,18,True,0,True,3.625,1,0,1,0,4.33087047
Bug Fix,High,Senior,Java,High,2,4,3,4,2,17,True,0,True,2.375,2,2,0,0,1.39741284
Bug Fix,Low,Mid,Go,Medium,2,3,3,4,2,16,True,3,False,1.5,3,0,0,0,1.5820875
Feature Dev,High,Tech Lead,C++,Critical,8,4,3,16,10,12,False,2,False,2.375,2,2,0,0,3.61149063
Design Review,Medium,Senior,C++,Medium,8,2,3,16,8,18,True,0,False,2.375,1,1,0,0,3.76064063
Code Review,High,Tech Lead,Java,Low,2,2,0,4,1,11,True,0,False,4.5,0,1,1,0,0.90188175
Documentation,Medium,Senior,C++,High,11,5,2,22,9,14,True,3,True,3.1,3,1,0,1,4.66605563
Client Meeting,Medium,Junior,Other,Medium,9,5,1,18,4,13,True,1,True,2.7,3,1,1,0,4.16238034
Feature Dev,Medium,Mid,C++,High,9,4,0,18,4,14,False,2,False,2.8125,1,3,0,0,3.2810625
Feature Dev,High,Senior,Java,Medium,12,3,2,24,3,17,False,3,False,4.16666667,1,1,0,1,5.18415
Feature Dev,Medium,Senior,Go,High,8,4,2,16,9,14,True,1,True,3.4375,1,2,1,0,3.36903249
Deployment,High,Mid,Go,Low,6,3,2,12,9,15,False,0,True,3.58333333,2,0,0,1,3.23900363
Bug Fix,High,Senior,Python,Low,10,2,0,20,1,9,False,1,False,3.625,1,0,1,0,4.60743938
Deployment,Medium,Tech Lead,Java,Medium,8,3,1,16,7,14,False,3,False,2.66666667,1,2,0,0,3.52833333
Feature Dev,High,Senior,JavaScript,Low,7,3,2,14,10,14,False,1,False,2.66666667,1,2,0,0,3.84926667
Deployment,Low,Tech Lead,Java,Low,1,2,2,2,2,18,False,2,False,1.5,2,0,0,0,0.96965
Documentation,Medium,Tech Lead,Java,High,3,5,2,6,2,11,False,3,False,3.9,1,2,2,0,1.378134
Deployment,Medium,Mid,Other,Critical,7,5,0,14,8,16,False,0,True,2.7,3,1,1,0,2.4505789
Client Meeting,High,Tech Lead,Python,Low,1,2,0,2,2,18,False,2,False,3.625,1,0,1,0,0.64700212
Refactoring,Medium,Senior,JavaScript,High,4,5,0,8,7,11,False,2,False,4.45,2,0,2,1,1.2651795
Feature Dev,Medium,Mid,Python,Critical,13,2,0,26,6,17,True,0,True,2.375,1,1,0,0,5.00937938
Bug Fix,High,Senior,C++,Medium,4,4,0,8,9,10,False,2,False,3.0,2,1,1,0,1.87986
Feature Dev,Low,Senior,Go,Medium,6,4,3,12,6,18,False,2,False,2.375,2,2,0,0,2.7573125
Bug Fix,Low,Tech Lead,Python,Critical,10,3,2,20,1,9,False,1,False,2.08333333,2,1,0,0,3.38583333
Design Review,High,Junior,Other,Medium,13,4,0,26,1,17,False,1,False,3.0,2,1,1,0,5.60272
Deployment,Medium,Mid,Python,High,12,2,1,24,3,15,False,3,False,5.75,0,0,2,0,3.775275
Code Review,Low,Junior,Other,Critical,5,2,0,10,7,11,False,3,False,3.25,0,2,0,0,1.6734375
Design Review,High,Senior,Go,Critical,4,4,1,8,7,15,False,3,False,3.0,2,1,1,0,1.79369975
Feature Dev,Medium,Mid,JavaScript,High,8,3,2,16,5,13,False,1,False,1.5,3,0,0,0,3.321
Design Review,Medium,Tech Lead,JavaScript,Low,12,5,1,24,4,9,False,1,False,3.4,1,3,1,0,5.0111655
Client Meeting,Low,Tech Lead,Python,Low,13,2,3,26,7,18,False,2,False,1.5,2,0,0,0,6.009575
Client Meeting,High,Tech Lead,C++,Medium,4,4,1,8,6,15,True,3,True,3.9375,1,2,0,1,2.26928445
Refactoring,Low,Senior,Java,High,8,4,2,16,4,10,True,0,False,3.9375,1,2,0,1,2.57828189
Design Review,Medium,Senior,Java,Low,11,3,0,22,10,11,False,1,False,2.91666667,2,0,1,0,4.58143125
Design Review,High,Junior,Python,High,9,5,0,18,9,17,False,3,False,3.05,2,2,1,0,3.6726237
Bug Fix,Low,Junior,Other,Low,8,3,1,16,10,15,True,0,False,2.66666667,1,2,0,0,3.382995
Refactoring,Medium,Junior,Go,Low,13,3,1,26,1,10,True,1,False,6.41666667,0,0,2,1,4.76197838
Client Meeting,Medium,Senior,Java,Medium,10,3,0,20,2,18,False,1,False,4.08333333,0,2,1,0,3.56272917
Refactoring,Low,Tech Lead,Python,High,5,2,3,10,2,12,False,0,False,2.375,1,1,0,0,1.98703125
Testing,High,Senior,Go,Low,9,4,3,18,3,12,False,2,False,3.0,2,1,1,0,4.8553835
Code Review,High,Junior,C++,High,7,4,0,14,2,14,False,2,False,3.875,0,3,1,0,2.70575438
Documentation,Medium,Senior,Python,Critical,11,5,1,22,1,11,True,0,False,3.95,2,1,1,1,3.37174451
Client Meeting,High,Mid,JavaScript,Low,10,4,2,20,7,17,False,0,True,2.375,2,2,0,0,5.81783125
Client Meeting,Medium,Junior,Other,High,1,4,2,2,5,10,False,0,False,2.375,2,2,0,0,0.6181875
Bug Fix,Medium,Senior,JavaScript,Medium,1,3,2,2,3,12,True,2,False,2.91666667,2,0,1,0,0.87463687
Client Meeting,Medium,Senior,JavaScript,Low,12,5,3,24,5,13,True,1,False,3.9,1,2,2,0,5.25668798
Feature Dev,Low,Junior,JavaScript,Critical,5,2,3,10,1,11,True,1,False,1.5,2,0,0,0,2.14980938
Design Review,Medium,Mid,Other,Critical,7,4,2,14,1,12,True,1,False,2.375,2,2,0,0,2.80245
Feature Dev,Medium,Mid,Go,Medium,2,2,0,4,5,9,True,0,False,2.375,1,1,0,0,0.82425
Testing,High,Mid,Other,Low,6,3,2,12,7,12,True,3,False,4.08333333,0,2,1,0,3.3722535
Documentation,Medium,Tech Lead,Java,Medium,3,3,1,6,10,13,False,1,True,5.58333333,0,1,1,1,1.24729
Feature Dev,High,Tech Lead,Go,Low,13,4,0,26,8,12,False,0,False,4.5,0,2,2,0,5.410405
Refactoring,Medium,Senior,Java,High,10,3,0,20,10,15,True,0,True,3.5,1,1,1,0,3.7307655
Refactoring,Medium,Tech Lead,Python,Medium,12,3,3,24,10,18,False,3,True,4.91666667,0,1,2,0,4.90180625
Bug Fix,Low,Senior,JavaScript,Critical,6,5,0,12,1,18,False,2,False,1.85,4,1,0,0,2.021045
Design Review,Medium,Tech Lead,JavaScript,Critical,2,5,0,4,5,12,False,2,False,3.45,2,2,0,1,0.74895625
Client Meeting,Medium,Mid,C++,Low,1,3,3,2,9,13,False,2,True,2.66666667,1,2,0,0,1.22815
Documentation,Low,Tech Lead,Java,High,2,3,1,4,3,11,True,0,False,1.5,3,0,0,0,0.84270375
Feature Dev,High,Tech Lead,Other,High,13,5,0,26,1,9,False,2,False,3.05,2,2,1,0,5.11189515
Client Meeting,High,Mid,Java,Low,3,2,0,6,7,11,False,0,False,2.375,1,1,0,0,1.4895375
Design Review,Medium,Tech Lead,Other,Medium,8,2,2,16,2,9,True,0,False,2.375,1,1,0,0,3.60609375
Testing,High,Tech Lead,Other,Critical,7,3,2,14,7,9,True,2,True,4.16666667,1,1,0,1,3.09364151
Bug Fix,Medium,Senior,Python,High,5,2,1,10,6,14,True,2,True,4.5,0,1,1,0,2.07334772
Bug Fix,High,Junior,Python,Low,8,5,3,16,10,14,False,0,False,4.65,0,3,1,1,3.6257683
Feature Dev,High,Mid,Java,High,5,4,3,10,4,12,False,0,False,3.0,2,1,1,0,2.2807125
Client Meeting,High,Senior,Java,Medium,1,2,1,2,3,10,True,2,False,1.5,2,0,0,0,0.8717625
Design Review,High,Junior,C++,Low,1,4,0,2,1,15,True,3,False,3.0,2,1,1,0,0.8088927
Documentation,High,Tech Lead,Java,Medium,3,4,0,6,10,14,True,1,False,2.8125,1,3,0,0,1.49086875
Bug Fix,Medium,Tech Lead,C++,Critical,11,5,3,22,9,12,False,0,False,2.2,3,2,0,0,4.081275
Design Review,Low,Mid,JavaScript,Medium,1,2,2,2,9,17,False,1,True,3.25,0,2,0,0,0.78375
Feature Dev,Medium,Junior,Go,Critical,9,3,1,18,1,9,False,1,True,2.66666667,1,2,0,0,3.47975833
Client Meeting,Medium,Senior,JavaScript,Medium,12,5,0,24,7,16,True,0,True,3.75,0,4,1,0,4.907133
Bug Fix,Low,Junior,Java,Critical,8,5,0,16,2,16,False,3,False,2.2,3,2,0,0,2.67597
Feature Dev,Medium,Senior,C++,High,6,5,2,12,1,13,True,3,False,2.2,3,2,0,0,2.80665
Feature Dev,Medium,Mid,Other,High,4,4,3,8,6,17,True,0,True,1.9375,3,1,0,0,2.1376343
Design Review,High,Junior,C++,Low,8,2,1,16,8,9,False,0,False,2.375,1,1,0,0,4.13400625
Testing,High,Senior,JavaScript,Medium,2,4,2,4,7,14,False,2,False,2.8125,1,3,0,0,1.3623125
Feature Dev,High,Senior,Go,Critical,5,2,0,10,1,16,True,1,False,2.375,1,1,0,0,2.1018375
Feature Dev,High,Mid,C++,High,3,4,0,6,8,15,True,1,False,4.375,0,3,0,1,1.17089044
Deployment,Medium,Mid,Go,Low,6,2,3,12,8,14,False,1,False,3.625,1,0,1,0,2.89190344
Client Meeting,High,Senior,Python,High,4,2,2,8,10,11,False,3,False,2.375,1,1,0,0,2.154825
Design Review,Medium,Junior,Java,Low,1,2,3,2,7,13,False,1,False,2.375,1,1,0,0,1.02540625
Documentation,Low,Mid,Python,Critical,6,3,0,12,6,11,False,2,False,1.5,3,0,0,0,2.05615
Code Review,Low,Junior,Other,Medium,8,3,3,16,5,18,False,0,False,2.08333333,2,1,0,0,3.316125
Bug Fix,High,Senior,Java,Critical,9,4,3,18,7,9,False,0,False,3.25,0,4,0,0,3.65765625
Feature Dev,Medium,Mid,C++,Critical,11,3,2,22,7,13,True,1,False,4.16666667,1,1,0,1,3.628905
Design Review,Low,Senior,Java,High,11,4,1,22,1,14,False,3,False,3.25,0,4,0,0,3.7209375
Deployment,High,Tech Lead,Go,Critical,2,4,1,4,9,17,True,1,False,3.5,2,1,0,1,0.91761272
Deployment,Medium,Senior,JavaScript,Low,4,4,2,8,4,11,True,0,False,5.0,0,2,1,1,1.716099
Design Review,Low,Senior,Python,Medium,5,3,0,10,3,15,True,0,False,2.08333333,2,1,0,0,1.882125
Refactoring,Medium,Mid,Go,Critical,13,3,0,26,9,15,True,2,False,4.08333333,0,2,1,0,4.18794469
Documentation,Medium,Mid,Python,Critical,10,5,1,20,10,18,False,0,False,3.9,1,2,2,0,3.00084425
Bug Fix,Low,Junior,C++,Critical,5,4,0,10,7,13,False,3,False,3.9375,1,2,0,1,1.53147422
Feature Dev,Low,Junior,Python,High,6,4,2,12,5,15,False,2,False,2.375,2,2,0,0,2.3491125
Documentation,Medium,Junior,Python,Critical,9,4,1,18,1,17,False,0,False,3.625,2,0,2,0,2.75280469
Deployment,Low,Tech Lead,Java,Critical,12,4,2,24,3,16,False,0,False,1.9375,3,1,0,0,3.93927188
Refactoring,High,Senior,JavaScript,Critical,11,3,2,22,1,17,False,1,False,3.58333333,2,0,0,1,4.05990813
Code Review,Low,Mid,Python,Critical,2,3,1,4,10,10,True,2,True,2.66666667,1,2,0,0,1.01545675
Refactoring,Low,Mid,Go,Critical,4,2,2,8,7,13,False,3,True,3.25,0,2,0,0,1.7881875
Design Review,Medium,Senior,Python,Medium,3,4,0,6,2,13,True,2,False,2.5625,3,0,1,0,1.38579656
Deployment,Medium,Senior,Go,High,9,3,1,18,9,12,False,1,True,2.08333333,2,1,0,0,3.79561875
Testing,High,Junior,Other,Low,3,3,1,6,3,14,True,1,False,2.66666667,1,2,0,0,1.819895
Refactoring,High,Tech Lead,JavaScript,High,5,2,0,10,6,14,False,3,True,2.375,1,1,0,0,2.5257375
Refactoring,Medium,Junior,Java,High,9,3,1,18,6,9,False,1,False,2.66666667,1,2,0,0,3.3495
Bug Fix,Medium,Tech Lead,Python,High,11,5,3,22,10,18,True,2,False,3.55,2,1,2,0,4.13825659
Testing,High,Tech Lead,Python,High,10,4,2,20,3,10,False,0,False,4.125,2,0,1,1,3.6261225
Code Review,High,Senior,JavaScript,Critical,12,5,3,24,2,18,False,3,False,3.55,2,1,2,0,4.62147593
Testing,Medium,Tech Lead,C++,Low,4,4,1,8,2,17,False,1,False,3.4375,1,2,1,0,1.83207234
Code Review,Low,Tech Lead,JavaScript,Critical,9,4,2,18,8,13,False,0,False,4.375,0,3,0,1,2.51909719
Refactoring,Medium,Mid,JavaScript,Critical,13,4,3,26,1,13,False,3,True,4.0625,1,1,2,0,4.69016745
Feature Dev,High,Junior,Python,Critical,6,3,1,12,8,9,True,3,False,3.58333333,2,0,0,1,2.50621252
Deployment,High,Tech Lead,JavaScript,Low,7,3,2,14,10,11,True,2,True,2.08333333,2,1,0,0,4.70656725
Testing,High,Mid,Go,Critical,10,2,1,20,10,12,False,0,False,2.375,1,1,0,0,3.96179688
Code Review,Medium,Senior,Python,High,5,4,3,10,2,12,False,3,True,3.0,2,1,1,0,2.50878375
Code Review,Medium,Mid,Other,Low,6,3,1,12,7,16,True,2,True,4.16666667,1,1,0,1,2.95960328
Testing,High,Junior,Go,High,7,3,2,14,8,16,False,0,False,4.33333333,1,0,2,0,2.630496
Documentation,Low,Mid,Go,High,4,4,0,8,1,18,False,3,False,2.8125,1,3,0,0,1.50238125
Refactoring,High,Mid,JavaScript,Medium,10,5,0,20,10,12,False,3,False,4.45,2,0,2,1,3.8267775
Design Review,High,Mid,Go,Critical,3,2,2,6,3,15,True,2,False,2.375,1,1,0,0,1.64643938
Feature Dev,Medium,Mid,JavaScript,Low,8,5,0,16,1,13,False,2,False,2.7,3,1,1,0,3.500827
Deployment,Medium,Junior,Java,Low,9,4,0,18,8,9,True,3,False,2.375,2,2,0,0,4.42004063
Refactoring,Medium,Tech Lead,Python,Medium,3,4,2,6,3,17,False,1,False,3.625,2,0,2,0,1.3818
Client Meeting,Medium,Tech Lead,C++,High,1,2,3,2,2,14,True,0,True,3.25,0,2,0,0,0.82835156
Design Review,Low,Junior,JavaScript,Low,4,4,3,8,10,11,False,3,True,2.375,2,2,0,0,2.60021438
Refactoring,High,Tech Lead,Python,Medium,4,3,3,8,3,17,False,0,True,2.08333333,2,1,0,0,2.50850417
Documentation,Medium,Tech Lead,Other,Medium,6,5,1,12,2,11,True,1,False,2.7,3,1,1,0,2.60455913
Feature Dev,High,Mid,JavaScript,Medium,3,5,0,6,4,12,True,2,True,2.55,2,3,0,0,1.77471525
Design Review,Medium,Tech Lead,Java,High,11,4,1,22,8,17,False,0,False,4.0625,1,1,2,0,3.45234094
Client Meeting,Low,Mid,Java,Medium,12,2,2,24,8,11,False,3,False,1.5,2,0,0,0,5.043
Refactoring,Low,Junior,JavaScript,Medium,7,2,3,14,6,18,True,1,False,2.375,1,1,0,0,3.16305938
Design Review,Medium,Mid,Other,Critical,11,3,2,22,7,13,True,3,False,3.5,1,1,1,0,4.00397812
Feature Dev,Medium,Tech Lead,Other,Medium,7,4,0,14,8,17,False,1,True,5.1875,1,0,2,1,2.413235
Documentation,Medium,Senior,Python,Low,1,4,0,2,10,16,True,3,False,3.0625,3,0,0,1,0.72727102
Bug Fix,High,Tech Lead,C++,Critical,13,3,3,26,4,10,False,2,False,5.58333333,0,1,1,1,4.406961
Feature Dev,Medium,Mid,JavaScript,Critical,10,4,2,20,3,11,False,3,False,4.0625,1,1,2,0,3.29637438
Refactoring,Medium,Junior,C++,Critical,8,4,1,16,8,11,True,2,False,3.0,2,1,1,0,2.91965756
Testing,Medium,Senior,Go,Low,12,4,3,24,7,14,False,2,False,3.5,2,1,0,1,5.26810625
Testing,High,Junior,Go,Medium,9,2,2,18,9,9,False,0,False,1.5,2,0,0,0,4.551
Design Review,Medium,Tech Lead,Java,Critical,9,3,0,18,1,18,True,1,False,3.5,1,1,1,0,2.96294381
Refactoring,High,Mid,Go,Critical,2,5,1,4,2,11,False,2,True,4.8,1,1,2,1,0.90887423
Client Meeting,Low,Senior,Python,High,10,4,2,20,10,12,False,3,False,2.8125,1,3,0,0,3.6264375
Feature Dev,High,Senior,Java,Critical,5,4,1,10,7,17,True,1,False,3.0,2,1,1,0,2.09721881
Bug Fix,Medium,Mid,Java,Low,8,2,1,16,7,16,True,2,False,2.375,1,1,0,0,4.02337031
Feature Dev,Medium,Junior,Java,Critical,7,2,3,14,4,16,True,2,True,4.5,0,1,1,0,2.87474808
Bug Fix,Medium,Senior,JavaScript,High,11,3,0,22,6,13,False,0,False,4.08333333,0,2,1,0,3.441075
Testing,Medium,Junior,Python,Medium,1,2,2,2,2,13,False,3,False,1.5,2,0,0,0,1.025
Deployment,Low,Mid,Go,Low,3,2,0,6,4,15,False,3,False,2.375,1,1,0,0,1.4895375
Testing,Medium,Mid,Other,Low,7,5,3,14,1,17,False,3,True,3.4,1,3,1,0,3.87497055
Design Review,High,Mid,Python,Low,2,4,1,4,3,10,False,2,False,3.25,0,4,0,0,1.3096875
Code Review,High,Mid,Other,Medium,5,3,0,10,7,14,True,3,False,2.66666667,1,2,0,0,2.639
Documentation,Low,Tech Lead,Other,Critical,13,3,0,26,9,14,False,2,False,1.5,3,0,0,0,4.2517
Design Review,Low,Junior,JavaScript,Low,9,4,0,18,6,11,False,0,False,1.9375,3,1,0,0,3.5751375
Refactoring,Medium,Tech Lead,Other,Medium,4,5,3,8,10,10,False,0,True,3.1,3,1,0,1,2.02442625
Code Review,High,Junior,Java,Critical,2,3,2,4,4,16,False,0,False,2.91666667,2,0,1,0,0.95978671
Refactoring,High,Senior,C++,High,13,2,1,26,1,9,True,0,False,2.375,1,1,0,0,5.68423406
Design Review,Medium,Junior,Java,Low,9,3,0,18,9,18,False,1,True,4.33333333,1,0,2,0,3.71740233
Deployment,High,Mid,C++,Low,10,2,1,20,4,10,True,1,False,4.5,0,1,1,0,4.75448531
Client Meeting,Medium,Senior,Python,Low,8,5,0,16,4,12,True,1,False,2.7,3,1,1,0,3.56775458
Design Review,Low,Senior,C++,Critical,6,2,1,12,8,10,True,1,False,1.5,2,0,0,0,2.20469813
Documentation,High,Tech Lead,JavaScript,Medium,4,2,0,8,4,18,False,0,False,2.375,1,1,0,0,1.8055
Client Meeting,Medium,Junior,C++,Low,13,4,3,26,3,14,False,0,False,3.625,2,0,2,0,5.36742938
Testing,High,Junior,Go,Low,7,2,1,14,5,18,True,1,False,4.5,0,1,1,0,3.40166269
Code Review,High,Mid,C++,Low,8,3,3,16,2,9,False,0,False,3.25,0,3,0,0,4.2590625
Bug Fix,High,Mid,Go,High,4,2,2,8,4,15,False,3,True,2.375,1,1,0,0,2.3703075
Design Review,High,Tech Lead,C++,High,7,4,1,14,6,18,True,2,False,4.5,0,2,2,0,2.77482712
Client Meeting,High,Tech Lead,JavaScript,Low,10,3,3,20,8,13,False,2,False,3.5,1,1,1,0,5.18161875
Testing,Low,Senior,Other,Critical,8,5,3,16,3,13,False,1,False,2.55,2,3,0,0,2.83532375
Documentation,Low,Tech Lead,Other,High,5,2,1,10,9,14,False,2,False,1.5,2,0,0,0,1.983375
Code Review,High,Tech Lead,Java,Low,9,5,1,18,2,16,True,0,True,3.9,1,2,2,0,4.63669356
Feature Dev,Low,Senior,Other,High,1,4,3,2,10,18,False,1,False,1.9375,3,1,0,0,0.82155938
Documentation,High,Junior,C++,Critical,7,5,3,14,5,10,False,2,False,4.3,1,2,1,1,2.6783109
Design Review,High,Tech Lead,JavaScript,Medium,1,2,2,2,10,14,True,1,True,1.5,2,0,0,0,1.0181325
Documentation,Medium,Senior,Go,High,6,2,1,12,3,17,True,3,True,1.5,2,0,0,0,3.03663938
Testing,Medium,Tech Lead,Java,Medium,3,4,3,6,6,14,False,3,False,3.4375,1,2,1,0,1.75554844
Testing,High,Mid,Python,High,13,3,2,26,1,10,False,0,True,2.08333333,2,1,0,0,6.191295
Code Review,Medium,Junior,JavaScript,Medium,5,5,1,10,1,18,False,1,False,3.05,2,2,1,0,2.06791875
Testing,Medium,Junior,C++,Low,10,3,1,20,2,13,True,2,False,2.66666667,1,2,0,0,4.856775
Feature Dev,Medium,Mid,Go,Critical,9,5,2,18,4,16,False,3,False,2.2,3,2,0,0,3.5343
Refactoring,Medium,Junior,Python,Low,7,3,1,14,8,9,False,0,True,2.91666667,2,0,1,0,3.30372098
Refactoring,Medium,Senior,Other,Low,1,4,1,2,2,11,True,1,True,3.5,2,1,0,1,0.72569372
Client Meeting,High,Senior,Go,Medium,12,3,3,24,5,13,True,0,False,5.0,1,0,1,1,4.901967
Code Review,Medium,Senior,JavaScript,Low,2,2,1,4,2,9,False,2,False,4.5,0,1,1,0,1.07366875
Deployment,Low,Mid,C++,High,4,3,2,8,3,10,True,3,False,1.5,3,0,0,0,1.975995
Testing,Low,Junior,Java,Critical,12,4,2,24,6,15,False,3,False,3.5,2,1,0,1,3.6749325
Refactoring,High,Mid,JavaScript,Critical,1,4,3,2,6,11,True,0,False,3.4375,1,2,1,0,0.73118592
Feature Dev,Medium,Mid,Java,Medium,9,4,2,18,6,10,True,3,False,3.4375,1,2,1,0,3.97024031
Testing,Medium,Senior,JavaScript,High,8,3,2,16,9,16,True,0,False,3.25,0,3,0,0,3.10078125
Bug Fix,Medium,Tech Lead,Go,Low,11,5,2,22,4,15,False,1,False,3.05,2,2,1,0,4.852716
Feature Dev,Medium,Junior,Other,Low,2,3,2,4,5,13,True,3,False,4.33333333,1,0,2,0,1.342649
Testing,Medium,Tech Lead,C++,High,5,2,2,10,3,13,True,0,False,1.5,2,0,0,0,2.2278375
Client Meeting,Low,Mid,C++,Medium,8,2,0,16,9,14,True,2,False,2.375,1,1,0,0,3.1733625
Client Meeting,Medium,Senior,Other,High,12,3,2,24,10,18,False,1,False,5.0,1,0,1,1,3.65976
Refactoring,Medium,Tech Lead,Java,Low,12,2,3,24,4,16,False,1,False,5.75,0,0,2,0,4.702115
Documentation,Medium,Tech Lead,Java,Medium,2,3,2,4,1,12,True,2,False,4.08333333,0,2,1,0,1.18612813
Design Review,High,Senior,Other,Critical,9,3,1,18,4,11,False,2,False,3.58333333,2,0,0,1,3.3386424
Deployment,Medium,Tech Lead,C++,High,8,2,3,16,9,12,True,1,False,3.625,1,0,1,0,3.1581457
Client Meeting,High,Junior,JavaScript,Low,9,2,2,18,5,16,False,0,False,1.5,2,0,0,0,5.0061
Feature Dev,Medium,Senior,Java,High,12,4,0,24,8,9,True,2,False,3.4375,1,2,1,0,4.25382891
Code Review,High,Tech Lead,Go,High,10,3,0,20,3,15,False,1,False,2.66666667,1,2,0,0,4.089
Design Review,Medium,Senior,Java,Low,4,5,0,8,3,11,False,3,False,3.4,1,3,1,0,1.885389
Deployment,Medium,Junior,Java,High,11,4,0,22,8,9,False,2,False,4.5625,1,1,1,1,3.3207975
Documentation,High,Mid,Python,High,5,4,1,10,8,11,True,3,False,4.5625,1,1,1,1,2.08452234
Code Review,High,Mid,C++,Critical,11,2,2,22,1,10,False,3,True,3.625,1,0,1,0,4.71625337
Code Review,High,Senior,Python,Critical,2,4,1,4,5,12,False,2,False,2.375,2,2,0,0,1.05925937
Testing,High,Mid,JavaScript,Low,5,5,1,10,8,13,True,3,False,3.4,1,3,1,0,2.86529512
Feature Dev,Medium,Mid,JavaScript,Critical,7,5,2,14,2,11,False,2,False,1.85,4,1,0,0,2.8260375
Testing,Medium,Junior,Java,Critical,4,4,2,8,2,12,False,2,False,3.875,0,3,1,0,1.56912656
Documentation,Medium,Senior,Java,High,11,4,0,22,3,13,False,2,False,4.5625,1,1,1,1,3.3207975
Design Review,High,Mid,C++,Low,7,2,2,14,2,10,False,0,False,3.25,0,2,0,0,3.63
Documentation,Medium,Mid,Other,Medium,6,4,3,12,9,12,False,2,False,2.5625,3,0,1,0,2.87529219
Feature Dev,Medium,Senior,Python,Medium,13,4,1,26,8,9,True,3,True,1.9375,3,1,0,0,6.54614297
Documentation,Medium,Mid,C++,Medium,2,4,3,4,3,18,False,1,False,3.0,2,1,1,0,1.244025
Refactoring,Low,Senior,C++,High,13,4,1,26,9,16,True,3,False,1.5,4,0,0,0,4.96904625
Feature Dev,Medium,Tech Lead,JavaScript,Critical,6,3,2,12,8,12,False,0,False,4.16666667,1,1,0,1,1.94405625
Deployment,High,Junior,Other,Critical,9,4,0,18,5,14,True,3,False,5.625,0,1,2,1,2.99778255
Design Review,Low,Junior,JavaScript,Critical,1,3,1,2,8,10,False,2,False,2.08333333,2,1,0,0,0.60098542
Bug Fix,Medium,Tech Lead,JavaScript,Low,10,4,1,20,6,11,True,1,False,5.0,0,2,1,1,3.8386425
Design Review,Medium,Tech Lead,Python,Critical,3,2,1,6,1,17,False,3,True,2.375,1,1,0,0,1.51382344
Deployment,Medium,Tech Lead,C++,High,7,3,3,14,10,12,True,2,False,5.0,1,0,1,1,2.5495155
Deployment,Medium,Tech Lead,Other,High,4,5,3,8,1,9,True,3,False,1.85,4,1,0,0,2.23740562
Design Review,High,Tech Lead,Go,Medium,3,4,2,6,9,16,False,1,False,3.4375,1,2,1,0,1.60250063
Documentation,Medium,Tech Lead,Go,Low,12,3,2,24,8,12,True,1,True,3.58333333,2,0,0,1,5.77939863
Feature Dev,Medium,Mid,JavaScript,High,11,4,3,22,5,14,False,0,False,1.5,4,0,0,0,4.474125
Client Meeting,High,Tech Lead,Other,High,13,4,1,26,5,12,False,0,False,2.375,2,2,0,0,5.41355625
Deployment,Medium,Tech Lead,C++,Medium,11,3,2,22,9,16,True,2,True,2.08333333,2,1,0,0,5.63591875
Client Meeting,High,Junior,JavaScript,Low,10,5,2,20,7,16,False,0,False,3.45,2,2,0,1,4.74926375
Refactoring,Medium,Tech Lead,Other,Low,11,2,3,22,2,11,False,0,False,2.375,1,1,0,0,5.23496875
Testing,High,Senior,Go,Low,9,3,2,18,8,13,True,1,False,4.75,0,2,0,1,4.29655669
Testing,High,Mid,Other,Critical,11,4,0,22,8,15,False,2,False,3.5,2,1,0,1,3.92889125
Deployment,High,Mid,C++,Medium,2,4,0,4,10,13,True,1,True,3.0,2,1,1,0,1.08561915
Documentation,Low,Junior,Go,Critical,6,3,2,12,6,16,False,2,True,4.16666667,1,1,0,1,2.10678096
Design Review,High,Junior,Python,Low,12,2,1,24,10,17,True,1,False,3.625,1,0,1,0,5.93918542
Bug Fix,Low,Junior,Other,Critical,13,5,2,26,4,14,False,3,False,3.1,3,1,0,1,4.029102
Client Meeting,Medium,Tech Lead,Java,Critical,10,4,3,20,3,14,False,0,False,5.625,0,1,2,1,2.86146125
Refactoring,Medium,Tech Lead,Go,Low,10,4,1,20,4,15,True,0,False,3.0625,3,0,0,1,4.31167816
Documentation,High,Junior,Other,Low,6,2,3,12,4,10,False,2,False,2.375,1,1,0,0,3.68066875
Feature Dev,Low,Mid,C++,High,1,2,3,2,7,10,False,2,False,3.25,0,2,0,0,0.8521875
Client Meeting,Low,Mid,Other,Low,4,3,2,8,10,10,False,3,True,3.25,0,3,0,0,2.314125
Design Review,Medium,Senior,Go,Low,1,2,2,2,7,16,True,1,False,3.25,0,2,0,0,0.86625
Feature Dev,High,Junior,C++,Low,10,2,0,20,6,9,False,2,False,2.375,1,1,0,0,5.181
Bug Fix,High,Tech Lead,Python,Medium,7,3,3,14,3,9,False,0,True,2.08333333,2,1,0,0,4.02017917
Feature Dev,High,Senior,Java,Critical,1,2,2,2,7,18,False,1,True,1.5,2,0,0,0,0.8242025
Code Review,Low,Junior,Go,Low,2,5,1,4,3,12,True,1,False,1.5,5,0,0,0,1.14835875
Bug Fix,Low,Junior,Python,Low,4,3,2,8,4,16,True,2,False,3.58333333,2,0,0,1,1.96014569
Documentation,High,Tech Lead,Go,Medium,5,5,1,10,9,17,True,2,False,4.3,1,2,1,1,2.2655115
Client Meeting,Medium,Mid,JavaScript,Medium,9,5,1,18,6,14,True,1,False,3.9,1,2,2,0,3.43895475
Documentation,Low,Mid,JavaScript,Medium,7,4,0,14,5,12,False,1,False,1.9375,3,1,0,0,2.6281875
Client Meeting,Medium,Mid,Java,High,4,2,0,8,7,17,False,0,False,4.5,0,1,1,0,1.2222
Design Review,Low,Senior,Go,High,8,2,2,16,2,16,False,1,False,2.375,1,1,0,0,2.89665
Design Review,Medium,Tech Lead,Go,Medium,1,5,0,2,2,18,True,1,True,2.2,3,2,0,0,0.571725
Documentation,Low,Senior,JavaScript,Critical,2,2,2,4,8,17,False,3,True,2.375,1,1,0,0,1.21105875
Design Review,Low,Tech Lead,Other,High,6,5,1,12,1,11,True,3,False,4.15,0,4,0,1,2.09124129
Feature Dev,High,Senior,Java,Critical,9,2,2,18,4,17,False,1,True,3.25,0,2,0,0,3.97959375
Feature Dev,Low,Junior,JavaScript,Low,3,2,3,6,2,14,False,3,False,2.375,1,1,0,0,1.97525625
Client Meeting,High,Junior,JavaScript,Critical,5,5,0,10,10,10,False,0,False,3.45,2,2,0,1,1.72259937
Documentation,High,Mid,C++,Low,11,2,2,22,3,16,True,1,False,2.375,1,1,0,0,6.18805688
Code Review,Medium,Mid,JavaScript,High,8,3,1,16,1,12,True,1,False,5.58333333,0,1,1,1,2.5495155
Client Meeting,Medium,Mid,Python,High,10,4,1,20,5,12,True,1,False,2.5625,3,0,1,0,3.78619418
Design Review,Low,Mid,Go,High,12,4,1,24,8,16,False,0,True,2.375,2,2,0,0,4.34232563
Design Review,Medium,Junior,Java,Critical,13,3,0,26,5,11,False,0,False,5.0,1,0,1,1,3.45644
Feature Dev,Low,Tech Lead,JavaScript,Medium,4,4,2,8,3,17,False,0,True,3.5,2,1,0,1,1.6819275
Client Meeting,Low,Mid,JavaScript,High,10,2,2,20,10,15,False,1,False,1.5,2,0,0,0,3.69
Code Review,Low,Senior,Python,Low,11,4,0,22,4,14,False,3,False,2.375,2,2,0,0,4.5981375
Documentation,Medium,Junior,JavaScript,High,3,4,1,6,9,17,False,0,False,3.4375,1,2,1,0,1.09384172
Documentation,Medium,Mid,C++,Low,4,5,0,8,1,16,False,0,True,1.85,4,1,0,0,1.95052
Code Review,Medium,Tech Lead,JavaScript,Medium,1,2,3,2,7,17,False,1,False,4.5,0,1,1,0,0.8063125
Code Review,High,Mid,Java,Critical,9,3,3,18,10,17,True,3,False,3.5,1,1,1,0,3.91589061
Testing,Medium,Junior,Go,Medium,5,5,1,10,1,15,False,3,False,4.8,1,1,2,1,1.87523
Code Review,High,Tech Lead,C++,Low,9,2,3,18,8,17,True,0,False,3.625,1,0,1,0,4.72458597
Code Review,High,Mid,Python,Medium,12,2,3,24,3,12,True,3,False,2.375,1,1,0,0,6.46005938
Bug Fix,Low,Tech Lead,Python,Critical,8,5,0,16,3,10,True,1,False,2.2,3,2,0,0,2.6330535
Code Review,Low,Junior,JavaScript,High,1,2,0,2,1,12,True,2,False,3.25,0,2,0,0,0.5
Refactoring,High,Tech Lead,Java,High,10,5,3,20,9,15,False,3,False,3.05,2,2,1,0,4.42534612
Bug Fix,Medium,Junior,Other,Low,11,5,2,22,8,15,False,2,True,3.95,2,1,1,1,4.9228487
Client Meeting,High,Junior,Other,Medium,8,2,1,16,3,16,True,1,False,4.5,0,1,1,0,3.50236688
Bug Fix,Medium,Senior,Go,Low,3,3,2,6,10,11,False,0,False,2.91666667,2,0,1,0,1.52714375
Design Review,High,Senior,C++,Low,3,5,1,6,6,12,False,1,False,2.55,2,3,0,0,1.7436925
Refactoring,Medium,Tech Lead,Go,Low,2,3,1,4,7,11,False,2,False,3.5,1,1,1,0,1.13502125
Testing,High,Mid,Java,Low,12,2,1,24,6,17,False,2,False,3.625,1,0,1,0,5.75439769
Design Review,Medium,Junior,Other,Medium,13,3,0,26,5,12,True,0,True,2.08333333,2,1,0,0,5.980975
Documentation,Low,Junior,Python,Critical,7,3,1,14,2,10,True,0,False,4.16666667,1,1,0,1,2.01857841
Deployment,High,Senior,Other,Low,4,3,0,8,4,17,True,0,False,2.66666667,1,2,0,0,2.05436
Deployment,High,Tech Lead,JavaScript,Medium,8,2,2,16,10,13,False,0,False,1.5,2,0,0,0,4.0795
Documentation,High,Mid,Python,High,4,5,1,8,5,17,False,1,False,4.8,1,1,2,1,1.4397174
Deployment,Low,Senior,Other,Low,1,5,2,2,4,12,False,2,False,2.55,2,3,0,0,0.919985
Client Meeting,Low,Senior,Python,Critical,12,3,2,24,5,17,True,2,False,2.08333333,2,1,0,0,4.28392563
Documentation,High,Tech Lead,Go,Critical,1,3,2,2,1,18,False,2,False,2.08333333,2,1,0,0,0.8126
Deployment,High,Junior,Other,Low,12,4,1,24,3,16,False,2,False,4.0625,1,1,2,0,5.44365456
Documentation,Medium,Tech Lead,C++,Medium,3,3,1,6,10,14,True,3,False,2.08333333,2,1,0,0,1.72528125
Client Meeting,Medium,Tech Lead,Other,Low,1,5,2,2,1,17,False,1,True,2.2,3,2,0,0,0.95832
Code Review,High,Tech Lead,Go,Low,10,4,0,20,4,9,False,3,False,2.375,2,2,0,0,5.2889375
Client Meeting,High,Junior,JavaScript,High,13,5,2,26,2,18,False,0,False,3.95,2,1,1,1,4.6928556
Bug Fix,Low,Senior,Python,Low,6,3,2,12,1,17,False,1,False,3.25,0,3,0,0,2.64
Client Meeting,Low,Junior,Python,Low,9,5,1,18,4,14,True,3,False,2.9,1,4,0,0,4.07016225
Deployment,Medium,Senior,Java,Critical,8,5,3,16,8,17,True,2,False,4.45,2,0,2,1,2.68352772
Testing,High,Senior,Go,Low,7,5,3,14,5,14,False,1,False,3.45,2,2,0,1,3.65402538
Deployment,High,Tech Lead,Java,Critical,3,3,2,6,7,11,False,0,False,3.58333333,2,0,0,1,1.2492025
Code Review,High,Mid,Java,High,5,5,1,10,2,13,False,2,False,3.55,2,1,2,0,2.06815275
Refactoring,Low,Tech Lead,Python,Critical,12,2,3,24,10,17,False,3,True,3.25,0,2,0,0,4.44417188
Client Meeting,Medium,Tech Lead,Python,Medium,2,3,1,4,3,9,True,2,False,2.66666667,1,2,0,0,1.16725
Bug Fix,Medium,Junior,Go,Medium,13,3,0,26,6,14,True,1,True,4.33333333,1,0,2,0,5.0828855
Documentation,Medium,Mid,Other,Medium,2,5,1,4,7,17,False,2,False,3.95,2,1,1,1,0.954845
Refactoring,High,Junior,C++,Critical,9,3,1,18,1,18,True,1,False,3.25,0,3,0,0,3.67319531
Design Review,High,Mid,Java,Medium,12,4,2,24,9,12,True,3,False,3.4375,1,2,1,0,5.78520731
Testing,Medium,Tech Lead,Other,Low,3,3,1,6,6,16,False,1,False,3.5,1,1,1,0,1.43111375
Bug Fix,High,Tech Lead,Go,Critical,9,5,0,18,3,10,False,0,True,3.75,0,4,1,0,3.42623036
Client Meeting,Low,Junior,Other,Critical,8,2,3,16,10,12,False,1,False,2.375,1,1,0,0,2.86083438
Deployment,Medium,Mid,Java,High,1,4,0,2,5,9,False,1,True,3.4375,1,2,1,0,0.5
Refactoring,High,Senior,Other,Critical,13,5,1,26,1,13,False,3,True,4.8,1,1,2,1,4.60162307
Client Meeting,Low,Tech Lead,Java,Low,10,5,2,20,1,14,True,3,False,2.2,3,2,0,0,4.80249
Documentation,High,Junior,C++,Low,6,5,1,12,9,11,True,2,False,3.05,2,2,1,0,3.30136335
Code Review,High,Junior,Java,Low,1,4,0,2,7,12,False,2,True,4.375,0,3,0,1,0.66857794
Design Review,Medium,Senior,Go,Medium,8,5,2,16,10,18,False,1,True,3.95,2,1,1,1,3.287988
Design Review,High,Junior,Other,Medium,10,2,0,20,8,9,True,3,False,1.5,2,0,0,0,5.273625
Client Meeting,Medium,Junior,Java,Low,6,3,2,12,6,9,False,1,False,2.08333333,2,1,0,0,3.06716667
Client Meeting,Medium,Mid,C++,Low,8,4,3,16,6,15,False,1,False,3.625,2,0,2,0,3.56245313
Testing,Medium,Junior,Other,Critical,3,3,1,6,7,16,False,3,False,5.0,1,0,1,1,1.096755
Client Meeting,High,Junior,Java,Low,1,5,0,2,5,13,False,3,True,3.9,1,2,2,0,0.78230372
Client Meeting,Medium,Mid,C++,High,7,2,0,14,9,10,True,2,False,5.75,0,0,2,0,2.265165
Design Review,High,Junior,C++,Critical,2,5,2,4,3,12,False,3,False,3.45,2,2,0,1,1.1384135
Testing,Medium,Tech Lead,JavaScript,Low,2,4,2,4,3,9,False,1,False,3.625,2,0,2,0,1.139985
Documentation,Medium,Junior,JavaScript,High,10,4,2,20,1,11,True,3,False,2.8125,1,3,0,0,4.17040312
Bug Fix,High,Tech Lead,Other,Medium,11,3,0,22,2,11,True,1,True,2.08333333,2,1,0,0,5.9349675
Bug Fix,High,Senior,Python,High,6,4,3,12,3,15,True,3,False,2.8125,1,3,0,0,3.18219891
Bug Fix,High,Mid,Go,Critical,11,5,3,22,6,10,False,2,False,3.95,2,1,1,1,4.02986105
Design Review,Medium,Junior,Java,High,5,3,2,10,1,12,False,3,False,1.5,3,0,0,0,2.3985
Design Review,Medium,Mid,Go,Medium,3,4,2,6,8,13,False,0,False,4.5625,1,1,1,1,1.2031875
Client Meeting,Medium,Senior,Java,Critical,8,4,0,16,9,10,False,2,False,3.4375,1,2,1,0,2.60181281
Design Review,Medium,Junior,Python,High,8,4,1,16,5,15,False,2,False,3.0,2,1,1,0,2.9441925
Bug Fix,Medium,Tech Lead,Java,Low,3,2,2,6,6,17,True,3,False,3.625,1,0,1,0,1.85277881
Bug Fix,High,Junior,JavaScript,High,5,2,3,10,7,9,True,0,False,4.5,0,1,1,0,2.20568906
Documentation,High,Junior,C++,Medium,12,3,1,24,5,18,True,1,False,4.33333333,1,0,2,0,5.0305745
Code Review,High,Mid,Python,Low,2,3,2,4,6,16,True,3,False,4.08333333,0,2,1,0,1.52554325
Documentation,Medium,Mid,Java,Low,8,3,3,16,3,15,False,0,False,4.08333333,0,2,1,0,3.48886771
Design Review,High,Tech Lead,Go,Medium,6,4,0,12,3,17,True,1,True,4.375,0,3,0,1,2.76548147
Testing,Medium,Tech Lead,Go,Low,1,2,3,2,1,12,True,2,False,4.5,0,1,1,0,1.02932156
Documentation,High,Junior,Python,Low,12,2,2,24,4,14,False,3,False,3.625,1,0,1,0,5.99947425
Client Meeting,High,Tech Lead,JavaScript,Critical,1,4,0,2,6,13,True,3,False,4.0625,1,1,2,0,0.57184929
Feature Dev,Low,Tech Lead,Java,Medium,11,4,0,22,6,11,False,2,False,2.375,2,2,0,0,4.082
Documentation,High,Tech Lead,JavaScript,Medium,9,4,1,18,8,9,False,2,False,3.5,2,1,0,1,3.9455875
Code Review,Medium,Tech Lead,Other,Low,13,4,3,26,4,17,False,1,False,3.0,2,1,1,0,5.8284875
Deployment,High,Senior,Other,Critical,9,2,0,18,10,15,False,3,False,1.5,2,0,0,0,3.86835
Client Meeting,Medium,Mid,JavaScript,Low,2,4,0,4,10,10,True,1,True,3.4375,1,2,1,0,1.0294266
Testing,High,Senior,Java,High,4,3,1,8,3,14,False,1,True,4.75,0,2,0,1,1.69536881
Deployment,High,Senior,Python,High,9,2,2,18,10,16,True,2,False,3.625,1,0,1,0,3.90767895
Code Review,Low,Junior,C++,Critical,5,5,1,10,8,9,True,0,False,3.8,1,3,0,1,1.50455419
Design Review,Medium,Junior,C++,High,5,2,2,10,8,13,True,3,False,1.5,2,0,0,0,2.518425
Deployment,Medium,Tech Lead,Other,Low,12,5,2,24,5,13,False,2,True,3.4,1,3,1,0,5.7851673
Refactoring,Low,Junior,Python,Medium,13,5,3,26,2,10,False,0,False,2.75,4,0,0,1,4.69074375
Client Meeting,Medium,Senior,Java,Critical,6,4,0,12,7,16,True,3,False,1.9375,3,1,0,0,2.41728047
Bug Fix,Low,Senior,Other,High,11,3,3,22,2,13,False,0,True,2.08333333,2,1,0,0,4.34770875
Feature Dev,High,Junior,Java,Low,6,2,0,12,4,17,False,1,False,4.5,0,1,1,0,2.6701675
Client Meeting,Medium,Senior,C++,Critical,9,3,1,18,7,14,False,3,False,3.5,1,1,1,0,3.08878312
Code Review,Medium,Senior,Other,Low,5,3,0,10,5,17,True,0,False,2.08333333,2,1,0,0,2.300375
Bug Fix,High,Junior,Python,Medium,8,2,2,16,5,11,False,0,False,2.375,1,1,0,0,3.905375
Deployment,High,Junior,JavaScript,Low,1,2,0,2,5,11,False,1,False,3.625,1,0,1,0,0.5489715
Documentation,Low,Mid,Other,Low,13,2,2,26,3,15,False,0,False,1.5,2,0,0,0,5.61495
Deployment,Medium,Mid,Other,High,2,5,1,4,5,11,False,0,False,3.05,2,2,1,0,0.78580913
Refactoring,Medium,Senior,JavaScript,Low,10,3,3,20,4,12,False,2,True,2.08333333,2,1,0,0,5.60305625
Documentation,Low,Tech Lead,Python,Critical,7,4,0,14,2,13,True,2,False,3.0625,3,0,0,1,2.18370206
Client Meeting,Low,Senior,JavaScript,Medium,1,3,3,2,2,11,False,3,True,4.16666667,1,1,0,1,1.03428875
Documentation,Medium,Tech Lead,Other,Medium,4,2,1,8,2,16,False,3,False,2.375,1,1,0,0,2.0115625
Bug Fix,Medium,Mid,JavaScript,Critical,3,4,0,6,3,12,False,2,True,3.0,2,1,1,0,1.2062435
Code Review,High,Tech Lead,Java,Medium,7,2,1,14,8,14,False,3,True,3.625,1,0,1,0,3.59772394
Deployment,High,Senior,C++,Medium,7,3,1,14,4,17,True,0,False,2.66666667,1,2,0,0,3.42055
Deployment,Medium,Junior,C++,High,7,5,3,14,4,14,True,0,False,2.7,3,1,1,0,2.87484356
Documentation,High,Junior,Python,Critical,8,4,1,16,6,13,True,1,False,2.8125,1,3,0,0,3.3650318
Feature Dev,High,Junior,JavaScript,Low,4,2,3,8,5,18,False,1,False,3.625,1,0,1,0,2.34293194
Testing,Medium,Tech Lead,C++,High,6,4,1,12,1,14,False,0,False,3.9375,1,2,0,1,1.96903828
Design Review,Low,Mid,Java,Low,12,2,2,24,3,11,False,0,False,1.5,2,0,0,0,5.20905
Client Meeting,High,Tech Lead,Python,Low,13,2,1,26,10,16,True,1,True,2.375,1,1,0,0,7.76680472
Design Review,Medium,Mid,Other,Medium,10,3,3,20,5,15,True,1,False,4.08333333,0,2,1,0,4.15144844
Code Review,High,Senior,Go,Critical,7,4,1,14,8,15,False,3,False,3.4375,1,2,1,0,2.80842736
Code Review,Medium,Junior,Python,Medium,6,2,3,12,4,13,False,3,False,2.375,1,1,0,0,3.0909375
Design Review,Low,Junior,Other,Critical,11,2,2,22,9,17,False,0,False,2.375,1,1,0,0,3.55310625
Code Review,Low,Mid,Go,High,5,2,0,10,7,17,True,2,False,3.25,0,2,0,0,1.771875
Client Meeting,High,Tech Lead,Python,High,7,2,2,14,7,11,False,3,False,2.375,1,1,0,0,3.3735375
Bug Fix,High,Senior,Go,High,12,2,1,24,2,15,True,3,False,3.25,0,2,0,0,5.28904688
Feature Dev,High,Mid,Go,High,5,4,3,10,3,12,False,3,False,3.4375,1,2,1,0,2.47127203
Client Meeting,Medium,Junior,Java,Critical,3,2,2,6,8,18,False,1,True,4.5,0,1,1,0,1.26973
Code Review,Medium,Senior,Go,Medium,13,5,2,26,8,13,False,0,True,1.85,4,1,0,0,6.095375
Code Review,High,Tech Lead,Java,Medium,8,3,0,16,6,9,False,2,False,3.58333333,2,0,0,1,3.39419167
Code Review,Medium,Junior,Python,Critical,2,2,2,4,6,16,False,0,False,4.5,0,1,1,0,0.79358125
Testing,High,Senior,Java,Critical,9,2,0,18,2,18,True,2,False,3.625,1,0,1,0,3.45197022
Bug Fix,Medium,Senior,C++,Low,2,3,2,4,10,14,True,3,False,4.91666667,0,1,2,0,1.29831625
Bug Fix,Medium,Tech Lead,Go,Medium,10,3,0,20,8,15,False,2,False,3.5,1,1,1,0,3.76845
Bug Fix,High,Mid,C++,Critical,11,2,0,22,3,15,False,0,False,3.625,1,0,1,0,3.83299744
Deployment,High,Tech Lead,Python,Medium,2,4,0,4,8,11,True,0,False,3.0,2,1,1,0,0.890169
Code Review,Medium,Junior,Go,Medium,8,4,0,16,6,12,True,1,False,3.5,2,1,0,1,3.04486875
Deployment,High,Junior,Python,Critical,7,2,0,14,9,15,True,3,False,1.5,2,0,0,0,3.22014
Deployment,Medium,Mid,Java,Medium,6,2,2,12,8,17,False,1,False,3.625,1,0,1,0,2.495325
Refactoring,High,Junior,Other,Low,2,3,3,4,3,15,False,1,False,5.58333333,0,1,1,1,1.264494
Refactoring,Low,Tech Lead,Other,High,9,2,3,18,4,11,False,2,False,1.5,2,0,0,0,3.588525
Testing,High,Tech Lead,JavaScript,Low,1,5,1,2,9,11,True,0,False,3.05,2,2,1,0,0.64753429
Deployment,Low,Mid,Go,High,1,5,0,2,8,14,False,1,True,2.2,3,2,0,0,0.5
Code Review,High,Mid,C++,High,11,5,1,22,5,9,True,0,False,4.8,1,1,2,1,3.76840863
Testing,Medium,Mid,C++,Low,1,3,3,2,5,18,True,0,False,3.5,1,1,1,0,0.88087519
Feature Dev,Medium,Junior,C++,Critical,5,3,2,10,8,18,False,0,False,3.58333333,2,0,0,1,1.71021771
Feature Dev,High,Tech Lead,Java,Low,7,5,2,14,1,12,True,3,True,2.55,2,3,0,0,4.71984398
Refactoring,Low,Mid,Other,Critical,6,2,1,12,3,9,True,2,False,2.375,1,1,0,0,2.19817172
Client Meeting,Medium,Senior,Other,Medium,8,4,0,16,9,13,True,2,True,3.0,2,1,1,0,3.6187305
Testing,Medium,Senior,Java,Low,1,2,1,2,2,14,False,0,False,3.625,1,0,1,0,0.53916844
Documentation,Medium,Junior,Other,High,6,5,2,12,10,12,False,1,True,3.55,2,1,2,0,2.4037398
Code Review,High,Mid,JavaScript,High,11,4,3,22,9,15,False,2,False,3.0,2,1,1,0,4.7355885
Client Meeting,Medium,Tech Lead,Go,Low,5,5,2,10,1,12,True,2,False,4.8,1,1,2,1,2.2100925
Documentation,Medium,Senior,Python,Low,1,5,0,2,2,18,False,0,False,2.55,2,3,0,0,0.5
Testing,Medium,Junior,Python,Medium,5,5,1,10,2,13,True,2,True,3.8,1,3,0,1,2.34646913
Code Review,High,Junior,Other,Critical,6,2,1,12,2,17,True,2,True,2.375,1,1,0,0,2.9959942
Deployment,High,Tech Lead,C++,Critical,7,4,0,14,4,18,True,2,False,3.625,2,0,2,0,2.63608577
Design Review,Low,Tech Lead,C++,Critical,12,5,0,24,9,18,True,3,False,3.45,2,2,0,1,3.63318677
Bug Fix,High,Senior,Other,Medium,12,3,3,24,2,10,True,1,False,4.08333333,0,2,1,0,5.53830594
Feature Dev,High,Junior,JavaScript,Medium,5,5,3,10,4,18,False,1,False,3.55,2,1,2,0,2.4713775
Code Review,Medium,Tech Lead,C++,High,4,3,1,8,1,11,False,1,False,2.91666667,2,0,1,0,1.54102687
Code Review,High,Junior,JavaScript,Low,7,2,0,14,2,13,True,2,False,3.625,1,0,1,0,3.52027974
Documentation,Medium,Mid,JavaScript,Critical,3,3,0,6,10,12,True,3,False,4.91666667,0,1,2,0,1.07490469
Documentation,Low,Mid,Go,Medium,11,4,2,22,2,11,False,1,False,3.5,2,1,0,1,3.83135
Bug Fix,Low,Tech Lead,Java,Low,3,3,1,6,3,9,True,0,False,2.66666667,1,2,0,0,1.373295
Code Review,Medium,Tech Lead,Java,High,12,3,3,24,2,15,True,1,False,2.66666667,1,2,0,0,4.887225
Bug Fix,High,Junior,Go,Medium,9,4,3,18,5,9,False,0,True,2.375,2,2,0,0,4.95433125
Refactoring,High,Senior,Python,High,11,4,1,22,7,15,True,1,False,3.5,2,1,0,1,4.40952356
Client Meeting,Low,Tech Lead,Other,High,4,4,3,8,10,18,True,0,False,3.9375,1,2,0,1,1.53237509
Client Meeting,High,Mid,Go,Critical,13,2,3,26,8,14,True,3,False,1.5,2,0,0,0,6.15668812
Documentation,Low,Junior,Java,High,8,4,1,16,7,12,False,3,False,4.375,0,3,0,1,2.50905094
Client Meeting,Medium,Tech Lead,Other,High,6,4,2,12,4,13,True,1,True,4.5625,1,1,1,1,2.33466503
Feature Dev,Low,Senior,C++,Critical,12,4,3,24,1,9,False,0,False,1.9375,3,1,0,0,4.06717031
Testing,High,Mid,JavaScript,High,4,4,0,8,3,15,True,1,True,3.0,2,1,1,0,1.85832455
Design Review,High,Junior,C++,Critical,3,2,3,6,5,17,False,2,True,3.625,1,0,1,0,1.69151843
Refactoring,Medium,Tech Lead,C++,High,13,5,2,26,7,10,False,0,False,4.8,1,1,2,1,3.78873
Feature Dev,Medium,Mid,JavaScript,Low,3,3,3,6,8,14,False,3,False,2.08333333,2,1,0,0,2.1360625
Feature Dev,High,Mid,C++,Medium,2,2,3,4,6,14,False,3,False,5.75,0,0,2,0,1.33433
Feature Dev,Low,Senior,Python,Medium,2,3,0,4,5,14,False,3,False,2.08333333,2,1,0,0,1.01575
Deployment,Low,Mid,Java,Critical,12,2,0,24,4,15,False,3,False,2.375,1,1,0,0,3.85336875
Documentation,Medium,Tech Lead,Go,Critical,12,5,0,24,2,16,False,0,True,2.7,3,1,1,0,4.2009924
Bug Fix,High,Tech Lead,Java,Low,2,4,1,4,7,16,True,1,False,3.0,2,1,1,0,1.24526902
Bug Fix,High,Senior,C++,Medium,1,2,2,2,7,14,False,1,True,4.5,0,1,1,0,0.8029175
Client Meeting,Medium,Junior,Python,High,12,2,1,24,8,10,False,3,False,2.375,1,1,0,0,4.63640625
Design Review,Medium,Junior,C++,Low,3,4,3,6,6,11,False,1,True,2.5625,3,0,1,0,1.99620695
Feature Dev,High,Tech Lead,Other,Medium,9,4,1,18,4,12,False,1,True,3.0,2,1,1,0,4.4499235
Feature Dev,Medium,Junior,Java,Low,8,3,0,16,4,18,True,3,False,3.5,1,1,1,0,3.62713313
Documentation,Medium,Mid,C++,Critical,3,4,2,6,1,12,False,3,False,2.5625,3,0,1,0,1.44235969
Refactoring,High,Tech Lead,C++,Low,11,2,2,22,7,16,True,1,False,4.5,0,1,1,0,5.35247212
Documentation,Medium,Mid,Java,High,11,5,0,22,9,10,False,1,False,3.05,2,2,1,0,3.72225375
Feature Dev,Low,Senior,JavaScript,Critical,8,5,2,16,5,18,False,0,False,2.55,2,3,0,0,2.6286675
Client Meeting,Medium,Senior,C++,Medium,2,4,2,4,2,14,False,1,False,1.9375,3,1,0,0,1.20375
Client Meeting,Medium,Senior,Other,High,6,4,0,12,5,12,False,1,False,3.4375,1,2,1,0,2.02563281
Bug Fix,Low,Mid,Python,Medium,12,3,1,24,4,18,False,2,True,2.08333333,2,1,0,0,5.11559583
Documentation,Medium,Tech Lead,C++,Medium,8,3,2,16,5,17,False,0,False,3.5,1,1,1,0,3.140375
Refactoring,High,Junior,Other,Low,8,2,0,16,3,10,False,0,True,3.25,0,2,0,0,4.1745
Deployment,High,Senior,C++,High,6,3,3,12,10,10,False,3,True,2.08333333,2,1,0,0,3.46042125
Testing,Medium,Tech Lead,Go,Low,8,4,3,16,8,15,False,0,False,3.4375,1,2,1,0,3.61462922
Client Meeting,Medium,Junior,Java,Critical,3,3,0,6,5,17,True,3,False,4.16666667,1,1,0,1,1.13403281
Design Review,Low,Tech Lead,Go,Medium,13,4,1,26,9,12,True,3,False,2.375,2,2,0,0,5.28550313
Testing,High,Junior,Go,Critical,10,4,1,20,9,11,False,3,True,3.4375,1,2,1,0,4.25090299
Bug Fix,Low,Tech Lead,Java,Critical,5,3,3,10,7,14,False,2,True,3.58333333,2,0,0,1,2.00392901
Deployment,High,Junior,Other,Medium,9,5,1,18,6,12,True,0,False,3.8,1,3,0,1,3.89414025
Deployment,Medium,Tech Lead,C++,Medium,9,4,3,18,3,10,True,2,False,3.875,0,3,1,0,3.92281641
Client Meeting,High,Senior,JavaScript,Critical,4,4,2,8,8,17,False,1,False,4.125,2,0,1,1,1.565564
Bug Fix,Medium,Senior,Java,High,10,5,3,20,8,12,False,1,False,3.1,3,1,0,1,3.67628625
Design Review,High,Mid,Go,Low,7,5,1,14,7,16,False,2,True,3.45,2,2,0,1,3.80619566
Documentation,High,Junior,Other,Critical,7,2,3,14,3,9,True,0,False,1.5,2,0,0,0,3.35736188
Testing,Medium,Junior,Other,Critical,11,2,3,22,9,15,False,0,False,2.375,1,1,0,0,4.04520313
Code Review,Medium,Junior,C++,High,9,2,2,18,1,12,False,0,False,3.625,1,0,1,0,3.12806813
Documentation,High,Senior,Other,High,1,2,1,2,3,10,True,1,False,2.375,1,1,0,0,0.65836969
Documentation,Medium,Junior,Go,Medium,8,4,0,16,7,10,False,2,False,3.5,2,1,0,1,2.98775
Documentation,Medium,Mid,Java,Medium,4,3,2,8,2,17,False,1,False,2.08333333,2,1,0,0,1.99166667
Design Review,Medium,Senior,C++,Medium,3,3,3,6,3,11,True,3,True,3.5,1,1,1,0,2.02083131
Refactoring,Medium,Mid,Go,Medium,6,3,3,12,6,10,False,0,True,4.16666667,1,1,0,1,2.65560625
Documentation,Medium,Junior,Python,Low,11,2,3,22,2,15,False,3,False,2.375,1,1,0,0,5.55878125
Deployment,High,Tech Lead,Other,High,4,3,3,8,7,13,False,0,True,2.91666667,2,0,1,0,2.09829551
Feature Dev,High,Mid,Python,Critical,10,5,1,20,5,16,False,3,False,4.8,1,1,2,1,3.2854795
Deployment,Low,Tech Lead,Go,Low,5,4,2,10,8,14,False,2,False,3.5,2,1,0,1,2.2232375
Feature Dev,Medium,Mid,Python,Critical,12,5,1,24,4,16,False,2,True,3.4,1,3,1,0,4.34383703
Bug Fix,Low,Tech Lead,Go,Low,3,2,1,6,1,9,False,1,False,2.375,1,1,0,0,1.43556875
Documentation,Medium,Senior,JavaScript,Low,2,5,1,4,9,14,False,2,False,3.05,2,2,1,0,1.16262988
Testing,Medium,Mid,Go,Low,6,2,1,12,9,14,False,3,False,4.5,0,1,1,0,2.66083125
Client Meeting,Low,Senior,Python,High,3,5,2,6,3,18,True,2,False,1.85,4,1,0,0,1.50429825
Design Review,Medium,Tech Lead,Other,Medium,2,5,1,4,7,17,False,0,False,2.7,3,1,1,0,0.8892475
Testing,High,Tech Lead,Java,Low,4,4,1,8,9,18,True,1,False,2.375,2,2,0,0,2.36868844
Design Review,Medium,Tech Lead,Other,Medium,10,3,2,20,8,10,False,2,False,2.08333333,2,1,0,0,4.48125
Feature Dev,High,Tech Lead,C++,Low,8,3,3,16,5,17,False,2,False,3.5,1,1,1,0,4.27360175
Design Review,Low,Junior,JavaScript,Low,3,2,2,6,8,9,True,3,False,1.5,2,0,0,0,1.98891
Code Review,Medium,Junior,Go,High,4,3,1,8,5,11,True,1,False,4.75,0,2,0,1,1.43247234
Design Review,Medium,Mid,Python,Low,8,4,3,16,1,16,True,0,False,2.5625,3,0,1,0,3.97426657
Testing,Medium,Mid,JavaScript,High,11,5,2,22,1,13,False,3,False,2.55,2,3,0,0,4.37625
Client Meeting,Medium,Tech Lead,Go,Critical,13,5,0,26,3,10,True,1,True,1.85,4,1,0,0,5.24229956
Code Review,High,Junior,Go,Low,12,5,2,24,7,15,False,0,False,3.05,2,2,1,0,5.88391815
Client Meeting,Low,Tech Lead,C++,Medium,8,2,3,16,4,17,False,0,True,1.5,2,0,0,0,3.754575
Client Meeting,Medium,Junior,JavaScript,Critical,1,5,2,2,6,11,False,1,False,3.95,2,1,1,1,0.564604
Design Review,Medium,Senior,JavaScript,Medium,9,4,3,18,7,12,True,2,False,3.0,2,1,1,0,4.11219375
Feature Dev,Medium,Mid,Python,Medium,9,4,2,18,9,14,False,0,False,4.0625,1,1,2,0,3.28794375
Client Meeting,Low,Mid,C++,High,11,2,1,22,2,18,False,3,True,1.5,2,0,0,0,4.4750475
Feature Dev,Low,Senior,Python,Critical,4,3,0,8,7,14,True,3,False,2.08333333,2,1,0,0,1.54647938
Deployment,Low,Tech Lead,Java,High,3,3,2,6,3,10,False,1,False,2.08333333,2,1,0,0,1.32645
Client Meeting,Medium,Mid,C++,High,13,2,2,26,3,18,False,1,False,3.625,1,0,1,0,4.491585
Bug Fix,Low,Tech Lead,Other,Medium,8,2,2,16,6,18,False,3,False,2.375,1,1,0,0,3.41475
Refactoring,Medium,Tech Lead,Go,Low,7,3,0,14,4,16,True,2,False,4.33333333,1,0,2,0,2.877105
Refactoring,Medium,Tech Lead,JavaScript,Low,11,3,2,22,10,17,False,0,False,4.16666667,1,1,0,1,4.37942083
Feature Dev,Medium,Junior,Python,High,6,3,2,12,3,17,True,2,False,2.08333333,2,1,0,0,2.72908125
Testing,Low,Tech Lead,Python,Medium,12,2,3,24,3,14,False,3,False,1.5,2,0,0,0,5.19675
Design Review,High,Mid,Java,Critical,11,4,1,22,1,16,False,0,False,5.625,0,1,2,1,3.35016025
Code Review,Medium,Senior,Python,High,3,3,1,6,10,17,True,3,False,3.58333333,2,0,0,1,1.36401891
Client Meeting,Medium,Tech Lead,Other,Low,8,5,3,16,3,15,True,0,True,2.75,4,0,0,1,4.24025405
Feature Dev,Medium,Junior,JavaScript,Medium,8,5,3,16,6,15,True,0,True,3.95,2,1,1,1,3.50033723
Deployment,Low,Mid,Python,Medium,7,3,3,14,4,16,False,2,False,4.16666667,1,1,0,1,2.68525417
Client Meeting,Low,Tech Lead,Java,Medium,11,4,2,22,2,18,False,3,False,3.5,2,1,0,1,4.0071
Design Review,High,Tech Lead,C++,Critical,5,3,3,10,7,16,True,0,False,3.5,1,1,1,0,2.20218797
Client Meeting,Low,Mid,Other,Critical,7,4,0,14,3,12,True,0,False,2.375,2,2,0,0,2.20692938
Documentation,Low,Junior,Python,Medium,1,4,3,2,8,18,False,0,False,3.0625,3,0,0,1,0.72862031
Code Review,Medium,Junior,Python,Medium,11,5,1,22,5,10,False,2,False,2.75,4,0,0,1,4.34328125
Testing,Low,Junior,Go,Low,2,3,0,4,3,14,False,2,False,4.16666667,1,1,0,1,0.85724833
Documentation,Low,Junior,JavaScript,Medium,1,4,2,2,7,18,False,1,False,1.9375,3,1,0,0,0.762375
Client Meeting,Medium,Senior,Python,High,5,2,3,10,10,16,False,2,True,3.625,1,0,1,0,2.33803041
Testing,High,Mid,Other,Medium,3,3,2,6,9,17,True,0,False,3.58333333,2,0,0,1,1.5431325
Design Review,High,Tech Lead,Java,Medium,11,2,2,22,8,17,False,2,False,2.375,1,1,0,0,5.45575
Design Review,Low,Tech Lead,Python,Critical,6,4,3,12,8,18,False,1,False,3.9375,1,2,0,1,1.97633102
Code Review,Low,Tech Lead,JavaScript,Critical,2,4,0,4,7,18,True,0,False,2.375,2,2,0,0,0.63055125
Deployment,High,Mid,Go,Critical,9,3,2,18,7,11,False,3,False,2.66666667,1,2,0,0,3.8947
Bug Fix,Medium,Junior,C++,Critical,9,3,3,18,3,18,False,2,False,1.5,3,0,0,0,3.7028125
Feature Dev,Medium,Mid,Java,Medium,1,2,1,2,9,12,True,2,False,3.25,0,2,0,0,0.73828125
Testing,Medium,Tech Lead,JavaScript,High,8,5,0,16,7,10,True,0,True,1.85,4,1,0,0,3.351348
Testing,High,Tech Lead,C++,High,2,2,1,4,4,13,True,0,False,1.5,2,0,0,0,1.03642875
Feature Dev,High,Senior,Python,High,8,3,0,16,4,18,False,0,False,4.16666667,1,1,0,1,2.80554
Design Review,Medium,Junior,JavaScript,Low,10,2,1,20,4,14,True,2,False,3.625,1,0,1,0,4.4775488
Documentation,Medium,Junior,JavaScript,Critical,7,4,1,14,9,12,False,0,False,4.0625,1,1,2,0,2.11397922
Deployment,High,Junior,Other,Low,2,4,3,4,10,16,True,0,True,4.5625,1,1,1,1,1.39616674
Bug Fix,Medium,Junior,Java,High,3,3,2,6,9,14,True,1,False,2.91666667,2,0,1,0,1.399419
Refactoring,Medium,Tech Lead,Other,Critical,7,2,3,14,5,10,False,0,False,4.5,0,1,1,0,2.34467188
Design Review,Medium,Senior,Go,Low,10,3,1,20,7,16,False,1,False,4.08333333,0,2,1,0,4.06238021
Deployment,Medium,Tech Lead,JavaScript,High,12,3,1,24,6,12,False,3,False,2.08333333,2,1,0,0,4.7053125
Design Review,Medium,Junior,C++,Medium,7,3,3,14,6,15,True,3,False,3.5,1,1,1,0,3.34449938
Design Review,Medium,Junior,Python,Medium,13,5,1,26,2,17,True,3,False,3.55,2,1,2,0,5.14436738
Bug Fix,High,Tech Lead,C++,Low,9,2,0,18,1,10,True,3,True,3.625,1,0,1,0,5.02720651
Client Meeting,Medium,Junior,C++,Medium,11,3,0,22,6,14,False,3,False,2.08333333,2,1,0,0,4.68041667
Code Review,High,Senior,C++,Low,8,3,1,16,9,15,False,3,False,2.66666667,1,2,0,0,4.39156667
Testing,High,Mid,Other,Low,12,3,2,24,4,10,False,0,False,4.33333333,1,0,2,0,5.315794
Documentation,Medium,Tech Lead,Java,Medium,4,5,0,8,9,14,True,0,False,3.75,0,4,1,0,1.48701
Testing,Medium,Junior,JavaScript,Medium,11,3,1,22,1,17,False,1,True,3.58333333,2,0,0,1,4.47455938
Client Meeting,Medium,Mid,C++,Critical,10,2,2,20,4,18,True,0,True,2.375,1,1,0,0,4.14237141
Deployment,Medium,Tech Lead,Python,Low,5,3,2,10,3,9,False,0,True,4.16666667,1,1,0,1,2.35743292
Feature Dev,Low,Senior,C++,Medium,10,2,1,20,1,17,True,2,False,3.25,0,2,0,0,3.88828125
Refactoring,Medium,Junior,Python,High,1,2,2,2,8,13,False,2,False,1.5,2,0,0,0,0.83025
Code Review,Low,Mid,Go,High,13,2,3,26,8,10,True,3,True,3.25,0,2,0,0,5.29170469
Refactoring,Medium,Tech Lead,Other,Critical,10,4,3,20,10,14,False,1,False,4.0625,1,1,2,0,3.26054422
Design Review,Low,Tech Lead,Other,Low,11,3,2,22,5,16,False,2,True,2.66666667,1,2,0,0,5.21671333
Testing,High,Junior,Go,Medium,9,2,0,18,7,15,False,3,False,2.375,1,1,0,0,4.35675
Documentation,Medium,Senior,JavaScript,Medium,12,2,3,24,3,15,True,1,False,2.375,1,1,0,0,5.51217188
Feature Dev,High,Tech Lead,C++,Critical,1,4,2,2,5,11,True,2,False,3.625,2,0,2,0,0.7399539
Testing,Medium,Mid,Python,Medium,10,3,1,20,6,12,False,0,False,2.66666667,1,2,0,0,4.01166667
Deployment,High,Mid,Other,Low,13,4,0,26,5,17,False,0,False,4.5625,1,1,1,1,5.27637825
Testing,High,Senior,JavaScript,High,5,2,3,10,6,18,False,2,False,4.5,0,1,1,0,2.25343125
Client Meeting,High,Junior,C++,Critical,8,4,2,16,5,10,False,3,True,3.625,2,0,2,0,3.45605452
Client Meeting,High,Senior,Java,Low,10,4,0,20,10,12,True,1,True,2.375,2,2,0,0,5.85938719
Refactoring,Medium,Junior,Go,Low,13,4,3,26,3,13,False,3,True,1.9375,3,1,0,0,7.22199844
Testing,Medium,Senior,Python,Low,5,5,3,10,9,15,True,0,False,3.05,2,2,1,0,2.60075248
Design Review,Medium,Junior,Other,Low,2,2,3,4,3,18,True,0,False,5.75,0,0,2,0,1.15355625
Documentation,Low,Junior,JavaScript,High,11,5,1,22,5,17,False,3,False,2.2,3,2,0,0,3.92931
Documentation,Medium,Junior,Other,Critical,3,4,1,6,1,16,True,1,True,3.0,2,1,1,0,1.31178981
Refactoring,Medium,Tech Lead,Python,Low,6,3,1,12,9,13,False,0,False,5.58333333,0,1,1,1,2.19351
Deployment,Medium,Junior,C++,High,11,5,0,22,3,17,True,3,False,4.3,1,2,1,1,3.6162693
Feature Dev,Medium,Mid,C++,Low,5,2,2,10,4,9,False,3,False,3.625,1,0,1,0,2.54879625
Testing,High,Mid,Python,Low,4,2,2,8,10,11,False,3,True,3.625,1,0,1,0,2.63114198
Deployment,Medium,Mid,JavaScript,High,11,5,0,22,9,11,False,0,True,3.05,2,2,1,0,4.0034907
Documentation,High,Tech Lead,Other,High,7,3,2,14,9,14,True,1,False,4.08333333,0,2,1,0,2.97261956
Deployment,Medium,Tech Lead,Other,Medium,11,3,0,22,9,14,True,1,False,2.08333333,2,1,0,0,4.7053125
Deployment,High,Junior,JavaScript,Critical,7,3,3,14,6,16,False,3,True,6.41666667,0,0,2,1,2.80809018
Bug Fix,Low,Tech Lead,Python,Low,1,3,0,2,1,11,False,2,False,1.5,3,0,0,0,0.6314
Code Review,High,Tech Lead,Java,Low,1,4,3,2,1,16,True,3,False,4.0625,1,1,2,0,1.178222
Refactoring,Medium,Senior,Other,Medium,9,4,0,18,7,15,True,0,False,2.5625,3,0,1,0,3.56347688
Bug Fix,Low,Senior,C++,High,4,3,0,8,7,18,True,0,True,4.16666667,1,1,0,1,1.2679821
Refactoring,Medium,Tech Lead,JavaScript,Medium,8,2,0,16,3,15,True,3,False,2.375,1,1,0,0,3.60609375
Client Meeting,Medium,Junior,C++,High,3,4,0,6,2,12,True,3,False,3.9375,1,2,0,1,1.2161707
Client Meeting,High,Senior,Go,Low,5,2,2,10,1,10,True,3,False,3.625,1,0,1,0,2.98503253
Client Meeting,Low,Mid,Java,High,7,4,3,14,2,11,True,3,False,1.9375,3,1,0,0,3.09980672
Testing,Medium,Mid,Go,Low,4,4,1,8,10,13,False,3,False,3.9375,1,2,0,1,1.93471953
Deployment,Medium,Tech Lead,Python,Critical,5,2,1,10,4,12,True,3,True,3.625,1,0,1,0,2.14356215
Feature Dev,Medium,Tech Lead,Go,Critical,8,3,1,16,10,11,False,1,False,2.08333333,2,1,0,0,2.92028125
Feature Dev,Medium,Senior,Go,Critical,1,3,1,2,10,16,False,3,False,2.66666667,1,2,0,0,0.69841667
Client Meeting,High,Senior,Python,Medium,11,4,2,22,5,16,True,2,False,3.4375,1,2,1,0,5.25584194
Design Review,Medium,Mid,Go,Low,9,4,3,18,10,14,False,0,False,5.0,0,2,1,1,3.48381
Refactoring,Medium,Tech Lead,Other,Medium,7,4,2,14,7,9,False,3,False,2.375,2,2,0,0,3.33625
Code Review,High,Tech Lead,Other,High,4,2,0,8,8,16,True,3,False,1.5,2,0,0,0,2.0728575
Refactoring,Low,Junior,JavaScript,Critical,6,3,1,12,1,13,False,0,False,3.58333333,2,0,0,1,1.71765344
Deployment,Medium,Senior,Go,Critical,8,2,3,16,10,9,False,2,True,4.5,0,1,1,0,3.05528781
Testing,High,Tech Lead,JavaScript,Critical,1,5,1,2,7,9,False,1,True,3.55,2,1,2,0,0.57565753
Design Review,High,Tech Lead,Java,Low,13,2,3,26,7,17,True,3,False,2.375,1,1,0,0,7.62740344
Refactoring,Medium,Senior,C++,Critical,6,3,2,12,8,10,True,1,True,4.33333333,1,0,2,0,2.2825033
Feature Dev,High,Mid,JavaScript,Medium,1,4,3,2,2,14,False,2,False,3.4375,1,2,1,0,0.99931219
Bug Fix,Medium,Senior,JavaScript,High,4,5,0,8,7,14,True,0,True,3.95,2,1,1,1,1.38095496
Bug Fix,High,Senior,Java,High,10,3,2,20,7,17,False,2,False,2.91666667,2,0,1,0,4.24823625
Bug Fix,Medium,Tech Lead,Python,High,5,3,2,10,8,14,True,0,False,2.66666667,1,2,0,0,2.10105
Design Review,High,Mid,Python,High,12,3,2,24,3,15,True,3,False,5.58333333,0,1,1,1,4.5226188
Deployment,High,Mid,Java,Medium,3,4,2,6,5,14,True,0,False,4.375,0,3,0,1,1.47679875
Testing,Medium,Mid,Python,High,1,3,3,2,5,14,False,2,True,3.58333333,2,0,0,1,0.90934594
Documentation,Medium,Tech Lead,Java,Low,13,2,1,26,6,16,False,0,True,3.625,1,0,1,0,5.76910228
Refactoring,Medium,Tech Lead,Other,Medium,9,3,2,18,3,12,False,3,False,1.5,3,0,0,0,4.305
Testing,High,Senior,Python,High,5,3,0,10,7,13,True,3,False,2.08333333,2,1,0,0,2.4467625
Bug Fix,Low,Tech Lead,JavaScript,Medium,13,3,1,26,10,18,False,1,False,3.58333333,2,0,0,1,4.31272292
Client Meeting,Medium,Junior,Go,High,3,5,2,6,9,15,True,1,False,3.8,1,3,0,1,1.307124
Refactoring,Medium,Tech Lead,JavaScript,Medium,4,4,3,8,8,11,False,3,True,4.0625,1,1,2,0,2.17931656
Documentation,High,Tech Lead,Java,Medium,4,4,3,8,6,18,True,0,True,4.5625,1,1,1,1,2.12158052
Design Review,Medium,Tech Lead,Other,High,9,3,0,18,3,14,False,3,False,2.91666667,2,0,1,0,3.24865125
Bug Fix,Low,Mid,Go,High,3,4,3,6,2,10,False,3,False,1.9375,3,1,0,0,1.65214688
Refactoring,Low,Junior,Java,Medium,10,2,1,20,9,18,True,0,True,2.375,1,1,0,0,4.25003906
Bug Fix,Low,Junior,Java,High,6,3,2,12,9,11,False,1,False,3.58333333,2,0,0,1,2.01552
Feature Dev,Medium,Mid,Python,Medium,12,3,3,24,5,14,True,2,False,3.5,1,1,1,0,5.13451313
Documentation,High,Tech Lead,Go,High,11,5,2,22,4,9,False,2,False,3.8,1,3,0,1,4.325958
Refactoring,Medium,Mid,C++,Medium,5,2,0,10,9,12,False,0,True,3.625,1,0,1,0,1.9606125
Client Meeting,High,Junior,Other,Critical,6,5,2,12,10,17,True,1,False,3.05,2,2,1,0,2.59206722
Design Review,High,Senior,Python,High,13,4,2,26,6,18,True,2,False,2.375,2,2,0,0,6.0087825
Documentation,High,Mid,JavaScript,High,3,3,1,6,5,10,True,2,True,3.58333333,2,0,0,1,1.57316847
Testing,Low,Mid,Java,High,11,2,2,22,9,17,True,2,True,3.25,0,2,0,0,4.34640938
Documentation,Low,Senior,Python,Medium,7,3,0,14,2,14,False,0,True,2.66666667,1,2,0,0,2.6796
Refactoring,Medium,Tech Lead,JavaScript,Critical,8,4,1,16,7,17,False,2,False,3.5,2,1,0,1,2.65162813
Design Review,Medium,Senior,Python,Low,11,4,1,22,6,13,False,3,True,3.5,2,1,0,1,5.15694438
Bug Fix,Medium,Senior,Go,Medium,11,2,0,22,3,10,False,0,False,2.375,1,1,0,0,4.3175
Documentation,Medium,Junior,C++,High,8,4,3,16,9,14,True,0,False,5.1875,1,0,2,1,2.60935763
Deployment,Low,Junior,C++,Low,1,4,1,2,1,14,False,3,False,2.375,2,2,0,0,0.87429375
Refactoring,Low,Mid,Python,High,13,3,0,26,8,14,False,3,False,2.66666667,1,2,0,0,4.3326
Refactoring,Low,Tech Lead,Other,Medium,4,5,1,8,4,18,False,0,False,3.1,3,1,0,1,1.4274225
Feature Dev,Low,Tech Lead,Python,Critical,7,4,3,14,3,15,True,2,False,2.375,2,2,0,0,2.77617703
Refactoring,High,Senior,Other,Low,5,4,0,10,7,12,True,2,False,4.0625,1,1,2,0,2.43434297
Client Meeting,Medium,Tech Lead,Python,Low,9,5,0,18,9,18,True,3,False,2.75,4,0,0,1,4.11880219
Bug Fix,High,Tech Lead,Java,Low,5,3,2,10,10,9,False,3,False,2.91666667,2,0,1,0,2.95247792
Bug Fix,Medium,Mid,Go,Low,12,4,0,24,6,14,False,0,False,3.0625,3,0,0,1,4.749525
Refactoring,Medium,Junior,C++,Medium,6,3,1,12,7,13,False,0,False,4.16666667,1,1,0,1,2.1600625
Design Review,Low,Junior,C++,High,11,5,1,22,9,17,False,3,False,3.45,2,2,0,1,3.49718512
Feature Dev,High,Mid,Python,Medium,1,2,0,2,10,10,True,0,True,2.375,1,1,0,0,0.52133813
Design Review,Medium,Tech Lead,Other,Medium,1,4,2,2,6,9,True,3,False,4.5625,1,1,1,1,0.84223125
Refactoring,High,Junior,C++,Medium,6,4,2,12,7,16,False,1,False,2.375,2,2,0,0,3.10075
Documentation,Medium,Tech Lead,Go,Medium,4,2,1,8,7,18,True,0,False,1.5,2,0,0,0,1.8834375
Design Review,Medium,Tech Lead,JavaScript,Medium,7,4,0,14,5,10,False,2,False,2.5625,3,0,1,0,2.82815625
Testing,Medium,Mid,JavaScript,Medium,12,3,1,24,8,9,False,1,False,3.58333333,2,0,0,1,4.41769792
Bug Fix,High,Senior,JavaScript,Low,1,4,1,2,3,11,False,2,False,3.4375,1,2,1,0,0.80215059
Bug Fix,Medium,Senior,JavaScript,Critical,2,3,3,4,7,16,False,1,True,5.0,1,0,1,1,0.9870795
Design Review,Medium,Junior,Go,Low,9,3,1,18,10,14,False,2,False,3.58333333,2,0,0,1,3.80096979
Bug Fix,High,Junior,Java,Low,8,3,1,16,3,10,False,1,False,4.08333333,0,2,1,0,3.75650688
Bug Fix,High,Tech Lead,JavaScript,Medium,8,3,1,16,4,10,False,3,False,2.91666667,2,0,1,0,3.82248708
Design Review,Medium,Junior,Other,Low,6,3,2,12,4,13,False,3,True,3.5,1,1,1,0,3.2570175
Documentation,Low,Junior,C++,Critical,5,5,0,10,4,16,False,0,True,2.55,2,3,0,0,1.6367175
Refactoring,Medium,Senior,C++,Medium,10,3,3,20,9,14,True,2,False,2.08333333,2,1,0,0,4.86215625
Deployment,Medium,Mid,Python,Low,7,2,3,14,5,16,True,2,False,3.625,1,0,1,0,3.55115939
Documentation,Low,Mid,Other,High,5,3,1,10,3,13,False,2,False,1.5,3,0,0,0,1.983375
Design Review,High,Senior,Go,Medium,7,3,3,14,7,16,True,2,False,2.66666667,1,2,0,0,3.92805
Refactoring,Medium,Tech Lead,Go,Low,13,5,0,26,10,15,False,3,True,3.05,2,2,1,0,6.11644413
Refactoring,Low,Junior,Python,Low,13,4,0,26,2,10,True,3,False,1.9375,3,1,0,0,5.76987469
Testing,Low,Junior,Java,Critical,7,2,2,14,5,14,False,1,False,2.375,1,1,0,0,2.4354625
Refactoring,Medium,Senior,JavaScript,High,7,4,0,14,1,12,False,1,False,5.625,0,1,2,1,1.974465
Bug Fix,High,Junior,C++,High,8,3,2,16,2,13,False,0,True,3.25,0,3,0,0,3.6939375
Feature Dev,High,Mid,Java,Medium,10,4,0,20,3,11,False,2,True,4.0625,1,1,2,0,4.45137
Design Review,High,Mid,JavaScript,High,9,2,3,18,8,13,False,0,True,2.375,1,1,0,0,4.45889813
Design Review,Medium,Tech Lead,C++,Critical,4,3,2,8,2,10,False,2,False,3.25,0,3,0,0,1.6734375
Refactoring,Medium,Junior,JavaScript,Critical,3,4,1,6,10,11,False,1,True,3.625,2,0,2,0,1.17085959
Refactoring,Low,Mid,Java,High,10,4,3,20,9,10,False,3,True,3.5,2,1,0,1,3.78433688
Documentation,High,Junior,Java,Low,11,4,3,22,2,12,False,3,False,4.125,2,0,1,1,5.25499975
Testing,Low,Senior,JavaScript,Low,6,4,3,12,10,17,True,0,False,3.5,2,1,0,1,2.64903581
Feature Dev,Medium,Tech Lead,JavaScript,Medium,3,4,1,6,8,9,False,2,False,3.5,2,1,0,1,1.3620625
Code Review,High,Mid,C++,High,10,2,2,20,7,11,False,0,False,1.5,2,0,0,0,4.52025
Client Meeting,Low,Tech Lead,Java,High,7,5,2,14,7,9,False,0,False,1.85,4,1,0,0,2.557035
Bug Fix,High,Senior,C++,Low,1,2,0,2,2,15,True,2,False,4.5,0,1,1,0,0.64700213
Client Meeting,Medium,Junior,Other,High,12,2,0,24,9,11,False,3,False,2.375,1,1,0,0,4.5039375
Feature Dev,Low,Mid,JavaScript,Low,7,5,3,14,6,18,False,1,False,3.45,2,2,0,1,2.97555913
Bug Fix,High,Junior,Other,High,13,3,0,26,9,15,True,1,False,3.5,1,1,1,0,5.1552396
Documentation,Medium,Mid,Java,High,11,5,3,22,6,16,False,0,False,4.45,2,0,2,1,3.40895588
Code Review,High,Junior,JavaScript,Critical,7,3,2,14,4,9,True,2,False,3.5,1,1,1,0,2.97895973
Bug Fix,High,Senior,Java,Medium,2,4,1,4,10,13,False,2,False,4.5,0,2,2,0,1.044575
Feature Dev,High,Senior,Python,Critical,7,2,1,14,1,18,False,3,False,2.375,1,1,0,0,3.06100938
Refactoring,Low,Mid,JavaScript,Critical,5,4,3,10,3,13,False,2,True,2.375,2,2,0,0,2.24779844
Refactoring,Medium,Tech Lead,Other,High,11,3,2,22,7,14,True,3,False,2.91666667,2,0,1,0,4.37318437
Bug Fix,Medium,Junior,Python,Critical,11,4,3,22,9,12,False,1,False,3.4375,1,2,1,0,3.78793336
Testing,Medium,Junior,Python,Low,2,3,3,4,6,10,True,3,True,2.66666667,1,2,0,0,1.9036325
Feature Dev,Medium,Senior,JavaScript,Low,3,4,0,6,7,10,True,1,False,3.4375,1,2,1,0,1.3517723
Feature Dev,Medium,Senior,Python,Medium,7,4,2,14,5,14,False,1,False,5.625,0,1,2,1,2.4208
Code Review,Medium,Senior,JavaScript,Medium,6,4,0,12,6,15,False,0,False,2.375,2,2,0,0,2.355
Client Meeting,Medium,Senior,Java,Low,8,4,3,16,2,13,True,3,True,5.1875,1,0,2,1,3.79647634
Testing,High,Junior,JavaScript,Low,8,2,0,16,1,15,True,0,False,4.5,0,1,1,0,3.607527
Client Meeting,Medium,Senior,C++,High,7,4,3,14,10,16,False,0,False,2.5625,3,0,1,0,2.75745234
Testing,High,Junior,JavaScript,Low,6,2,2,12,1,17,False,2,True,2.375,1,1,0,0,3.87063875
Refactoring,High,Junior,Go,High,1,2,2,2,3,15,True,2,True,1.5,2,0,0,0,1.022868
Testing,High,Mid,Other,Medium,2,3,2,4,3,18,False,3,False,4.91666667,0,1,2,0,1.22043333
Documentation,High,Senior,Go,Low,6,5,1,12,1,18,True,0,True,4.45,2,0,2,1,2.88738563
Client Meeting,High,Senior,Go,Low,5,4,3,10,5,15,False,1,True,4.0625,1,1,2,0,2.90730103
Code Review,High,Tech Lead,Java,Medium,5,4,0,10,4,18,False,1,False,2.375,2,2,0,0,2.355
Design Review,Medium,Senior,Other,Medium,1,4,2,2,6,14,True,3,False,1.5,4,0,0,0,1.07625
Refactoring,Low,Junior,Go,Critical,4,5,2,8,2,15,False,3,False,1.5,5,0,0,0,1.77735
Client Meeting,Medium,Mid,Python,Medium,2,3,2,4,8,13,True,0,False,3.5,1,1,1,0,1.03632375
Code Review,Low,Mid,C++,High,5,3,0,10,1,15,True,2,False,1.5,3,0,0,0,1.93725
Feature Dev,Medium,Tech Lead,C++,High,7,5,3,14,5,16,False,1,False,3.1,3,1,0,1,2.70671625
Client Meeting,Medium,Senior,C++,Medium,7,4,0,14,5,13,True,3,True,3.625,2,0,2,0,3.09220931
Deployment,Medium,Senior,Python,Low,1,3,2,2,10,12,False,2,True,2.08333333,2,1,0,0,1.0844625
Client Meeting,Medium,Senior,C++,Low,5,5,0,10,10,16,False,1,True,3.05,2,2,1,0,2.33536958
Refactoring,High,Mid,C++,Critical,7,4,1,14,7,14,False,3,True,2.375,2,2,0,0,3.36711031
Code Review,High,Mid,Java,Medium,4,2,2,8,5,11,False,3,False,3.25,0,2,0,0,2.2875
Feature Dev,Low,Tech Lead,Java,High,5,4,0,10,2,14,True,3,True,2.375,2,2,0,0,2.14201969
Testing,Medium,Tech Lead,Java,Critical,5,5,2,10,5,11,False,1,False,2.2,3,2,0,0,2.0196
Feature Dev,High,Tech Lead,C++,High,4,3,1,8,1,15,False,1,False,4.16666667,1,1,0,1,1.59336375
Client Meeting,Medium,Senior,C++,Medium,13,5,2,26,7,11,False,1,True,3.9,1,2,2,0,5.240312
Documentation,High,Mid,Other,High,8,5,1,16,6,12,False,0,False,3.8,1,3,0,1,2.9799315
Feature Dev,Medium,Junior,Go,Critical,5,2,1,10,2,14,False,3,False,4.5,0,1,1,0,1.76752188
Bug Fix,High,Mid,Python,Critical,2,4,0,4,1,10,True,2,False,3.25,0,4,0,0,0.937125
Feature Dev,Medium,Tech Lead,Java,Low,1,2,0,2,2,15,False,0,False,4.5,0,1,1,0,0.5
Testing,Low,Junior,Other,Critical,11,5,0,22,5,13,True,2,False,2.75,4,0,0,1,3.3948915
Refactoring,Low,Senior,Java,High,9,2,1,18,5,10,True,1,False,3.25,0,2,0,0,3.09192188
Deployment,Medium,Junior,Other,Low,6,5,1,12,7,17,True,1,True,4.3,1,2,1,1,2.74126892
Documentation,High,Mid,Java,Medium,3,4,1,6,1,15,False,3,False,4.0625,1,1,2,0,1.54280438
Design Review,Medium,Tech Lead,JavaScript,High,6,5,2,12,4,14,False,3,True,3.2,3,0,2,0,2.624292
Code Review,Low,Senior,Go,Medium,7,2,0,14,5,10,False,1,False,2.375,1,1,0,0,2.570875
Design Review,High,Tech Lead,C++,Medium,6,4,2,12,7,18,False,0,False,4.5625,1,1,1,1,2.4545025
Bug Fix,Low,Junior,Go,Medium,6,3,1,12,10,15,False,1,False,1.5,3,0,0,0,2.47025
Testing,Medium,Mid,Python,Critical,3,5,2,6,8,16,False,0,False,3.2,3,0,2,0,1.12659
Design Review,Low,Junior,Go,Low,2,5,1,4,9,18,False,3,False,1.5,5,0,0,0,1.319175
Client Meeting,High,Mid,Python,Low,13,3,1,26,9,10,True,0,False,4.16666667,1,1,0,1,5.99747706
Client Meeting,High,Tech Lead,Go,Critical,7,4,1,14,3,9,False,0,False,2.375,2,2,0,0,2.81079062
Refactoring,Low,Mid,C++,Critical,11,3,3,22,10,14,False,0,True,4.16666667,1,1,0,1,3.49282106
Client Meeting,Low,Tech Lead,Other,Medium,3,2,2,6,9,12,False,3,False,1.5,2,0,0,0,1.722
Code Review,High,Junior,Python,Medium,10,2,0,20,6,13,True,1,False,4.5,0,1,1,0,4.18858125
Feature Dev,High,Junior,Go,Medium,12,4,3,24,4,9,False,2,True,4.125,2,0,1,1,5.58061075
Design Review,Medium,Junior,Go,Low,1,2,2,2,4,11,True,1,True,4.5,0,1,1,0,0.8626695
Refactoring,Medium,Mid,JavaScript,Medium,13,4,3,26,1,18,False,0,False,3.625,2,0,2,0,4.87948125
Deployment,High,Mid,Python,Medium,6,2,1,12,8,12,False,0,False,2.375,1,1,0,0,2.8554375
Deployment,High,Junior,Java,Critical,7,2,2,14,3,9,False,2,False,3.625,1,0,1,0,2.81793488
Bug Fix,Medium,Tech Lead,C++,Low,10,4,2,20,5,16,True,3,False,4.0625,1,1,2,0,4.47919106
Code Review,Low,Mid,C++,Low,7,2,2,14,5,14,True,2,False,2.375,1,1,0,0,3.42269813
Testing,Medium,Tech Lead,C++,Medium,9,4,0,18,9,12,False,2,True,1.5,4,0,0,0,4.2845
Deployment,Low,Senior,Other,High,3,3,0,6,3,14,True,0,False,1.5,3,0,0,0,1.046115
Deployment,High,Junior,Java,Low,8,2,3,16,10,11,True,2,False,2.375,1,1,0,0,4.90737844
Code Review,High,Junior,Java,Low,1,4,1,2,4,10,True,2,True,3.875,0,3,1,0,0.90464761
Feature Dev,High,Senior,Java,Critical,12,3,3,24,8,12,False,1,False,2.91666667,2,0,1,0,4.77533223
Design Review,High,Tech Lead,Java,Low,6,3,2,12,9,9,False,0,False,5.58333333,0,1,1,1,2.632212
Design Review,Low,Senior,Go,High,4,3,0,8,3,13,False,1,True,4.16666667,1,1,0,1,1.29146325
Deployment,Medium,Tech Lead,Python,Low,5,3,1,10,7,10,False,2,False,2.08333333,2,1,0,0,2.57422917
Code Review,High,Tech Lead,JavaScript,Low,13,2,0,26,7,9,True,0,True,2.375,1,1,0,0,7.45513519
Bug Fix,Medium,Mid,Java,Critical,12,3,0,24,7,16,True,2,False,2.08333333,2,1,0,0,4.44390625
Code Review,High,Tech Lead,Python,High,9,5,1,18,10,16,True,2,False,3.05,2,2,1,0,3.89968118
Bug Fix,Medium,Junior,Python,Medium,9,2,3,18,9,12,False,0,True,3.25,0,2,0,0,4.1765625
Refactoring,Medium,Mid,Python,Medium,10,3,1,20,4,14,False,2,True,2.08333333,2,1,0,0,4.7650625
Deployment,High,Senior,Other,Medium,6,5,3,12,1,17,False,3,False,4.15,0,4,0,1,2.97604125
Refactoring,Low,Tech Lead,Go,High,11,4,1,22,9,12,False,2,True,2.8125,1,3,0,0,4.09355719
Testing,Medium,Junior,JavaScript,Medium,1,3,2,2,3,9,True,2,True,3.25,0,3,0,0,0.97453125
Testing,High,Senior,Python,High,1,4,3,2,6,17,True,1,False,3.0,2,1,1,0,0.87952568
Testing,Medium,Mid,JavaScript,Critical,11,2,0,22,6,14,True,3,False,3.625,1,0,1,0,3.73830877
Testing,Medium,Senior,Go,High,12,3,2,24,7,18,False,3,False,4.33333333,1,0,2,0,4.03542
Client Meeting,Low,Senior,Other,Critical,6,3,2,12,1,14,False,0,False,3.25,0,3,0,0,1.9603125
Bug Fix,Medium,Tech Lead,Other,Critical,8,2,1,16,6,9,True,0,True,2.375,1,1,0,0,3.22719633
Documentation,Medium,Tech Lead,JavaScript,Medium,7,5,3,14,8,15,False,1,False,3.05,2,2,1,0,3.07890125
Code Review,Medium,Junior,Python,Low,13,2,1,26,2,17,False,3,False,5.75,0,0,2,0,4.965785
Documentation,Medium,Senior,Go,High,12,3,3,24,6,15,False,1,False,2.66666667,1,2,0,0,4.6545
Design Review,Medium,Senior,JavaScript,Low,2,4,2,4,6,11,False,2,False,3.9375,1,2,0,1,1.22689531
Refactoring,High,Tech Lead,Java,High,13,2,0,26,4,14,False,3,False,4.5,0,1,1,0,4.797135
Documentation,Medium,Mid,Python,High,10,3,0,20,1,11,False,2,True,2.91666667,2,0,1,0,3.84840225
Feature Dev,High,Junior,Go,Low,4,3,2,8,3,12,False,2,False,2.66666667,1,2,0,0,2.4882
Bug Fix,High,Senior,Go,High,7,4,0,14,4,9,False,1,False,4.5625,1,1,1,1,2.3967495
Documentation,Low,Senior,Other,Critical,10,4,1,20,10,12,False,3,True,2.8125,1,3,0,0,3.63291328
Design Review,High,Senior,Python,Critical,9,3,0,18,3,12,True,1,False,2.91666667,2,0,1,0,3.50243477
Code Review,Medium,Tech Lead,Python,Critical,11,5,0,22,10,16,False,3,False,2.55,2,3,0,0,3.8851375
Bug Fix,Medium,Mid,Other,High,4,3,2,8,7,15,False,1,False,4.91666667,0,1,2,0,1.44525
Client Meeting,High,Senior,Other,Medium,13,4,0,26,5,11,False,1,False,3.4375,1,2,1,0,5.47371
Client Meeting,Low,Mid,C++,Low,12,5,3,24,9,15,False,1,False,3.45,2,2,0,1,4.72018663
Bug Fix,Low,Tech Lead,C++,Low,10,5,2,20,4,12,False,0,False,2.9,1,4,0,0,4.09695
Refactoring,Medium,Senior,Other,High,12,2,0,24,3,16,False,3,False,1.5,2,0,0,0,4.70475
Client Meeting,Medium,Mid,Java,Critical,1,3,2,2,4,17,True,2,False,3.5,1,1,1,0,0.72071606
Code Review,Medium,Mid,Other,Low,13,3,0,26,9,18,False,2,False,3.25,0,3,0,0,5.56875
Client Meeting,High,Senior,JavaScript,Critical,11,4,3,22,7,15,False,0,True,3.4375,1,2,1,0,4.63811396
Testing,High,Junior,C++,Critical,6,2,0,12,7,12,True,3,False,2.375,1,1,0,0,2.67984281
Bug Fix,Medium,Junior,Python,High,10,2,0,20,5,12,True,0,True,1.5,2,0,0,0,4.26195
Testing,Low,Mid,JavaScript,Low,7,2,2,14,5,10,False,1,True,3.25,0,2,0,0,3.312375
Deployment,High,Mid,Java,Medium,5,2,3,10,5,14,True,0,False,3.625,1,0,1,0,2.57330391
Refactoring,Medium,Tech Lead,Go,Medium,6,4,1,12,4,11,True,3,True,2.375,2,2,0,0,3.23002969
Code Review,Medium,Junior,Java,Critical,10,4,2,20,1,15,False,0,False,3.875,0,3,1,0,3.21297344
Code Review,Medium,Junior,Other,Critical,9,2,3,18,3,15,False,3,False,2.375,1,1,0,0,3.62817188
Deployment,High,Tech Lead,C++,High,2,5,2,4,2,17,False,0,False,3.4,1,3,1,0,0.9905058
Testing,Low,Senior,Other,Low,4,4,0,8,10,11,True,3,False,2.8125,1,3,0,0,1.92805594
Code Review,Medium,Senior,C++,Medium,4,3,1,8,10,17,False,1,True,4.16666667,1,1,0,1,1.72381458
Testing,High,Senior,Python,Critical,7,5,3,14,2,14,True,1,False,3.9,1,2,2,0,2.86237156
Client Meeting,Medium,Tech Lead,Java,Critical,4,2,3,8,5,18,False,3,False,4.5,0,1,1,0,1.69537812
Client Meeting,Medium,Junior,Go,High,8,4,1,16,2,16,False,2,False,2.5625,3,0,1,0,3.01198641
Testing,Medium,Mid,Java,Critical,7,2,0,14,10,15,True,3,False,2.375,1,1,0,0,2.71487344
Refactoring,High,Junior,Java,Medium,12,2,2,24,3,10,False,1,True,2.375,1,1,0,0,6.3899
Design Review,Medium,Mid,Java,Medium,3,5,3,6,9,10,True,3,True,4.3,1,2,1,1,1.83378195
Client Meeting,Low,Senior,Other,Medium,6,2,3,12,9,12,True,2,False,2.375,1,1,0,0,2.89517813
Testing,High,Mid,JavaScript,High,4,3,2,8,4,11,False,2,False,4.91666667,0,1,2,0,1.6909425
Testing,Medium,Tech Lead,Other,Critical,9,4,0,18,1,16,True,0,False,3.4375,1,2,1,0,2.89260366
Client Meeting,Medium,Junior,Other,Critical,5,2,3,10,9,10,False,0,True,1.5,2,0,0,0,2.34801875
Testing,Medium,Tech Lead,Go,Medium,6,3,0,12,10,16,True,0,False,5.0,1,0,1,1,1.97064
Design Review,Low,Tech Lead,Go,Low,7,2,3,14,4,17,True,3,True,1.5,2,0,0,0,4.25839838
Documentation,Medium,Tech Lead,Other,Critical,10,4,0,20,10,11,False,0,True,4.0625,1,1,2,0,3.15305375
Testing,Medium,Tech Lead,Go,High,13,3,3,26,3,17,False,2,True,2.08333333,2,1,0,0,5.76736875
Design Review,Medium,Junior,C++,Low,5,3,0,10,2,9,True,3,False,4.33333333,1,0,2,0,2.2057805
Refactoring,Low,Senior,JavaScript,Critical,8,3,1,16,5,9,False,1,False,2.66666667,1,2,0,0,2.57181667
Refactoring,Low,Tech Lead,Other,Medium,5,4,3,10,10,16,False,1,False,2.375,2,2,0,0,2.3059375
Client Meeting,High,Junior,Java,Medium,3,4,2,6,7,15,False,3,True,3.625,2,0,2,0,1.88097525
Feature Dev,Low,Junior,Python,Low,3,4,3,6,1,18,True,0,True,2.375,2,2,0,0,1.90741753
Documentation,High,Tech Lead,C++,Critical,11,3,1,22,9,14,True,1,False,3.5,1,1,1,0,4.25222477
Client Meeting,Medium,Mid,JavaScript,High,10,3,1,20,4,14,False,3,False,2.08333333,2,1,0,0,3.9883125
Bug Fix,High,Junior,C++,High,9,3,2,18,3,14,False,0,False,4.08333333,0,2,1,0,3.4723575
Code Review,Low,Senior,C++,Critical,5,3,2,10,8,16,False,3,True,2.08333333,2,1,0,0,2.23465
Testing,Low,Tech Lead,Python,Critical,5,5,0,10,8,13,False,2,True,2.55,2,3,0,0,1.818575
Client Meeting,Medium,Mid,Python,Critical,8,3,2,16,7,15,False,3,False,2.08333333,2,1,0,0,3.21654167
Testing,High,Mid,Python,Medium,13,5,0,26,7,13,False,2,False,4.25,0,3,2,0,5.155665
Documentation,High,Senior,Java,High,1,4,0,2,9,13,True,1,True,4.125,2,0,1,1,0.5
Code Review,High,Junior,Python,Critical,5,2,0,10,1,17,False,0,True,4.5,0,1,1,0,1.82523688
Documentation,Medium,Tech Lead,Python,Low,6,5,3,12,8,11,True,1,False,3.4,1,3,1,0,3.07368023
Testing,High,Senior,Java,Critical,4,5,3,8,8,15,False,1,True,3.05,2,2,1,0,2.05381095
Feature Dev,Medium,Tech Lead,Go,Medium,13,4,3,26,6,9,False,1,False,3.0625,3,0,0,1,5.17230469
Feature Dev,Medium,Senior,Go,High,3,3,0,6,10,9,True,0,False,4.75,0,2,0,1,0.92917125
Refactoring,Medium,Tech Lead,Python,Low,8,3,2,16,1,10,False,1,False,4.08333333,0,2,1,0,3.441075
Documentation,Medium,Mid,Java,Critical,4,4,0,8,10,14,True,1,False,3.5,2,1,0,1,1.33328344
Refactoring,High,Junior,Python,High,10,3,3,20,2,10,False,0,True,2.08333333,2,1,0,0,4.97866875
Refactoring,Medium,Senior,Java,High,5,4,0,10,6,11,False,3,False,1.5,4,0,0,0,2.12175
Client Meeting,High,Mid,Other,Low,4,2,0,8,5,12,False,0,False,4.5,0,1,1,0,1.71787
Bug Fix,High,Tech Lead,Other,Critical,9,5,3,18,1,16,False,2,False,3.05,2,2,1,0,3.74201386
Design Review,Low,Junior,Python,High,9,2,2,18,9,14,False,2,False,1.5,2,0,0,0,3.45015
Code Review,Medium,Mid,Java,Medium,5,5,1,10,1,18,False,1,False,2.7,3,1,1,0,2.1061125
Feature Dev,Medium,Junior,Java,High,5,2,0,10,9,17,False,1,False,3.25,0,2,0,0,1.771875
Code Review,High,Junior,C++,High,10,3,0,20,6,11,False,2,False,2.91666667,2,0,1,0,3.99834
Documentation,Low,Mid,Java,High,6,4,3,12,7,17,True,0,False,2.375,2,2,0,0,2.42020406
Refactoring,Medium,Tech Lead,Other,High,13,5,3,26,1,16,False,2,True,3.6,3,0,1,1,4.9019256
Testing,Medium,Tech Lead,Java,Critical,8,4,1,16,6,17,False,1,False,1.9375,3,1,0,0,2.94166406
Bug Fix,High,Tech Lead,C++,Critical,4,3,0,8,1,16,True,2,False,3.58333333,2,0,0,1,1.59273319
Design Review,Medium,Tech Lead,C++,Critical,3,2,2,6,1,18,False,3,False,1.5,2,0,0,0,1.56825
Client Meeting,Medium,Senior,Go,High,3,2,2,6,9,13,False,1,False,2.375,1,1,0,0,1.413
Design Review,High,Tech Lead,Other,High,11,2,2,22,10,9,False,1,False,1.5,2,0,0,0,5.03685
Code Review,High,Senior,C++,Low,8,4,1,16,5,18,True,0,False,4.5625,1,1,1,1,3.54832026
Deployment,Medium,Mid,Other,Low,9,4,1,18,4,14,False,1,False,2.375,2,2,0,0,4.15559375
Bug Fix,Medium,Tech Lead,Python,High,10,2,3,20,10,13,False,0,False,2.375,1,1,0,0,3.92990625
Documentation,Medium,Tech Lead,Go,Low,3,2,1,6,9,11,False,0,False,3.625,1,0,1,0,1.32341344
Refactoring,Medium,Senior,Other,High,8,2,3,16,1,15,False,3,False,4.5,0,1,1,0,3.01730625
Documentation,High,Tech Lead,Go,Low,4,4,0,8,2,9,False,0,False,2.375,2,2,0,0,1.98605
Feature Dev,Medium,Senior,Go,Medium,2,5,1,4,5,10,False,1,False,3.45,2,2,0,1,0.92518125
Feature Dev,Low,Junior,JavaScript,High,8,3,3,16,2,14,True,2,True,2.08333333,2,1,0,0,3.65414569
Client Meeting,High,Senior,Java,Low,7,5,1,14,4,17,False,3,False,3.8,1,3,0,1,3.4899865
Feature Dev,Medium,Tech Lead,Other,High,12,4,0,24,8,12,True,0,False,3.9375,1,2,0,1,3.89174625
Refactoring,High,Senior,Python,Critical,12,4,1,24,7,9,False,1,False,2.375,2,2,0,0,4.81254063
Testing,Medium,Senior,C++,Critical,5,3,3,10,3,17,True,0,False,2.91666667,2,0,1,0,2.02381255
Client Meeting,Medium,Tech Lead,Python,Medium,2,3,3,4,1,14,False,2,False,2.91666667,2,0,1,0,1.34203542
Code Review,High,Junior,C++,High,6,5,3,12,7,15,False,1,False,3.9,1,2,2,0,2.5342353
Documentation,High,Tech Lead,Go,Medium,13,5,0,26,10,12,True,3,False,2.9,1,4,0,0,6.29727
Design Review,Low,Tech Lead,Java,Medium,8,4,3,16,10,12,False,2,False,2.375,2,2,0,0,3.4638125
Deployment,High,Tech Lead,Java,Medium,1,2,3,2,7,9,False,1,False,3.625,1,0,1,0,0.90009938
Client Meeting,Medium,Tech Lead,JavaScript,Critical,9,5,0,18,2,14,True,1,False,2.55,2,3,0,0,3.21143813
Documentation,Medium,Senior,Go,Medium,13,3,2,26,1,11,True,2,False,3.25,0,3,0,0,5.6109375
Deployment,High,Junior,C++,Critical,9,4,1,18,9,15,False,2,True,2.8125,1,3,0,0,4.02760016
Documentation,High,Mid,Go,Low,12,4,3,24,1,13,True,1,False,3.875,0,3,1,0,6.16297533
Documentation,Low,Senior,C++,Critical,11,3,2,22,3,17,False,1,False,4.16666667,1,1,0,1,3.13929083
Testing,Low,Junior,Python,Critical,7,2,0,14,9,11,False,2,False,3.25,0,2,0,0,2.1675
Refactoring,Medium,Junior,Java,Medium,4,4,2,8,10,12,False,2,False,1.9375,3,1,0,0,2.1065625
Design Review,Low,Tech Lead,Python,Critical,12,5,3,24,8,18,False,0,False,2.55,2,3,0,0,3.94300125
Design Review,Low,Tech Lead,C++,High,11,5,0,22,2,16,False,3,False,2.55,2,3,0,0,3.728565
Design Review,High,Tech Lead,Other,Critical,5,3,0,10,9,12,False,3,True,5.58333333,0,1,1,1,1.901042
Deployment,High,Junior,Java,Medium,10,4,1,20,7,11,False,1,False,3.5,2,1,0,1,4.2619375
Testing,Medium,Tech Lead,Python,High,12,5,3,24,10,13,False,2,False,3.55,2,1,2,0,4.25337075
Client Meeting,Low,Senior,Java,Critical,11,5,3,22,6,12,True,3,False,2.75,4,0,0,1,3.84373533
Bug Fix,Medium,Tech Lead,Python,High,5,4,3,10,3,13,True,3,False,4.0625,1,1,2,0,2.19090867
Code Review,Low,Tech Lead,Other,High,5,3,3,10,7,18,False,2,False,2.66666667,1,2,0,0,2.1315
Feature Dev,High,Tech Lead,Go,Low,2,5,3,4,4,18,False,3,False,4.3,1,2,1,1,1.4956854
Documentation,High,Junior,Go,Low,2,4,3,4,10,10,True,0,False,3.4375,1,2,1,0,1.42456004
Client Meeting,Low,Mid,JavaScript,High,2,5,1,4,7,11,False,1,True,3.45,2,2,0,1,0.84614434
Refactoring,Medium,Mid,Python,Medium,11,4,3,22,7,9,True,2,False,4.125,2,0,1,1,4.35998063
Feature Dev,Medium,Junior,Go,High,9,3,2,18,7,13,False,1,False,2.91666667,2,0,1,0,3.33195
Code Review,Medium,Tech Lead,Go,Low,3,3,1,6,4,11,True,2,False,2.66666667,1,2,0,0,1.730575
Bug Fix,Low,Junior,C++,High,5,2,0,10,5,12,True,2,True,2.375,1,1,0,0,2.04001875
Client Meeting,Medium,Tech Lead,Java,High,13,5,2,26,5,13,False,1,False,3.4,1,3,1,0,4.546584
Code Review,High,Junior,JavaScript,Medium,8,2,1,16,3,11,False,2,True,3.25,0,2,0,0,4.1559375
Deployment,Medium,Mid,Java,Medium,12,4,1,24,7,17,False,3,True,3.5,2,1,0,1,5.07478125
Refactoring,High,Junior,Go,Critical,10,2,0,20,10,12,True,1,False,4.5,0,1,1,0,3.56029406
Testing,Medium,Tech Lead,JavaScript,Medium,9,4,1,18,5,16,False,3,False,3.25,0,4,0,0,3.796875
Code Review,High,Mid,Python,Critical,13,5,1,26,4,13,False,1,False,3.9,1,2,2,0,4.50488185
Bug Fix,Medium,Junior,Go,Medium,7,3,2,14,3,16,True,2,False,3.5,1,1,1,0,3.10897125
Bug Fix,High,Tech Lead,Other,High,13,2,1,26,3,9,True,1,False,5.75,0,0,2,0,4.70399265
Documentation,Medium,Senior,JavaScript,Medium,4,2,0,8,1,11,False,1,False,3.25,0,2,0,0,1.59375
Refactoring,High,Tech Lead,C++,High,6,3,2,12,9,16,True,3,False,4.75,0,2,0,1,2.6016795
Testing,High,Tech Lead,Python,Critical,9,5,3,18,1,11,False,3,True,2.55,2,3,0,0,4.44641588
Client Meeting,High,Junior,Python,Critical,7,5,3,14,10,16,True,1,False,3.55,2,1,2,0,2.91772128
Bug Fix,High,Junior,Other,Critical,2,3,3,4,7,14,False,0,False,2.08333333,2,1,0,0,1.15964792
Documentation,High,Mid,Go,Critical,3,2,1,6,1,13,True,0,False,2.375,1,1,0,0,1.33992141
Bug Fix,High,Junior,Other,Low,9,3,1,18,8,14,True,1,False,2.08333333,2,1,0,0,5.04932313
Feature Dev,Medium,Mid,Other,Critical,8,4,0,16,10,11,True,1,False,2.5625,3,0,1,0,2.7765424
Documentation,Medium,Junior,Other,High,8,3,0,16,9,16,True,2,True,3.5,1,1,1,0,3.17115068
Code Review,Medium,Senior,Python,High,12,4,2,24,9,17,True,2,True,3.4375,1,2,1,0,4.9599645
Code Review,High,Mid,Python,Critical,8,2,0,16,2,17,False,2,False,1.5,2,0,0,0,3.38045
Documentation,High,Senior,JavaScript,Critical,11,3,1,22,2,15,True,0,False,2.91666667,2,0,1,0,4.30369933
Testing,High,Mid,Java,High,8,3,2,16,10,13,False,3,True,2.66666667,1,2,0,0,4.09596
Feature Dev,High,Junior,Go,Critical,10,5,1,20,10,11,False,1,True,3.55,2,1,2,0,3.93230846
Feature Dev,High,Tech Lead,C++,Critical,3,3,0,6,7,16,False,3,False,3.58333333,2,0,0,1,1.2492025
Feature Dev,High,Mid,JavaScript,High,13,2,2,26,2,10,True,3,False,1.5,2,0,0,0,6.3735525
Bug Fix,High,Tech Lead,JavaScript,Medium,10,3,3,20,9,11,True,0,False,4.08333333,0,2,1,0,4.60765156
Design Review,High,Junior,C++,Critical,1,5,0,2,8,16,False,1,False,2.55,2,3,0,0,0.5
Code Review,Medium,Junior,C++,High,5,3,0,10,6,17,False,0,True,5.0,1,0,1,1,1.54836
Design Review,High,Tech Lead,Other,High,11,3,1,22,7,10,False,1,False,2.08333333,2,1,0,0,4.7590875
Deployment,Medium,Senior,JavaScript,Low,3,5,0,6,1,10,True,2,False,2.2,3,2,0,0,1.60083
Refactoring,Medium,Senior,JavaScript,Medium,13,5,3,26,10,9,False,3,False,2.7,3,1,1,0,5.5694975
Testing,Medium,Senior,Python,Critical,5,3,2,10,3,9,True,2,False,5.58333333,0,1,1,1,1.7448375
Client Meeting,High,Mid,Go,Medium,5,2,2,10,2,15,False,2,False,4.5,0,1,1,0,2.3765
Design Review,Medium,Senior,JavaScript,Critical,10,4,3,20,7,15,False,0,True,2.5625,3,0,1,0,3.92241704
Client Meeting,Medium,Tech Lead,C++,Medium,6,3,0,12,1,13,True,2,True,5.0,1,0,1,1,2.348346
Refactoring,High,Mid,Other,Low,10,2,0,20,9,10,False,3,False,1.5,2,0,0,0,5.52475
Documentation,Low,Tech Lead,Other,Medium,9,4,2,18,6,18,False,0,True,1.9375,3,1,0,0,3.90616875
Feature Dev,High,Mid,JavaScript,High,4,2,0,8,10,12,False,2,False,1.5,2,0,0,0,1.8819
Refactoring,Low,Senior,C++,High,2,2,1,4,8,18,False,1,False,1.5,2,0,0,0,0.894825
Feature Dev,High,Mid,Other,Medium,13,4,2,26,9,17,False,3,False,3.9375,1,2,0,1,5.64543437
Bug Fix,Low,Senior,JavaScript,Critical,1,3,0,2,4,18,False,1,False,2.08333333,2,1,0,0,0.5
Refactoring,High,Mid,Other,Low,6,4,0,12,3,12,False,2,False,3.5,2,1,0,1,2.86121
Deployment,Low,Mid,Java,High,8,4,2,16,5,17,False,2,True,1.9375,3,1,0,0,3.35665688
Testing,Low,Senior,Other,High,12,4,0,24,6,13,False,2,False,1.9375,3,1,0,0,4.0807125
Client Meeting,High,Senior,Other,High,3,2,1,6,7,12,False,0,True,2.375,1,1,0,0,1.48629938
Deployment,High,Junior,Java,Low,2,3,2,4,9,18,True,1,False,2.08333333,2,1,0,0,1.5182475
Bug Fix,High,Mid,Go,High,11,3,0,22,10,16,False,2,False,5.58333333,0,1,1,1,3.701988
Feature Dev,Low,Mid,JavaScript,Medium,8,3,2,16,9,13,False,1,False,1.5,3,0,0,0,3.362
Bug Fix,Medium,Senior,C++,Critical,6,3,2,12,6,12,True,3,True,5.58333333,0,1,1,1,2.3031855
Bug Fix,Low,Senior,Java,Medium,8,4,1,16,3,14,False,3,False,2.375,2,2,0,0,3.2675625
Documentation,Low,Junior,Other,Low,7,3,3,14,1,10,True,2,False,4.16666667,1,1,0,1,3.10146856
Refactoring,High,Senior,Java,Medium,4,4,0,8,2,9,False,3,False,3.5,2,1,0,1,1.880525
Refactoring,Medium,Junior,JavaScript,High,10,5,2,20,5,17,False,1,False,2.9,1,4,0,0,3.7818
Deployment,High,Junior,Python,Low,7,3,3,14,3,14,False,3,True,2.08333333,2,1,0,0,4.78368458
Deployment,High,Tech Lead,C++,Critical,6,3,1,12,6,10,False,3,False,2.91666667,2,0,1,0,2.52534044
Feature Dev,Low,Mid,Other,High,2,3,2,4,9,17,False,1,False,2.08333333,2,1,0,0,1.0038
Testing,High,Tech Lead,Go,High,8,3,3,16,1,18,True,0,False,4.16666667,1,1,0,1,3.30603919
Code Review,High,Senior,JavaScript,High,12,2,0,24,7,12,False,2,False,4.5,0,1,1,0,4.369365
Deployment,Medium,Tech Lead,Python,Critical,11,4,1,22,10,18,True,0,False,5.625,0,1,2,1,3.07205194
Testing,Low,Junior,Python,Low,11,2,2,22,10,14,False,3,True,2.375,1,1,0,0,5.414145
Documentation,High,Senior,Python,Medium,2,3,0,4,4,18,True,3,False,4.08333333,0,2,1,0,1.11313563
Feature Dev,High,Tech Lead,Python,Critical,3,3,1,6,9,11,True,1,False,4.08333333,0,2,1,0,1.26413886
Feature Dev,Medium,Mid,JavaScript,Low,4,2,3,8,9,12,False,3,True,1.5,2,0,0,0,2.9145875
Feature Dev,Medium,Mid,Java,Medium,5,4,3,10,7,18,True,0,False,3.9375,1,2,0,1,2.20712461
Refactoring,Medium,Mid,Other,Medium,9,5,0,18,7,13,False,2,False,2.7,3,1,1,0,3.55699
Testing,High,Tech Lead,Go,Critical,9,2,1,18,2,16,True,0,False,3.25,0,2,0,0,3.58952344
Bug Fix,High,Senior,Go,Low,5,4,3,10,5,18,True,1,False,3.0,2,1,1,0,3.03334763
Deployment,Low,Senior,Other,High,11,2,2,22,8,16,False,1,False,2.375,1,1,0,0,3.850425
Deployment,High,Junior,Java,High,8,5,3,16,8,11,False,1,True,4.25,0,3,2,0,3.49358872
Bug Fix,Low,Mid,C++,Medium,13,2,2,26,6,11,False,3,True,1.5,2,0,0,0,5.9532
Design Review,Medium,Senior,Java,Low,11,2,2,22,4,15,True,1,False,1.5,2,0,0,0,5.6826
Testing,High,Junior,C++,Medium,2,2,1,4,5,12,True,0,False,1.5,2,0,0,0,1.1515875
Deployment,Low,Mid,Go,Low,4,2,0,8,1,12,False,2,False,2.375,1,1,0,0,1.770175
Client Meeting,Medium,Tech Lead,C++,Low,7,5,2,14,1,14,True,1,False,3.55,2,1,2,0,3.2049864
Code Review,Low,Tech Lead,Other,Critical,2,2,0,4,1,13,False,3,True,2.375,1,1,0,0,0.93581813
Feature Dev,Low,Junior,Other,Medium,10,5,0,20,7,12,True,2,False,3.45,2,2,0,1,3.51568875
Code Review,Medium,Tech Lead,Java,High,13,4,0,26,2,11,True,0,False,3.4375,1,2,1,0,4.42398206
Client Meeting,Medium,Junior,Go,Low,9,4,0,18,6,13,False,0,False,2.375,2,2,0,0,3.88575
Code Review,High,Junior,Java,Medium,12,3,3,24,7,11,False,0,False,2.08333333,2,1,0,0,5.945125
Feature Dev,Medium,Tech Lead,Java,Low,4,3,0,8,10,18,True,1,False,5.0,1,0,1,1,1.535457
Documentation,High,Senior,Java,Critical,4,4,0,8,5,13,False,2,False,5.1875,1,0,2,1,1.311771
Testing,Low,Mid,JavaScript,Low,7,3,1,14,2,14,False,2,True,3.58333333,2,0,0,1,3.03788902
Deployment,Medium,Mid,Java,Critical,7,3,1,14,5,13,True,0,False,2.91666667,2,0,1,0,2.43683552
Feature Dev,High,Senior,JavaScript,Medium,2,4,2,4,7,17,True,0,False,3.625,2,0,2,0,1.10630362
Documentation,High,Senior,Go,Critical,8,2,2,16,1,17,False,0,False,3.625,1,0,1,0,3.01488731
Design Review,Medium,Senior,JavaScript,High,6,5,3,12,8,11,False,1,False,3.9,1,2,2,0,2.2586085
Design Review,High,Tech Lead,C++,Low,5,2,2,10,8,14,True,1,True,3.625,1,0,1,0,3.05708504
Feature Dev,Medium,Mid,Go,Critical,10,3,0,20,3,13,True,3,True,4.16666667,1,1,0,1,3.57598347
Deployment,High,Junior,Other,Low,10,3,2,20,8,14,False,1,False,3.58333333,2,0,0,1,4.81135417
Refactoring,Medium,Senior,JavaScript,Low,9,4,0,18,4,17,False,2,False,3.0625,3,0,0,1,3.76004063
Design Review,Medium,Junior,Other,Critical,1,5,0,2,4,18,False,3,True,3.05,2,2,1,0,0.60153459
Design Review,Low,Mid,JavaScript,Low,11,2,1,22,5,15,True,1,False,1.5,2,0,0,0,4.98411375
Refactoring,Medium,Tech Lead,JavaScript,Medium,9,3,3,18,6,14,True,3,False,3.5,1,1,1,0,4.09818937
Documentation,Medium,Tech Lead,JavaScript,Low,13,3,0,26,6,9,False,2,True,2.66666667,1,2,0,0,6.3162
Feature Dev,High,Junior,Python,Low,2,5,1,4,1,17,False,0,True,4.45,2,0,2,1,1.01112833
Bug Fix,High,Mid,Python,Medium,3,3,2,6,8,10,True,3,True,4.75,0,2,0,1,1.87382869
Testing,Medium,Tech Lead,Java,High,5,5,1,10,7,13,False,1,True,2.7,3,1,1,0,2.08505138
Documentation,Medium,Senior,JavaScript,Critical,9,2,1,18,9,11,False,0,False,2.375,1,1,0,0,3.12773438
Documentation,Medium,Mid,JavaScript,Low,9,2,2,18,7,9,False,1,False,5.75,0,0,2,0,3.5156
Code Review,Low,Senior,Java,Medium,6,2,1,12,5,11,True,3,False,1.5,2,0,0,0,2.8090125
Documentation,Low,Junior,JavaScript,Low,13,2,0,26,3,18,True,3,False,1.5,2,0,0,0,5.8956975
Deployment,Medium,Junior,Java,Medium,12,3,2,24,2,14,True,3,False,2.91666667,2,0,1,0,5.24782125
Deployment,Medium,Mid,Other,Critical,11,5,1,22,8,11,True,3,False,2.7,3,1,1,0,4.05180943
Client Meeting,High,Junior,JavaScript,High,6,3,2,12,9,16,True,0,True,2.08333333,2,1,0,0,3.16761638
Documentation,Medium,Mid,Go,Low,5,3,1,10,7,9,True,1,False,2.08333333,2,1,0,0,2.58792188
Bug Fix,Low,Junior,Python,Low,9,5,2,18,4,16,True,0,False,2.55,2,3,0,0,3.97626075
Code Review,Medium,Junior,Other,Critical,13,4,2,26,8,11,True,2,False,4.125,2,0,1,1,4.18299131
Design Review,Low,Junior,Go,High,1,3,3,2,9,16,False,3,False,4.16666667,1,1,0,1,0.84623625
Feature Dev,High,Junior,Go,Medium,4,5,1,8,6,9,False,0,True,4.8,1,1,2,1,1.6754606
Bug Fix,Medium,Senior,C++,Low,10,3,2,20,8,18,False,0,True,5.58333333,0,1,1,1,4.068746
Feature Dev,Medium,Junior,Java,Medium,12,3,3,24,2,18,True,0,False,2.08333333,2,1,0,0,5.48953125
Documentation,Medium,Junior,C++,Low,8,4,3,16,8,18,False,3,False,4.375,0,3,0,1,3.63757969
Testing,High,Junior,JavaScript,Critical,11,4,1,22,2,12,False,3,False,4.5,0,2,2,0,3.85217875
Documentation,High,Junior,Java,High,7,3,2,14,2,18,True,1,True,3.5,1,1,1,0,3.37634278
Bug Fix,Low,Mid,JavaScript,High,8,3,2,16,7,14,False,0,False,2.66666667,1,2,0,0,2.7666
Testing,High,Senior,C++,Medium,7,4,0,14,3,18,False,2,True,3.625,2,0,2,0,3.24895725
Feature Dev,High,Mid,Go,Medium,12,4,1,24,10,9,False,1,False,3.625,2,0,2,0,4.98311625
Documentation,Medium,Mid,Go,High,4,3,3,8,1,12,True,1,False,3.5,1,1,1,0,1.82298769
Refactoring,Medium,Senior,Python,Medium,10,3,3,20,9,14,False,1,False,2.08333333,2,1,0,0,4.53104167
Design Review,Medium,Tech Lead,JavaScript,Low,3,5,0,6,1,10,False,2,False,3.05,2,2,1,0,1.4153755
Deployment,High,Tech Lead,Java,Critical,10,3,1,20,7,13,False,3,False,3.58333333,2,0,0,1,3.75504323
Feature Dev,Medium,Mid,JavaScript,High,7,4,1,14,6,11,True,2,True,2.375,2,2,0,0,3.21302953
Design Review,Low,Junior,Java,Critical,13,4,2,26,8,15,False,2,True,1.5,4,0,0,0,4.9643825
Deployment,High,Tech Lead,Python,High,12,4,0,24,7,11,True,3,True,3.0,2,1,1,0,5.57497364
Deployment,Medium,Junior,C++,High,3,2,0,6,3,11,False,2,True,4.5,0,1,1,0,1.1763675
Client Meeting,High,Mid,C++,Medium,7,2,1,14,6,11,False,2,False,4.5,0,1,1,0,3.0300375
Documentation,High,Mid,Java,Medium,10,3,2,20,8,17,True,1,True,3.5,1,1,1,0,5.18161875
Deployment,High,Mid,C++,High,1,4,2,2,10,18,False,1,True,3.0,2,1,1,0,0.7845651
Deployment,Medium,Mid,Go,High,11,2,3,22,10,9,False,2,True,4.5,0,1,1,0,4.24332563
Testing,Medium,Mid,Java,Medium,4,4,2,8,4,9,True,3,False,3.5,2,1,0,1,2.0299125
Client Meeting,High,Senior,Java,Low,3,4,2,6,8,10,False,3,False,4.0625,1,1,2,0,1.83619013
Documentation,Medium,Tech Lead,C++,Medium,8,5,1,16,9,10,False,1,False,3.9,1,2,2,0,2.934915
Testing,Low,Senior,Go,Medium,11,2,0,22,7,18,False,1,True,2.375,1,1,0,0,4.3822625
Documentation,Medium,Junior,Go,Low,9,2,1,18,9,10,False,1,True,1.5,2,0,0,0,4.7749625
Code Review,High,Senior,Python,Low,11,2,1,22,5,10,False,0,False,1.5,2,0,0,0,5.874275
Bug Fix,Medium,Mid,Go,Low,2,5,1,4,9,15,True,3,False,3.95,2,1,1,1,1.19874563
Feature Dev,Medium,Junior,Java,Low,13,5,2,26,6,15,True,1,True,4.8,1,1,2,1,5.44566792
Code Review,Medium,Tech Lead,Other,High,11,5,2,22,4,17,False,1,False,3.1,3,1,0,1,3.87828
Refactoring,Medium,Senior,Python,High,7,3,1,14,2,14,False,2,False,2.08333333,2,1,0,0,2.8231875
Feature Dev,Low,Mid,Python,High,10,5,0,20,9,16,True,3,False,3.45,2,2,0,1,3.24738619
Client Meeting,High,Mid,JavaScript,High,1,5,2,2,3,9,False,3,True,3.4,1,3,1,0,0.94666374
Code Review,Medium,Senior,Go,High,2,5,1,4,2,14,False,3,True,2.75,4,0,0,1,1.13153906
Code Review,High,Junior,JavaScript,Medium,7,2,1,14,7,15,True,1,False,1.5,2,0,0,0,3.7345875
Code Review,Medium,Tech Lead,C++,Critical,12,5,3,24,5,17,True,2,False,3.95,2,1,1,1,4.03868299
Feature Dev,Medium,Senior,Python,High,5,4,2,10,1,13,False,2,True,3.4375,1,2,1,0,2.22819609
Client Meeting,Medium,Junior,Java,Medium,8,5,2,16,8,18,True,1,False,2.2,3,2,0,0,3.7422
Testing,Low,Senior,Java,Low,13,4,3,26,8,9,False,0,False,3.9375,1,2,0,1,4.84151766
Design Review,High,Mid,Python,High,8,4,0,16,10,14,True,2,True,3.4375,1,2,1,0,3.63106835
Client Meeting,High,Junior,Other,Medium,7,4,2,14,9,18,False,2,True,2.8125,1,3,0,0,3.9257625
Feature Dev,High,Tech Lead,Go,Critical,11,5,0,22,10,9,False,1,False,3.9,1,2,2,0,3.7311702
Client Meeting,Medium,Senior,Java,High,4,4,1,8,10,12,True,3,False,5.0,0,2,1,1,1.5149295
Deployment,Medium,Mid,Python,Critical,11,2,1,22,10,15,True,2,True,2.375,1,1,0,0,4.57587539
Deployment,Low,Junior,C++,High,2,3,2,4,9,11,False,2,True,4.16666667,1,1,0,1,1.02310725
Testing,Low,Junior,Java,High,4,3,1,8,10,18,True,1,False,4.75,0,2,0,1,1.30858284
Refactoring,High,Junior,JavaScript,Medium,11,2,1,22,8,10,False,0,False,3.625,1,0,1,0,4.64308688
Bug Fix,Low,Tech Lead,Python,High,13,5,1,26,9,9,True,2,False,1.85,4,1,0,0,4.78900013
Design Review,High,Junior,Go,Medium,10,5,0,20,7,15,False,1,True,3.9,1,2,2,0,4.398119
Refactoring,High,Tech Lead,Go,High,4,4,1,8,7,17,False,3,True,3.5,2,1,0,1,1.99221413
Testing,High,Tech Lead,Java,Critical,5,3,0,10,6,10,False,0,True,6.41666667,0,0,2,1,1.62685325
Feature Dev,Medium,Junior,C++,High,13,3,1,26,2,12,True,1,True,2.66666667,1,2,0,0,5.4764325
Refactoring,Medium,Tech Lead,Java,Low,13,5,0,26,3,11,True,1,False,4.45,2,0,2,1,4.78073846
Feature Dev,Medium,Mid,JavaScript,High,1,2,1,2,2,12,False,0,False,2.375,1,1,0,0,0.5
Deployment,High,Senior,Java,High,13,5,1,26,3,9,True,2,False,3.05,2,2,1,0,5.49776879
Testing,Medium,Tech Lead,Other,Low,11,4,1,22,9,10,False,1,False,4.125,2,0,1,1,4.20580875
Deployment,High,Mid,Go,Medium,13,4,1,26,6,13,False,3,True,4.0625,1,1,2,0,5.96298106
Refactoring,High,Tech Lead,Other,Critical,3,2,0,6,5,14,False,2,False,1.5,2,0,0,0,1.376575
Feature Dev,Medium,Junior,Python,Low,9,4,3,18,10,12,True,0,True,3.875,0,3,1,0,4.52323807
Feature Dev,Medium,Senior,Java,Critical,8,4,3,16,4,17,True,2,False,3.5,2,1,0,1,3.01949484
Design Review,High,Tech Lead,Go,Low,10,5,0,20,9,10,True,3,True,3.55,2,1,2,0,5.39839897
Deployment,High,Mid,Other,Low,1,3,2,2,3,12,True,3,False,2.66666667,1,2,0,0,1.18349
Design Review,High,Senior,Java,Medium,4,2,1,8,10,9,False,3,False,3.25,0,2,0,0,2.146875
Feature Dev,Low,Junior,Go,Critical,6,3,2,12,6,12,False,2,False,2.66666667,1,2,0,0,2.18563333
Bug Fix,High,Mid,C++,Medium,11,3,0,22,4,17,True,2,False,5.0,1,0,1,1,4.318986
Client Meeting,Medium,Junior,C++,Critical,8,4,2,16,9,15,True,3,True,1.9375,3,1,0,0,3.74230828
Code Review,Medium,Tech Lead,Java,Critical,5,4,1,10,4,18,False,1,False,4.0625,1,1,2,0,1.61235703
Code Review,High,Tech Lead,Java,Critical,13,4,0,26,10,13,True,3,False,5.0,0,2,1,1,4.3830318
Deployment,Medium,Junior,C++,Medium,6,2,1,12,1,12,False,1,False,3.625,1,0,1,0,2.36164688
Design Review,Low,Junior,Java,High,8,3,1,16,9,13,True,0,False,4.16666667,1,1,0,1,2.42549606
Design Review,Low,Junior,Java,High,6,3,1,12,2,13,False,0,False,4.75,0,2,0,1,1.70348063
Refactoring,Medium,Tech Lead,Python,High,7,3,3,14,9,14,True,1,True,4.08333333,0,2,1,0,3.02599533
Client Meeting,Medium,Senior,Go,Low,4,4,3,8,2,15,False,3,False,4.125,2,0,1,1,2.12551625
Deployment,Medium,Senior,Java,Low,7,4,3,14,5,16,False,1,False,2.375,2,2,0,0,3.61590625
Refactoring,Medium,Tech Lead,Other,Medium,3,3,2,6,3,17,False,2,False,2.66666667,1,2,0,0,1.64333333
Client Meeting,Low,Junior,C++,Low,2,2,0,4,4,13,False,1,False,2.375,1,1,0,0,0.8850875
Documentation,Medium,Senior,Other,Medium,13,4,0,26,9,18,False,1,True,1.9375,3,1,0,0,5.84821875
Bug Fix,Medium,Mid,C++,Medium,10,3,3,20,2,9,False,1,False,3.5,1,1,1,0,4.0824875
Feature Dev,Medium,Senior,C++,High,2,2,3,4,8,9,False,0,False,2.375,1,1,0,0,1.10390625
Code Review,High,Tech Lead,Python,Low,12,4,0,24,9,11,False,1,False,2.8125,1,3,0,0,5.93085625
Deployment,Medium,Tech Lead,Python,Medium,7,4,1,14,5,11,True,0,False,4.0625,1,1,2,0,2.61138609
Design Review,Medium,Mid,Go,High,12,4,3,24,3,10,False,2,False,4.5625,1,1,1,1,3.93442313
Feature Dev,Medium,Senior,C++,Critical,9,2,2,18,6,15,False,0,True,1.5,2,0,0,0,3.7376625
Design Review,Medium,Mid,C++,High,3,2,2,6,5,9,True,1,True,3.25,0,2,0,0,1.55925
Code Review,Medium,Senior,Python,Medium,1,2,2,2,5,13,False,3,True,1.5,2,0,0,0,1.1275
Design Review,Medium,Mid,JavaScript,Low,9,3,0,18,7,11,False,0,False,3.5,1,1,1,0,3.55311
Documentation,Medium,Tech Lead,Other,Low,2,4,2,4,1,17,False,3,False,1.5,4,0,0,0,1.5785
Refactoring,Low,Senior,Java,High,2,4,1,4,1,11,True,3,False,3.5,2,1,0,1,0.97158994
Client Meeting,High,Junior,JavaScript,Medium,12,3,3,24,10,13,False,2,False,3.58333333,2,0,0,1,5.39746458
Design Review,Low,Junior,Java,Low,9,5,1,18,3,10,True,3,False,3.1,3,1,0,1,3.82616561
Bug Fix,High,Mid,Java,High,10,3,1,20,2,12,True,0,False,2.08333333,2,1,0,0,4.47004688
Client Meeting,Medium,Mid,Python,Medium,12,5,2,24,4,14,False,3,False,1.5,5,0,0,0,5.535
Bug Fix,Medium,Mid,Java,High,9,4,2,18,6,13,False,1,False,2.5625,3,0,1,0,3.3937875
Design Review,Low,Junior,Python,High,2,4,0,4,3,9,True,0,False,1.9375,3,1,0,0,0.68252625
Testing,High,Tech Lead,C++,Medium,4,3,0,8,10,12,True,1,False,4.75,0,2,0,1,1.66906688
Deployment,Medium,Senior,Go,Low,3,2,0,6,9,15,False,0,False,3.625,1,0,1,0,1.1763675
Testing,Medium,Senior,Go,Critical,12,2,3,24,8,13,False,0,False,3.25,0,2,0,0,4.18359375
Design Review,Medium,Senior,Python,Low,13,5,1,26,8,11,False,2,False,3.05,2,2,1,0,5.61095288
Refactoring,High,Mid,JavaScript,Medium,2,5,0,4,2,17,False,2,False,3.9,1,2,2,0,0.952784
Refactoring,High,Senior,Go,High,12,4,3,24,7,11,True,2,True,3.0,2,1,1,0,5.91023837
Code Review,High,Tech Lead,JavaScript,Critical,9,4,3,18,4,17,True,3,False,4.0625,1,1,2,0,3.67939875
Refactoring,Medium,Tech Lead,C++,Critical,9,5,1,18,9,13,False,2,False,2.7,3,1,1,0,3.14278788
Testing,Medium,Junior,Other,High,5,3,3,10,2,14,False,3,False,3.5,1,1,1,0,2.22069375
Client Meeting,Medium,Mid,Java,Critical,2,3,0,4,4,18,False,3,False,2.66666667,1,2,0,0,0.90383333
Bug Fix,High,Mid,C++,Low,8,4,3,16,5,14,False,3,False,3.4375,1,2,1,0,4.38707053
Feature Dev,Low,Mid,JavaScript,High,13,5,3,26,5,15,False,3,False,3.8,1,3,0,1,4.2248115
Design Review,High,Tech Lead,Go,Medium,11,4,1,22,5,15,False,2,False,3.625,2,0,2,0,4.67221125
Documentation,Medium,Junior,JavaScript,Low,12,5,0,24,5,9,False,0,False,3.9,1,2,2,0,4.491696
Feature Dev,Low,Tech Lead,JavaScript,Critical,11,3,0,22,9,14,True,2,False,1.5,3,0,0,0,3.80562
Documentation,High,Junior,Python,Medium,4,5,3,8,7,9,True,0,False,2.55,2,3,0,0,2.33837625
Refactoring,High,Tech Lead,Go,Low,4,4,3,8,4,9,True,1,False,3.4375,1,2,1,0,2.48518138
Client Meeting,Medium,Senior,C++,High,3,3,0,6,10,11,True,2,False,2.08333333,2,1,0,0,1.3174875
Client Meeting,Low,Tech Lead,C++,Critical,13,4,0,26,9,11,True,3,True,2.375,2,2,0,0,4.79744409
Bug Fix,High,Senior,Other,Medium,4,3,2,8,6,14,False,2,False,2.91666667,2,0,1,0,2.1657675
Feature Dev,Medium,Junior,JavaScript,Medium,1,3,0,2,1,16,False,2,True,2.66666667,1,2,0,0,0.638
Documentation,High,Junior,JavaScript,Medium,10,3,2,20,5,11,False,0,False,5.58333333,0,1,1,1,3.8318
Client Meeting,Low,Junior,JavaScript,High,4,3,2,8,7,17,False,2,True,2.08333333,2,1,0,0,1.9125975
Client Meeting,High,Junior,JavaScript,Medium,3,5,1,6,7,17,False,2,False,3.9,1,2,2,0,1.471711
Bug Fix,Low,Mid,Go,High,8,3,1,16,10,9,True,3,True,4.16666667,1,1,0,1,2.93220861
Testing,Low,Mid,Other,Medium,7,2,1,14,10,15,True,0,False,1.5,2,0,0,0,2.8735875
Client Meeting,Low,Mid,Python,High,8,5,0,16,1,17,False,1,True,3.8,1,3,0,1,2.5504479
Bug Fix,Medium,Senior,C++,Critical,1,4,3,2,3,16,True,2,False,2.375,2,2,0,0,0.91955391
Design Review,Medium,Mid,Other,Low,6,2,0,12,8,10,True,2,True,1.5,2,0,0,0,3.3858825
Code Review,Medium,Junior,C++,High,6,4,0,12,5,16,False,3,True,3.4375,1,2,1,0,2.40645178
Client Meeting,High,Tech Lead,Go,Medium,4,2,2,8,10,11,False,2,False,4.5,0,1,1,0,1.986075
Feature Dev,Medium,Tech Lead,Java,High,8,3,3,16,10,17,False,3,False,4.33333333,1,0,2,0,2.951835
Feature Dev,Medium,Senior,Go,Critical,13,5,2,26,2,18,False,3,False,4.8,1,1,2,1,3.773422
Testing,Medium,Junior,Other,Critical,3,2,2,6,3,11,True,1,False,4.5,0,1,1,0,1.212015
Documentation,Low,Tech Lead,Other,Low,3,2,3,6,9,16,False,2,False,2.375,1,1,0,0,1.86731875
Bug Fix,High,Tech Lead,C++,Low,4,5,3,8,5,15,True,3,False,3.95,2,1,1,1,2.48380094
Design Review,High,Senior,Go,High,10,3,0,20,8,14,True,2,False,5.58333333,0,1,1,1,3.547152
Refactoring,High,Junior,C++,Medium,5,2,2,10,10,12,False,3,False,3.625,1,0,1,0,2.58444375
Deployment,Medium,Mid,Python,Medium,3,3,3,6,6,13,True,1,False,4.33333333,1,0,2,0,1.5257375
Code Review,High,Junior,Other,Low,8,2,2,16,4,10,False,0,False,1.5,2,0,0,0,4.48745
Bug Fix,High,Tech Lead,Java,Critical,6,2,1,12,8,11,False,3,True,1.5,2,0,0,0,3.07638375
Documentation,High,Junior,C++,High,6,2,3,12,10,13,False,3,False,4.5,0,1,1,0,2.68120125
Client Meeting,Low,Mid,JavaScript,Critical,13,2,1,26,9,10,False,3,False,1.5,2,0,0,0,4.4695125
Bug Fix,High,Junior,Java,Critical,11,2,2,22,1,12,False,2,True,3.625,1,0,1,0,4.63292734
Refactoring,High,Junior,Other,Critical,3,4,0,6,5,13,False,1,False,5.0,0,2,1,1,0.983756
Bug Fix,High,Tech Lead,JavaScript,High,4,5,2,8,1,15,False,2,False,3.9,1,2,2,0,1.7915742
Bug Fix,High,Mid,Go,Medium,8,4,0,16,10,18,False,1,False,3.875,0,3,1,0,3.32285625
Documentation,Low,Senior,Go,Medium,11,4,0,22,1,18,True,1,False,2.375,2,2,0,0,4.18306875
Testing,Low,Junior,Java,High,5,3,3,10,4,18,False,2,False,1.5,3,0,0,0,2.260125
Code Review,Medium,Tech Lead,C++,Critical,10,4,2,20,5,10,True,1,False,4.5,0,2,2,0,3.2299575
Deployment,Medium,Tech Lead,C++,Medium,13,5,3,26,9,17,True,2,False,4.8,1,1,2,1,4.7014695
Design Review,Medium,Junior,C++,High,10,4,0,20,4,18,False,0,False,3.0,2,1,1,0,3.3174
Client Meeting,Medium,Junior,Python,Medium,9,2,2,18,2,11,False,3,False,3.25,0,2,0,0,3.9375
Feature Dev,Medium,Senior,Go,Medium,4,2,0,8,7,14,False,3,False,5.75,0,0,2,0,1.5181
Testing,Medium,Mid,JavaScript,Critical,1,4,3,2,10,16,False,3,False,3.0,2,1,1,0,0.90076625
Code Review,Medium,Senior,Go,Medium,5,3,3,10,4,15,False,0,False,2.66666667,1,2,0,0,2.36833333
Code Review,Medium,Junior,C++,Medium,2,4,3,4,7,11,True,0,True,2.8125,1,3,0,0,1.38509766
Feature Dev,High,Junior,Java,Critical,4,3,0,8,7,13,False,1,False,2.08333333,2,1,0,0,1.64212917
Documentation,Medium,Senior,C++,Low,1,2,2,2,10,18,False,3,False,2.375,1,1,0,0,1.079375
Bug Fix,High,Mid,JavaScript,High,10,3,0,20,7,17,True,1,False,3.58333333,2,0,0,1,3.88538719
Feature Dev,High,Mid,Go,Medium,2,3,1,4,4,11,False,1,False,4.33333333,1,0,2,0,0.97149
Refactoring,High,Tech Lead,Go,Medium,13,4,0,26,7,15,False,2,False,5.0,0,2,1,1,4.83276
Deployment,Medium,Mid,C++,High,8,3,3,16,6,12,True,1,True,3.25,0,3,0,0,3.65449219
Feature Dev,High,Senior,Python,Critical,13,2,0,26,7,16,False,0,True,1.5,2,0,0,0,5.7310825
Feature Dev,High,Junior,Java,Low,11,5,0,22,2,14,True,0,True,4.3,1,2,1,1,5.23427197
Code Review,High,Junior,JavaScript,Medium,8,3,1,16,5,18,True,1,False,4.08333333,0,2,1,0,3.58575656
Testing,High,Tech Lead,Python,Medium,5,3,0,10,1,12,False,2,False,4.16666667,1,1,0,1,2.11770833
Client Meeting,Low,Mid,Java,High,13,2,3,26,3,16,False,2,False,3.25,0,2,0,0,4.4971875
Testing,Low,Junior,C++,High,13,5,0,26,2,11,False,0,False,2.2,3,2,0,0,4.16988
Feature Dev,Medium,Junior,Other,High,2,4,3,4,6,13,False,2,False,3.0625,3,0,0,1,1.17388828
Bug Fix,High,Mid,Other,Medium,5,3,3,10,9,10,True,2,True,4.91666667,0,1,2,0,2.73573781
Refactoring,Medium,Mid,JavaScript,Critical,13,5,1,26,10,10,False,1,False,4.3,1,2,1,1,3.7717815
Bug Fix,High,Junior,Python,High,7,4,1,14,8,15,False,3,False,2.375,2,2,0,0,3.24106875
Refactoring,Medium,Tech Lead,C++,Medium,3,5,3,6,2,9,False,3,False,3.45,2,2,0,1,1.71819375
Refactoring,Medium,Mid,Java,Critical,10,4,3,20,9,17,False,0,False,3.0625,3,0,0,1,3.40247695
Client Meeting,Low,Mid,Python,Low,5,3,3,10,7,11,False,1,False,3.25,0,3,0,0,2.4234375
Bug Fix,High,Senior,Go,Medium,11,3,1,22,1,9,True,1,False,3.5,1,1,1,0,5.00261738
Documentation,Medium,Senior,Java,Critical,1,3,3,2,9,10,True,0,False,3.5,1,1,1,0,0.68067628
Bug Fix,Medium,Tech Lead,C++,Critical,4,5,2,8,8,16,False,0,False,2.75,4,0,0,1,1.47671563
Client Meeting,High,Junior,C++,Critical,13,3,1,26,7,14,False,3,False,3.5,1,1,1,0,4.90391988
Bug Fix,Medium,Tech Lead,C++,Critical,13,3,3,26,10,16,True,2,True,2.91666667,2,0,1,0,5.31560561
Bug Fix,Medium,Senior,JavaScript,Medium,2,2,1,4,3,14,False,1,False,1.5,2,0,0,0,1.07625
Code Review,Medium,Junior,JavaScript,Low,4,4,3,8,6,12,True,3,False,2.375,2,2,0,0,2.66335781
Deployment,Medium,Junior,Go,Low,8,3,0,16,5,14,False,1,True,2.66666667,1,2,0,0,3.8599
Documentation,Medium,Junior,Go,High,7,4,1,14,6,18,True,0,False,2.5625,3,0,1,0,2.6280642
Deployment,Medium,Mid,Python,Medium,6,5,1,12,7,13,True,1,False,3.4,1,3,1,0,2.51009325
Feature Dev,Medium,Junior,JavaScript,Medium,12,2,3,24,8,16,False,1,False,4.5,0,1,1,0,4.5408125
Documentation,High,Tech Lead,Python,Critical,4,3,3,8,2,15,False,1,True,3.5,1,1,1,0,2.00503971
Testing,Medium,Senior,Go,Low,7,5,1,14,7,17,True,1,False,3.9,1,2,2,0,2.99680343
Code Review,High,Tech Lead,Python,Low,7,3,0,14,8,10,False,0,True,3.5,1,1,1,0,3.49586545
Bug Fix,Medium,Senior,Other,Critical,11,3,2,22,10,10,True,1,False,2.66666667,1,2,0,0,4.1412
Testing,Medium,Mid,Go,High,10,3,0,20,1,18,True,3,False,4.16666667,1,1,0,1,3.44212312
Feature Dev,High,Senior,C++,High,6,2,0,12,6,17,True,0,False,2.375,1,1,0,0,2.55929625
Deployment,Medium,Junior,Java,Critical,1,5,3,2,5,18,True,2,False,4.25,0,3,2,0,0.78179653
Testing,High,Junior,Other,Medium,11,5,3,22,10,18,False,3,False,3.05,2,2,1,0,5.33982575
Design Review,Medium,Mid,Go,Medium,6,3,3,12,7,12,False,1,False,5.58333333,0,1,1,1,2.3069
Deployment,Medium,Junior,Python,Low,11,4,1,22,7,16,False,3,False,1.9375,3,1,0,0,5.35167188
Design Review,Medium,Tech Lead,Other,Low,8,4,0,16,10,15,True,1,True,4.5625,1,1,1,1,3.36302938
Design Review,Low,Mid,JavaScript,Low,6,2,2,12,2,16,True,2,False,1.5,2,0,0,0,3.1491075
Testing,Low,Mid,Other,Medium,10,3,1,20,10,12,False,1,False,4.16666667,1,1,0,1,3.26127083
Feature Dev,Medium,Senior,Other,High,10,5,3,20,9,15,False,3,False,3.4,1,3,1,0,3.8564775
Refactoring,Medium,Tech Lead,C++,Low,3,4,1,6,9,9,False,2,False,5.625,0,1,2,1,1.2898325
Deployment,Medium,Junior,Python,Critical,5,3,1,10,9,10,False,2,False,4.16666667,1,1,0,1,1.69204896
Client Meeting,Low,Mid,Go,High,1,2,1,2,3,13,False,3,True,2.375,1,1,0,0,0.78686438
Refactoring,Medium,Mid,JavaScript,High,3,5,2,6,2,17,False,0,False,4.45,2,0,2,1,1.05431625
Deployment,High,Mid,JavaScript,Critical,8,5,1,16,6,12,False,3,False,3.95,2,1,1,1,2.91476815
Documentation,Medium,Senior,Java,High,2,3,0,4,3,17,False,2,False,3.5,1,1,1,0,0.807525
Bug Fix,Medium,Tech Lead,C++,Low,5,4,1,10,3,11,False,0,True,3.5,2,1,0,1,2.28606813
Design Review,Low,Mid,JavaScript,Critical,5,5,0,10,4,11,True,0,False,3.8,1,3,0,1,1.38881925
Testing,Medium,Junior,Go,High,2,2,3,4,1,9,True,1,False,3.25,0,2,0,0,1.19601563
Refactoring,High,Junior,Other,Medium,3,5,0,6,1,11,False,3,True,3.9,1,2,2,0,1.5720936
Bug Fix,Medium,Senior,JavaScript,Medium,8,5,3,16,4,15,True,0,False,3.45,2,2,0,1,3.37691156
Bug Fix,Medium,Junior,Python,Critical,8,3,3,16,7,13,True,0,False,4.16666667,1,1,0,1,2.75947984
Testing,Medium,Mid,Go,Critical,9,3,3,18,9,11,True,0,False,5.58333333,0,1,1,1,2.82663675
Design Review,Medium,Mid,Python,High,5,2,1,10,8,14,False,2,False,1.5,2,0,0,0,2.167875
Design Review,High,Junior,Python,Low,12,3,3,24,2,14,True,1,True,4.33333333,1,0,2,0,6.4034767
Bug Fix,Medium,Tech Lead,Python,Medium,8,3,2,16,10,15,False,0,True,4.16666667,1,1,0,1,3.26127083
Bug Fix,Medium,Junior,JavaScript,High,9,2,3,18,3,13,True,3,False,2.375,1,1,0,0,4.03367344
Refactoring,High,Senior,C++,High,8,3,3,16,10,10,True,3,False,2.08333333,2,1,0,0,4.16890688
Deployment,Medium,Junior,Java,Critical,4,3,2,8,5,14,True,1,False,3.5,1,1,1,0,1.60159125
Design Review,Medium,Mid,C++,Medium,8,4,3,16,1,12,False,1,False,1.9375,3,1,0,0,3.76171875
Testing,Medium,Junior,Python,High,8,4,3,16,7,18,True,3,False,3.0,2,1,1,0,3.43972913
Refactoring,High,Junior,Java,Critical,3,2,2,6,4,14,True,2,False,1.5,2,0,0,0,1.7198475
Testing,High,Mid,C++,Medium,13,4,1,26,5,15,False,3,False,2.8125,1,3,0,0,6.16878125
Client Meeting,High,Junior,JavaScript,Low,10,4,1,20,10,9,True,2,False,5.0,0,2,1,1,4.4708895
Documentation,Medium,Tech Lead,Python,High,12,4,1,24,5,9,True,1,False,1.9375,3,1,0,0,4.78716328
Testing,High,Mid,Python,Low,4,4,2,8,8,16,False,0,False,4.125,2,0,1,1,1.9355765
Testing,Medium,Tech Lead,Python,Critical,7,2,3,14,10,9,False,0,True,3.625,1,0,1,0,2.70809602
Testing,Medium,Junior,Python,Medium,11,5,1,22,6,10,False,1,False,3.45,2,2,0,1,4.09723125
Deployment,Low,Junior,Go,High,5,2,2,10,4,10,True,2,False,2.375,1,1,0,0,2.13274688
Refactoring,Medium,Senior,JavaScript,Critical,12,5,0,24,8,16,True,2,False,2.9,1,4,0,0,4.2616875
Code Review,High,Mid,Other,Medium,3,2,1,6,7,15,False,3,True,3.625,1,0,1,0,1.79396044
Code Review,High,Mid,Python,Low,1,2,1,2,7,16,True,3,True,2.375,1,1,0,0,1.13447709
Code Review,Medium,Junior,Other,Critical,9,5,1,18,7,15,False,1,False,2.7,3,1,1,0,3.06322363
Code Review,Medium,Mid,C++,High,10,3,3,20,2,17,False,2,False,4.16666667,1,1,0,1,3.54504375
Client Meeting,Medium,Junior,Other,Critical,13,2,2,26,2,11,False,0,False,3.625,1,0,1,0,4.16630156
Testing,High,Mid,C++,High,2,2,1,4,1,12,False,3,False,3.625,1,0,1,0,1.09883419
Testing,Medium,Junior,Python,High,3,2,0,6,5,14,False,0,False,2.375,1,1,0,0,1.05975
Client Meeting,High,Junior,Java,Low,5,5,1,10,5,11,True,3,False,5.15,0,2,2,1,2.40283313
Testing,High,Mid,Java,High,13,5,3,26,6,9,False,0,False,4.45,2,0,2,1,4.51950233
Deployment,Medium,Mid,C++,Critical,1,3,3,2,2,14,True,0,False,1.5,3,0,0,0,0.77759063
Refactoring,High,Mid,Java,High,13,5,2,26,10,12,True,1,True,3.45,2,2,0,1,5.84362981
Refactoring,Medium,Junior,JavaScript,Medium,5,3,1,10,5,9,False,2,False,4.33333333,1,0,2,0,1.95128333
Testing,Medium,Tech Lead,JavaScript,Medium,9,5,0,18,7,12,False,0,True,2.9,1,4,0,0,3.7818
Bug Fix,Medium,Senior,Java,Medium,13,5,2,26,6,10,False,2,True,4.45,2,0,2,1,4.89671325
Testing,Medium,Junior,Java,High,4,5,1,8,2,14,False,2,False,3.45,2,2,0,1,1.54637438
Refactoring,High,Senior,Other,Critical,11,3,1,22,3,9,False,3,False,2.08333333,2,1,0,0,4.66398542
Feature Dev,Medium,Mid,Python,Medium,1,3,1,2,9,12,True,2,False,4.33333333,1,0,2,0,0.6538875
Feature Dev,High,Tech Lead,Java,High,2,2,2,4,9,12,False,2,False,4.5,0,1,1,0,1.0847025
Deployment,Medium,Mid,Go,High,9,5,1,18,8,10,True,0,True,3.9,1,2,2,0,3.31613494
Deployment,Medium,Junior,Go,Low,9,4,0,18,10,18,False,1,False,2.375,2,2,0,0,3.9936875
Design Review,Low,Senior,JavaScript,Critical,1,2,2,2,2,10,False,2,False,3.25,0,2,0,0,0.6853125
Deployment,Low,Tech Lead,C++,Low,3,3,1,6,7,15,False,2,False,4.16666667,1,1,0,1,1.33246208
Feature Dev,Medium,Tech Lead,C++,Medium,3,2,1,6,6,13,False,2,True,3.625,1,0,1,0,1.51947469
Refactoring,High,Tech Lead,Go,Medium,2,3,2,4,7,10,False,1,False,3.5,1,1,1,0,1.18437
Refactoring,Low,Tech Lead,Python,High,9,2,2,18,9,16,False,1,False,1.5,2,0,0,0,3.3579
Code Review,High,Junior,C++,Low,11,2,2,22,10,12,True,1,True,3.25,0,2,0,0,6.50337188
Documentation,High,Senior,JavaScript,Critical,12,5,2,24,1,12,False,3,True,3.4,1,3,1,0,5.16199662
Design Review,Medium,Senior,Other,Low,5,4,3,10,1,10,True,3,False,3.25,0,4,0,0,2.97773438
Refactoring,Medium,Mid,Other,High,13,5,0,26,1,12,False,1,False,3.55,2,1,2,0,4.1363055
Bug Fix,Medium,Tech Lead,C++,Medium,1,3,2,2,7,9,True,0,True,3.58333333,2,0,0,1,0.70726906
Documentation,High,Tech Lead,Go,Critical,11,5,2,22,6,18,False,2,False,3.8,1,3,0,1,4.085627
Client Meeting,Medium,Junior,Go,Low,10,4,1,20,2,11,False,0,False,2.5625,3,0,1,0,4.30351109
Client Meeting,Medium,Senior,C++,High,8,3,3,16,1,11,False,3,False,3.58333333,2,0,0,1,3.10988438
Documentation,Medium,Senior,JavaScript,Critical,4,2,3,8,2,18,False,0,False,2.375,1,1,0,0,1.70982812
Feature Dev,High,Senior,Python,Critical,2,3,2,4,4,9,False,1,True,3.5,1,1,1,0,1.10738595
Design Review,High,Senior,Other,Medium,3,5,0,6,4,15,True,3,True,3.45,2,2,0,1,1.70973495
Refactoring,Low,Mid,Python,Medium,8,2,0,16,3,16,False,0,False,1.5,2,0,0,0,2.952
Refactoring,Medium,Junior,C++,High,4,4,3,8,10,18,True,2,False,3.0,2,1,1,0,1.95933938
Testing,Low,Senior,Other,Low,7,4,0,14,2,10,False,1,False,2.375,2,2,0,0,2.8279625
Code Review,High,Junior,Other,Medium,2,5,3,4,9,17,True,1,False,3.95,2,1,1,1,1.28156805
Refactoring,High,Tech Lead,Go,High,13,3,0,26,1,18,False,1,False,5.0,1,0,1,1,4.279104
Client Meeting,High,Junior,C++,Critical,4,2,2,8,5,9,False,2,True,2.375,1,1,0,0,2.14687687
Deployment,High,Mid,Python,Low,12,3,1,24,1,18,False,0,False,4.75,0,2,0,1,5.11044188
Bug Fix,Medium,Mid,Java,Low,8,5,3,16,7,12,True,3,True,2.9,1,4,0,0,4.79264363
Bug Fix,Medium,Senior,JavaScript,High,11,5,3,22,6,9,False,1,False,1.85,4,1,0,0,4.4884125
Refactoring,High,Tech Lead,JavaScript,Critical,9,2,0,18,2,18,True,0,False,2.375,1,1,0,0,3.62566969
Design Review,High,Tech Lead,Java,Critical,8,4,3,16,7,18,False,3,False,4.5625,1,1,1,1,3.02040169
Client Meeting,High,Tech Lead,Java,High,8,3,1,16,3,9,False,0,True,4.33333333,1,0,2,0,3.1483749
Design Review,Medium,Senior,Go,Critical,13,3,2,26,1,9,True,2,True,5.58333333,0,1,1,1,4.37605245
Testing,Low,Mid,Other,Low,1,5,3,2,9,18,True,2,True,1.85,4,1,0,0,1.29282904
Documentation,Low,Mid,Other,Critical,6,5,2,12,5,14,False,3,False,2.55,2,3,0,0,2.281485
Testing,Medium,Mid,Go,High,6,5,0,12,6,16,False,3,False,4.25,0,3,2,0,2.0272275
Feature Dev,Medium,Tech Lead,Java,Critical,12,4,2,24,4,18,False,0,False,3.4375,1,2,1,0,3.90271922
Documentation,High,Senior,Python,Medium,8,3,2,16,1,14,True,1,False,5.0,1,0,1,1,3.350088
Bug Fix,High,Senior,C++,High,11,4,3,22,2,17,False,2,False,3.25,0,4,0,0,4.8178125
Deployment,Medium,Tech Lead,Python,Low,9,2,3,18,6,18,True,3,False,2.375,1,1,0,0,4.93004531
Testing,Low,Mid,JavaScript,Low,6,2,2,12,1,15,True,1,True,3.25,0,2,0,0,3.0492
Bug Fix,High,Mid,Python,Low,2,3,3,4,7,15,True,3,False,2.66666667,1,2,0,0,1.864555
Testing,High,Mid,Other,Critical,13,2,0,26,6,9,False,0,False,3.625,1,0,1,0,4.52990606
Documentation,Medium,Junior,Go,High,6,2,1,12,5,15,False,1,True,2.375,1,1,0,0,2.57430938
Documentation,Low,Tech Lead,Java,Low,5,5,0,10,4,17,False,3,True,3.45,2,2,0,1,2.23893863
Documentation,Medium,Mid,Java,Critical,2,5,1,4,6,14,False,1,False,3.05,2,2,1,0,0.82027444
Code Review,Low,Senior,Python,Low,7,4,2,14,4,10,False,2,True,1.9375,3,1,0,0,3.66561938
Bug Fix,Low,Junior,C++,Medium,12,4,0,24,4,15,False,0,True,2.375,2,2,0,0,4.6629
Design Review,Low,Mid,JavaScript,Critical,13,4,3,26,8,13,False,2,True,3.0625,3,0,0,1,4.48285896
Deployment,Low,Junior,JavaScript,Medium,6,2,0,12,4,9,False,1,False,1.5,2,0,0,0,2.3165
Design Review,Low,Mid,JavaScript,Medium,10,2,2,20,8,10,False,1,False,2.375,1,1,0,0,3.925
Testing,High,Tech Lead,Python,Critical,10,4,3,20,7,16,True,3,False,3.0,2,1,1,0,4.40004731
Refactoring,Medium,Junior,Java,Medium,9,3,0,18,7,15,False,3,False,4.33333333,1,0,2,0,3.2383
Refactoring,Medium,Tech Lead,Python,Critical,10,3,0,20,2,18,True,2,True,2.66666667,1,2,0,0,3.985905
Refactoring,Low,Mid,JavaScript,Critical,1,3,0,2,7,10,False,1,True,2.66666667,1,2,0,0,0.5
Refactoring,High,Junior,JavaScript,Critical,8,2,3,16,7,16,False,3,False,4.5,0,1,1,0,3.19596812
Client Meeting,Medium,Junior,Python,Medium,5,5,2,10,10,12,False,3,False,3.4,1,3,1,0,2.34546
Client Meeting,Medium,Tech Lead,Other,Medium,12,4,2,24,6,16,False,0,False,1.9375,3,1,0,0,5.1159375
Client Meeting,Medium,Mid,Other,High,2,3,3,4,2,11,False,1,True,3.25,0,3,0,0,1.25296875
Design Review,High,Junior,C++,Critical,13,5,3,26,10,10,True,2,False,2.9,1,4,0,0,5.65099762
Bug Fix,High,Tech Lead,JavaScript,High,3,2,1,6,10,15,True,3,True,3.25,0,2,0,0,1.78339219
Documentation,Medium,Senior,JavaScript,Medium,1,3,3,2,1,16,False,2,False,2.66666667,1,2,0,0,1.015
Design Review,Medium,Junior,Other,High,11,5,0,22,9,16,True,2,False,2.35,4,0,1,0,4.14279968
Code Review,Medium,Tech Lead,Python,Medium,11,4,3,22,8,16,False,3,False,1.5,4,0,0,0,5.27875
Feature Dev,Medium,Junior,C++,High,10,4,2,20,4,18,False,1,False,2.375,2,2,0,0,3.88575
Testing,High,Mid,Other,Critical,10,5,3,20,3,17,False,2,False,3.55,2,1,2,0,3.86965687
Bug Fix,High,Tech Lead,Python,Low,4,5,3,8,4,17,False,1,False,3.8,1,3,0,1,2.2727705
Design Review,Medium,Mid,Python,High,9,3,0,18,6,11,False,3,False,2.66666667,1,2,0,0,3.393
Refactoring,Low,Tech Lead,Other,Medium,4,2,3,8,3,16,True,2,True,2.375,1,1,0,0,2.36868844
Design Review,Low,Mid,JavaScript,High,7,5,0,14,4,15,True,3,False,2.2,3,2,0,0,2.638251
Documentation,Low,Tech Lead,Java,Low,8,4,1,16,2,12,False,2,False,3.5,2,1,0,1,3.12219875
Refactoring,Low,Senior,JavaScript,Critical,10,4,2,20,7,16,False,3,False,1.9375,3,1,0,0,3.58115625
Testing,High,Senior,Other,High,4,2,2,8,1,11,True,2,False,3.25,0,2,0,0,2.07309375
Refactoring,High,Mid,C++,Low,12,4,1,24,1,14,False,1,False,4.5,0,2,2,0,5.2204075
Design Review,Medium,Junior,Python,Medium,13,2,2,26,3,13,False,3,True,3.25,0,2,0,0,5.98125
Feature Dev,High,Senior,C++,High,1,2,0,2,3,13,True,0,True,1.5,2,0,0,0,0.5
Feature Dev,Low,Senior,Other,Low,11,2,2,22,2,11,True,0,True,2.375,1,1,0,0,5.31084881
Design Review,High,Tech Lead,JavaScript,High,11,2,3,22,7,15,False,3,False,3.25,0,2,0,0,4.9021875
Code Review,Low,Mid,Java,High,4,3,1,8,3,17,False,1,False,2.66666667,1,2,0,0,1.4703
Testing,Medium,Junior,Go,Critical,2,3,2,4,5,9,True,0,False,1.5,3,0,0,0,1.00629375
Refactoring,High,Tech Lead,Other,Low,13,5,3,26,9,12,True,0,True,3.45,2,2,0,1,7.19818768
Refactoring,High,Mid,Other,High,3,3,0,6,3,10,True,2,False,2.91666667,2,0,1,0,1.38192626
Feature Dev,Medium,Mid,Java,Medium,13,4,2,26,3,14,True,2,True,3.625,2,0,2,0,5.68567519
Bug Fix,High,Junior,JavaScript,Low,12,4,1,24,8,11,False,2,True,4.0625,1,1,2,0,5.98802002
Bug Fix,Low,Mid,Go,Low,2,4,1,4,1,11,False,3,False,3.9375,1,2,0,1,1.10420578
Client Meeting,Medium,Tech Lead,Java,High,2,4,0,4,2,9,True,1,False,5.1875,1,0,2,1,0.64340325
Bug Fix,High,Senior,JavaScript,Medium,6,4,1,12,9,13,False,2,False,3.5,2,1,0,1,2.7329125
Bug Fix,High,Tech Lead,Go,Low,10,2,3,20,10,16,False,1,False,2.375,1,1,0,0,5.55878125
Testing,Low,Senior,Java,Medium,12,3,1,24,2,16,False,0,False,2.66666667,1,2,0,0,4.321
Client Meeting,High,Mid,Other,Critical,5,3,2,10,2,12,True,0,False,5.58333333,0,1,1,1,1.814631
Documentation,High,Junior,JavaScript,High,6,5,3,12,10,15,False,1,False,3.05,2,2,1,0,2.73792443
Code Review,Medium,Senior,Other,Critical,5,3,1,10,6,11,False,1,False,3.5,1,1,1,0,1.71599062
Refactoring,Medium,Mid,Python,Medium,4,2,1,8,2,13,False,0,True,4.5,0,1,1,0,1.63384375
Client Meeting,Medium,Junior,Other,Medium,5,2,2,10,3,14,True,3,False,1.5,2,0,0,0,2.79825
Design Review,Medium,Junior,Go,Critical,7,2,3,14,1,12,False,1,True,5.75,0,0,2,0,2.50266775
Documentation,Medium,Junior,Java,Critical,1,2,0,2,1,18,True,2,True,3.625,1,0,1,0,0.524954
Refactoring,Low,Mid,Other,Critical,13,3,2,26,6,14,False,2,True,2.08333333,2,1,0,0,4.82311958
Bug Fix,High,Junior,Other,Critical,8,3,2,16,9,11,True,0,True,4.08333333,0,2,1,0,3.39533738
Feature Dev,High,Mid,Python,Critical,11,4,3,22,2,14,True,1,True,3.0,2,1,1,0,5.07526953
Bug Fix,High,Tech Lead,JavaScript,Medium,1,4,1,2,9,14,True,1,False,2.375,2,2,0,0,0.73152188
Code Review,High,Senior,Go,Critical,3,2,3,6,3,11,False,0,False,1.5,2,0,0,0,1.5943875
Feature Dev,Medium,Tech Lead,Go,High,11,2,3,22,7,18,False,2,True,3.625,1,0,1,0,4.45549191
Deployment,High,Junior,JavaScript,High,13,4,0,26,4,12,False,3,False,4.125,2,0,1,1,4.647357
Feature Dev,Medium,Junior,Java,High,11,2,2,22,1,11,True,3,False,3.25,0,2,0,0,4.4296875
Bug Fix,Low,Tech Lead,C++,Critical,3,5,0,6,5,11,False,3,True,3.8,1,3,0,1,1.11546435
Code Review,Medium,Mid,C++,High,9,4,2,18,7,13,False,2,False,4.0625,1,1,2,0,3.11090062
Design Review,Low,Tech Lead,JavaScript,High,4,3,3,8,6,9,False,2,False,2.08333333,2,1,0,0,1.8731625
Feature Dev,High,Mid,JavaScript,Medium,13,4,1,26,1,17,True,2,False,4.0625,1,1,2,0,5.60341491
Testing,Medium,Tech Lead,Other,Low,8,3,1,16,2,9,False,3,False,4.16666667,1,1,0,1,3.40103958
Documentation,Low,Senior,Other,Medium,13,2,2,26,2,12,True,2,True,3.25,0,2,0,0,5.60896875
Feature Dev,Low,Mid,Other,Medium,6,2,1,12,1,15,True,1,False,2.375,1,1,0,0,2.48305313
Refactoring,High,Mid,Other,Medium,8,2,3,16,8,12,False,2,False,2.375,1,1,0,0,4.2488125
Feature Dev,High,Mid,C++,High,6,3,0,12,3,14,True,0,False,3.5,1,1,1,0,2.34020745
Testing,High,Tech Lead,Go,Medium,10,2,2,20,8,13,True,2,True,1.5,2,0,0,0,6.0377625
Documentation,Medium,Junior,Java,Low,8,5,1,16,3,11,True,3,False,2.55,2,3,0,0,4.09981688
Testing,Low,Senior,Java,High,4,2,0,8,3,17,True,0,False,1.5,2,0,0,0,1.39482
Design Review,High,Mid,C++,Medium,2,4,1,4,3,11,False,3,True,4.5,0,2,2,0,1.2395075
Code Review,Medium,Mid,Go,Medium,10,3,0,20,6,15,True,2,True,4.16666667,1,1,0,1,4.10920125
Bug Fix,High,Mid,JavaScript,Medium,10,4,3,20,2,18,False,1,False,2.8125,1,3,0,0,4.94078125
Testing,Low,Senior,Java,Medium,12,5,1,24,3,11,False,3,False,3.8,1,3,0,1,4.123665
Design Review,Medium,Tech Lead,Java,Critical,8,5,1,16,3,12,True,2,False,3.9,1,2,2,0,2.69533661
Documentation,High,Tech Lead,Python,Critical,8,3,0,16,7,9,True,1,False,4.33333333,1,0,2,0,2.80125405
Design Review,Low,Junior,Java,High,4,5,3,8,5,15,False,1,False,3.45,2,2,0,1,1.57809488
Documentation,High,Tech Lead,Python,Critical,6,5,0,12,8,15,False,0,False,3.9,1,2,2,0,1.9957422
Feature Dev,Medium,Tech Lead,Python,High,10,4,1,20,9,13,True,0,False,3.625,2,0,2,0,3.38692134
Documentation,Medium,Senior,Other,High,7,3,1,14,2,9,False,3,False,4.16666667,1,1,0,1,2.47771875
Refactoring,Low,Senior,Python,Low,10,3,1,20,5,14,True,1,False,1.5,3,0,0,0,4.55791875
Documentation,Medium,Senior,Python,Critical,4,4,2,8,1,9,True,2,False,3.4375,1,2,1,0,1.68735213
Feature Dev,Medium,Senior,Other,Critical,4,5,1,8,8,14,True,3,False,3.05,2,2,1,0,1.6815626
Refactoring,Low,Tech Lead,Other,High,11,4,1,22,6,13,True,1,True,2.375,2,2,0,0,4.29423947
Deployment,Medium,Tech Lead,JavaScript,Low,1,3,1,2,10,17,False,2,True,4.16666667,1,1,0,1,0.76872812
Feature Dev,Medium,Junior,Java,Low,3,2,3,6,3,12,False,0,False,4.5,0,1,1,0,1.54048125
Testing,Low,Senior,Go,Low,3,2,1,6,2,14,False,2,True,2.375,1,1,0,0,1.69785688
Documentation,Medium,Tech Lead,Java,Low,12,5,2,24,8,14,True,2,True,2.55,2,3,0,0,6.54847463
Deployment,Medium,Junior,Go,Low,10,5,1,20,10,13,False,3,False,3.1,3,1,0,1,4.39448625
Code Review,Low,Mid,Go,Medium,13,2,1,26,8,17,False,0,False,1.5,2,0,0,0,4.95075
Feature Dev,Low,Tech Lead,Other,High,3,2,1,6,7,11,False,2,True,3.25,0,2,0,0,1.32721875
Feature Dev,Low,Senior,Other,High,7,3,3,14,7,10,True,0,False,4.75,0,2,0,1,2.29969884
Refactoring,Medium,Junior,JavaScript,Low,4,3,2,8,1,18,True,0,False,4.08333333,0,2,1,0,1.90692906
Refactoring,Medium,Tech Lead,C++,Medium,5,3,1,10,9,15,True,2,False,6.41666667,0,0,2,1,1.86666375
Client Meeting,High,Junior,Go,Medium,7,2,3,14,9,12,False,3,True,1.5,2,0,0,0,4.476175
Testing,Medium,Junior,Python,Medium,6,5,0,12,1,12,False,0,True,3.55,2,1,2,0,2.289276
Refactoring,Medium,Mid,Java,Medium,7,3,3,14,5,18,False,3,False,5.0,1,0,1,1,2.7761
Feature Dev,High,Tech Lead,JavaScript,Critical,1,4,2,2,3,10,False,1,False,4.375,0,3,0,1,0.61198406
Documentation,High,Senior,Go,High,13,2,0,26,4,13,True,3,False,2.375,1,1,0,0,5.82332625
Feature Dev,Medium,Tech Lead,C++,Low,2,5,0,4,4,11,True,1,False,3.1,3,1,0,1,0.93321113
Client Meeting,Medium,Mid,Other,Critical,3,4,0,6,9,13,True,2,False,2.375,2,2,0,0,1.22607188
Testing,Low,Tech Lead,JavaScript,Critical,12,2,3,24,5,11,False,1,False,1.5,2,0,0,0,4.2429875
Design Review,High,Junior,Python,Critical,13,3,2,26,9,11,False,2,True,3.25,0,3,0,0,5.680125
Feature Dev,High,Senior,Other,High,1,4,1,2,1,16,False,1,False,2.375,2,2,0,0,0.62701875
Refactoring,High,Tech Lead,C++,Medium,1,3,3,2,4,18,False,1,True,2.08333333,2,1,0,0,1.10637083
Refactoring,Low,Junior,C++,Critical,9,3,0,18,7,16,True,2,True,2.66666667,1,2,0,0,3.264646
Deployment,Medium,Junior,Other,High,13,5,3,26,3,11,False,0,False,3.05,2,2,1,0,4.67349638
Bug Fix,High,Junior,Python,High,11,2,0,22,5,11,False,3,False,5.75,0,0,2,0,3.854376
Refactoring,Low,Mid,Go,Critical,3,4,3,6,3,10,True,2,True,2.375,2,2,0,0,1.66658198
Documentation,Medium,Junior,Python,High,2,5,3,4,2,9,False,0,True,3.1,3,1,0,1,1.11096563
Deployment,Low,Senior,JavaScript,Low,6,4,3,12,10,9,False,2,True,3.9375,1,2,0,1,2.91717955
Code Review,Low,Tech Lead,C++,Medium,5,2,1,10,7,17,False,0,True,2.375,1,1,0,0,2.10478125
Code Review,Medium,Junior,Python,Low,7,4,2,14,8,15,False,1,False,1.9375,3,1,0,0,3.531
Feature Dev,High,Senior,Java,High,9,5,1,18,6,11,False,2,False,3.95,2,1,1,1,3.3552423
Design Review,High,Junior,Other,High,13,5,3,26,4,13,False,3,False,3.55,2,1,2,0,5.25232755
Testing,Medium,Mid,Java,High,4,5,3,8,2,9,False,3,True,3.9,1,2,2,0,1.97915355
Refactoring,High,Tech Lead,Other,Medium,11,2,0,22,2,14,False,0,False,3.625,1,0,1,0,4.50940875
Client Meeting,High,Tech Lead,Other,Low,11,3,0,22,7,13,True,0,False,3.5,1,1,1,0,5.24379818
Code Review,High,Tech Lead,Other,Critical,9,4,0,18,4,13,False,2,False,3.625,2,0,2,0,3.18591262
Design Review,High,Mid,JavaScript,Low,10,2,1,20,3,10,False,2,False,1.5,2,0,0,0,5.581125
Design Review,High,Mid,Python,Low,7,2,1,14,5,10,False,3,False,1.5,2,0,0,0,4.137925
Client Meeting,Medium,Mid,C++,Medium,12,4,1,24,4,17,False,1,True,3.0,2,1,1,0,5.1189325
Client Meeting,High,Senior,JavaScript,Low,7,2,3,14,4,9,True,1,False,5.75,0,0,2,0,3.47912565
Code Review,High,Senior,JavaScript,Low,7,5,2,14,7,11,True,2,True,3.05,2,2,1,0,4.34378741
Design Review,Medium,Junior,Go,High,1,4,2,2,5,10,False,2,False,3.9375,1,2,0,1,0.69495469
Documentation,Low,Senior,Go,Medium,8,3,1,16,1,17,False,0,True,2.66666667,1,2,0,0,3.2219
Deployment,Low,Tech Lead,JavaScript,Low,11,2,1,22,10,17,False,3,False,1.5,2,0,0,0,4.972275
Refactoring,Medium,Tech Lead,Java,Low,5,3,0,10,3,10,False,2,False,2.91666667,2,0,1,0,2.23981083
Deployment,High,Mid,Python,High,5,3,3,10,10,13,False,2,True,4.16666667,1,1,0,1,2.47390687
Deployment,Low,Tech Lead,Go,Medium,7,3,1,14,8,16,False,0,False,2.66666667,1,2,0,0,2.581
Feature Dev,Medium,Senior,Go,Medium,3,2,0,6,6,12,False,0,True,4.5,0,1,1,0,1.12035
Documentation,Low,Junior,Go,Medium,5,4,1,10,10,9,True,0,False,1.9375,3,1,0,0,2.05389844
Refactoring,Low,Junior,Java,Low,13,2,3,26,7,12,True,2,False,2.375,1,1,0,0,6.04072219
Testing,Medium,Junior,Java,High,11,2,2,22,10,11,False,1,False,5.75,0,0,2,0,3.45168
Design Review,High,Tech Lead,Go,Low,5,4,3,10,2,14,False,2,False,4.375,0,3,0,1,2.71667344
Refactoring,Low,Junior,Python,High,4,4,1,8,2,14,True,2,True,2.375,2,2,0,0,1.82581678
Documentation,High,Tech Lead,JavaScript,Medium,5,4,1,10,10,10,True,2,False,3.9375,1,2,0,1,2.38729805
Refactoring,High,Mid,C++,Medium,4,3,2,8,3,16,False,3,False,2.66666667,1,2,0,0,2.35866667
Feature Dev,Low,Senior,JavaScript,Low,8,2,1,16,4,16,False,3,False,2.375,1,1,0,0,3.59431875
Client Meeting,Medium,Senior,Go,Critical,13,5,1,26,6,16,False,1,False,3.05,2,2,1,0,4.25761494
Deployment,Medium,Junior,Java,Medium,5,3,3,10,3,9,False,3,False,3.25,0,3,0,0,2.578125
Deployment,Low,Senior,Python,Medium,6,2,1,12,2,16,False,3,False,1.5,2,0,0,0,2.67525
Client Meeting,High,Tech Lead,Python,Low,1,3,1,2,9,17,False,2,False,4.16666667,1,1,0,1,0.75475125
Client Meeting,Low,Junior,Python,Critical,4,2,2,8,3,17,False,2,False,3.25,0,2,0,0,1.5459375
Bug Fix,Low,Tech Lead,Go,High,9,3,1,18,10,13,False,3,False,2.08333333,2,1,0,0,3.3071625
Refactoring,High,Senior,Python,Low,1,3,0,2,8,10,True,2,True,2.08333333,2,1,0,0,0.83503613
Feature Dev,Low,Senior,JavaScript,Low,2,2,3,4,3,17,False,3,True,1.5,2,0,0,0,1.8231675
Client Meeting,Medium,Mid,JavaScript,Critical,5,4,2,10,8,9,False,3,False,3.0,2,1,1,0,2.036515
Feature Dev,Medium,Junior,C++,Low,12,4,2,24,10,12,True,3,False,2.375,2,2,0,0,6.12005625
Testing,Medium,Senior,Go,Medium,1,5,3,2,10,10,False,2,False,4.45,2,0,2,1,0.82002375
Code Review,High,Junior,Java,Medium,7,5,2,14,2,13,False,1,False,3.9,1,2,2,0,3.079534
Client Meeting,Medium,Tech Lead,Other,High,1,5,3,2,6,10,True,3,False,2.7,3,1,1,0,1.01725234
Design Review,Medium,Senior,Java,Critical,7,4,2,14,9,11,False,1,False,2.5625,3,0,1,0,2.564195
Feature Dev,High,Mid,Python,Medium,5,4,0,10,9,17,False,3,False,2.375,2,2,0,0,2.55125
Code Review,High,Junior,Other,Low,4,2,3,8,3,14,False,2,False,1.5,2,0,0,0,2.807475
Testing,Low,Mid,Other,Critical,12,3,1,24,3,9,True,1,False,2.08333333,2,1,0,0,4.06173031
Feature Dev,High,Senior,C++,Critical,12,2,0,24,4,11,False,1,False,2.375,1,1,0,0,4.68743125
Refactoring,High,Junior,Java,Medium,11,4,1,22,10,17,False,3,False,3.875,0,3,1,0,4.84363438
Bug Fix,High,Tech Lead,Python,Low,11,2,3,22,9,9,False,3,False,3.25,0,2,0,0,5.9915625
Feature Dev,Low,Mid,Other,Low,5,2,1,10,1,15,False,2,False,3.25,0,2,0,0,2.2171875
Documentation,Medium,Mid,C++,Critical,13,4,1,26,8,9,False,3,False,3.4375,1,2,1,0,4.3236007
Documentation,High,Senior,JavaScript,Low,3,5,0,6,5,9,True,2,False,3.55,2,1,2,0,1.58246204
Design Review,Low,Tech Lead,Other,Critical,10,2,3,20,10,17,False,3,False,2.375,1,1,0,0,3.62817188
Code Review,Medium,Mid,Java,Medium,13,3,0,26,4,18,False,3,False,2.91666667,2,0,1,0,5.09047917
Testing,High,Mid,C++,Medium,3,5,3,6,3,9,True,0,False,2.9,1,4,0,0,1.8350325
Bug Fix,Medium,Senior,Python,Critical,12,5,0,24,9,17,False,3,False,3.05,2,2,1,0,3.98419012
Documentation,Medium,Senior,JavaScript,Medium,1,4,1,2,5,12,True,3,False,2.8125,1,3,0,0,0.85624219
Testing,High,Junior,JavaScript,Critical,6,2,3,12,3,15,False,2,False,2.375,1,1,0,0,2.84415312
Bug Fix,Low,Senior,Go,Low,2,2,0,4,3,11,False,3,False,1.5,2,0,0,0,1.15005
Documentation,Medium,Junior,Go,Critical,12,4,0,24,9,17,False,0,False,4.0625,1,1,2,0,3.439695
Testing,High,Senior,C++,High,4,5,1,8,3,13,False,0,False,2.55,2,3,0,0,1.7417475
Design Review,Low,Tech Lead,Java,Critical,4,2,1,8,5,12,True,0,False,2.375,1,1,0,0,1.39246734
Design Review,Low,Junior,JavaScript,High,5,4,2,10,9,15,False,1,True,2.8125,1,3,0,0,2.08951875
Design Review,Medium,Tech Lead,Other,High,8,4,1,16,6,11,False,3,False,4.125,2,0,1,1,2.70109125
Design Review,Low,Tech Lead,C++,Low,10,3,3,20,1,16,False,2,True,4.16666667,1,1,0,1,4.35612604
Deployment,Medium,Senior,C++,Low,1,2,1,2,7,16,False,3,False,3.625,1,0,1,0,0.83326031
Code Review,High,Senior,JavaScript,Critical,5,2,2,10,2,9,False,0,False,2.375,1,1,0,0,2.1685625
Code Review,High,Mid,Python,Medium,13,5,3,26,6,16,False,0,False,4.8,1,1,2,1,4.921522
Code Review,Low,Tech Lead,JavaScript,Medium,9,3,1,18,6,17,False,2,False,2.08333333,2,1,0,0,3.57504167
Bug Fix,High,Tech Lead,JavaScript,Low,2,3,2,4,5,12,False,2,False,2.91666667,2,0,1,0,1.44569608
Feature Dev,Medium,Mid,Python,Critical,3,2,1,6,2,14,False,2,False,3.625,1,0,1,0,1.17413953
Design Review,Medium,Tech Lead,Python,Low,6,4,3,12,10,10,False,3,False,3.25,0,4,0,0,3.2484375
Feature Dev,High,Mid,Java,Medium,10,2,0,20,6,15,False,1,False,1.5,2,0,0,0,4.8175
Documentation,Medium,Mid,Other,Critical,6,4,3,12,10,14,False,2,False,3.0,2,1,1,0,2.38898875
Feature Dev,High,Senior,C++,High,3,4,0,6,2,9,True,2,False,3.0,2,1,1,0,1.37589165
Feature Dev,High,Senior,Other,Critical,5,3,3,10,9,18,False,0,False,4.16666667,1,1,0,1,1.98005729
Documentation,Medium,Junior,Java,Low,8,4,3,16,4,15,False,0,False,2.375,2,2,0,0,3.93971875
Deployment,High,Mid,Other,Medium,3,3,3,6,8,13,True,2,False,3.25,0,3,0,0,1.99828125
Bug Fix,Medium,Junior,Python,High,2,4,0,4,6,18,False,0,False,1.9375,3,1,0,0,0.72225
Testing,High,Tech Lead,Other,High,7,4,0,14,6,16,True,3,False,4.125,2,0,1,1,2.7351324
Feature Dev,Medium,Tech Lead,Go,Critical,11,4,1,22,2,17,False,3,False,2.375,2,2,0,0,4.04520313
Design Review,High,Mid,Java,Medium,13,5,0,26,9,14,True,2,False,2.55,2,3,0,0,6.3105525
Design Review,Medium,Mid,Go,Low,9,4,1,18,10,12,True,3,True,3.5,2,1,0,1,4.52163009
Client Meeting,Low,Junior,JavaScript,High,2,2,2,4,2,14,False,1,False,1.5,2,0,0,0,1.0332
Deployment,Medium,Mid,JavaScript,High,8,3,3,16,3,13,True,2,False,1.5,3,0,0,0,3.72920625
Feature Dev,High,Junior,Go,Critical,3,3,0,6,3,13,True,2,False,5.0,1,0,1,1,1.1027373
Testing,Medium,Junior,JavaScript,Critical,12,5,0,24,8,9,True,0,False,3.05,2,2,1,0,3.9373173
Testing,Medium,Senior,Java,Critical,5,5,3,10,2,18,False,3,False,1.85,4,1,0,0,2.35503125
Testing,Medium,Tech Lead,C++,Low,2,5,1,4,9,14,False,1,False,2.2,3,2,0,0,1.14345
Documentation,High,Tech Lead,Java,High,5,3,1,10,9,15,True,2,False,4.75,0,2,0,1,2.05191984
Code Review,Medium,Mid,Other,Low,10,3,1,20,5,17,False,2,False,3.5,1,1,1,0,4.29334125
Code Review,Low,Junior,Python,Medium,12,3,3,24,3,11,True,1,False,4.75,0,2,0,1,4.18987406
Code Review,High,Tech Lead,Java,Low,13,3,2,26,8,16,False,3,False,2.08333333,2,1,0,0,7.20784167
Feature Dev,Medium,Senior,C++,Low,12,3,1,24,3,17,False,0,False,3.5,1,1,1,0,4.88552625
Feature Dev,High,Mid,Java,High,1,3,1,2,5,10,False,0,False,5.58333333,0,1,1,1,0.5
Testing,Medium,Junior,C++,Critical,7,4,1,14,1,13,False,1,False,4.5625,1,1,1,1,2.07950906
Bug Fix,High,Tech Lead,Other,Medium,8,5,0,16,4,12,True,1,False,3.05,2,2,1,0,3.64780868
Refactoring,Medium,Tech Lead,Python,High,5,3,1,10,10,12,True,0,False,3.58333333,2,0,0,1,1.77735797
Refactoring,Low,Mid,Other,Low,4,4,2,8,1,14,False,3,False,3.0625,3,0,0,1,2.01854813
Client Meeting,Medium,Tech Lead,JavaScript,High,7,2,0,14,6,9,False,0,False,1.5,2,0,0,0,2.583
Refactoring,Medium,Mid,Python,High,9,4,0,18,3,17,False,1,False,3.625,2,0,2,0,2.87587125
Code Review,Medium,Mid,Go,Critical,13,3,2,26,3,18,False,1,False,2.66666667,1,2,0,0,4.60133333
Feature Dev,Medium,Tech Lead,JavaScript,Critical,11,2,0,22,4,16,False,0,False,4.5,0,1,1,0,3.174325
Documentation,Medium,Tech Lead,C++,Critical,1,5,3,2,9,15,True,3,False,4.8,1,1,2,1,0.78558742
Feature Dev,Medium,Mid,Other,Critical,13,2,2,26,1,9,False,1,True,4.5,0,1,1,0,4.444055
Deployment,Medium,Tech Lead,Other,Medium,6,5,1,12,9,14,False,0,False,3.05,2,2,1,0,2.34364125
Feature Dev,Medium,Junior,Python,Low,11,4,2,22,10,18,False,3,True,2.5625,3,0,1,0,5.70344844
Design Review,Medium,Mid,JavaScript,Critical,6,5,0,12,9,13,False,2,True,2.7,3,1,1,0,2.27553755
Bug Fix,Medium,Mid,Python,Critical,1,2,0,2,10,16,True,2,False,3.25,0,2,0,0,0.50203125
Testing,High,Junior,Java,Critical,13,4,1,26,5,18,False,0,False,3.5,2,1,0,1,4.57872688
Design Review,Low,Junior,Go,High,7,2,0,14,4,17,True,0,True,2.375,1,1,0,0,2.57042363
Testing,High,Senior,JavaScript,Medium,8,2,3,16,9,13,True,0,True,4.5,0,1,1,0,4.04866481
Documentation,Medium,Senior,Other,Critical,4,2,1,8,10,18,True,2,False,3.25,0,2,0,0,1.63160156
Bug Fix,Low,Mid,C++,Low,1,2,0,2,10,9,False,1,True,2.375,1,1,0,0,0.54616375
Feature Dev,High,Junior,Python,Low,7,3,0,14,10,13,True,2,False,2.66666667,1,2,0,0,3.81843
Code Review,High,Mid,Python,Critical,7,5,3,14,8,11,False,2,True,3.9,1,2,2,0,3.07821542
Testing,Medium,Mid,Go,Medium,5,4,2,10,2,10,True,3,False,3.4375,1,2,1,0,2.45776781
Client Meeting,High,Senior,Other,High,2,3,3,4,4,15,False,3,False,4.08333333,0,2,1,0,1.30604438
Documentation,Medium,Senior,C++,Medium,9,4,0,18,5,10,False,3,False,1.9375,3,1,0,0,3.9121875
Code Review,High,Mid,JavaScript,Medium,2,2,3,4,5,18,False,1,True,4.5,0,1,1,0,1.37242875
Bug Fix,Medium,Junior,JavaScript,Low,5,4,2,10,9,9,False,2,False,2.8125,1,3,0,0,2.63828125
Bug Fix,High,Mid,Other,Low,7,3,0,14,1,15,True,0,False,2.66666667,1,2,0,0,3.59513
Design Review,Medium,Junior,Go,High,11,2,1,22,8,9,True,2,False,4.5,0,1,1,0,3.80982656
Code Review,Medium,Mid,JavaScript,Low,4,3,2,8,5,11,False,2,True,4.33333333,1,0,2,0,2.109877
Refactoring,High,Junior,Go,Medium,3,5,3,6,6,12,False,1,False,3.95,2,1,1,1,1.602479
Code Review,High,Mid,C++,Low,2,2,1,4,8,10,False,2,False,4.5,0,1,1,0,1.18570375
Testing,Low,Senior,JavaScript,Critical,4,3,3,8,9,17,False,3,True,4.16666667,1,1,0,1,1.73453019
Documentation,Medium,Junior,C++,Low,2,3,3,4,9,17,True,3,True,2.91666667,2,0,1,0,1.82264607
Deployment,High,Junior,Go,Low,13,4,0,26,7,14,True,2,True,5.625,0,1,2,1,5.93980348
Testing,Medium,Junior,C++,Medium,6,4,1,12,8,15,True,2,False,2.8125,1,3,0,0,2.77019531
Feature Dev,Medium,Senior,Go,Critical,11,3,2,22,6,14,False,3,False,3.5,1,1,1,0,3.8133125
Testing,Medium,Mid,JavaScript,Critical,3,5,0,6,4,14,True,2,False,3.95,2,1,1,1,1.03745985
Documentation,High,Tech Lead,Go,Critical,1,4,1,2,4,9,False,0,False,3.4375,1,2,1,0,0.5
Code Review,High,Tech Lead,Java,Medium,4,5,3,8,8,12,True,0,True,4.8,1,1,2,1,2.02444473
Documentation,Medium,Senior,JavaScript,High,10,4,3,20,1,15,True,0,False,4.125,2,0,1,1,3.45776681
Code Review,Low,Tech Lead,Other,Low,12,3,2,24,7,9,False,3,True,2.66666667,1,2,0,0,5.75476
Testing,High,Mid,Go,High,4,5,1,8,3,16,False,3,True,2.55,2,3,0,0,2.20475475
Refactoring,Medium,Tech Lead,JavaScript,Critical,7,3,1,14,2,10,False,3,True,3.58333333,2,0,0,1,2.65827318
Code Review,High,Senior,Go,Medium,13,3,2,26,8,17,False,0,False,4.91666667,0,1,2,0,5.04231667
Client Meeting,High,Junior,Other,High,9,4,2,18,2,16,True,0,False,3.0,2,1,1,0,3.8664297
Refactoring,High,Tech Lead,Go,Critical,4,3,0,8,5,16,False,0,False,2.66666667,1,2,0,0,1.51186667
Documentation,Low,Mid,Python,High,13,3,2,26,4,12,False,3,False,2.08333333,2,1,0,0,4.7322
Bug Fix,High,Mid,C++,Critical,2,5,3,4,3,18,False,1,False,4.3,1,2,1,1,1.0173429
Testing,Medium,Mid,Other,Medium,12,4,2,24,9,12,True,1,False,3.4375,1,2,1,0,4.91553563
Feature Dev,High,Junior,Go,Low,12,4,2,24,2,16,False,0,True,5.1875,1,0,2,1,5.3274243
Code Review,High,Junior,JavaScript,Low,1,4,1,2,6,15,False,1,False,4.125,2,0,1,1,0.64217725
Refactoring,Medium,Junior,Java,Medium,9,3,0,18,10,10,False,0,False,3.5,1,1,1,0,3.2301
Code Review,Low,Senior,Java,High,13,5,2,26,6,17,False,2,False,3.45,2,2,0,1,4.10780475
Bug Fix,Low,Mid,C++,Low,5,3,1,10,4,17,False,1,False,2.66666667,1,2,0,0,2.17983333
Deployment,High,Tech Lead,Other,Critical,8,5,2,16,2,12,False,0,False,4.8,1,1,2,1,2.5893482
Documentation,Low,Junior,C++,High,5,5,2,10,9,14,False,0,False,2.2,3,2,0,0,1.8711
Code Review,Medium,Tech Lead,Python,Low,10,3,1,20,10,14,True,1,False,4.75,0,2,0,1,4.02210703
Refactoring,High,Junior,Other,High,5,4,2,10,9,11,False,2,False,3.4375,1,2,1,0,2.26870875
Bug Fix,Medium,Mid,Java,Low,2,3,0,4,9,17,False,0,False,5.58333333,0,1,1,1,0.68816
Testing,Low,Tech Lead,Other,High,11,3,1,22,3,11,True,2,True,2.08333333,2,1,0,0,4.46157731
Refactoring,High,Mid,Java,Low,1,5,2,2,3,15,False,3,True,2.55,2,3,0,0,1.2473285
Feature Dev,Medium,Junior,Java,High,10,3,0,20,1,14,True,2,False,2.08333333,2,1,0,0,3.9524625
Code Review,Low,Mid,Python,Critical,13,2,3,26,3,17,False,0,False,1.5,2,0,0,0,4.4695125
Feature Dev,Medium,Mid,JavaScript,Medium,6,3,0,12,10,17,False,1,False,3.5,1,1,1,0,2.243125
Client Meeting,Medium,Senior,C++,High,6,5,1,12,5,17,True,3,False,2.7,3,1,1,0,2.52101666
Design Review,High,Junior,Python,High,6,5,0,12,2,17,True,0,False,3.45,2,2,0,1,2.29815022
Refactoring,Medium,Mid,Other,High,11,4,1,22,2,13,False,3,True,2.5625,3,0,1,0,4.52646408
Design Review,Medium,Tech Lead,Python,High,10,5,1,20,9,13,False,1,True,2.7,3,1,1,0,3.93843038
Code Review,High,Junior,C++,High,8,5,0,16,5,10,False,0,False,3.45,2,2,0,1,2.918286
Bug Fix,Medium,Tech Lead,Go,Medium,9,5,3,18,3,11,False,3,False,3.05,2,2,1,0,3.99797625
Client Meeting,High,Tech Lead,Java,Critical,2,3,3,4,9,9,True,3,False,4.08333333,0,2,1,0,1.29516067
Deployment,High,Senior,Java,Medium,2,4,2,4,3,15,True,0,False,2.375,2,2,0,0,1.25698125
Documentation,High,Mid,JavaScript,High,11,2,1,22,9,13,False,1,False,3.625,1,0,1,0,4.25898506
Design Review,Medium,Junior,C++,High,12,4,1,24,9,11,False,1,False,3.875,0,3,1,0,3.99533906
Design Review,Medium,Mid,Other,Low,12,5,2,24,1,14,False,1,False,3.4,1,3,1,0,5.160012
Feature Dev,Medium,Tech Lead,JavaScript,High,3,3,1,6,1,17,False,2,False,1.5,3,0,0,0,1.429875
Design Review,High,Junior,C++,High,10,2,2,20,4,15,True,2,True,4.5,0,1,1,0,4.49960569
Feature Dev,High,Mid,Python,Medium,11,5,0,22,2,18,True,2,True,3.95,2,1,1,1,5.04432159
Refactoring,Medium,Tech Lead,C++,Low,12,3,1,24,9,18,False,2,True,2.08333333,2,1,0,0,6.20553542
Client Meeting,Medium,Senior,Other,Medium,11,4,2,22,4,17,False,1,False,3.0625,3,0,0,1,4.31775
Bug Fix,High,Mid,JavaScript,Critical,11,2,0,22,10,10,False,0,True,3.625,1,0,1,0,4.21629718
Testing,High,Mid,C++,Critical,7,4,0,14,7,10,True,2,False,3.5,2,1,0,1,2.68225256
Bug Fix,High,Junior,Go,High,3,4,2,6,4,13,False,0,False,4.5625,1,1,1,1,1.212813
Client Meeting,High,Junior,Go,High,3,3,3,6,2,16,True,3,True,3.25,0,3,0,0,2.07575156
Refactoring,Medium,Senior,Other,Critical,9,3,3,18,2,16,False,0,False,4.16666667,1,1,0,1,2.91608437
Documentation,Medium,Junior,C++,Medium,10,4,2,20,4,14,True,3,False,3.9375,1,2,0,1,4.14398906
Design Review,High,Senior,Go,Critical,7,3,0,14,3,12,True,1,False,4.16666667,1,1,0,1,2.50999262
Refactoring,Low,Tech Lead,Go,Medium,13,3,2,26,7,18,True,3,False,4.16666667,1,1,0,1,4.69623
Bug Fix,Low,Tech Lead,JavaScript,Low,2,3,3,4,9,13,False,3,False,1.5,3,0,0,0,1.657425
Deployment,High,Junior,Other,Low,5,2,1,10,2,14,False,2,False,1.5,2,0,0,0,2.987875
Documentation,Low,Junior,Python,Critical,6,2,2,12,5,14,False,0,True,1.5,2,0,0,0,2.3576025
Refactoring,Medium,Senior,Python,Critical,13,5,0,26,9,18,False,1,False,3.55,2,1,2,0,3.90651075
Refactoring,Medium,Junior,Other,Medium,3,3,1,6,9,13,True,0,False,2.66666667,1,2,0,0,1.37025
Client Meeting,Medium,Junior,Python,Medium,7,3,3,14,5,16,True,0,True,4.16666667,1,1,0,1,3.17973906
Design Review,Medium,Mid,Go,Medium,7,5,3,14,9,15,False,1,False,3.95,2,1,1,1,2.781505
Documentation,Medium,Senior,Python,Low,11,5,0,22,2,9,False,0,False,4.3,1,2,1,1,3.940728
Feature Dev,Low,Senior,Other,Critical,9,5,0,18,3,18,False,1,False,1.5,5,0,0,0,2.909975
Testing,Medium,Tech Lead,Other,High,9,3,3,18,3,9,False,0,False,4.16666667,1,1,0,1,3.08761875
Feature Dev,Low,Mid,C++,Critical,8,4,0,16,8,15,True,1,True,1.9375,3,1,0,0,2.93475755
Refactoring,Medium,Senior,Go,Low,5,3,1,10,3,17,True,0,False,4.33333333,1,0,2,0,2.06192525
Client Meeting,Medium,Junior,Python,Medium,8,4,2,16,1,15,False,3,False,3.5,2,1,0,1,3.33925
Testing,Medium,Senior,Other,Critical,8,5,2,16,4,11,True,2,False,3.45,2,2,0,1,2.90969503
Deployment,Medium,Senior,Other,Low,12,4,0,24,2,17,False,1,False,4.375,0,3,0,1,4.51244063
Documentation,Medium,Senior,Other,High,8,3,1,16,3,14,False,3,False,2.08333333,2,1,0,0,3.2713125
Code Review,Medium,Tech Lead,Python,Medium,3,4,2,6,4,16,False,0,False,4.0625,1,1,2,0,1.26459375
Feature Dev,Medium,Tech Lead,Python,Medium,1,3,1,2,4,12,True,2,False,4.75,0,2,0,1,0.64525781
Documentation,High,Tech Lead,JavaScript,Low,6,2,2,12,6,15,True,3,False,2.375,1,1,0,0,3.808035
Testing,Medium,Senior,Go,Medium,4,2,1,8,8,10,False,2,False,5.75,0,0,2,0,1.55805
Feature Dev,Medium,Tech Lead,Java,Critical,10,3,1,20,3,15,False,3,True,4.16666667,1,1,0,1,3.52450198
Testing,Medium,Senior,Python,Critical,13,2,1,26,7,13,True,0,False,2.375,1,1,0,0,4.68534609
Bug Fix,High,Junior,Go,High,5,4,2,10,5,15,True,1,False,3.625,2,0,2,0,2.20353919
Refactoring,Low,Tech Lead,JavaScript,Low,13,2,0,26,3,11,False,0,False,1.5,2,0,0,0,5.2767
Client Meeting,Low,Senior,Java,Medium,7,5,0,14,2,10,False,1,False,3.1,3,1,0,1,2.352105
Deployment,Medium,Senior,Other,Medium,4,3,0,8,1,18,False,2,False,1.5,3,0,0,0,1.845
Documentation,Low,Junior,Java,Medium,10,3,3,20,6,13,True,2,False,3.58333333,2,0,0,1,3.90375781
Client Meeting,Medium,Tech Lead,Python,Critical,11,3,1,22,1,16,False,1,False,3.5,1,1,1,0,3.54638062
Bug Fix,High,Junior,Python,Medium,7,2,3,14,3,10,True,0,True,1.5,2,0,0,0,4.34482125
Design Review,High,Mid,Go,High,6,2,0,12,1,10,True,2,False,4.5,0,1,1,0,2.3741235
Client Meeting,Medium,Junior,JavaScript,Medium,3,4,0,6,8,17,False,2,False,4.375,0,3,0,1,1.1720625
Client Meeting,Medium,Mid,Go,Critical,8,4,2,16,3,12,False,0,False,2.375,2,2,0,0,2.91921875
Bug Fix,Medium,Tech Lead,C++,Critical,7,3,2,14,3,16,False,2,True,2.91666667,2,0,1,0,2.85575881
Testing,Low,Junior,JavaScript,High,5,3,0,10,1,9,True,0,False,3.58333333,2,0,0,1,1.48802063
Deployment,High,Mid,Python,Medium,3,2,1,6,8,9,False,1,False,3.25,0,2,0,0,1.528125
Refactoring,Low,Mid,Other,Low,10,4,0,20,3,10,False,0,False,3.5,2,1,0,1,3.47985
Deployment,Low,Senior,Java,Critical,2,3,2,4,7,12,True,0,False,2.66666667,1,2,0,0,0.880005
Feature Dev,Medium,Tech Lead,Java,Critical,11,5,3,22,1,11,False,3,True,3.55,2,1,2,0,4.17554404
Client Meeting,Medium,Junior,Java,Critical,5,2,3,10,7,17,False,2,True,3.25,0,2,0,0,2.32289063
Refactoring,Low,Mid,Java,Medium,12,5,1,24,7,11,False,1,False,2.75,4,0,0,1,4.17869375
Design Review,Medium,Tech Lead,Go,High,8,3,3,16,7,18,False,2,False,2.91666667,2,0,1,0,3.20700187
Testing,High,Senior,Java,Medium,9,3,2,18,3,16,False,2,False,4.91666667,0,1,2,0,3.72553333
Code Review,High,Senior,JavaScript,Low,12,4,3,24,1,15,True,2,True,3.4375,1,2,1,0,7.05729121
Documentation,Low,Mid,Python,Low,6,3,1,12,5,9,False,0,False,1.5,3,0,0,0,2.604525
Deployment,Medium,Junior,Go,Critical,4,2,3,8,7,15,False,1,False,3.625,1,0,1,0,1.62864516
Documentation,High,Junior,JavaScript,High,11,2,1,22,6,18,False,1,True,2.375,1,1,0,0,5.15833313
Code Review,High,Senior,Python,Medium,7,2,1,14,2,10,False,3,False,1.5,2,0,0,0,3.76175
Code Review,Medium,Tech Lead,Go,Medium,11,2,3,22,9,16,True,2,False,2.375,1,1,0,0,5.20307813
Testing,Low,Mid,Go,High,12,4,2,24,6,9,True,0,True,2.375,2,2,0,0,4.71244331
Design Review,Medium,Mid,JavaScript,Critical,8,5,1,16,8,15,False,1,False,3.05,2,2,1,0,2.69518744
Design Review,Medium,Junior,Python,Low,11,4,1,22,9,12,False,1,False,4.125,2,0,1,1,4.20580875
Feature Dev,Low,Senior,Other,Critical,4,3,2,8,8,12,True,0,False,3.58333333,2,0,0,1,1.35850772
Bug Fix,Medium,Tech Lead,C++,Low,4,5,2,8,8,16,True,0,True,2.55,2,3,0,0,2.34756638
Code Review,High,Mid,C++,Critical,4,2,1,8,7,11,False,2,False,1.5,2,0,0,0,1.9080375
Refactoring,Low,Mid,Other,High,5,5,3,10,3,18,False,0,True,2.2,3,2,0,0,2.205225
Documentation,Low,Senior,Go,Low,9,2,0,18,3,10,False,2,False,1.5,2,0,0,0,3.8786
Deployment,Medium,Tech Lead,Python,High,8,3,1,16,4,16,False,3,False,4.16666667,1,1,0,1,2.78266875
Bug Fix,Medium,Mid,C++,Medium,11,4,0,22,8,13,True,3,False,4.0625,1,1,2,0,4.16051344
Bug Fix,Medium,Tech Lead,C++,High,1,4,3,2,8,11,True,0,True,3.9375,1,2,0,1,0.75807974
Refactoring,Medium,Mid,JavaScript,Critical,7,5,3,14,1,14,True,0,False,3.9,1,2,2,0,2.46756169
Refactoring,Medium,Tech Lead,C++,Low,13,2,3,26,5,13,False,2,False,3.25,0,2,0,0,6.0328125
Refactoring,Medium,Mid,JavaScript,Medium,11,2,0,22,10,13,True,1,False,3.625,1,0,1,0,4.21086094
Refactoring,Low,Senior,Go,Medium,4,3,3,8,2,15,True,3,False,2.08333333,2,1,0,0,2.28991875
Deployment,Medium,Senior,Other,Critical,5,3,0,10,3,17,False,1,True,2.66666667,1,2,0,0,1.89805
Client Meeting,Low,Senior,JavaScript,High,2,5,1,4,2,18,False,0,False,2.55,2,3,0,0,0.7614675
Bug Fix,High,Tech Lead,Other,Low,10,4,2,20,5,10,False,0,True,3.5,2,1,0,1,5.21010875
Documentation,Medium,Tech Lead,C++,Medium,12,3,2,24,4,11,True,0,True,6.41666667,0,0,2,1,4.45616325
Refactoring,Medium,Tech Lead,Other,High,1,5,3,2,5,13,False,2,False,3.45,2,2,0,1,0.83266312
Documentation,High,Tech Lead,C++,Low,12,5,3,24,2,14,True,0,False,3.45,2,2,0,1,6.07566527
Bug Fix,Low,Mid,C++,Low,8,3,2,16,4,12,True,2,True,2.66666667,1,2,0,0,4.151147
Documentation,Medium,Junior,Other,Critical,9,5,2,18,9,16,False,2,False,2.2,3,2,0,0,3.45015
Design Review,Medium,Mid,C++,High,7,5,2,14,3,10,True,2,False,2.7,3,1,1,0,2.91907193
Client Meeting,Medium,Junior,C++,Medium,5,4,2,10,3,14,False,3,False,4.125,2,0,1,1,2.13785
Testing,Medium,Senior,Java,Critical,11,2,0,22,6,18,False,1,False,1.5,2,0,0,0,3.920625
Design Review,Medium,Mid,Java,Medium,13,2,1,26,6,14,True,2,False,3.625,1,0,1,0,5.19339516
Feature Dev,Medium,Mid,Java,Critical,1,3,1,2,10,9,False,2,False,2.66666667,1,2,0,0,0.61625
Testing,Medium,Tech Lead,Go,Low,12,3,3,24,4,10,False,1,True,2.08333333,2,1,0,0,6.44652708
Deployment,High,Senior,Python,Critical,12,5,3,24,3,10,False,2,False,3.05,2,2,1,0,4.82008884
Bug Fix,Medium,Tech Lead,Other,Critical,7,3,1,14,4,15,False,3,False,2.66666667,1,2,0,0,2.67041667
Client Meeting,Medium,Junior,C++,Low,5,3,0,10,3,13,False,1,False,2.66666667,1,2,0,0,2.233
Design Review,Low,Junior,Python,Medium,5,2,1,10,4,9,False,2,False,2.375,1,1,0,0,2.1096875
Feature Dev,Medium,Mid,Python,High,8,2,0,16,10,17,False,2,False,4.5,0,1,1,0,2.597175
Documentation,Medium,Tech Lead,C++,High,4,2,1,8,7,10,False,1,False,2.375,1,1,0,0,1.63378125
Bug Fix,High,Senior,Other,Low,9,3,1,18,6,16,True,3,False,6.41666667,0,0,2,1,4.01054693
Design Review,High,Mid,JavaScript,High,7,2,1,14,7,9,False,1,False,3.25,0,2,0,0,2.9278125
Bug Fix,Low,Junior,Other,Critical,13,2,2,26,6,18,False,1,False,2.375,1,1,0,0,4.2370375
Code Review,High,Senior,Go,Low,11,3,3,22,6,18,False,2,True,4.08333333,0,2,1,0,6.00372002
Design Review,High,Mid,Python,Critical,10,3,1,20,4,9,False,2,False,4.33333333,1,0,2,0,3.4936275
Design Review,Low,Junior,Go,Critical,6,2,0,12,3,10,False,0,False,3.25,0,2,0,0,1.72125
Bug Fix,Medium,Senior,JavaScript,Low,8,3,0,16,6,17,True,1,False,2.08333333,2,1,0,0,3.79561875
Testing,Medium,Tech Lead,Java,Low,2,3,1,4,7,16,False,2,False,2.66666667,1,2,0,0,1.22283333
Design Review,Medium,Tech Lead,Python,High,7,5,3,14,4,14,False,2,True,1.5,5,0,0,0,3.5008875
Testing,Medium,Junior,Python,Medium,1,2,1,2,10,9,True,2,True,2.375,1,1,0,0,0.85000781
Testing,Medium,Mid,Java,Medium,1,3,1,2,2,9,False,0,False,4.75,0,2,0,1,0.5
Deployment,High,Tech Lead,JavaScript,Medium,8,4,2,16,8,13,True,0,False,3.5,2,1,0,1,3.67229625
Deployment,High,Tech Lead,Other,High,13,4,3,26,5,10,False,3,False,4.125,2,0,1,1,4.98036825
Deployment,Medium,Junior,JavaScript,Medium,6,2,1,12,7,9,True,0,False,3.625,1,0,1,0,2.38615453
Deployment,High,Mid,Python,High,12,4,3,24,6,15,False,0,False,3.0,2,1,1,0,4.9512195
Refactoring,High,Senior,Python,High,9,3,2,18,7,16,False,3,True,3.5,1,1,1,0,4.21043535
Feature Dev,High,Junior,C++,Medium,12,5,3,24,7,9,False,1,False,3.45,2,2,0,1,5.34842875
Feature Dev,High,Mid,Java,Low,9,2,3,18,5,9,True,3,False,3.625,1,0,1,0,5.03338244
Testing,High,Junior,Java,Low,3,4,1,6,6,11,False,3,False,5.625,0,1,2,1,1.5228345
Code Review,High,Mid,Java,Low,2,5,2,4,8,13,False,1,False,3.9,1,2,2,0,1.2352164
Code Review,Medium,Tech Lead,Java,Low,13,4,3,26,10,18,True,0,True,1.9375,3,1,0,0,7.20075727
Documentation,Medium,Tech Lead,Python,Critical,1,2,2,2,1,18,True,0,False,3.625,1,0,1,0,0.55676939
Code Review,Medium,Junior,C++,Medium,13,2,1,26,6,11,False,2,True,3.625,1,0,1,0,5.44069969
Refactoring,High,Senior,C++,High,9,4,1,18,1,11,False,2,False,3.0,2,1,1,0,3.7237815
Testing,High,Tech Lead,Python,Low,3,4,3,6,5,12,True,1,True,4.375,0,3,0,1,2.05283817
Bug Fix,Medium,Junior,JavaScript,High,9,2,2,18,7,18,False,2,False,2.375,1,1,0,0,3.6208125
Feature Dev,Medium,Senior,Java,Critical,11,3,1,22,7,10,True,3,False,2.91666667,2,0,1,0,4.0063228
Testing,High,Junior,Java,Critical,3,4,1,6,10,10,True,1,False,2.375,2,2,0,0,1.42749797
Testing,High,Senior,Java,Medium,3,2,1,6,9,11,False,3,True,1.5,2,0,0,0,2.063325
Bug Fix,Medium,Mid,Python,High,4,5,1,8,4,14,False,1,False,3.55,2,1,2,0,1.44380475
Testing,Medium,Mid,C++,Critical,2,4,1,4,5,12,False,3,False,3.0,2,1,1,0,0.97909375
Deployment,High,Senior,C++,Medium,4,3,2,8,1,13,True,3,False,2.91666667,2,0,1,0,2.37123775
Code Review,High,Junior,C++,Critical,10,4,1,20,2,13,True,1,False,2.8125,1,3,0,0,4.15277461
Code Review,Medium,Tech Lead,C++,High,2,5,2,4,5,17,False,2,False,1.5,5,0,0,0,1.19925
Design Review,High,Senior,Other,Critical,3,3,3,6,3,9,False,0,False,3.5,1,1,1,0,1.39567238
Client Meeting,Low,Senior,Python,Low,11,3,3,22,7,15,True,3,False,2.66666667,1,2,0,0,5.258715
Code Review,Medium,Mid,Java,Critical,7,2,1,14,4,14,True,0,False,1.5,2,0,0,0,2.69869688
Client Meeting,High,Tech Lead,JavaScript,High,12,2,1,24,7,16,True,2,False,1.5,2,0,0,0,5.68582875
Feature Dev,Medium,Junior,Java,Low,5,3,1,10,6,12,True,1,False,4.16666667,1,1,0,1,2.20135781
Documentation,Medium,Mid,Python,Medium,10,4,1,20,9,11,True,2,False,3.0,2,1,1,0,4.20895125
Feature Dev,Medium,Mid,Java,High,7,3,3,14,9,18,False,3,True,4.16666667,1,1,0,1,2.97707437
Client Meeting,Medium,Tech Lead,JavaScript,Medium,3,5,1,6,3,10,False,3,False,4.3,1,2,1,1,1.34343
Client Meeting,Low,Senior,JavaScript,Low,6,3,0,12,10,13,True,3,False,2.08333333,2,1,0,0,2.82946125
Design Review,High,Mid,Java,Low,5,4,3,10,7,12,False,3,False,3.4375,1,2,1,0,3.02044359
Feature Dev,High,Mid,Go,Medium,7,4,2,14,10,12,True,0,False,5.1875,1,0,2,1,2.796024
Refactoring,Medium,Tech Lead,Other,Critical,3,5,0,6,4,17,True,0,True,1.5,5,0,0,0,1.2075525
Design Review,High,Junior,Other,High,11,2,2,22,6,16,True,3,False,3.25,0,2,0,0,5.01440625
Code Review,Medium,Senior,Go,Medium,12,5,1,24,8,10,False,3,False,2.35,4,0,1,0,5.00338125
Feature Dev,High,Junior,Go,Medium,10,4,2,20,5,9,False,2,False,5.0,0,2,1,1,3.9882
Design Review,High,Tech Lead,Java,Critical,4,3,2,8,9,10,True,3,True,2.66666667,1,2,0,0,2.315621
Design Review,High,Mid,Python,Medium,8,3,1,16,6,14,True,0,True,2.91666667,2,0,1,0,4.09427239
Client Meeting,Medium,Junior,Python,Critical,1,2,1,2,9,10,False,0,False,4.5,0,1,1,0,0.5
Documentation,High,Mid,JavaScript,Critical,1,2,0,2,4,10,True,2,False,3.25,0,2,0,0,0.55223438
Deployment,Medium,Tech Lead,Java,Medium,7,4,2,14,6,10,False,0,False,4.0625,1,1,2,0,2.61349375
Refactoring,Low,Mid,Python,Critical,10,3,0,20,1,16,True,2,False,1.5,3,0,0,0,3.4762875
Code Review,Medium,Mid,C++,High,12,4,0,24,3,14,True,1,False,2.5625,3,0,1,0,4.36525917
Testing,Medium,Tech Lead,C++,Medium,12,5,3,24,2,10,True,3,False,2.2,3,2,0,0,5.769225
Feature Dev,High,Tech Lead,Java,Medium,8,4,2,16,10,10,False,2,True,2.375,2,2,0,0,4.5117875
Code Review,Medium,Senior,Other,Medium,7,2,2,14,8,15,True,2,False,4.5,0,1,1,0,2.94091875
Bug Fix,High,Junior,JavaScript,High,9,3,3,18,10,10,False,2,True,6.41666667,0,0,2,1,3.58739865
Feature Dev,Medium,Junior,Java,Medium,9,2,2,18,9,10,True,2,False,3.625,1,0,1,0,3.83656219
Documentation,Low,Senior,Go,Low,6,4,0,12,1,18,False,1,True,1.9375,3,1,0,0,2.74314563
Code Review,High,Senior,Java,Low,9,2,1,18,2,9,False,2,True,3.25,0,2,0,0,5.09334375
Design Review,Low,Junior,C++,High,2,5,1,4,7,15,False,1,False,3.8,1,3,0,1,0.7547085
Design Review,Medium,Senior,Java,Critical,9,3,3,18,2,10,False,3,True,2.08333333,2,1,0,0,4.05030313
Testing,Medium,Junior,Java,Critical,4,4,2,8,6,11,True,2,False,2.375,2,2,0,0,1.83910781
Deployment,Low,Mid,Java,Critical,11,4,1,22,8,14,False,2,True,1.9375,3,1,0,0,4.04244328
Feature Dev,Medium,Senior,C++,Critical,9,5,1,18,2,10,True,2,False,3.9,1,2,2,0,2.99903651
Documentation,Low,Junior,JavaScript,Medium,1,3,2,2,6,16,True,3,False,2.08333333,2,1,0,0,1.0038
Documentation,Medium,Tech Lead,JavaScript,Low,9,4,3,18,2,12,True,0,True,1.9375,3,1,0,0,5.16160477
Client Meeting,High,Senior,Other,Medium,7,4,1,14,5,17,False,3,False,3.4375,1,2,1,0,3.30403219
Documentation,Low,Junior,C++,Low,4,4,3,8,8,14,False,3,False,1.9375,3,1,0,0,2.41652813
Deployment,Low,Senior,Java,High,2,3,2,4,9,9,False,3,False,3.58333333,2,0,0,1,1.0392525
Code Review,Medium,Senior,Python,Low,12,2,1,24,7,14,False,3,False,3.625,1,0,1,0,5.14660781
Deployment,Medium,Mid,Java,High,12,3,1,24,4,12,True,1,False,2.66666667,1,2,0,0,4.613175
Documentation,Medium,Senior,Java,Critical,6,5,0,12,6,12,False,0,True,3.45,2,2,0,1,1.9772445
Refactoring,Medium,Junior,Go,Low,8,2,1,16,7,10,False,1,False,3.625,1,0,1,0,3.38205656
Design Review,Medium,Junior,Other,High,2,3,3,4,8,17,True,1,True,5.58333333,0,1,1,1,1.09740015
Bug Fix,High,Tech Lead,Python,Medium,7,3,1,14,5,17,False,0,True,3.5,1,1,1,0,3.32610575
Feature Dev,Medium,Tech Lead,Python,Medium,13,3,1,26,4,9,False,2,False,3.5,1,1,1,0,4.9797375
Feature Dev,High,Senior,Go,Medium,1,4,2,2,6,18,False,2,False,3.0,2,1,1,0,0.88464
Testing,Medium,Junior,Java,Medium,13,4,1,26,7,15,False,3,False,3.5,2,1,0,1,4.9649375
Feature Dev,Low,Tech Lead,Python,High,9,3,1,18,3,15,False,3,False,1.5,3,0,0,0,3.404025
Code Review,High,Junior,Java,Critical,11,5,3,22,9,12,False,3,True,4.45,2,0,2,1,4.24252954
Testing,Low,Junior,Other,High,5,3,1,10,6,18,False,3,False,2.08333333,2,1,0,0,2.0165625
Bug Fix,Low,Junior,Java,Low,9,3,1,18,7,16,True,0,True,2.08333333,2,1,0,0,4.28904919
Deployment,Medium,Mid,JavaScript,Critical,8,4,1,16,6,18,False,1,False,4.375,0,3,0,1,2.45505234
Code Review,High,Tech Lead,Java,Low,3,4,0,6,9,17,False,1,False,3.625,2,0,2,0,1.4059815
Refactoring,Low,Junior,Other,Medium,2,5,2,4,5,13,True,3,False,1.85,4,1,0,0,1.396395
Feature Dev,High,Senior,Other,Medium,12,2,1,24,1,16,True,1,False,2.375,1,1,0,0,5.94490313
Refactoring,Medium,Senior,Python,High,7,2,0,14,6,13,False,3,True,3.625,1,0,1,0,2.73505444
Deployment,High,Senior,C++,Medium,5,2,2,10,5,17,True,0,False,2.375,1,1,0,0,2.6788125
Code Review,Medium,Junior,Python,Medium,9,4,2,18,6,16,False,1,True,5.625,0,1,2,1,3.3286
Bug Fix,Low,Senior,C++,Low,13,3,0,26,8,17,False,3,True,2.66666667,1,2,0,0,5.82494
Design Review,Medium,Junior,Python,Low,13,5,2,26,2,13,True,0,False,3.4,1,3,1,0,5.73059025
Bug Fix,High,Tech Lead,Other,Medium,2,2,2,4,8,9,False,2,False,3.625,1,0,1,0,1.26548625
Documentation,High,Junior,JavaScript,Medium,8,3,0,16,10,13,True,1,False,2.08333333,2,1,0,0,3.9524625
Refactoring,Low,Senior,Python,Low,7,2,3,14,8,14,False,0,False,1.5,2,0,0,0,3.348675
Deployment,High,Tech Lead,Java,Critical,2,3,2,4,2,13,False,0,False,2.08333333,2,1,0,0,1.03267917
Testing,High,Mid,C++,Low,3,3,1,6,9,16,False,3,True,4.75,0,2,0,1,1.81434206
Refactoring,High,Senior,JavaScript,Low,3,4,3,6,1,17,True,3,False,4.125,2,0,1,1,2.02285834
Refactoring,Medium,Junior,Python,Low,9,4,3,18,1,13,False,2,True,3.4375,1,2,1,0,4.62969633
Code Review,Low,Mid,JavaScript,Medium,3,5,2,6,4,9,True,2,True,2.9,1,4,0,0,1.7427795
Documentation,Medium,Senior,Go,Low,6,3,2,12,1,11,False,2,False,1.5,3,0,0,0,3.26975
Feature Dev,High,Tech Lead,Other,High,12,2,0,24,5,15,False,3,False,1.5,2,0,0,0,5.36895
Refactoring,Medium,Tech Lead,JavaScript,Critical,5,2,1,10,1,9,True,3,True,3.625,1,0,1,0,2.14356215
Deployment,High,Mid,Java,Low,11,4,3,22,2,18,True,0,False,3.0,2,1,1,0,5.86447208
Design Review,Medium,Senior,C++,Low,3,5,0,6,3,13,False,1,True,3.1,3,1,0,1,1.41216075
Design Review,High,Junior,Java,Critical,8,3,3,16,1,14,True,1,False,2.91666667,2,0,1,0,3.49417432
Testing,Medium,Mid,C++,Medium,8,3,3,16,8,17,False,1,False,2.08333333,2,1,0,0,3.734375
Client Meeting,High,Tech Lead,Other,Critical,13,5,2,26,5,11,False,1,True,3.4,1,3,1,0,5.38129713
Design Review,High,Junior,Go,Low,5,3,3,10,2,10,False,0,True,4.91666667,0,1,2,0,2.67170521
Code Review,Low,Tech Lead,Other,High,9,3,3,18,1,18,True,1,True,2.66666667,1,2,0,0,3.8083815
Feature Dev,High,Mid,C++,Critical,2,3,0,4,6,15,True,0,True,2.91666667,2,0,1,0,0.83595849
Refactoring,High,Senior,Other,Critical,12,2,0,24,8,13,False,0,False,1.5,2,0,0,0,4.8093
Design Review,Low,Senior,Java,Critical,4,3,3,8,7,18,True,0,False,4.16666667,1,1,0,1,1.42888134
Code Review,High,Junior,JavaScript,Critical,9,4,1,18,5,9,True,3,False,4.5625,1,1,1,1,3.28596522
Code Review,High,Junior,JavaScript,Critical,6,4,2,12,6,11,True,2,False,2.8125,1,3,0,0,2.79134953
Documentation,High,Mid,Go,Critical,10,2,2,20,1,9,True,0,True,3.25,0,2,0,0,4.50991406
Deployment,Medium,Tech Lead,JavaScript,Critical,7,5,2,14,2,14,False,2,True,2.7,3,1,1,0,2.88818228
Bug Fix,High,Junior,Other,Medium,4,5,3,8,9,13,False,0,True,3.95,2,1,1,1,2.0915257
Code Review,Low,Junior,Other,Low,11,4,1,22,3,16,True,1,True,3.0625,3,0,0,1,4.81141725
Refactoring,High,Junior,Other,Medium,4,4,3,8,7,9,False,3,False,3.0,2,1,1,0,2.386685
Deployment,Medium,Senior,Java,Medium,3,5,3,6,8,15,False,2,False,3.05,2,2,1,0,1.70028875
Feature Dev,High,Junior,C++,Critical,5,4,1,10,1,12,False,1,False,4.125,2,0,1,1,1.78222688
Deployment,High,Mid,C++,Critical,3,4,2,6,5,16,False,3,False,3.5,2,1,0,1,1.47893625
Feature Dev,Medium,Senior,Java,High,1,3,0,2,9,13,False,3,False,4.91666667,0,1,2,0,0.5058375
Client Meeting,Medium,Tech Lead,JavaScript,Medium,9,5,1,18,1,16,True,3,False,1.85,4,1,0,0,4.28439375
Design Review,Medium,Mid,JavaScript,High,13,5,2,26,4,11,False,1,False,5.15,0,2,2,1,3.81276
Bug Fix,High,Senior,JavaScript,High,7,4,1,14,6,14,True,3,False,4.5,0,2,2,0,2.85255338
Design Review,Low,Mid,C++,Medium,12,4,3,24,4,15,True,1,False,2.375,2,2,0,0,5.01762188
Bug Fix,High,Senior,Go,Medium,4,5,1,8,3,9,False,1,False,5.15,0,2,2,1,1.581085
Code Review,Low,Junior,Other,Critical,8,2,2,16,10,13,True,2,False,1.5,2,0,0,0,3.09206625
Design Review,Medium,Tech Lead,C++,High,13,2,3,26,2,14,True,2,False,3.625,1,0,1,0,4.9267073
Code Review,Medium,Tech Lead,Python,Low,3,5,1,6,7,16,True,2,True,1.85,4,1,0,0,1.98404456
Code Review,High,Senior,Go,High,8,3,3,16,1,18,False,1,True,4.08333333,0,2,1,0,3.63893681
Bug Fix,Medium,Junior,JavaScript,Medium,10,5,2,20,5,18,False,3,False,3.45,2,2,0,1,4.053175
Design Review,High,Junior,Go,High,11,4,3,22,7,12,True,2,True,3.25,0,4,0,0,5.56457344
Bug Fix,Medium,Tech Lead,JavaScript,Critical,5,4,0,10,8,17,False,1,False,1.9375,3,1,0,0,1.79057812
Documentation,Medium,Senior,Go,High,4,5,2,8,1,18,False,0,True,3.95,2,1,1,1,1.5617943
Code Review,Medium,Junior,JavaScript,Critical,8,2,0,16,7,11,False,3,False,3.25,0,2,0,0,2.7890625
Testing,High,Tech Lead,C++,Critical,2,3,1,4,7,9,False,2,False,5.0,1,0,1,1,0.844169
Documentation,Medium,Junior,Go,Low,12,3,1,24,1,12,False,0,False,4.75,0,2,0,1,4.46149688
Feature Dev,Low,Tech Lead,C++,Medium,1,4,3,2,9,12,True,0,False,3.0625,3,0,0,1,0.76505133
Documentation,High,Junior,Go,Medium,3,4,1,6,10,9,False,0,True,4.0625,1,1,2,0,1.41887419
Documentation,Low,Mid,Java,Critical,10,4,0,20,8,13,False,1,False,3.5,2,1,0,1,2.76366875
Feature Dev,Low,Mid,Go,High,10,2,2,20,4,16,True,0,False,1.5,2,0,0,0,3.7776375
Documentation,High,Mid,C++,Low,11,3,2,22,4,12,True,0,False,4.16666667,1,1,0,1,5.2441235
Bug Fix,Medium,Tech Lead,Python,High,12,3,2,24,1,11,False,3,False,2.08333333,2,1,0,0,4.83975
Design Review,Medium,Tech Lead,Python,Critical,9,5,2,18,10,12,False,3,True,3.55,2,1,2,0,3.40529805
Bug Fix,Medium,Junior,Java,Low,4,2,2,8,2,13,True,2,False,5.75,0,0,2,0,1.9379745
Documentation,Medium,Tech Lead,JavaScript,Low,3,3,1,6,6,10,True,2,True,2.66666667,1,2,0,0,1.9036325
Testing,Medium,Junior,Other,Critical,4,5,1,8,2,15,True,0,False,2.55,2,3,0,0,1.51892344
Design Review,High,Junior,Java,Critical,4,2,0,8,9,16,True,0,True,1.5,2,0,0,0,1.8515805
Code Review,High,Mid,Python,High,6,2,2,12,6,9,True,2,False,2.375,1,1,0,0,3.02293688
Feature Dev,Medium,Junior,JavaScript,Low,13,2,1,26,1,9,True,2,True,1.5,2,0,0,0,7.22755688
Bug Fix,Medium,Tech Lead,Other,Medium,2,2,3,4,10,18,False,2,False,3.625,1,0,1,0,1.29222188
Refactoring,High,Mid,Go,Medium,7,3,2,14,4,16,True,3,True,6.41666667,0,0,2,1,3.33775365
Bug Fix,Low,Mid,Go,Low,11,2,3,22,4,11,True,0,False,1.5,2,0,0,0,5.22088875
Testing,Medium,Mid,JavaScript,Medium,11,3,3,22,6,9,False,3,False,5.0,1,0,1,1,4.0273
Bug Fix,Medium,Tech Lead,Python,Medium,2,2,1,4,9,10,True,1,False,2.375,1,1,0,0,1.08182813
Refactoring,Low,Mid,Java,Critical,2,3,1,4,9,14,False,3,False,3.58333333,2,0,0,1,0.86998031
Testing,Medium,Senior,Python,Critical,11,4,2,22,8,17,True,0,False,1.9375,3,1,0,0,4.20785859
Client Meeting,Low,Tech Lead,Python,Low,2,5,2,4,5,13,False,0,False,1.85,4,1,0,0,1.130415
Documentation,Medium,Mid,C++,Medium,1,2,2,2,7,13,False,1,False,1.5,2,0,0,0,0.82
Testing,Medium,Junior,Other,High,9,4,1,18,5,16,False,2,False,3.0,2,1,1,0,3.2759325
Documentation,High,Junior,Other,High,10,3,3,20,4,11,False,1,False,3.5,1,1,1,0,4.15875375
Code Review,High,Mid,Python,High,5,2,3,10,3,13,False,3,True,1.5,2,0,0,0,3.0949875
Documentation,Medium,Senior,Go,High,4,5,3,8,3,13,False,0,False,3.6,3,0,1,1,1.561608
Testing,High,Tech Lead,Java,Critical,6,3,2,12,7,18,False,0,True,3.58333333,2,0,0,1,2.50286644
Code Review,High,Junior,JavaScript,Critical,1,4,0,2,4,11,True,3,False,3.25,0,4,0,0,0.63590625
Feature Dev,Medium,Senior,C++,Low,10,5,1,20,9,9,False,1,True,2.7,3,1,1,0,4.81363713
Refactoring,Medium,Mid,Java,Critical,11,2,0,22,2,11,False,1,False,3.625,1,0,1,0,3.40879219
Feature Dev,High,Tech Lead,Other,Low,1,3,0,2,8,18,False,0,False,4.16666667,1,1,0,1,0.5
Design Review,Medium,Mid,Java,Low,12,5,0,24,2,16,False,1,True,3.55,2,1,2,0,5.14133235
Deployment,High,Tech Lead,Java,Medium,13,3,2,26,1,11,True,1,False,2.66666667,1,2,0,0,6.4757
Deployment,Medium,Mid,JavaScript,Medium,10,5,0,20,3,11,True,2,True,1.85,4,1,0,0,4.8873825
Deployment,Low,Mid,Java,Critical,10,5,2,20,2,18,False,1,False,3.45,2,2,0,1,2.995825
Testing,High,Tech Lead,Java,Low,2,4,1,4,4,11,True,3,False,4.5625,1,1,1,1,1.26924249
Refactoring,Medium,Mid,Java,Low,11,3,1,22,9,16,False,2,False,3.5,1,1,1,0,4.68813125
Feature Dev,High,Senior,Python,Critical,1,3,3,2,5,9,False,0,False,4.33333333,1,0,2,0,0.64226283
Testing,High,Junior,Java,Medium,12,5,1,24,9,13,False,1,True,2.55,2,3,0,0,6.1724575
Design Review,Medium,Junior,Other,Critical,3,2,1,6,5,9,True,2,False,2.375,1,1,0,0,1.35743672
Deployment,High,Senior,Java,High,8,2,2,16,5,17,False,1,False,1.5,2,0,0,0,3.7638
Design Review,Medium,Mid,Java,High,12,2,2,24,1,10,True,2,False,3.625,1,0,1,0,4.46351259
Client Meeting,Medium,Tech Lead,Go,Critical,1,2,0,2,4,11,False,3,True,2.375,1,1,0,0,0.64222813
Design Review,High,Senior,Python,Critical,5,2,1,10,8,9,True,0,False,2.375,1,1,0,0,2.14562578
Feature Dev,Medium,Tech Lead,JavaScript,Critical,4,4,3,8,1,10,False,2,False,3.0,2,1,1,0,1.76236875
Refactoring,Medium,Tech Lead,JavaScript,Low,7,4,1,14,6,16,False,1,False,4.5625,1,1,1,1,2.69112938
Design Review,Medium,Tech Lead,JavaScript,Low,13,2,3,26,3,13,True,2,False,2.375,1,1,0,0,6.63006094
Bug Fix,Medium,Senior,Other,Critical,3,3,2,6,9,16,True,3,False,1.5,3,0,0,0,1.6466625
Refactoring,Low,Junior,Python,Critical,4,3,0,8,1,15,True,2,False,2.08333333,2,1,0,0,1.45760125
Deployment,Low,Senior,C++,Medium,10,2,1,20,3,16,False,3,False,1.5,2,0,0,0,4.15125
Testing,High,Tech Lead,Java,Critical,7,3,2,14,6,13,False,1,False,3.58333333,2,0,0,1,2.69173396
Deployment,Medium,Tech Lead,Go,Critical,1,5,3,2,2,18,False,3,False,3.2,3,0,2,0,0.863719
Testing,High,Tech Lead,C++,Critical,4,4,2,8,8,14,False,0,False,3.5,2,1,0,1,1.59844625
Deployment,High,Junior,Python,Low,2,3,3,4,9,11,False,3,False,3.58333333,2,0,0,1,1.60699229
Deployment,High,Tech Lead,C++,Medium,5,5,0,10,1,16,False,0,False,3.05,2,2,1,0,2.1138725
Code Review,High,Junior,Python,Critical,2,3,3,4,3,12,True,0,False,4.75,0,2,0,1,1.0018703
Bug Fix,Medium,Senior,JavaScript,Medium,3,4,2,6,9,12,False,0,True,2.8125,1,3,0,0,1.58296875
Client Meeting,Medium,Senior,Other,High,5,4,1,10,2,12,False,2,True,3.25,0,4,0,0,2.18109375
Client Meeting,Low,Senior,C++,Low,6,5,3,12,4,9,False,1,True,2.2,3,2,0,0,3.246309
Design Review,Low,Tech Lead,Go,Critical,2,3,1,4,9,17,True,0,False,4.16666667,1,1,0,1,0.65773903
Client Meeting,High,Tech Lead,JavaScript,Low,13,5,1,26,1,16,True,0,False,3.95,2,1,1,1,5.87864855
Feature Dev,Medium,Mid,Java,High,12,3,3,24,1,12,False,1,False,3.58333333,2,0,0,1,4.21212188
Code Review,High,Junior,Other,Medium,6,2,1,12,7,14,False,2,True,1.5,2,0,0,0,3.506525
Refactoring,Medium,Tech Lead,Go,Critical,3,3,0,6,7,11,True,0,False,2.08333333,2,1,0,0,1.0665375
Testing,High,Junior,Other,Medium,7,3,1,14,8,13,False,3,False,3.5,1,1,1,0,3.2929075
Deployment,Medium,Mid,JavaScript,Medium,7,3,2,14,6,17,True,1,False,3.5,1,1,1,0,3.01476
Code Review,High,Junior,JavaScript,Low,7,4,1,14,8,14,True,2,True,3.0,2,1,1,0,4.17963373
Refactoring,Medium,Tech Lead,Other,Critical,9,4,2,18,8,15,False,3,True,3.4375,1,2,1,0,3.53540447
Client Meeting,High,Tech Lead,Go,Medium,3,2,0,6,2,16,False,2,False,2.375,1,1,0,0,1.550375
Feature Dev,Low,Junior,Python,Critical,7,4,2,14,10,15,True,3,False,3.9375,1,2,0,1,2.38909978
Refactoring,Medium,Tech Lead,Python,Critical,9,3,1,18,9,16,False,3,False,2.08333333,2,1,0,0,3.42815625
Deployment,High,Tech Lead,Java,Critical,11,2,2,22,7,12,True,1,False,2.375,1,1,0,0,4.78168031
Code Review,High,Tech Lead,Other,Medium,3,4,3,6,5,12,True,2,False,4.5625,1,1,1,1,1.70972944
Bug Fix,Medium,Mid,Other,Critical,4,3,2,8,1,9,True,0,False,4.33333333,1,0,2,0,1.40803775
Deployment,Medium,Junior,Other,Low,2,5,2,4,9,15,True,0,False,3.1,3,1,0,1,1.14059138
Testing,High,Junior,Java,Medium,9,4,3,18,1,16,False,2,True,3.4375,1,2,1,0,4.74358191
Client Meeting,High,Mid,Go,Critical,6,2,0,12,5,18,False,0,True,2.375,1,1,0,0,2.53221375
Documentation,Low,Junior,Java,High,4,2,0,8,2,18,True,2,False,1.5,2,0,0,0,1.588545
Feature Dev,Medium,Tech Lead,C++,Critical,7,4,2,14,4,13,False,1,False,4.0625,1,1,2,0,2.29313
Testing,High,Tech Lead,Go,Medium,6,3,1,12,9,14,False,1,False,2.08333333,2,1,0,0,2.99745833
Documentation,Medium,Junior,C++,Medium,13,2,2,26,4,9,True,3,False,2.375,1,1,0,0,5.9758125
Testing,High,Junior,JavaScript,Low,8,2,2,16,9,11,False,0,True,3.625,1,0,1,0,4.29178076
Documentation,High,Mid,Other,Critical,10,2,1,20,4,17,True,3,False,3.625,1,0,1,0,4.01669346
Documentation,Low,Tech Lead,Python,Critical,6,4,2,12,4,10,False,0,True,1.9375,3,1,0,0,2.30728781
Design Review,High,Junior,Go,Low,8,3,3,16,2,11,True,1,False,4.16666667,1,1,0,1,4.13855269
Documentation,High,Senior,JavaScript,Critical,8,4,2,16,2,15,True,3,False,3.25,0,4,0,0,3.58115625
Bug Fix,High,Mid,Go,Medium,3,2,2,6,9,12,False,0,False,2.375,1,1,0,0,1.6485
Refactoring,High,Senior,Other,Critical,12,4,1,24,9,14,False,1,True,2.375,2,2,0,0,5.29379469
Refactoring,High,Junior,Other,Medium,3,2,3,6,2,9,True,2,False,2.375,1,1,0,0,2.09153438
Testing,Medium,Mid,C++,Low,13,5,3,26,8,13,True,1,True,3.95,2,1,1,1,6.06565286
Bug Fix,Medium,Tech Lead,Java,Medium,1,2,3,2,2,17,False,0,True,5.75,0,0,2,0,0.747065
Client Meeting,Medium,Mid,Go,High,12,3,2,24,4,18,True,2,False,2.91666667,2,0,1,0,4.63557544
Deployment,Low,Senior,Python,Medium,5,3,1,10,7,12,False,3,False,1.5,3,0,0,0,2.30625
Refactoring,High,Mid,JavaScript,Low,1,3,1,2,1,15,False,3,False,3.5,1,1,1,0,0.89814725
Code Review,Medium,Junior,Go,Medium,2,4,1,4,3,11,False,1,False,2.8125,1,3,0,0,1.00734375
Bug Fix,Low,Senior,Java,High,8,3,2,16,8,15,True,2,True,4.75,0,2,0,1,2.87888226
Code Review,Medium,Tech Lead,JavaScript,High,1,5,2,2,3,13,False,2,False,3.8,1,3,0,1,0.700245
Code Review,High,Mid,Python,Critical,12,3,0,24,5,17,True,0,False,2.91666667,2,0,1,0,4.55977357
Code Review,Medium,Junior,Python,High,13,5,0,26,5,15,False,3,False,3.9,1,2,2,0,4.210965
Documentation,High,Senior,Go,Low,7,5,0,14,6,11,False,3,False,2.55,2,3,0,0,3.76552
Documentation,Medium,Mid,JavaScript,Critical,10,2,1,20,5,14,True,1,True,2.375,1,1,0,0,4.0942043
Feature Dev,Medium,Senior,Go,Medium,1,5,1,2,7,16,False,0,False,4.3,1,2,1,1,0.5
Feature Dev,Low,Senior,Go,Low,3,3,3,6,9,9,False,0,True,2.08333333,2,1,0,0,1.84358625
Feature Dev,Medium,Junior,Go,Medium,6,4,2,12,7,11,True,3,True,2.375,2,2,0,0,3.40003125
Testing,Low,Senior,Python,Low,11,2,0,22,7,15,False,1,False,2.375,1,1,0,0,4.3822625
Testing,Medium,Junior,Go,Medium,1,2,2,2,8,9,True,3,True,2.375,1,1,0,0,1.13334375
Client Meeting,High,Junior,C++,Low,9,2,1,18,1,12,False,3,False,3.625,1,0,1,0,4.49960569
Design Review,High,Mid,Python,High,12,5,1,24,7,13,False,3,False,3.55,2,1,2,0,4.65919695
Bug Fix,Medium,Senior,Go,High,5,3,2,10,2,10,True,2,False,3.58333333,2,0,0,1,2.06669531
Design Review,Low,Tech Lead,Java,Low,8,3,3,16,6,10,True,0,False,4.16666667,1,1,0,1,3.25800956
Design Review,High,Junior,Other,Low,5,4,0,10,10,12,False,3,False,3.4375,1,2,1,0,2.57480438
Documentation,High,Mid,Other,Medium,10,2,3,20,8,16,True,1,False,4.5,0,1,1,0,4.58961563
Feature Dev,High,Senior,Python,Low,12,3,2,24,3,10,True,1,False,2.66666667,1,2,0,0,6.60968
Client Meeting,Medium,Senior,JavaScript,High,13,3,2,26,9,16,False,0,False,5.0,1,0,1,1,3.8709
Bug Fix,High,Mid,Other,Medium,11,2,1,22,5,10,False,0,False,1.5,2,0,0,0,5.34025
Deployment,Medium,Junior,Go,Medium,5,5,0,10,10,16,False,3,False,3.8,1,3,0,1,1.98835
Refactoring,Medium,Mid,JavaScript,Low,5,3,1,10,8,13,True,3,True,1.5,3,0,0,0,3.19054313
Client Meeting,High,Senior,JavaScript,Critical,13,2,0,26,10,11,False,0,False,2.375,1,1,0,0,4.98769375
Refactoring,High,Senior,C++,High,4,4,3,8,6,16,True,2,False,4.0625,1,1,2,0,1.98376822
Bug Fix,Low,Tech Lead,C++,Critical,12,3,3,24,3,9,False,0,False,2.08333333,2,1,0,0,4.03760625
Code Review,Medium,Senior,Go,High,2,4,2,4,5,18,True,1,True,4.0625,1,1,2,0,1.05163616
Deployment,High,Tech Lead,Go,High,4,2,1,8,5,17,False,1,False,3.625,1,0,1,0,1.67632369
Client Meeting,Medium,Mid,Go,Critical,7,4,3,14,1,9,True,0,True,3.4375,1,2,1,0,2.87251613
Design Review,High,Tech Lead,Go,High,10,5,2,20,9,14,False,0,True,3.05,2,2,1,0,4.45843283
Client Meeting,High,Tech Lead,JavaScript,Medium,8,3,0,16,3,17,False,2,False,2.08333333,2,1,0,0,3.86383333
Feature Dev,Medium,Mid,Other,Critical,8,2,0,16,7,15,False,0,False,4.5,0,1,1,0,2.3086
Design Review,High,Senior,Go,Critical,5,3,0,10,6,17,False,1,False,2.66666667,1,2,0,0,1.972
Deployment,High,Mid,Other,Medium,12,3,1,24,10,17,False,2,True,3.25,0,3,0,0,6.0534375
Bug Fix,High,Senior,Other,High,5,5,0,10,9,13,True,3,False,3.45,2,2,0,1,2.16492413
Code Review,Medium,Junior,Python,High,13,3,3,26,6,10,True,3,False,3.58333333,2,0,0,1,4.91873484
Client Meeting,Medium,Tech Lead,C++,High,4,5,3,8,7,9,True,0,False,2.55,2,3,0,0,1.88397563
Testing,High,Mid,Python,Low,2,5,2,4,8,9,True,1,False,3.95,2,1,1,1,1.26587538
Design Review,Medium,Mid,Go,Low,3,4,0,6,4,17,False,3,False,2.5625,3,0,1,0,1.55548594
Feature Dev,Medium,Tech Lead,Java,High,8,2,2,16,9,15,False,0,False,4.5,0,1,1,0,2.6735625
Feature Dev,Low,Tech Lead,Other,High,8,4,3,16,3,18,False,0,True,3.9375,1,2,0,1,2.82846558
Design Review,Low,Junior,Other,High,1,5,3,2,5,16,True,2,False,2.55,2,3,0,0,0.92820262
Bug Fix,High,Mid,Java,High,11,4,3,22,7,15,True,2,False,3.0,2,1,1,0,4.97236792
Documentation,Low,Senior,Python,High,5,4,3,10,6,11,False,0,False,1.9375,3,1,0,0,2.03132813
Refactoring,High,Mid,Java,High,6,2,2,12,4,12,False,0,False,3.625,1,0,1,0,2.45433038
Documentation,High,Senior,C++,Medium,4,5,1,8,2,17,False,3,False,3.55,2,1,2,0,1.9857735
Deployment,Medium,Tech Lead,Python,High,11,3,1,22,6,15,True,0,False,4.33333333,1,0,2,0,3.57022575
Deployment,Low,Mid,C++,Critical,3,2,0,6,6,16,True,0,False,3.25,0,2,0,0,0.90365625
Client Meeting,High,Mid,C++,High,9,2,0,18,7,15,False,3,False,3.625,1,0,1,0,3.56118525
Code Review,High,Mid,Python,High,7,2,2,14,7,18,False,1,True,1.5,2,0,0,0,3.673395
Refactoring,Medium,Senior,Go,Medium,6,2,3,12,1,15,True,3,False,2.375,1,1,0,0,3.24548438
Documentation,Medium,Tech Lead,Other,Low,7,4,3,14,6,15,False,2,False,3.9375,1,2,0,1,3.25599141
Design Review,Medium,Senior,Python,Critical,11,2,1,22,9,18,False,2,True,2.375,1,1,0,0,4.35797656
Deployment,Low,Tech Lead,Python,Medium,1,2,3,2,10,11,False,1,False,1.5,2,0,0,0,0.93275
Code Review,Medium,Senior,C++,Low,4,4,2,8,10,12,True,2,False,2.8125,1,3,0,0,2.32696406
Code Review,High,Mid,Java,Medium,12,4,3,24,8,17,False,2,False,3.5,2,1,0,1,5.4218875
Documentation,Low,Senior,Go,Critical,9,2,2,18,4,12,False,3,True,2.375,1,1,0,0,3.52308
Client Meeting,Low,Senior,Other,Low,8,4,1,16,8,12,True,1,True,2.375,2,2,0,0,3.90210253
Feature Dev,Low,Mid,C++,Low,4,3,3,8,9,9,False,2,False,2.66666667,1,2,0,0,2.22236667
Documentation,High,Junior,Java,High,1,4,1,2,8,11,True,3,False,4.5,0,2,2,0,0.70730888
Design Review,Medium,Junior,Java,Medium,12,5,0,24,2,17,True,3,False,3.55,2,1,2,0,4.64358825
Bug Fix,Medium,Tech Lead,Python,Critical,8,5,0,16,6,11,True,0,False,3.6,3,0,1,1,2.4173184
Client Meeting,Medium,Senior,Other,Low,11,3,2,22,5,18,True,0,False,1.5,3,0,0,0,5.5642125
Documentation,Medium,Mid,Python,Medium,7,4,1,14,7,11,False,1,False,3.4375,1,2,1,0,2.74585781
Bug Fix,High,Tech Lead,Other,Low,2,4,0,4,6,17,True,0,False,3.0,2,1,1,0,0.9791859
Deployment,High,Tech Lead,JavaScript,Low,6,2,3,12,2,15,True,2,False,4.5,0,1,1,0,3.34284431
Testing,Medium,Junior,Go,High,5,2,2,10,4,12,True,1,False,1.5,2,0,0,0,2.3247
Refactoring,High,Senior,Python,Critical,5,2,3,10,9,17,False,1,False,4.5,0,1,1,0,2.05609688
Design Review,Low,Senior,Java,High,8,2,3,16,1,16,True,0,False,3.25,0,2,0,0,2.95017188
Feature Dev,Low,Senior,Python,Low,5,4,1,10,2,14,True,0,False,3.9375,1,2,0,1,1.93236012
Feature Dev,Medium,Tech Lead,Go,Medium,4,5,1,8,4,16,True,0,False,4.8,1,1,2,1,1.4064225
Refactoring,Medium,Senior,Other,High,3,4,2,6,10,9,False,2,False,3.5,2,1,0,1,1.3444875
Refactoring,Medium,Mid,JavaScript,High,10,4,0,20,10,14,True,3,False,2.375,2,2,0,0,3.98730938
Feature Dev,High,Tech Lead,Java,Medium,3,3,3,6,4,12,False,2,True,3.58333333,2,0,0,1,1.95340979
Testing,Medium,Junior,Go,Medium,13,5,1,26,5,14,False,3,False,2.7,3,1,1,0,5.2886825
Documentation,High,Junior,C++,High,9,5,2,18,6,11,False,2,False,3.05,2,2,1,0,3.8380572
Deployment,High,Tech Lead,Go,High,3,2,2,6,4,15,True,1,False,3.625,1,0,1,0,1.49906649
Testing,Low,Senior,Python,Medium,1,4,1,2,8,16,False,3,False,3.5,2,1,0,1,0.7117875
Testing,Medium,Mid,C++,Critical,11,4,0,22,4,13,True,2,True,2.375,2,2,0,0,4.43137406
Testing,High,Mid,Other,Critical,12,2,1,24,8,18,False,1,False,3.25,0,2,0,0,4.59796875
Deployment,Medium,Mid,Python,Medium,1,5,0,2,2,17,True,2,True,3.95,2,1,1,1,0.5753979
Code Review,Medium,Tech Lead,JavaScript,Critical,2,2,1,4,2,13,True,2,False,4.5,0,1,1,0,0.87113578
Testing,High,Tech Lead,Python,Low,13,4,0,26,4,11,False,0,True,4.5,0,2,2,0,5.9514455
Feature Dev,High,Junior,Java,Critical,4,5,1,8,5,15,False,3,False,3.05,2,2,1,0,1.78897949
Feature Dev,Medium,Senior,Other,High,9,5,1,18,9,14,False,2,False,3.55,2,1,2,0,3.08271825
Testing,High,Junior,C++,High,9,5,0,18,3,18,False,0,True,3.45,2,2,0,1,3.61137892
Bug Fix,Low,Mid,C++,Low,9,4,3,18,9,10,True,0,False,1.5,4,0,0,0,4.36849875
Design Review,Medium,Senior,JavaScript,Medium,4,2,0,8,8,10,True,2,False,2.375,1,1,0,0,1.8545625
Client Meeting,Low,Junior,JavaScript,High,7,5,1,14,5,16,False,2,False,3.45,2,2,0,1,2.27594588
Refactoring,Medium,Junior,C++,Critical,10,4,3,20,10,12,False,3,True,2.8125,1,3,0,0,4.26082422
Refactoring,Low,Senior,C++,Low,8,3,0,16,6,14,True,1,False,1.5,3,0,0,0,3.5279475
Deployment,High,Senior,Python,High,11,3,3,22,6,11,True,3,False,2.66666667,1,2,0,0,5.307435
Testing,Low,Senior,Go,Medium,4,2,1,8,9,12,False,2,False,1.5,2,0,0,0,1.83475
Client Meeting,High,Mid,JavaScript,Critical,13,5,3,26,4,9,True,0,False,3.05,2,2,1,0,5.27436463
Feature Dev,Low,Mid,C++,High,8,4,0,16,7,12,False,0,False,3.9375,1,2,0,1,2.223855
Feature Dev,Medium,Junior,C++,Medium,5,4,1,10,5,12,False,1,True,3.9375,1,2,0,1,2.12347266
Testing,Medium,Junior,Other,High,7,3,0,14,10,18,False,3,False,1.5,3,0,0,0,2.85975
Client Meeting,Medium,Senior,Go,Low,2,3,1,4,3,15,False,0,False,3.5,1,1,1,0,0.93762625
Feature Dev,High,Mid,Go,Low,4,3,1,8,9,9,True,1,True,2.08333333,2,1,0,0,2.64428106
Client Meeting,High,Mid,C++,Medium,1,3,2,2,7,16,False,3,False,2.66666667,1,2,0,0,1.02466667
Testing,Low,Tech Lead,Go,Critical,8,4,0,16,6,9,False,1,False,3.5,2,1,0,1,2.22587375
Refactoring,High,Tech Lead,Java,Low,3,3,0,6,10,12,True,0,False,2.08333333,2,1,0,0,1.58725875
Design Review,Low,Mid,Other,High,5,2,0,10,6,9,False,0,False,2.375,1,1,0,0,1.589625
Bug Fix,Medium,Junior,C++,Medium,8,2,3,16,3,16,False,1,False,2.375,1,1,0,0,3.6796875
Design Review,Low,Junior,Other,Critical,8,2,0,16,3,16,True,2,False,1.5,2,0,0,0,2.8176225
Code Review,Medium,Senior,Go,Low,5,4,1,10,9,18,False,2,True,3.5,2,1,0,1,2.49872563
Code Review,Medium,Senior,Go,High,13,4,0,26,6,12,False,1,False,5.1875,1,0,2,1,3.608505
Design Review,High,Junior,Python,High,11,5,3,22,3,11,False,3,False,3.55,2,1,2,0,4.53432735
Deployment,High,Junior,JavaScript,Medium,1,5,1,2,8,15,False,0,False,3.55,2,1,2,0,0.5289615
Feature Dev,Medium,Junior,Java,High,9,4,1,18,8,9,True,1,False,3.4375,1,2,1,0,3.27544826
Design Review,Medium,Tech Lead,JavaScript,Low,6,3,3,12,4,14,False,3,False,3.5,1,1,1,0,3.10897125
Testing,Medium,Senior,C++,Low,4,4,3,8,2,17,False,2,False,3.4375,1,2,1,0,2.22819609
Testing,Medium,Mid,C++,High,6,4,3,12,1,17,False,3,True,1.5,4,0,0,0,3.1964625
Design Review,Low,Senior,Python,Medium,6,3,2,12,10,9,False,2,False,3.58333333,2,0,0,1,2.32694583
Feature Dev,High,Mid,Go,High,13,4,1,26,10,10,False,0,False,5.1875,1,0,2,1,4.1736105
Code Review,Medium,Tech Lead,JavaScript,High,4,2,0,8,3,9,False,3,False,2.375,1,1,0,0,1.6779375
Design Review,High,Senior,Java,Medium,6,4,1,12,10,18,False,0,True,3.0,2,1,1,0,2.9497215
Testing,Medium,Tech Lead,JavaScript,Medium,3,3,0,6,8,17,False,3,False,3.5,1,1,1,0,1.345875
Code Review,Medium,Mid,JavaScript,Critical,10,5,2,20,2,10,False,0,False,3.1,3,1,0,1,3.28127625
Testing,Medium,Mid,Other,Low,7,2,2,14,7,12,False,0,True,3.625,1,0,1,0,3.34284431
Refactoring,High,Junior,Python,Critical,3,3,3,6,8,12,True,1,True,4.16666667,1,1,0,1,1.60503444
Bug Fix,Medium,Tech Lead,Java,High,5,5,3,10,8,14,False,2,False,3.55,2,1,2,0,2.06815275
Documentation,Medium,Tech Lead,Go,Low,3,2,3,6,10,10,False,3,False,2.375,1,1,0,0,2.10478125
Design Review,Medium,Junior,Other,High,5,2,1,10,6,16,False,0,False,2.375,1,1,0,0,1.89871875
Feature Dev,High,Senior,Go,Medium,1,4,0,2,8,9,False,3,True,2.375,2,2,0,0,0.820325
Code Review,Medium,Mid,C++,Low,3,5,1,6,5,12,True,3,False,3.1,3,1,0,1,1.71088706
Refactoring,High,Junior,JavaScript,Low,13,3,0,26,1,16,False,0,False,3.5,1,1,1,0,5.9021105
Code Review,High,Junior,JavaScript,Low,4,3,3,8,8,14,False,2,False,2.66666667,1,2,0,0,2.6477
Client Meeting,High,Junior,C++,Medium,12,3,0,24,8,14,True,1,True,2.91666667,2,0,1,0,6.00778351
Feature Dev,High,Tech Lead,Go,High,6,5,3,12,9,12,True,0,False,3.9,1,2,2,0,2.58055592
Testing,Medium,Mid,Java,Medium,13,3,1,26,5,17,False,0,False,4.08333333,0,2,1,0,4.64892708
Bug Fix,High,Junior,Java,High,9,4,3,18,8,14,False,0,False,3.0,2,1,1,0,3.8067165
Refactoring,High,Junior,JavaScript,Low,8,5,2,16,9,16,True,1,False,4.15,0,4,0,1,3.99552615
Documentation,High,Mid,Java,Low,7,3,1,14,1,9,True,1,True,3.5,1,1,1,0,3.95564775
Deployment,High,Junior,Go,High,8,2,2,16,2,17,False,3,False,4.5,0,1,1,0,3.269385
Feature Dev,Medium,Senior,JavaScript,Medium,6,5,2,12,4,11,True,2,True,2.7,3,1,1,0,3.13529948
Bug Fix,High,Junior,Go,Critical,12,2,1,24,4,18,False,2,False,3.25,0,2,0,0,4.67765625
Bug Fix,High,Senior,C++,High,12,2,2,24,1,13,True,2,False,5.75,0,0,2,0,4.5454311
Code Review,Low,Mid,JavaScript,Critical,4,2,1,8,10,9,False,2,False,1.5,2,0,0,0,1.5595375
Refactoring,Low,Tech Lead,Python,Critical,5,2,2,10,10,12,False,1,False,2.375,1,1,0,0,1.8349375
Feature Dev,High,Tech Lead,Java,High,12,3,2,24,10,10,True,0,False,2.66666667,1,2,0,0,5.31657
Deployment,Low,Tech Lead,Other,Critical,13,3,1,26,2,15,True,0,False,4.75,0,2,0,1,3.53214127
Documentation,Medium,Tech Lead,Python,Medium,7,2,1,14,8,14,False,2,True,2.375,1,1,0,0,3.40003125
Feature Dev,Low,Junior,C++,Medium,9,2,0,18,7,11,False,3,False,1.5,2,0,0,0,3.6285
Code Review,Medium,Tech Lead,JavaScript,High,2,3,2,4,1,17,False,2,False,4.16666667,1,1,0,1,0.9910875
Documentation,Low,Senior,Python,Medium,2,3,3,4,3,18,True,3,True,2.08333333,2,1,0,0,1.69077563
Refactoring,High,Senior,Go,High,9,2,1,18,9,17,True,3,False,1.5,2,0,0,0,4.44598875
Client Meeting,Medium,Tech Lead,Python,Low,6,2,0,12,1,16,True,1,False,1.5,2,0,0,0,2.9596875
Client Meeting,Medium,Junior,Other,High,10,5,0,20,7,14,True,3,False,2.7,3,1,1,0,3.80363918
Design Review,Medium,Tech Lead,Other,Medium,9,2,2,18,4,11,True,0,False,4.5,0,1,1,0,3.47563125
Feature Dev,High,Senior,Python,Medium,2,3,1,4,1,9,False,2,False,3.5,1,1,1,0,1.1395075
Feature Dev,Low,Mid,Java,High,12,2,3,24,8,9,True,0,False,3.25,0,2,0,0,4.22592188
Code Review,Medium,Senior,C++,High,9,4,2,18,8,14,False,3,False,1.9375,3,1,0,0,3.7918125
Client Meeting,Low,Tech Lead,Other,Low,8,2,3,16,5,14,True,0,False,2.375,1,1,0,0,3.77403469
Testing,Medium,Senior,Go,Critical,12,2,2,24,10,15,False,1,True,1.5,2,0,0,0,4.98355
Bug Fix,High,Junior,JavaScript,High,3,2,1,6,10,16,True,3,False,5.75,0,0,2,0,1.38175065
Deployment,High,Junior,Go,Critical,6,2,2,12,3,17,False,2,False,5.75,0,0,2,0,2.214029
Bug Fix,Low,Senior,Go,Critical,3,3,0,6,2,10,True,2,False,4.16666667,1,1,0,1,0.967708
Code Review,Medium,Tech Lead,JavaScript,High,2,4,1,4,7,12,False,3,False,3.0,2,1,1,0,1.0366875
Testing,Low,Mid,Go,Medium,6,4,0,12,2,16,False,2,True,3.0625,3,0,0,1,2.33518313
Deployment,Low,Tech Lead,Python,Critical,5,2,3,10,9,16,False,0,False,2.375,1,1,0,0,1.87664062
Design Review,Medium,Tech Lead,C++,Low,4,5,3,8,9,16,False,3,False,4.45,2,0,2,1,2.01882038
Design Review,Medium,Mid,Other,Medium,4,5,3,8,4,9,False,2,True,3.55,2,1,2,0,2.14619625
Design Review,Low,Mid,Other,Medium,5,4,2,10,5,13,False,0,False,3.5,2,1,0,1,1.845375
Client Meeting,High,Tech Lead,Other,Critical,4,2,3,8,6,12,False,2,False,2.375,1,1,0,0,2.07681562
Code Review,Medium,Senior,C++,Medium,6,2,0,12,6,9,False,0,False,2.375,1,1,0,0,2.355
Documentation,High,Junior,JavaScript,Medium,13,5,3,26,3,15,False,0,False,3.05,2,2,1,0,5.90965225
Design Review,Low,Mid,C++,Critical,4,3,1,8,1,11,False,2,False,2.08333333,2,1,0,0,1.51516042
Documentation,High,Tech Lead,Python,Medium,12,3,3,24,2,17,True,1,False,2.66666667,1,2,0,0,6.16105
Code Review,Medium,Tech Lead,Python,High,8,2,3,16,4,10,True,1,True,1.5,2,0,0,0,3.99557813
Feature Dev,Medium,Mid,Go,Low,11,3,1,22,3,16,True,3,True,3.58333333,2,0,0,1,5.39040064
Code Review,Low,Mid,JavaScript,Medium,4,5,0,8,6,15,False,1,False,2.55,2,3,0,0,1.49765
Design Review,High,Tech Lead,Other,Critical,2,4,2,4,2,11,False,2,False,2.8125,1,3,0,0,1.15796563
Bug Fix,High,Junior,JavaScript,Critical,5,2,2,10,3,16,False,2,False,1.5,2,0,0,0,2.4395
Testing,Medium,Tech Lead,Go,Low,7,4,2,14,9,11,False,2,False,3.0,2,1,1,0,3.345045
Code Review,Medium,Tech Lead,JavaScript,Low,9,5,0,18,6,15,True,3,False,2.55,2,3,0,0,4.38062625
Testing,Medium,Mid,Go,Critical,2,5,0,4,10,14,True,2,False,4.45,2,0,2,1,0.69702019
Code Review,Medium,Senior,Go,Medium,5,2,3,10,1,15,False,1,True,3.25,0,2,0,0,2.6296875
Documentation,High,Mid,JavaScript,Critical,11,3,1,22,8,15,False,3,False,2.08333333,2,1,0,0,4.66398542
Testing,Low,Tech Lead,C++,Medium,11,4,2,22,8,18,True,0,False,3.5,2,1,0,1,3.93064875
Client Meeting,Low,Tech Lead,Go,High,5,5,1,10,7,18,True,3,False,2.2,3,2,0,0,2.1049875
Bug Fix,Medium,Junior,JavaScript,Low,4,2,0,8,5,18,False,2,False,4.5,0,1,1,0,1.680525
Code Review,High,Junior,C++,Low,3,3,2,6,8,15,True,1,False,2.08333333,2,1,0,0,2.04733375
Client Meeting,High,Tech Lead,C++,High,8,4,1,16,2,13,True,0,True,4.0625,1,1,2,0,3.35647209
Testing,Low,Junior,Python,High,9,3,2,18,10,13,True,0,True,4.16666667,1,1,0,1,3.11712266
Client Meeting,Medium,Junior,JavaScript,Critical,13,3,1,26,7,9,True,0,False,3.5,1,1,1,0,4.28425659
Refactoring,High,Senior,C++,Low,1,3,1,2,10,15,False,3,False,2.08333333,2,1,0,0,0.99682917
Testing,Medium,Tech Lead,Python,Low,6,3,0,12,8,10,True,0,False,2.91666667,2,0,1,0,2.5656015
Bug Fix,Low,Senior,Go,Critical,10,4,3,20,9,11,True,0,True,2.375,2,2,0,0,3.90153586
Refactoring,High,Mid,Java,Medium,11,4,3,22,1,18,True,3,False,3.0,2,1,1,0,5.62161075
Feature Dev,Low,Senior,C++,Critical,11,2,3,22,7,12,False,2,False,2.375,1,1,0,0,3.84502812
Design Review,Medium,Tech Lead,JavaScript,Medium,6,3,1,12,10,10,False,1,False,3.5,1,1,1,0,2.3777125
Documentation,Medium,Junior,JavaScript,Low,12,3,1,24,4,13,False,2,False,2.66666667,1,2,0,0,5.47616667
Bug Fix,Medium,Senior,Java,Critical,11,4,2,22,2,17,False,2,False,4.0625,1,1,2,0,3.51135531
Design Review,Low,Senior,C++,High,12,3,1,24,6,18,False,3,False,2.66666667,1,2,0,0,4.1499
Feature Dev,Medium,Tech Lead,C++,Critical,3,4,2,6,5,14,False,2,False,3.9375,1,2,0,1,1.23976484
Refactoring,Low,Tech Lead,Python,High,4,4,2,8,9,12,False,2,False,2.375,2,2,0,0,1.7132625
Testing,Medium,Tech Lead,C++,High,10,5,0,20,3,9,False,1,True,3.05,2,2,1,0,3.73052542
Documentation,High,Junior,C++,Low,7,5,2,14,10,10,False,1,False,3.95,2,1,1,1,3.3062546
Testing,High,Tech Lead,C++,Medium,1,4,0,2,9,10,False,3,False,3.5,2,1,0,1,0.66785
Documentation,High,Mid,Go,Critical,10,2,0,20,3,18,False,3,True,3.625,1,0,1,0,4.08297553
Code Review,High,Mid,Go,High,12,5,0,24,4,13,False,0,False,5.15,0,2,2,1,3.758292
Client Meeting,Low,Tech Lead,Python,Medium,8,2,0,16,7,11,True,2,False,2.375,1,1,0,0,3.1733625
Bug Fix,Medium,Junior,Python,High,13,2,0,26,6,15,True,3,False,3.625,1,0,1,0,4.63194703
Design Review,High,Mid,Java,Critical,13,3,2,26,5,18,False,1,False,3.58333333,2,0,0,1,4.74399521
Refactoring,Low,Tech Lead,Python,High,11,4,1,22,9,10,False,0,False,2.8125,1,3,0,0,3.54872813
Client Meeting,Low,Mid,Other,High,7,3,2,14,8,11,False,2,False,1.5,3,0,0,0,2.78595
Bug Fix,Low,Tech Lead,Go,Low,8,4,2,16,5,14,False,0,True,2.375,2,2,0,0,3.77565375
Refactoring,High,Tech Lead,C++,Medium,11,2,0,22,9,12,False,1,True,3.625,1,0,1,0,5.05838025
Deployment,Medium,Junior,JavaScript,High,7,3,2,14,9,12,False,1,False,5.58333333,0,1,1,1,2.25216
Design Review,Low,Tech Lead,Other,Medium,4,5,2,8,2,10,True,3,False,2.2,3,2,0,0,2.12058
Refactoring,Medium,Tech Lead,Go,Low,7,5,3,14,5,13,True,3,True,2.35,4,0,1,0,4.29840483
Refactoring,High,Tech Lead,C++,Medium,10,2,1,20,8,18,True,0,False,3.25,0,2,0,0,4.67578125
Documentation,Low,Junior,Go,High,1,4,0,2,8,17,False,3,False,2.8125,1,3,0,0,0.56986875
Code Review,Medium,Mid,Python,High,13,2,1,26,2,12,False,1,False,2.375,1,1,0,0,4.81303125
Code Review,High,Senior,JavaScript,Critical,10,3,1,20,2,13,False,3,False,2.66666667,1,2,0,0,4.14941667
Bug Fix,Medium,Senior,Other,High,3,2,2,6,7,14,False,1,True,4.5,0,1,1,0,1.34442
Documentation,High,Junior,Python,Medium,5,5,0,10,4,18,False,3,False,3.55,2,1,2,0,2.25459
Deployment,Medium,Senior,Go,Low,10,5,0,20,4,15,True,0,True,2.75,4,0,0,1,4.64685375
Testing,High,Senior,C++,Medium,12,4,3,24,2,13,True,1,True,3.875,0,3,1,0,6.16297533
Bug Fix,High,Mid,C++,Low,11,2,1,22,7,18,False,0,False,5.75,0,0,2,0,4.579069
Bug Fix,Medium,Mid,Java,Medium,9,2,1,18,6,17,False,3,False,3.25,0,2,0,0,3.796875
Testing,High,Junior,Python,Low,2,4,3,4,3,9,False,1,True,3.5,2,1,0,1,1.56303263
Refactoring,High,Junior,C++,Critical,11,4,0,22,6,17,False,2,True,3.0,2,1,1,0,4.53202915
Design Review,Medium,Junior,Python,Medium,8,3,2,16,3,11,False,2,False,4.91666667,0,1,2,0,2.97079167
Testing,Low,Mid,Other,Critical,5,3,2,10,8,14,True,0,True,1.5,3,0,0,0,2.11321688
Documentation,Medium,Junior,Go,Low,7,2,2,14,5,9,False,1,False,2.375,1,1,0,0,3.454
Testing,Medium,Senior,C++,Critical,7,4,0,14,3,10,True,3,True,3.0,2,1,1,0,2.80451614
Refactoring,Low,Junior,Other,Medium,5,5,3,10,1,10,False,0,True,2.2,3,2,0,0,2.45025
Testing,High,Junior,Other,Low,1,2,1,2,8,17,True,1,False,3.625,1,0,1,0,0.73081831
Bug Fix,Medium,Tech Lead,Java,High,10,5,0,20,2,10,False,3,True,3.6,3,0,1,1,3.6031248
Feature Dev,Medium,Senior,Other,High,13,4,1,26,5,14,False,1,False,4.5,0,2,2,0,4.0343625
Code Review,Medium,Mid,JavaScript,Critical,3,2,3,6,4,16,True,3,False,4.5,0,1,1,0,1.47714328
Feature Dev,High,Mid,Java,High,2,2,3,4,7,11,True,3,False,4.5,0,1,1,0,1.33945481
Testing,Medium,Senior,Go,Medium,1,5,3,2,2,12,False,1,False,3.2,3,0,2,0,0.83942
Client Meeting,Low,Junior,Go,Medium,3,3,2,6,7,10,True,0,True,2.08333333,2,1,0,0,1.58725875
Testing,Low,Mid,JavaScript,Low,3,5,0,6,2,17,True,0,False,1.5,5,0,0,0,1.278585
Testing,Medium,Tech Lead,Other,Critical,10,4,3,20,8,10,False,2,True,3.0,2,1,1,0,4.00645163
Design Review,High,Tech Lead,Java,Low,3,4,3,6,1,9,False,1,False,3.0,2,1,1,0,1.9563445
Code Review,Low,Junior,Go,Medium,8,2,3,16,8,14,False,3,False,2.375,1,1,0,0,3.5619375
Refactoring,Low,Mid,JavaScript,Critical,11,3,2,22,10,11,False,1,False,3.58333333,2,0,0,1,3.24197792
Bug Fix,Medium,Junior,JavaScript,Medium,3,4,0,6,3,11,False,0,True,2.375,2,2,0,0,1.29525
Design Review,Medium,Senior,C++,Critical,6,5,0,12,1,13,True,3,False,3.4,1,3,1,0,2.17383548
Code Review,High,Mid,Go,Low,13,4,1,26,6,14,False,1,False,3.0,2,1,1,0,6.3150395
Testing,Medium,Junior,Other,Low,8,5,2,16,6,17,False,3,False,4.65,0,3,1,1,3.336058
Client Meeting,Medium,Senior,Python,Medium,6,3,3,12,7,17,True,0,False,2.08333333,2,1,0,0,2.98003125
Client Meeting,Medium,Tech Lead,Go,Critical,3,4,1,6,10,18,True,3,False,1.5,4,0,0,0,1.50944063
Testing,High,Senior,C++,Medium,1,2,3,2,7,12,False,0,False,3.25,0,2,0,0,0.853125
Code Review,Low,Mid,JavaScript,High,11,4,2,22,8,12,False,0,False,3.9375,1,2,0,1,3.28945219
Refactoring,High,Mid,Other,Critical,2,4,1,4,8,18,False,0,False,3.0,2,1,1,0,0.83810425
Code Review,Medium,Senior,Java,Medium,5,5,0,10,6,14,False,1,False,3.25,0,5,0,0,1.96875
Feature Dev,Medium,Senior,Python,High,4,4,0,8,2,13,True,2,False,3.0,2,1,1,0,1.5674715
Testing,High,Tech Lead,Other,High,1,5,3,2,1,14,False,3,False,2.9,1,4,0,0,1.039995
Design Review,Medium,Senior,Other,High,5,2,0,10,2,16,True,3,False,5.75,0,0,2,0,1.7366265
Documentation,High,Junior,Go,Critical,5,5,0,10,6,17,False,1,False,4.8,1,1,2,1,1.561416
Feature Dev,Low,Mid,Java,Medium,7,3,3,14,3,13,True,1,False,2.08333333,2,1,0,0,3.21006875
Refactoring,Low,Senior,JavaScript,Critical,1,5,0,2,6,17,True,0,False,2.2,3,2,0,0,0.5
Code Review,Medium,Tech Lead,Go,Low,10,5,2,20,6,13,False,2,False,3.05,2,2,1,0,4.54942125
Code Review,Low,Mid,Other,Critical,9,5,0,18,8,14,False,2,True,2.9,1,4,0,0,3.071662
Code Review,Medium,Junior,Python,Critical,2,2,3,4,3,11,False,1,True,4.5,0,1,1,0,1.07133469
Code Review,Medium,Mid,C++,Critical,3,5,0,6,8,14,True,2,False,2.2,3,2,0,0,1.237005
Code Review,High,Senior,Go,Medium,3,3,0,6,10,10,False,0,False,5.0,1,0,1,1,1.07916
Refactoring,Medium,Tech Lead,Java,High,11,4,1,22,2,14,False,1,False,2.375,2,2,0,0,4.10653125
Documentation,Low,Tech Lead,Python,Medium,5,3,0,10,1,9,False,2,False,2.66666667,1,2,0,0,1.93333333
Bug Fix,Low,Junior,C++,High,1,3,2,2,9,14,False,2,False,2.08333333,2,1,0,0,0.770775
Bug Fix,High,Mid,Java,Low,7,5,0,14,4,14,True,1,False,3.45,2,2,0,1,3.37876193
Client Meeting,Low,Mid,Python,Medium,12,2,3,24,10,18,True,1,False,2.375,1,1,0,0,5.01762188
Design Review,High,Junior,JavaScript,High,12,4,3,24,3,15,True,0,False,3.9375,1,2,0,1,4.8403594
Deployment,Low,Senior,Java,High,6,3,0,12,3,9,False,3,False,2.66666667,1,2,0,0,2.1402
Refactoring,High,Junior,Other,Low,7,3,0,14,3,14,False,0,True,2.91666667,2,0,1,0,3.60609544
Client Meeting,High,Mid,JavaScript,Critical,11,2,3,22,6,18,False,1,False,3.25,0,2,0,0,4.47046875
Client Meeting,Medium,Senior,JavaScript,Medium,1,5,2,2,3,16,False,2,True,2.7,3,1,1,0,0.9266895
Refactoring,Medium,Junior,Other,Medium,2,5,3,4,8,14,True,1,False,3.05,2,2,1,0,1.30278881
Code Review,Medium,Senior,Python,Critical,11,3,3,22,8,11,False,2,True,4.16666667,1,1,0,1,3.99971573
Testing,Low,Senior,Python,Low,9,5,1,18,4,15,True,2,False,2.55,2,3,0,0,4.03242263
Code Review,High,Junior,JavaScript,Medium,12,4,0,24,8,15,False,3,False,4.125,2,0,1,1,4.785495
Documentation,Medium,Junior,Other,High,12,2,3,24,3,9,False,3,False,3.25,0,2,0,0,4.6828125
Design Review,Medium,Mid,Python,Medium,3,3,3,6,10,17,True,0,False,4.16666667,1,1,0,1,1.46757187
Refactoring,High,Mid,C++,Low,11,3,0,22,9,16,False,3,False,4.08333333,0,2,1,0,5.12337833
Feature Dev,Medium,Senior,C++,Critical,6,2,0,12,3,16,False,3,False,2.375,1,1,0,0,2.25196875
Code Review,Medium,Junior,Other,High,9,4,2,18,7,18,False,0,False,3.4375,1,2,1,0,3.15998719
Design Review,Medium,Junior,Python,Medium,10,3,1,20,8,13,False,3,True,4.16666667,1,1,0,1,4.14647292
Feature Dev,Medium,Senior,Go,High,3,5,0,6,5,17,False,3,False,3.4,1,3,1,0,1.217835
Design Review,High,Junior,Python,High,3,5,2,6,9,16,False,3,False,3.95,2,1,1,1,1.4795946
Testing,Low,Tech Lead,Other,Critical,6,2,3,12,9,15,False,0,False,2.375,1,1,0,0,2.17690313
Feature Dev,High,Tech Lead,Other,Medium,2,2,2,4,3,12,False,0,False,4.5,0,1,1,0,1.035475
Documentation,Medium,Senior,Python,High,8,3,2,16,3,15,False,3,True,2.08333333,2,1,0,0,3.746325
Refactoring,High,Junior,Other,Low,2,3,1,4,6,14,False,0,False,5.0,1,0,1,1,0.920414
Testing,Medium,Junior,JavaScript,High,9,2,2,18,10,14,False,1,False,3.625,1,0,1,0,3.208275
Deployment,High,Mid,Python,High,5,2,1,10,6,18,True,1,False,2.375,1,1,0,0,2.36456719
Deployment,Medium,Mid,Other,Medium,1,5,1,2,5,10,False,0,False,3.05,2,2,1,0,0.50549125
Refactoring,Medium,Junior,Other,Critical,10,5,2,20,3,18,True,1,False,3.45,2,2,0,1,3.46017788
Testing,Low,Junior,Other,Medium,13,2,0,26,5,13,False,2,False,2.375,1,1,0,0,4.7885
Deployment,Medium,Tech Lead,Go,Low,3,3,1,6,3,11,False,1,False,3.25,0,3,0,0,1.4953125
Feature Dev,Low,Mid,Go,Low,9,4,1,18,6,18,True,0,False,3.9375,1,2,0,1,3.35933374
Feature Dev,High,Senior,Other,Low,3,4,3,6,4,18,True,0,True,3.625,2,0,2,0,2.00794108
Design Review,High,Senior,Python,Critical,10,2,0,20,3,16,False,2,False,2.375,1,1,0,0,4.0035
Deployment,High,Tech Lead,Other,High,13,3,3,26,8,9,False,2,True,4.16666667,1,1,0,1,5.56000087
Client Meeting,Medium,Mid,Go,High,4,2,2,8,1,14,False,3,True,4.5,0,1,1,0,1.8485775
Documentation,High,Mid,Python,High,7,4,3,14,4,16,False,3,False,3.0,2,1,1,0,3.2925195
Bug Fix,Medium,Junior,Go,Medium,8,2,2,16,9,16,True,3,False,4.5,0,1,1,0,3.3865125
Client Meeting,Low,Senior,Java,Medium,13,3,0,26,10,14,False,3,True,2.08333333,2,1,0,0,5.455175
Client Meeting,High,Tech Lead,Go,Critical,10,5,3,20,1,17,True,3,True,4.8,1,1,2,1,4.02015826
Client Meeting,Medium,Tech Lead,JavaScript,Medium,4,5,1,8,5,17,True,3,True,3.95,2,1,1,1,1.96594283
Documentation,High,Tech Lead,Java,Critical,6,3,0,12,1,13,False,0,False,5.58333333,0,1,1,1,1.834572
Refactoring,High,Tech Lead,Go,Low,12,4,1,24,10,15,True,2,False,4.125,2,0,1,1,5.57473166
Deployment,Low,Tech Lead,Other,Medium,6,5,3,12,5,14,False,2,False,1.85,4,1,0,0,2.831075
Design Review,Low,Tech Lead,Python,Low,5,3,0,10,7,10,False,1,False,1.5,3,0,0,0,2.14225
Feature Dev,High,Mid,Java,High,2,4,3,4,5,11,True,1,True,2.375,2,2,0,0,1.49941378
Code Review,Medium,Mid,Java,Low,6,5,1,12,1,15,False,1,True,1.85,4,1,0,0,3.23054875
Deployment,High,Mid,Go,Critical,8,3,0,16,8,10,False,0,False,4.08333333,0,2,1,0,2.71810167
Design Review,High,Mid,Go,Low,2,3,2,4,2,18,False,1,False,3.25,0,3,0,0,1.36125
Documentation,Medium,Senior,C++,Low,3,2,0,6,2,18,True,0,False,2.375,1,1,0,0,1.3600125
Bug Fix,Medium,Junior,JavaScript,Medium,6,5,3,12,2,14,False,2,False,3.6,3,0,1,1,2.58152
Testing,Medium,Tech Lead,Python,Medium,10,2,3,20,6,14,False,0,True,3.25,0,2,0,0,4.5890625
Deployment,Medium,Junior,Python,Low,5,3,1,10,1,13,True,1,True,1.5,3,0,0,0,2.93009063
Refactoring,Medium,Mid,Go,Critical,3,4,1,6,1,10,False,0,False,2.5625,3,0,1,0,1.08176977
Client Meeting,Medium,Junior,Python,High,4,2,1,8,3,16,False,1,False,2.375,1,1,0,0,1.63378125
Feature Dev,High,Mid,C++,Medium,4,2,3,8,1,10,True,2,False,2.375,1,1,0,0,2.56547813
Feature Dev,High,Senior,C++,Medium,10,2,0,20,6,15,False,2,True,1.5,2,0,0,0,5.412
Code Review,High,Mid,Python,Low,8,2,3,16,5,9,True,0,False,3.625,1,0,1,0,4.25109805
Bug Fix,Medium,Mid,Java,Critical,13,4,0,26,7,16,True,3,False,3.875,0,3,1,0,4.31509805
Documentation,Low,Senior,JavaScript,Low,2,5,3,4,5,15,True,2,False,2.75,4,0,0,1,1.44686128
Refactoring,Medium,Junior,Python,Critical,6,4,2,12,7,9,False,3,False,1.9375,3,1,0,0,2.55796875
Client Meeting,Medium,Senior,Go,Low,12,5,2,24,3,18,True,2,False,3.1,3,1,0,1,5.49557663
Client Meeting,High,Senior,C++,Critical,5,5,1,10,2,12,True,1,False,5.15,0,2,2,1,1.72169944
Feature Dev,Medium,Tech Lead,Java,High,2,3,0,4,10,11,True,2,True,2.91666667,2,0,1,0,0.96210056
Refactoring,High,Tech Lead,Python,Medium,12,3,3,24,4,13,False,1,False,2.91666667,2,0,1,0,5.61803792
Bug Fix,Medium,Senior,JavaScript,Medium,12,4,3,24,3,12,False,3,False,2.375,2,2,0,0,5.4459375
Feature Dev,Medium,Tech Lead,Other,Critical,8,2,0,16,9,15,False,0,False,3.25,0,2,0,0,2.55
Documentation,Medium,Mid,C++,High,10,5,2,20,2,9,False,1,False,4.3,1,2,1,1,3.224232
Refactoring,Low,Tech Lead,C++,Medium,4,2,3,8,8,18,False,1,False,1.5,2,0,0,0,2.03975
Client Meeting,Low,Senior,C++,High,8,2,0,16,1,13,False,0,True,1.5,2,0,0,0,2.92248
Refactoring,Medium,Senior,Java,Low,6,4,3,12,7,14,True,2,False,4.5,0,2,2,0,2.89746188
Deployment,Medium,Junior,Go,Critical,7,3,0,14,8,18,False,0,False,5.58333333,0,1,1,1,1.86116
Testing,Low,Mid,Other,Critical,4,3,0,8,7,14,False,2,True,4.16666667,1,1,0,1,1.29891758
Code Review,Low,Junior,JavaScript,Critical,10,2,0,20,8,10,False,3,False,2.375,1,1,0,0,3.25284375
Client Meeting,Medium,Tech Lead,JavaScript,High,12,2,0,24,2,11,True,3,False,2.375,1,1,0,0,4.72913438
Client Meeting,Low,Tech Lead,Java,High,8,5,3,16,4,11,False,2,True,3.1,3,1,0,1,3.13736692
Feature Dev,High,Senior,Other,High,13,2,3,26,3,12,False,2,False,1.5,2,0,0,0,6.116175
Deployment,Medium,Senior,JavaScript,Critical,10,3,0,20,7,14,False,0,False,4.33333333,1,0,2,0,2.82313333
Bug Fix,Medium,Mid,Python,Low,6,4,1,12,8,17,False,0,False,4.5,0,2,2,0,2.3071125
Deployment,High,Mid,JavaScript,Medium,2,3,1,4,2,16,False,2,False,2.08333333,2,1,0,0,1.26470833
Refactoring,Medium,Tech Lead,Go,Critical,3,2,3,6,4,13,False,3,False,1.5,2,0,0,0,1.6989375
Code Review,Medium,Junior,Java,Critical,12,3,2,24,3,15,False,2,False,4.16666667,1,1,0,1,3.81611042
Feature Dev,High,Junior,Java,High,4,3,2,8,3,15,False,1,False,2.66666667,1,2,0,0,1.9488
Design Review,Medium,Senior,JavaScript,Critical,7,3,3,14,7,13,False,1,False,2.08333333,2,1,0,0,2.83563542
Client Meeting,High,Tech Lead,JavaScript,High,11,5,0,22,3,17,False,3,False,3.45,2,2,0,1,4.250547
Testing,Low,Mid,Java,Low,3,4,3,6,1,10,True,1,False,3.25,0,4,0,0,1.76498438
Documentation,High,Senior,C++,Critical,7,2,0,14,6,13,False,3,False,1.5,2,0,0,0,3.0668
Feature Dev,Medium,Mid,JavaScript,Low,4,4,3,8,3,13,True,1,False,3.0,2,1,1,0,2.28831488
Deployment,Medium,Mid,JavaScript,Medium,8,4,3,16,9,18,True,3,True,3.0,2,1,1,0,4.20411338
Feature Dev,High,Senior,C++,Medium,13,3,0,26,7,18,False,2,False,4.33333333,1,0,2,0,5.13146
Client Meeting,High,Mid,Go,Low,13,3,3,26,6,13,False,0,False,2.08333333,2,1,0,0,7.04352917
Refactoring,Medium,Junior,Go,Critical,2,2,2,4,3,16,False,1,True,2.375,1,1,0,0,1.1009625
Feature Dev,Medium,Senior,Java,High,6,4,3,12,6,10,True,0,False,5.1875,1,0,2,1,2.03744363
Client Meeting,Low,Mid,C++,Critical,12,2,1,24,10,17,False,0,False,2.375,1,1,0,0,3.72825938
Refactoring,High,Mid,Java,High,13,4,0,26,1,17,True,2,False,4.5,0,2,2,0,4.80348225
Deployment,Medium,Junior,Java,Low,1,5,2,2,7,13,True,2,False,3.4,1,3,1,0,0.93773295
Documentation,High,Senior,Other,Critical,11,2,2,22,2,10,False,2,True,5.75,0,0,2,0,4.1536814
Bug Fix,High,Tech Lead,Java,Critical,5,2,3,10,5,18,False,1,True,1.5,2,0,0,0,2.73136875
Design Review,Medium,Mid,JavaScript,Critical,2,2,1,4,7,18,False,0,True,2.375,1,1,0,0,0.87159531
Testing,Medium,Senior,Go,Critical,12,3,2,24,2,11,True,3,False,3.5,1,1,1,0,4.32429638
Testing,Medium,Senior,Other,High,9,2,3,18,1,9,False,1,False,2.375,1,1,0,0,3.66496875
Design Review,High,Senior,C++,Low,10,3,1,20,10,11,False,0,False,2.91666667,2,0,1,0,4.83595521
Bug Fix,Low,Junior,Other,High,12,4,2,24,9,15,False,1,False,1.5,4,0,0,0,4.3542
Feature Dev,Medium,Tech Lead,Go,Medium,2,4,3,4,2,9,False,2,False,3.0,2,1,1,0,1.336175
Deployment,High,Tech Lead,C++,Critical,2,3,2,4,10,17,True,0,False,2.91666667,2,0,1,0,1.00777604
Bug Fix,Medium,Mid,C++,Critical,7,4,2,14,5,13,False,2,False,3.5,2,1,0,1,2.46489375
Testing,Medium,Tech Lead,Java,High,3,2,0,6,4,15,True,3,False,2.375,1,1,0,0,1.39092188
Code Review,Medium,Senior,Go,Low,10,3,3,20,9,13,True,3,False,2.66666667,1,2,0,0,5.303375
Client Meeting,Medium,Senior,Other,Medium,9,5,2,18,3,13,False,3,False,3.1,3,1,0,1,3.77055
Testing,High,Tech Lead,C++,High,1,2,0,2,3,13,True,2,False,2.375,1,1,0,0,0.61200562
Feature Dev,Low,Mid,Go,High,7,5,1,14,2,9,True,0,True,2.2,3,2,0,0,2.74771035
Client Meeting,High,Junior,Go,Low,8,5,2,16,6,12,False,2,False,3.05,2,2,1,0,4.22590685
Code Review,High,Tech Lead,Go,High,6,3,0,12,4,11,True,0,False,5.58333333,0,1,1,1,2.0396124
Deployment,High,Junior,C++,Low,8,5,1,16,8,12,True,1,False,3.55,2,1,2,0,3.93612392
Design Review,Low,Junior,Java,Medium,3,3,2,6,6,16,False,1,False,2.08333333,2,1,0,0,1.47383333
Bug Fix,High,Senior,Java,Critical,8,5,3,16,6,11,True,3,False,3.9,1,2,2,0,3.36347639
Deployment,High,Mid,Java,High,1,2,2,2,10,12,False,2,False,3.625,1,0,1,0,0.769986
Code Review,High,Tech Lead,JavaScript,Low,13,5,1,26,1,16,False,2,False,3.05,2,2,1,0,6.39951923
Refactoring,Medium,Senior,C++,High,8,2,2,16,6,15,True,0,False,5.75,0,0,2,0,2.6426925
Feature Dev,Medium,Mid,Python,High,8,3,0,16,1,18,False,0,True,2.91666667,2,0,1,0,2.932116
Code Review,Low,Tech Lead,Python,Low,12,5,2,24,1,16,True,3,False,2.2,3,2,0,0,5.625774
Bug Fix,Medium,Senior,C++,Low,10,4,1,20,5,18,False,2,False,1.9375,3,1,0,0,4.79995313
Code Review,Medium,Junior,JavaScript,Low,1,3,3,2,10,10,True,2,False,2.91666667,2,0,1,0,1.12245066
Client Meeting,High,Mid,JavaScript,Critical,7,5,0,14,2,13,False,3,True,3.45,2,2,0,1,2.8999586
Documentation,High,Tech Lead,Other,Low,12,5,3,24,3,14,True,3,False,3.45,2,2,0,1,6.38097508
Design Review,Medium,Senior,JavaScript,Medium,1,3,2,2,8,17,False,1,False,4.08333333,0,2,1,0,0.69516667
Documentation,Medium,Senior,Go,High,6,2,3,12,4,9,True,1,False,2.375,1,1,0,0,2.73547969
Deployment,Medium,Tech Lead,Go,High,8,2,1,16,10,10,False,1,True,3.625,1,0,1,0,3.04385091
Design Review,Medium,Mid,JavaScript,High,7,4,3,14,7,13,False,0,False,3.25,0,4,0,0,2.7421875
Deployment,High,Senior,C++,Low,6,2,1,12,1,15,False,2,False,1.5,2,0,0,0,3.506525
Documentation,High,Mid,Java,High,3,5,1,6,4,17,False,2,True,3.95,2,1,1,1,1.42205481
Refactoring,Medium,Mid,Other,Critical,9,5,2,18,5,18,True,1,True,3.1,3,1,0,1,3.52546425
Refactoring,High,Mid,Java,Medium,2,3,3,4,10,15,False,1,False,3.5,1,1,1,0,1.3189575
Feature Dev,Medium,Senior,Python,High,4,4,0,8,6,14,True,0,False,5.0,0,2,1,1,1.182384
Client Meeting,Low,Tech Lead,Other,Low,9,5,0,18,4,12,False,2,False,3.1,3,1,0,1,3.397086
Deployment,High,Tech Lead,Go,Low,6,3,0,12,5,16,False,0,True,3.5,1,1,1,0,2.9964561
Bug Fix,Medium,Senior,Java,Medium,7,3,0,14,5,11,True,0,False,5.0,1,0,1,1,2.29908
Client Meeting,Medium,Tech Lead,JavaScript,Low,7,3,0,14,10,14,True,3,True,3.58333333,2,0,0,1,3.44541072
Deployment,High,Senior,C++,High,3,3,1,6,1,9,False,2,False,3.58333333,2,0,0,1,1.36205063
Refactoring,Medium,Junior,Other,High,2,2,3,4,3,16,False,3,False,4.5,0,1,1,0,1.18400625
Design Review,Low,Mid,Other,Low,7,2,1,14,7,14,False,3,False,3.25,0,2,0,0,3.0628125
Bug Fix,Medium,Senior,JavaScript,Low,6,4,0,12,4,17,False,0,False,3.0,2,1,1,0,2.43276
Deployment,High,Mid,JavaScript,High,3,3,0,6,10,14,False,0,True,2.66666667,1,2,0,0,1.32066
Bug Fix,Medium,Mid,Python,High,12,2,2,24,5,18,True,0,False,1.5,2,0,0,0,4.9399875
Deployment,High,Tech Lead,C++,Critical,1,2,1,2,4,18,False,2,True,3.25,0,2,0,0,0.71001563
Code Review,Medium,Senior,Go,High,2,4,0,4,4,18,False,2,True,5.0,0,2,1,1,0.77418
Testing,Medium,Tech Lead,C++,Low,11,3,0,22,3,9,False,3,False,3.5,1,1,1,0,4.6387825
Design Review,Medium,Junior,Other,Low,10,4,0,20,5,10,False,0,False,1.9375,3,1,0,0,4.41375
Testing,Medium,Tech Lead,Go,Low,4,5,0,8,6,17,True,0,True,3.8,1,3,0,1,1.7573556
Testing,High,Senior,Java,Critical,7,3,2,14,1,13,False,3,True,4.33333333,1,0,2,0,2.96570157
Deployment,Medium,Tech Lead,Java,Medium,6,2,2,12,3,15,True,3,False,2.375,1,1,0,0,3.0909375
Refactoring,Low,Senior,Python,High,12,3,1,24,7,12,True,3,False,4.16666667,1,1,0,1,3.81835519
Feature Dev,High,Mid,JavaScript,High,8,3,0,16,9,17,False,3,False,4.33333333,1,0,2,0,2.974254
Testing,High,Mid,Python,Low,4,3,1,8,10,14,True,3,False,3.5,1,1,1,0,2.37318139
Testing,Medium,Junior,JavaScript,Low,8,5,1,16,1,14,True,2,False,2.7,3,1,1,0,3.83803901
Documentation,High,Junior,Go,Low,5,2,1,10,8,14,False,0,False,5.75,0,0,2,0,2.153305
Client Meeting,High,Senior,Python,Low,2,5,3,4,1,11,True,0,False,2.55,2,3,0,0,1.53883538
Refactoring,Low,Tech Lead,Go,Low,7,2,2,14,9,10,True,3,False,2.375,1,1,0,0,3.5360325
Code Review,High,Junior,JavaScript,Low,9,5,3,18,10,15,True,1,False,4.3,1,2,1,1,4.41048069
Client Meeting,Low,Junior,JavaScript,High,1,4,0,2,2,18,True,0,False,1.5,4,0,0,0,0.5
Client Meeting,Low,Junior,Python,Low,1,4,1,2,7,17,False,1,False,1.5,4,0,0,0,0.687775
Testing,Medium,Tech Lead,Go,Low,6,4,2,12,6,18,False,1,False,3.4375,1,2,1,0,2.77286625
Documentation,Medium,Senior,C++,Medium,11,4,3,22,4,15,True,1,True,1.5,4,0,0,0,5.86018125
Documentation,Low,Tech Lead,JavaScript,Medium,6,3,3,12,4,12,True,1,False,3.58333333,2,0,0,1,2.48921969
Feature Dev,Low,Senior,JavaScript,Low,10,3,2,20,3,17,False,2,False,2.66666667,1,2,0,0,4.35966667
Refactoring,High,Mid,C++,Low,11,3,1,22,3,15,False,2,False,2.91666667,2,0,1,0,5.50789846
Feature Dev,High,Tech Lead,JavaScript,Critical,11,3,1,22,8,17,True,0,False,4.16666667,1,1,0,1,3.93887397
Bug Fix,Medium,Senior,Go,Low,4,3,1,8,9,15,True,3,False,3.5,1,1,1,0,2.12446369
Code Review,Low,Mid,Java,Critical,11,3,0,22,1,11,False,1,True,2.66666667,1,2,0,0,3.66956333
Deployment,High,Senior,Other,Low,5,3,3,10,10,12,False,1,False,5.0,1,0,1,1,2.45157
Bug Fix,Low,Tech Lead,Go,High,5,3,3,10,6,16,False,1,True,4.75,0,2,0,1,1.90627594
Refactoring,Medium,Mid,C++,Medium,13,3,1,26,6,15,True,3,True,5.0,1,0,1,1,5.1031365
Feature Dev,High,Mid,C++,Low,4,2,3,8,6,17,True,0,False,3.625,1,0,1,0,2.35714638
Deployment,Low,Tech Lead,JavaScript,Critical,11,2,1,22,2,16,False,0,False,2.375,1,1,0,0,3.42799688
Feature Dev,Medium,Junior,JavaScript,Medium,12,4,3,24,10,11,False,3,True,3.4375,1,2,1,0,5.49621703
Testing,Low,Junior,C++,Critical,2,2,1,4,1,11,False,2,True,3.25,0,2,0,0,0.93792188
Design Review,High,Junior,JavaScript,High,7,3,1,14,5,14,False,0,False,4.08333333,0,2,1,0,2.63555063
Feature Dev,Low,Mid,C++,Medium,3,4,1,6,5,12,False,0,False,2.375,2,2,0,0,1.2069375
Client Meeting,High,Tech Lead,Go,High,10,5,2,20,7,11,False,3,True,3.05,2,2,1,0,4.7313981
Documentation,High,Tech Lead,JavaScript,High,7,3,3,14,3,18,True,3,True,5.0,1,0,1,1,3.22716933
Client Meeting,Medium,Mid,Java,High,7,3,0,14,10,14,True,1,False,5.0,1,0,1,1,2.143071
Refactoring,Medium,Mid,Java,High,10,5,1,20,4,18,True,3,False,3.05,2,2,1,0,3.86494014
Testing,High,Junior,Go,Medium,3,3,2,6,6,9,False,0,True,5.0,1,0,1,1,1.445136
Client Meeting,Medium,Mid,JavaScript,High,11,4,0,22,1,10,False,2,False,3.625,2,0,2,0,3.5754075
Documentation,Low,Junior,Go,High,1,3,2,2,5,9,True,2,True,4.16666667,1,1,0,1,0.75726709
Feature Dev,Medium,Mid,Java,Medium,13,2,0,26,5,12,False,0,False,3.625,1,0,1,0,4.634175
Client Meeting,High,Junior,Go,Medium,10,4,0,20,4,10,False,3,True,4.125,2,0,1,1,4.4319275
Documentation,High,Senior,Go,High,4,2,2,8,1,16,True,0,False,2.375,1,1,0,0,1.98438188
Testing,High,Junior,C++,Critical,10,5,2,20,9,13,False,0,True,3.95,2,1,1,1,3.80401945
Refactoring,High,Senior,Other,Low,11,3,1,22,9,13,True,3,False,5.58333333,0,1,1,1,4.9766871
Deployment,Medium,Junior,C++,High,13,4,3,26,9,14,False,0,False,4.5625,1,1,1,1,4.07880563
Code Review,Medium,Junior,Java,Medium,12,2,1,24,7,10,False,3,True,3.25,0,2,0,0,5.4140625
Feature Dev,Medium,Junior,C++,High,10,3,2,20,9,18,True,3,False,4.16666667,1,1,0,1,3.68227125
Bug Fix,Medium,Tech Lead,C++,Low,11,4,3,22,10,10,True,0,False,1.9375,3,1,0,0,5.61925547
Client Meeting,High,Tech Lead,Go,Low,10,5,1,20,1,16,False,2,False,4.3,1,2,1,1,4.433319
Code Review,High,Mid,C++,High,10,3,2,20,3,14,False,3,False,2.66666667,1,2,0,0,4.524
Design Review,High,Junior,JavaScript,High,4,2,1,8,1,16,False,3,False,1.5,2,0,0,0,2.112525
Documentation,High,Mid,Go,Low,2,5,1,4,5,16,True,2,False,4.45,2,0,2,1,1.14557318
Testing,High,Junior,C++,High,8,3,3,16,5,9,False,0,False,3.5,1,1,1,0,3.33507825
Feature Dev,High,Tech Lead,Other,Medium,11,2,1,22,8,9,False,0,False,3.25,0,2,0,0,4.884375
Code Review,High,Tech Lead,C++,Medium,11,3,0,22,10,10,False,3,True,2.91666667,2,0,1,0,5.45699367
Testing,High,Tech Lead,Go,Critical,6,3,2,12,9,14,True,2,True,3.25,0,3,0,0,3.00047344
Code Review,High,Tech Lead,Other,Critical,7,2,2,14,9,14,False,1,False,2.375,1,1,0,0,3.01930625
Design Review,Low,Mid,Java,High,7,3,1,14,2,13,True,0,False,2.08333333,2,1,0,0,2.51263688
Documentation,Low,Mid,Python,Medium,10,2,2,20,3,14,False,3,False,1.5,2,0,0,0,4.305
Bug Fix,Medium,Senior,C++,High,3,4,3,6,2,17,True,1,True,1.9375,3,1,0,0,1.82480977
Testing,Low,Tech Lead,Java,Low,8,4,3,16,10,9,False,2,False,3.9375,1,2,0,1,3.33149266
Client Meeting,Medium,Junior,Other,Low,9,4,0,18,9,12,False,3,False,3.0,2,1,1,0,3.953235
Documentation,Low,Mid,Java,High,11,5,2,22,9,12,False,3,False,2.55,2,3,0,0,3.99114
Bug Fix,Medium,Mid,Other,Medium,9,3,3,18,4,10,True,1,False,4.16666667,1,1,0,1,3.69116562
Deployment,High,Tech Lead,JavaScript,Critical,6,4,2,12,2,17,False,1,False,3.4375,1,2,1,0,2.41815544
Client Meeting,Medium,Senior,Other,High,12,2,1,24,1,11,False,3,True,3.625,1,0,1,0,4.63194703
Client Meeting,High,Mid,C++,Medium,2,2,2,4,2,18,False,0,False,1.5,2,0,0,0,1.2505
Feature Dev,Medium,Senior,Other,Low,13,3,3,26,10,15,False,2,False,2.91666667,2,0,1,0,5.95586062
Bug Fix,High,Junior,Java,Critical,1,4,2,2,4,18,False,1,False,3.9375,1,2,0,1,0.62717516
Deployment,High,Mid,Other,High,13,3,3,26,1,13,False,3,False,3.58333333,2,0,0,1,5.29861313
Bug Fix,Medium,Junior,Other,Medium,1,3,2,2,3,9,False,0,True,3.5,1,1,1,0,0.6908825
Refactoring,Low,Mid,Go,High,13,3,0,26,2,17,False,0,False,2.66666667,1,2,0,0,4.0716
Bug Fix,High,Tech Lead,JavaScript,High,1,2,1,2,2,13,False,3,False,3.625,1,0,1,0,0.72988256
Deployment,Medium,Mid,Java,Critical,6,3,1,12,4,9,False,0,False,4.08333333,0,2,1,0,1.88346719
Documentation,High,Tech Lead,Go,Low,12,4,0,24,5,10,True,1,False,4.125,2,0,1,1,5.33730698
Documentation,Medium,Senior,Go,Low,9,5,2,18,4,14,False,1,False,3.4,1,3,1,0,3.96924
Client Meeting,High,Junior,Python,Low,12,4,0,24,4,13,False,0,False,3.4375,1,2,1,0,5.46650775
Documentation,Medium,Tech Lead,Java,Low,7,2,2,14,4,17,False,1,True,3.625,1,0,1,0,3.450678
Code Review,Medium,Junior,Python,High,12,5,2,24,2,17,False,3,False,4.3,1,2,1,1,3.957012
Deployment,High,Tech Lead,Go,Critical,13,4,0,26,7,18,False,1,True,2.8125,1,3,0,0,5.453855
Testing,Medium,Junior,JavaScript,Critical,3,5,0,6,6,12,False,2,False,2.55,2,3,0,0,1.157275
Bug Fix,High,Senior,Go,Critical,3,5,3,6,9,14,False,3,False,3.8,1,3,0,1,1.56517725
Testing,Medium,Senior,Other,High,7,3,0,14,3,16,False,2,False,3.5,1,1,1,0,2.422575
Deployment,Medium,Tech Lead,JavaScript,Critical,1,5,0,2,2,15,False,1,False,2.7,3,1,1,0,0.5
Documentation,High,Senior,JavaScript,High,5,4,2,10,3,12,True,2,True,3.5,2,1,0,1,2.55768975
Code Review,Medium,Junior,Go,Medium,11,2,0,22,8,18,True,3,False,2.375,1,1,0,0,4.84246875
Documentation,High,Senior,Go,Low,3,5,2,6,6,11,False,3,True,3.95,2,1,1,1,1.98923274
Design Review,High,Senior,Other,Low,12,4,2,24,4,18,False,1,False,3.5,2,1,0,1,5.72242
Feature Dev,High,Junior,Python,Medium,9,5,0,18,6,13,True,0,True,3.05,2,2,1,0,4.39474093
Documentation,Low,Junior,Python,Medium,2,2,3,4,2,14,False,2,False,1.5,2,0,0,0,1.40425
Deployment,Low,Mid,Go,High,1,3,1,2,4,18,True,1,True,4.16666667,1,1,0,1,0.53713131
Client Meeting,Medium,Senior,Go,Medium,9,5,0,18,10,11,False,2,True,3.95,2,1,1,1,3.470654
Refactoring,Medium,Tech Lead,Python,Low,10,5,2,20,3,18,True,1,False,2.7,3,1,1,0,4.7570061
Bug Fix,Medium,Junior,Python,Medium,12,3,3,24,3,10,True,1,False,3.58333333,2,0,0,1,4.91414219
Feature Dev,Medium,Junior,JavaScript,High,9,2,3,18,2,15,True,0,False,1.5,2,0,0,0,3.92293125
Client Meeting,High,Tech Lead,Go,Critical,9,5,3,18,3,16,False,3,False,3.4,1,3,1,0,3.74957865
Design Review,Low,Junior,Other,Medium,12,2,0,24,9,18,True,1,False,2.375,1,1,0,0,4.55398125
Documentation,Low,Mid,Other,Critical,10,3,2,20,2,15,True,2,False,4.16666667,1,1,0,1,3.09968969
Bug Fix,High,Tech Lead,Go,Critical,5,2,2,10,10,9,False,2,True,4.5,0,1,1,0,2.2220275
Documentation,Low,Senior,Other,Critical,2,2,2,4,7,17,False,1,True,3.25,0,2,0,0,0.98175
Deployment,Medium,Tech Lead,Python,High,4,2,2,8,6,12,False,3,False,1.5,2,0,0,0,2.0295
Testing,High,Junior,Other,Low,10,4,0,20,10,13,True,2,False,4.5,0,2,2,0,4.55994
Documentation,High,Senior,JavaScript,Medium,4,4,2,8,7,11,False,0,False,3.0,2,1,1,0,1.97201
Testing,Low,Mid,C++,Low,4,4,2,8,10,10,True,1,True,1.9375,3,1,0,0,2.34502538
Testing,High,Junior,Other,Low,12,5,3,24,2,16,True,1,True,3.9,1,2,2,0,6.5605431
Feature Dev,Low,Tech Lead,Java,Low,4,5,0,8,2,12,True,1,False,1.85,4,1,0,0,1.79204025
Testing,Low,Mid,Other,Medium,10,2,3,20,2,17,False,1,False,2.375,1,1,0,0,4.0721875
Refactoring,High,Junior,JavaScript,Medium,11,3,2,22,5,18,True,3,False,2.08333333,2,1,0,0,5.9182375
Feature Dev,Medium,Junior,C++,Critical,10,4,0,20,7,15,False,0,False,4.0625,1,1,2,0,2.8664125
Refactoring,Medium,Tech Lead,JavaScript,Low,4,4,0,8,3,11,False,2,True,4.0625,1,1,2,0,1.83619013
Refactoring,Medium,Mid,C++,Low,6,4,0,12,2,10,False,0,True,2.5625,3,0,1,0,2.73765525
Documentation,High,Tech Lead,Java,Critical,9,3,1,18,5,15,False,1,True,3.5,1,1,1,0,3.68289721
Testing,High,Mid,Java,High,2,3,2,4,7,15,True,3,False,2.91666667,2,0,1,0,1.32944805
Deployment,High,Junior,Python,Medium,5,3,1,10,6,16,True,2,False,2.08333333,2,1,0,0,2.77090625
Design Review,Low,Junior,C++,High,8,4,3,16,3,10,False,1,True,1.9375,3,1,0,0,3.40631156
Refactoring,High,Senior,Go,Low,4,3,3,8,9,17,False,1,True,3.5,1,1,1,0,2.59475728
Documentation,High,Junior,Python,Critical,5,4,1,10,9,16,True,2,False,4.0625,1,1,2,0,1.9939482
Feature Dev,High,Mid,Other,Critical,2,5,0,4,4,17,True,2,False,3.4,1,3,1,0,0.90173916
Code Review,High,Mid,JavaScript,Low,5,4,3,10,2,15,True,2,False,2.8125,1,3,0,0,3.26883047
Documentation,Medium,Tech Lead,C++,Critical,9,5,3,18,6,17,True,1,True,4.8,1,1,2,1,3.11844052
Code Review,High,Mid,C++,Medium,9,5,3,18,3,11,False,3,False,5.15,0,2,2,1,3.699285
Testing,Low,Senior,Go,High,7,5,0,14,4,15,True,1,True,1.85,4,1,0,0,2.74391618
Refactoring,Medium,Senior,Java,Critical,6,4,0,12,3,17,True,1,False,2.8125,1,3,0,0,2.14060547
Feature Dev,Medium,Senior,C++,Low,7,5,3,14,9,18,False,2,False,2.7,3,1,1,0,3.55230975
Refactoring,Low,Tech Lead,JavaScript,High,5,5,3,10,1,11,False,3,False,1.5,5,0,0,0,2.352375
Feature Dev,Medium,Junior,JavaScript,Low,2,2,1,4,5,14,True,2,False,5.75,0,0,2,0,1.06127175
Refactoring,Medium,Tech Lead,C++,Low,9,2,3,18,3,18,True,1,True,2.375,1,1,0,0,5.17371422
Design Review,High,Mid,JavaScript,Medium,7,4,0,14,4,10,True,0,False,3.0,2,1,1,0,3.1155915
Refactoring,Medium,Mid,Go,Medium,2,3,2,4,10,15,True,2,True,2.08333333,2,1,0,0,1.49524375
Documentation,Low,Senior,Go,Critical,8,4,2,16,7,12,False,1,True,2.375,2,2,0,0,3.0092975
Testing,Low,Tech Lead,Other,Low,5,5,2,10,10,13,False,3,False,3.8,1,3,0,1,2.28228
Code Review,Low,Tech Lead,Other,Low,5,5,0,10,2,15,True,1,False,3.45,2,2,0,1,1.93362881
Documentation,Medium,Senior,C++,Low,6,4,1,12,2,12,False,0,False,3.0,2,1,1,0,2.5848075
Documentation,High,Junior,Python,Low,6,3,3,12,2,14,False,0,False,2.91666667,2,0,1,0,3.26808762
Design Review,High,Senior,Go,Critical,1,2,1,2,9,16,True,2,False,3.625,1,0,1,0,0.64426172
Client Meeting,Medium,Mid,C++,Low,8,2,0,16,7,9,False,1,True,2.375,1,1,0,0,3.91813125
Code Review,Low,Junior,Go,Critical,12,3,1,24,6,13,False,1,False,4.75,0,2,0,1,3.18286219
Deployment,Low,Junior,Python,High,8,2,3,16,2,11,True,3,False,2.375,1,1,0,0,3.36603094
Feature Dev,Medium,Tech Lead,JavaScript,Critical,12,5,0,24,8,12,False,2,False,3.2,3,0,2,0,3.7553
Deployment,Medium,Mid,Java,Medium,1,3,3,2,2,14,True,3,False,2.66666667,1,2,0,0,1.16725
Bug Fix,High,Junior,Java,Medium,11,2,3,22,6,18,True,2,False,2.375,1,1,0,0,5.88308438
Documentation,High,Senior,Other,Medium,5,5,3,10,6,10,False,1,False,3.9,1,2,2,0,2.424495
Deployment,High,Mid,JavaScript,Medium,8,5,2,16,9,11,False,3,False,4.8,1,1,2,1,3.275912
Deployment,Medium,Tech Lead,Python,Medium,11,3,1,22,7,18,False,0,True,2.91666667,2,0,1,0,4.63233604
Client Meeting,Medium,Mid,C++,Critical,13,2,0,26,6,12,False,0,True,2.375,1,1,0,0,4.7708375
Design Review,High,Mid,Java,Critical,13,4,3,26,3,15,False,1,False,3.4375,1,2,1,0,4.99701108
Design Review,Low,Junior,Go,High,9,5,0,18,10,15,True,3,True,1.85,4,1,0,0,3.70742873
Design Review,Medium,Senior,C++,Low,13,4,1,26,5,13,True,0,False,2.375,2,2,0,0,6.06338906
Code Review,High,Junior,Java,High,10,2,2,20,4,11,True,2,False,4.5,0,1,1,0,4.09055063
Client Meeting,Low,Junior,Other,High,13,2,0,26,10,18,True,2,False,2.375,1,1,0,0,4.5251325
Feature Dev,Low,Mid,Java,Critical,1,3,3,2,8,18,True,0,False,2.08333333,2,1,0,0,0.71991281
Feature Dev,Low,Tech Lead,Java,High,4,2,2,8,10,18,True,0,True,1.5,2,0,0,0,1.85394825
Documentation,Medium,Tech Lead,Go,High,1,2,2,2,1,17,True,3,False,2.375,1,1,0,0,0.92728125
Client Meeting,Low,Senior,Python,Low,4,5,3,8,5,18,False,3,False,2.55,2,3,0,0,2.3427525
Client Meeting,Medium,Junior,JavaScript,High,11,2,3,22,6,11,False,1,True,3.25,0,2,0,0,4.59421875
Testing,High,Senior,Python,Low,8,3,2,16,4,18,True,2,False,2.66666667,1,2,0,0,4.66697
Feature Dev,Medium,Junior,Python,Critical,9,3,2,18,6,10,False,1,False,2.91666667,2,0,1,0,3.14684167
Testing,Low,Senior,Python,High,3,3,3,6,5,17,False,2,True,2.66666667,1,2,0,0,1.65561
Deployment,Medium,Mid,JavaScript,Critical,11,2,2,22,10,9,True,1,True,2.375,1,1,0,0,4.6240425
Testing,High,Junior,JavaScript,High,13,2,2,26,9,13,False,0,False,3.625,1,0,1,0,5.03699175
Testing,Medium,Mid,JavaScript,Medium,5,4,1,10,9,12,False,1,False,1.5,4,0,0,0,2.30625
Design Review,Low,Senior,Other,High,9,2,2,18,7,17,False,0,False,3.25,0,2,0,0,2.986875
Testing,Medium,Senior,C++,Critical,2,4,3,4,7,13,False,1,False,3.0,2,1,1,0,1.05742125
Deployment,Medium,Tech Lead,Other,Low,5,3,2,10,1,14,False,0,False,2.08333333,2,1,0,0,2.51945833
Refactoring,High,Junior,Python,High,5,2,1,10,10,13,False,2,True,1.5,2,0,0,0,2.6890875
Documentation,High,Senior,Other,Medium,11,2,0,22,7,15,True,0,False,3.25,0,2,0,0,4.9809375
Documentation,High,Mid,C++,Medium,3,2,2,6,10,16,False,1,True,3.625,1,0,1,0,1.74494513
Code Review,High,Senior,C++,Critical,10,3,2,20,10,10,True,2,False,2.08333333,2,1,0,0,4.53278438
Feature Dev,High,Senior,Python,Critical,13,5,0,26,4,17,False,2,True,3.95,2,1,1,1,4.79772249
Design Review,Medium,Tech Lead,C++,High,5,2,3,10,5,16,False,0,True,2.375,1,1,0,0,2.38002188
Bug Fix,Medium,Senior,Go,Low,7,2,1,14,8,13,False,3,False,5.75,0,0,2,0,2.856425
Code Review,Medium,Junior,JavaScript,High,2,4,1,4,3,10,False,1,False,3.875,0,3,1,0,0.83071406
Bug Fix,Medium,Tech Lead,JavaScript,Low,3,2,1,6,4,14,False,3,True,1.5,2,0,0,0,2.0464125
Design Review,High,Tech Lead,Other,High,3,3,2,6,3,17,False,1,False,2.66666667,1,2,0,0,1.5486
Code Review,Medium,Mid,Java,Medium,7,5,2,14,2,16,False,0,False,3.6,3,0,1,1,2.62384
Bug Fix,Medium,Tech Lead,C++,Low,6,4,0,12,10,14,False,1,False,1.9375,3,1,0,0,2.75859375
Client Meeting,Medium,Junior,JavaScript,Critical,5,3,1,10,6,10,True,0,False,2.66666667,1,2,0,0,1.8549125
Bug Fix,Low,Mid,Other,Medium,7,2,3,14,10,18,True,2,False,1.5,2,0,0,0,3.4117125
Design Review,High,Mid,Java,High,2,3,2,4,8,15,True,2,True,4.08333333,0,2,1,0,1.28266071
Design Review,Medium,Senior,Java,High,9,4,0,18,4,11,False,0,False,2.375,2,2,0,0,3.17925
Testing,Medium,Senior,Python,High,3,4,2,6,4,13,True,2,False,3.5,2,1,0,1,1.41171188
Design Review,High,Junior,Java,Low,9,3,0,18,3,11,True,0,False,2.91666667,2,0,1,0,4.42566259
Testing,Low,Mid,JavaScript,High,6,3,0,12,9,15,True,0,False,1.5,3,0,0,0,2.09223
Deployment,High,Senior,Other,Critical,9,3,1,18,9,12,False,2,True,4.16666667,1,1,0,1,3.5561829
Design Review,Medium,Tech Lead,Go,Critical,5,4,3,10,3,12,False,2,True,2.375,2,2,0,0,2.43129219
Deployment,High,Junior,Python,Low,12,4,0,24,8,15,False,0,False,2.375,2,2,0,0,5.95815
Code Review,Low,Mid,C++,Medium,3,3,3,6,6,9,False,3,True,1.5,3,0,0,0,2.063325
Client Meeting,Low,Tech Lead,Go,High,10,3,2,20,6,15,False,0,True,2.08333333,2,1,0,0,3.8449125
Bug Fix,Medium,Tech Lead,C++,Critical,13,4,0,26,3,11,False,3,False,1.9375,3,1,0,0,4.68960938
Deployment,High,Mid,Java,Medium,7,4,3,14,2,16,False,0,False,3.5,2,1,0,1,3.2250125
Refactoring,Medium,Tech Lead,Java,High,4,4,0,8,3,11,False,1,False,3.5,2,1,0,1,1.3444875
Bug Fix,High,Junior,Go,Low,5,3,3,10,9,15,False,1,False,6.41666667,0,0,2,1,2.3716275
Deployment,High,Senior,C++,High,3,2,2,6,5,13,False,0,True,2.375,1,1,0,0,1.632015
Deployment,High,Tech Lead,JavaScript,High,9,2,2,18,7,14,False,1,False,3.25,0,2,0,0,3.830625
Client Meeting,Low,Tech Lead,Other,High,6,2,2,12,9,11,False,3,False,1.5,2,0,0,0,2.5461
Bug Fix,High,Senior,C++,Medium,11,5,0,22,7,17,False,3,True,4.45,2,0,2,1,4.6046286
Documentation,Medium,Mid,Python,Low,8,5,0,16,8,15,True,1,True,4.8,1,1,2,1,3.20905431
Code Review,Medium,Mid,Python,Low,6,4,0,12,6,9,True,1,True,5.0,0,2,1,1,2.4838275
Feature Dev,Low,Senior,JavaScript,Critical,9,3,2,18,2,15,False,0,True,4.16666667,1,1,0,1,2.80376112
Feature Dev,Medium,Junior,C++,Low,11,5,1,22,10,17,True,0,False,3.45,2,2,0,1,4.63053216
Deployment,High,Senior,JavaScript,Low,3,5,0,6,7,15,False,0,True,4.65,0,3,1,1,1.33266738
Design Review,High,Tech Lead,JavaScript,Medium,8,2,3,16,9,17,False,2,False,3.625,1,0,1,0,3.85884188
Client Meeting,High,Junior,Other,Medium,12,3,0,24,9,13,True,0,False,3.5,1,1,1,0,5.200461
Feature Dev,Low,Junior,Go,High,9,5,2,18,5,17,False,3,False,2.55,2,3,0,0,3.36096
Code Review,Medium,Tech Lead,Python,High,10,5,2,20,7,12,True,3,False,3.05,2,2,1,0,3.99521903
Client Meeting,Medium,Tech Lead,JavaScript,Critical,4,5,0,8,9,15,False,0,True,2.7,3,1,1,0,1.4003308
Code Review,Medium,Junior,Go,Critical,12,4,2,24,3,17,False,0,False,2.8125,1,3,0,0,4.15889063
Client Meeting,Medium,Mid,JavaScript,Medium,6,5,2,12,9,12,True,0,True,3.2,3,0,2,0,2.7555066
Testing,High,Mid,C++,Medium,11,2,0,22,1,13,False,0,True,2.375,1,1,0,0,5.4616375
Feature Dev,High,Senior,Java,Low,7,4,0,14,4,11,False,3,False,3.0,2,1,1,0,3.568048
Deployment,High,Junior,C++,Critical,6,2,3,12,3,9,False,3,False,2.375,1,1,0,0,2.92755938
Testing,High,Mid,JavaScript,Medium,12,4,1,24,8,14,True,3,False,3.5,2,1,0,1,5.50844438
Design Review,High,Junior,JavaScript,Low,5,3,1,10,9,17,False,0,False,2.08333333,2,1,0,0,2.68377083
Feature Dev,Medium,Senior,JavaScript,High,10,2,3,20,9,9,True,1,True,2.375,1,1,0,0,4.64104266
Bug Fix,High,Tech Lead,Java,High,2,5,2,4,9,15,False,0,False,3.45,2,2,0,1,0.96747525
Deployment,Medium,Senior,Java,Medium,10,3,1,20,5,12,False,1,False,2.66666667,1,2,0,0,4.10833333
Documentation,High,Mid,JavaScript,Medium,9,2,2,18,1,14,False,2,True,1.5,2,0,0,0,5.2316
Testing,Low,Junior,Python,Critical,3,5,3,6,7,15,False,1,True,3.45,2,2,0,1,1.34287856
Client Meeting,Medium,Junior,Other,Critical,9,5,0,18,7,10,False,0,True,3.4,1,3,1,0,3.0364686
Client Meeting,Medium,Senior,Go,High,8,4,3,16,10,11,False,2,False,2.375,2,2,0,0,3.40003125
Design Review,High,Senior,Other,Medium,13,2,0,26,10,16,True,3,False,3.625,1,0,1,0,5.87649038
Documentation,High,Senior,Python,Critical,9,3,2,18,9,12,False,0,True,3.58333333,2,0,0,1,3.63161013
Client Meeting,High,Mid,C++,Critical,4,4,3,8,3,15,False,0,False,3.0,2,1,1,0,1.79369975
Code Review,High,Mid,Go,Medium,9,2,2,18,8,11,True,2,False,4.5,0,1,1,0,4.13511
Feature Dev,Medium,Junior,Java,Medium,8,2,3,16,3,11,False,1,True,1.5,2,0,0,0,4.228125
Deployment,High,Senior,Other,Medium,7,4,3,14,5,17,True,1,False,4.5625,1,1,1,1,3.17521181
Documentation,Medium,Junior,Java,Critical,3,4,1,6,5,11,False,1,True,3.0,2,1,1,0,1.24932363
Refactoring,Medium,Mid,Python,High,11,4,0,22,5,15,False,1,True,4.375,0,3,0,1,3.72967031
Client Meeting,Medium,Tech Lead,C++,Low,2,4,1,4,5,14,True,2,False,3.25,0,4,0,0,1.24523438
Documentation,High,Senior,JavaScript,Critical,4,5,0,8,3,15,False,2,False,3.4,1,3,1,0,1.5642414
Deployment,High,Junior,Other,Low,8,4,2,16,2,11,True,2,True,3.0,2,1,1,0,4.89380084
Deployment,Medium,Tech Lead,JavaScript,Low,2,4,3,4,8,14,False,0,False,3.0625,3,0,0,1,1.23685547
Testing,High,Senior,Other,High,8,4,2,16,1,16,True,3,False,3.9375,1,2,0,1,3.47014041
Client Meeting,Low,Mid,Java,High,10,3,2,20,5,11,False,0,False,2.66666667,1,2,0,0,3.393
Documentation,Low,Senior,Go,Critical,13,4,3,26,10,14,False,1,False,2.8125,1,3,0,0,4.26490156
Refactoring,Medium,Junior,JavaScript,Critical,10,5,2,20,7,17,True,3,False,4.8,1,1,2,1,3.1423497
Feature Dev,Low,Tech Lead,Java,Low,5,3,2,10,6,13,False,1,False,2.08333333,2,1,0,0,2.40991667
Documentation,High,Tech Lead,JavaScript,High,7,5,1,14,9,11,True,1,False,3.55,2,1,2,0,2.84351492
Documentation,High,Mid,C++,Low,13,3,3,26,9,13,False,2,True,3.5,1,1,1,0,7.19800868
Feature Dev,Medium,Mid,Python,Critical,1,2,1,2,6,9,True,0,True,3.25,0,2,0,0,0.50621484
Deployment,High,Senior,Python,Medium,12,3,3,24,3,14,True,3,False,4.16666667,1,1,0,1,5.57677312
Testing,Medium,Senior,Python,Critical,4,5,2,8,5,18,True,0,False,1.85,4,1,0,0,1.70846813
Feature Dev,High,Senior,Other,High,5,3,2,10,9,17,False,3,False,2.66666667,1,2,0,0,2.523
Design Review,Low,Senior,C++,Critical,11,5,3,22,9,16,False,2,False,3.45,2,2,0,1,3.45268831
Design Review,Medium,Senior,Java,Medium,6,5,2,12,6,13,True,1,False,3.4,1,3,1,0,2.652174
Feature Dev,Medium,Mid,Java,Medium,11,4,0,22,3,11,False,1,True,3.4375,1,2,1,0,4.45639219
Refactoring,Medium,Senior,Go,Critical,13,3,1,26,2,18,True,3,True,2.66666667,1,2,0,0,5.36199125
Testing,Medium,Mid,C++,Low,9,5,0,18,2,10,False,1,False,3.55,2,1,2,0,3.5293005
Feature Dev,Medium,Tech Lead,Python,Medium,8,4,2,16,5,10,True,1,False,3.0,2,1,1,0,3.48327
Testing,Low,Junior,C++,Low,11,3,0,22,9,18,False,1,True,1.5,3,0,0,0,5.035415
Code Review,Medium,Junior,Go,Low,13,3,1,26,7,12,False,3,True,3.5,1,1,1,0,6.13404963
Feature Dev,Medium,Senior,Go,Critical,4,5,0,8,2,9,True,3,False,3.05,2,2,1,0,1.55852143
Testing,Medium,Mid,Other,High,13,3,1,26,6,13,True,3,False,2.08333333,2,1,0,0,5.31700313
Documentation,Low,Junior,Java,Low,2,3,0,4,3,18,True,1,False,2.08333333,2,1,0,0,0.94315375
Design Review,Medium,Junior,Go,Medium,7,5,1,14,5,10,False,3,False,3.05,2,2,1,0,2.98699375
Bug Fix,Low,Senior,JavaScript,Medium,13,2,0,26,10,16,True,2,False,2.375,1,1,0,0,5.027925
Design Review,Medium,Mid,Python,Low,5,2,3,10,3,18,False,3,False,2.375,1,1,0,0,2.96828125
Documentation,High,Mid,Go,Low,10,3,0,20,10,16,True,2,False,3.25,0,3,0,0,5.1975
Design Review,Medium,Tech Lead,Go,Critical,10,5,0,20,2,9,True,3,True,2.7,3,1,1,0,3.95155848
Documentation,High,Mid,Java,Low,13,3,0,26,3,9,False,0,False,2.91666667,2,0,1,0,6.08821308
Client Meeting,Medium,Mid,Python,Low,1,4,1,2,10,18,False,0,False,1.9375,3,1,0,0,0.60689063
Feature Dev,Low,Junior,C++,Low,11,3,2,22,3,16,True,0,False,1.5,3,0,0,0,5.0433075
Client Meeting,Medium,Junior,Python,Critical,7,3,1,14,1,11,False,3,False,2.66666667,1,2,0,0,2.67041667
Design Review,Medium,Senior,Go,Low,11,4,1,22,4,15,True,3,False,3.0,2,1,1,0,5.16201263
Design Review,High,Tech Lead,Python,Medium,6,4,3,12,6,15,True,0,False,3.625,2,0,2,0,2.91084806
Client Meeting,Medium,Junior,Python,Medium,6,3,2,12,6,18,False,2,True,3.58333333,2,0,0,1,2.79058542
Client Meeting,Medium,Tech Lead,Java,Low,5,4,1,10,8,11,False,0,False,3.625,2,0,2,0,2.04247313
Refactoring,High,Tech Lead,JavaScript,Low,10,3,2,20,6,15,False,2,True,2.66666667,1,2,0,0,5.9653
Deployment,High,Senior,C++,High,4,2,0,8,7,11,True,2,False,4.5,0,1,1,0,1.63622025
Design Review,High,Tech Lead,Python,High,1,3,2,2,8,12,True,3,False,3.58333333,2,0,0,1,0.87627881
Documentation,High,Tech Lead,JavaScript,Low,10,4,2,20,1,14,False,2,True,3.0,2,1,1,0,5.6865765
Feature Dev,High,Tech Lead,Other,Low,3,3,0,6,6,16,True,1,False,4.75,0,2,0,1,1.40063963
Documentation,Medium,Mid,C++,Critical,1,4,1,2,3,10,True,3,False,3.0,2,1,1,0,0.69907294
Bug Fix,High,Senior,C++,Low,2,2,0,4,9,10,True,3,True,3.25,0,2,0,0,1.45313438
Design Review,High,Tech Lead,Python,Critical,7,5,0,14,7,13,True,1,True,3.55,2,1,2,0,2.82639738
Client Meeting,Medium,Tech Lead,Java,Critical,9,2,2,18,3,17,False,0,True,1.5,2,0,0,0,3.7376625
Design Review,Low,Mid,Other,Low,2,2,1,4,10,11,True,2,False,1.5,2,0,0,0,1.26674625
Code Review,High,Mid,Java,Medium,12,3,3,24,5,15,False,2,False,2.91666667,2,0,1,0,5.71059208
Testing,Medium,Mid,Go,High,3,5,3,6,7,14,True,0,False,3.2,3,0,2,0,1.3777533
Client Meeting,Medium,Mid,C++,Critical,11,5,3,22,1,14,False,1,False,2.55,2,3,0,0,4.09179375
Client Meeting,High,Junior,Go,High,5,2,2,10,1,14,True,3,False,3.625,1,0,1,0,2.44229934
Deployment,Low,Junior,Go,Medium,7,3,2,14,9,10,True,1,False,4.16666667,1,1,0,1,2.5971575
Refactoring,Low,Mid,C++,Low,6,5,0,12,10,15,False,2,True,3.45,2,2,0,1,2.51614055
Testing,Medium,Senior,JavaScript,Critical,3,2,0,6,10,13,False,3,False,5.75,0,0,2,0,1.018725
Code Review,Medium,Junior,C++,Critical,11,4,0,22,6,11,True,1,False,3.5,2,1,0,1,3.52927969
Design Review,Low,Mid,C++,Critical,11,2,2,22,8,16,True,0,False,2.375,1,1,0,0,3.73076156
Client Meeting,Medium,Junior,C++,Medium,1,4,0,2,3,12,False,2,False,4.5625,1,1,1,1,0.5
Documentation,Medium,Senior,Python,Low,10,3,0,20,3,12,True,3,False,3.5,1,1,1,0,4.45619212
Deployment,High,Tech Lead,Java,Critical,12,4,0,24,5,12,False,1,False,3.0,2,1,1,0,4.4020055
Deployment,Low,Junior,Java,Low,4,5,3,8,2,9,False,1,False,3.45,2,2,0,1,1.92878263
Bug Fix,High,Tech Lead,Python,High,1,3,2,2,8,9,False,0,False,3.5,1,1,1,0,0.613719
Testing,Medium,Junior,Java,High,8,5,2,16,6,13,True,1,True,3.45,2,2,0,1,3.29734598
Bug Fix,Medium,Junior,C++,Medium,8,3,1,16,2,11,False,3,False,3.5,1,1,1,0,3.2749625
Code Review,High,Junior,Go,High,11,3,2,22,10,9,True,3,False,4.75,0,2,0,1,4.38259106
Documentation,Medium,Mid,Other,Critical,3,3,0,6,4,9,False,2,False,3.58333333,2,0,0,1,1.04100208
Feature Dev,Medium,Tech Lead,Java,Low,6,4,1,12,7,11,False,2,False,3.875,0,3,1,0,2.65916406
Feature Dev,High,Tech Lead,Python,Medium,12,2,0,24,10,13,False,3,True,3.625,1,0,1,0,5.70538238
Code Review,Medium,Mid,JavaScript,Critical,5,3,2,10,2,13,True,2,False,3.25,0,3,0,0,2.09179688
Refactoring,Low,Mid,Java,Critical,4,3,0,8,7,18,False,0,False,3.25,0,3,0,0,1.1475
Refactoring,High,Mid,C++,High,13,3,3,26,9,10,True,0,False,2.91666667,2,0,1,0,5.62391511
Refactoring,Medium,Tech Lead,Java,Critical,7,2,3,14,9,14,True,3,True,2.375,1,1,0,0,3.41986477
Testing,High,Mid,Java,Medium,11,2,3,22,9,18,False,2,True,3.625,1,0,1,0,5.59754869
Design Review,Low,Junior,Other,Medium,3,3,3,6,4,15,False,2,False,2.08333333,2,1,0,0,1.72279167
Bug Fix,High,Mid,Go,Medium,12,2,1,24,1,16,False,1,False,1.5,2,0,0,0,5.91425
Refactoring,High,Mid,Python,Critical,10,3,3,20,3,10,False,3,False,3.5,1,1,1,0,4.08024437
Testing,Medium,Tech Lead,Other,Medium,8,4,0,16,3,11,False,2,False,4.125,2,0,1,1,2.79565
Design Review,High,Senior,Other,High,1,5,3,2,2,9,False,2,False,3.4,1,3,1,0,0.9011979
Bug Fix,High,Mid,JavaScript,High,5,3,3,10,2,10,True,2,True,2.66666667,1,2,0,0,2.9643075
Documentation,Low,Senior,JavaScript,Critical,9,5,1,18,5,12,False,3,False,2.2,3,2,0,0,3.105135
Code Review,Medium,Mid,Other,Low,3,3,3,6,4,14,False,0,True,2.66666667,1,2,0,0,1.92995
Feature Dev,Medium,Senior,Java,High,11,3,1,22,8,17,True,3,False,1.5,3,0,0,0,4.69783125
Deployment,High,Senior,Other,Medium,3,4,3,6,1,16,True,2,False,3.625,2,0,2,0,1.84081669
Bug Fix,Low,Tech Lead,Java,Low,11,4,2,22,2,18,False,0,True,1.5,4,0,0,0,5.283465
Design Review,High,Junior,Java,Critical,13,2,1,26,10,17,True,3,False,2.375,1,1,0,0,5.63117297
Deployment,Low,Junior,Go,Medium,2,2,1,4,8,12,False,1,False,1.5,2,0,0,0,0.99425
Feature Dev,Low,Tech Lead,JavaScript,Low,5,3,2,10,3,15,True,1,False,2.08333333,2,1,0,0,2.5304125
Refactoring,High,Mid,JavaScript,High,1,3,3,2,5,9,False,3,False,2.66666667,1,2,0,0,1.0527
Deployment,Medium,Tech Lead,Other,Low,11,2,3,22,1,10,True,3,False,1.5,2,0,0,0,6.09695625
Client Meeting,High,Senior,C++,High,13,3,2,26,9,14,True,1,False,2.66666667,1,2,0,0,5.82813
Documentation,Medium,Senior,Other,Critical,5,3,0,10,5,13,True,2,False,3.5,1,1,1,0,1.76175038
Deployment,Medium,Senior,C++,Low,10,2,1,20,2,9,False,0,False,1.5,2,0,0,0,4.679125
Documentation,Medium,Senior,Java,Low,10,2,0,20,8,16,False,1,False,1.5,2,0,0,0,4.62275
Testing,Medium,Senior,Go,Low,3,4,0,6,9,11,False,3,True,1.9375,3,1,0,0,1.82067188
Bug Fix,Low,Mid,Python,High,13,4,3,26,5,12,False,2,False,1.5,4,0,0,0,4.916925
Design Review,Medium,Junior,C++,Critical,9,3,0,18,7,13,False,2,False,4.33333333,1,0,2,0,2.68197667
Design Review,Medium,Mid,Python,Critical,13,2,3,26,6,10,False,3,False,2.375,1,1,0,0,4.96267188
Code Review,High,Tech Lead,C++,High,8,3,1,16,8,9,False,2,False,2.91666667,2,0,1,0,3.35693962
Documentation,Low,Mid,Other,Critical,1,4,0,2,2,16,False,1,False,2.375,2,2,0,0,0.5
Code Review,Medium,Mid,Go,Critical,13,2,3,26,5,17,False,3,False,3.625,1,0,1,0,4.50718078
Feature Dev,Medium,Mid,Java,Medium,10,2,2,20,4,18,True,0,False,3.625,1,0,1,0,4.02371156
Client Meeting,Medium,Junior,JavaScript,Low,4,5,3,8,7,12,False,1,False,2.55,2,3,0,0,2.2999625
Documentation,High,Tech Lead,C++,High,12,2,3,24,7,10,True,1,True,1.5,2,0,0,0,6.46750913
Feature Dev,High,Tech Lead,Go,Low,5,3,0,10,10,10,True,1,False,4.16666667,1,1,0,1,2.348115
Refactoring,High,Tech Lead,Other,Medium,13,4,3,26,10,16,True,3,False,3.9375,1,2,0,1,6.06283617
Testing,Medium,Junior,Java,Medium,11,3,3,22,9,12,False,2,False,4.33333333,1,0,2,0,4.19318333
Feature Dev,Low,Mid,Java,Medium,6,2,2,12,6,15,False,3,False,2.375,1,1,0,0,2.70825
Documentation,Low,Senior,Python,Medium,8,3,2,16,3,15,False,2,True,2.08333333,2,1,0,0,3.70250833
Documentation,Medium,Junior,Other,Medium,9,5,3,18,2,17,True,1,False,3.4,1,3,1,0,3.93090075
Testing,High,Senior,Other,Critical,2,2,3,4,8,18,True,2,False,2.375,1,1,0,0,1.37495203
Testing,Medium,Tech Lead,Python,Critical,12,3,2,24,7,14,False,0,False,3.5,1,1,1,0,3.88957875
Client Meeting,Low,Junior,Other,Medium,7,2,2,14,3,12,False,3,False,2.375,1,1,0,0,3.0615
Testing,Low,Junior,Other,Critical,13,2,0,26,6,13,True,1,False,3.25,0,2,0,0,3.99951563
Feature Dev,High,Senior,Other,Medium,2,5,0,4,1,12,False,3,False,3.45,2,2,0,1,1.0749725
Code Review,Medium,Junior,JavaScript,Low,1,3,0,2,6,16,True,2,False,1.5,3,0,0,0,0.710325
Testing,Low,Senior,Go,Critical,13,3,1,26,1,11,False,3,True,1.5,3,0,0,0,4.91646375
Documentation,Medium,Tech Lead,C++,Critical,12,4,3,24,4,9,False,2,True,4.125,2,0,1,1,4.18998044
Refactoring,High,Junior,Other,High,3,5,1,6,2,9,False,0,True,3.9,1,2,2,0,1.28855529
Feature Dev,Medium,Tech Lead,JavaScript,Low,10,3,0,20,3,13,True,2,True,5.0,1,0,1,1,4.1728302
Testing,Medium,Junior,Go,High,6,5,2,12,3,18,True,3,False,3.75,0,4,1,0,2.50932938
Feature Dev,Low,Tech Lead,JavaScript,High,11,2,2,22,6,13,True,2,True,2.375,1,1,0,0,4.54924181
Documentation,Medium,Junior,Python,Medium,13,2,0,26,6,11,False,2,False,1.5,2,0,0,0,5.535
Feature Dev,High,Junior,JavaScript,Low,7,3,3,14,3,13,False,1,False,2.08333333,2,1,0,0,4.12972083
Deployment,High,Junior,Go,Critical,13,2,2,26,7,12,False,2,False,3.625,1,0,1,0,4.90866075
Code Review,High,Mid,Other,Medium,13,3,3,26,9,10,False,3,False,4.16666667,1,1,0,1,5.70087083
Code Review,Medium,Tech Lead,C++,Low,5,4,2,10,2,15,True,1,False,1.9375,3,1,0,0,2.7806625
Design Review,High,Tech Lead,Go,Critical,8,2,0,16,7,10,False,1,False,2.375,1,1,0,0,3.15275625
Code Review,High,Tech Lead,Go,Low,10,2,1,20,8,15,False,2,False,1.5,2,0,0,0,5.581125
Testing,Medium,Junior,C++,Medium,6,3,3,12,2,13,True,3,False,2.08333333,2,1,0,0,3.29371875
Design Review,High,Junior,JavaScript,High,7,3,0,14,6,11,True,0,False,2.08333333,2,1,0,0,3.03022125
Bug Fix,Medium,Tech Lead,Other,High,5,4,2,10,6,11,True,1,False,2.5625,3,0,1,0,2.13808612
Testing,Low,Mid,Go,Critical,5,3,3,10,5,11,False,2,True,2.66666667,1,2,0,0,2.21439167
Bug Fix,Medium,Senior,Other,Medium,3,2,3,6,9,9,True,1,True,1.5,2,0,0,0,2.07178125
Design Review,High,Senior,Python,Low,12,3,1,24,5,18,False,3,False,4.91666667,0,1,2,0,5.27275375
Testing,Medium,Tech Lead,Go,High,2,4,0,4,9,16,False,2,False,3.0,2,1,1,0,0.82935
Design Review,Medium,Junior,Python,High,9,4,0,18,3,12,False,3,False,3.4375,1,2,1,0,3.15998719
Documentation,Medium,Senior,Other,Medium,3,3,2,6,8,16,False,3,False,2.66666667,1,2,0,0,1.74
Deployment,Medium,Tech Lead,Other,Medium,6,2,3,12,6,17,True,0,False,1.5,2,0,0,0,3.0673125
Documentation,High,Mid,Python,Low,4,3,2,8,9,10,False,2,False,5.0,1,0,1,1,2.012868
Code Review,High,Senior,JavaScript,Medium,1,4,3,2,6,13,True,0,True,4.0625,1,1,2,0,0.88610084
Testing,High,Mid,Go,Critical,6,3,2,12,9,14,False,3,False,4.16666667,1,1,0,1,2.41927
Testing,High,Junior,Other,Critical,13,2,3,26,2,17,False,2,False,2.375,1,1,0,0,5.52983438
Documentation,Medium,Senior,C++,Low,10,3,3,20,8,13,True,1,False,2.91666667,2,0,1,0,4.86395284
Design Review,Medium,Senior,Other,Medium,5,5,0,10,2,9,False,1,True,3.95,2,1,1,1,1.917993
Documentation,Medium,Senior,Java,Critical,12,4,1,24,1,10,False,0,False,3.0,2,1,1,0,3.87721125
Bug Fix,Medium,Senior,Other,Medium,9,3,3,18,7,17,True,3,False,2.66666667,1,2,0,0,4.41525
Feature Dev,Medium,Senior,C++,Critical,6,4,2,12,7,10,False,2,True,1.9375,3,1,0,0,2.71997344
Code Review,Medium,Junior,C++,Medium,7,2,1,14,6,14,False,2,False,2.375,1,1,0,0,3.0909375
Code Review,Medium,Mid,Go,Low,11,4,1,22,7,18,True,0,False,1.9375,3,1,0,0,5.27167266
Code Review,High,Junior,Go,High,13,4,3,26,2,17,True,3,True,4.5,0,2,2,0,5.75407429
Deployment,Low,Junior,Python,Low,8,2,1,16,2,16,True,2,False,1.5,2,0,0,0,3.82391625
Deployment,Low,Senior,Other,Critical,2,3,1,4,1,18,False,2,False,1.5,3,0,0,0,0.9322375
Feature Dev,High,Tech Lead,Python,High,11,3,3,22,8,10,True,1,True,2.66666667,1,2,0,0,5.6372085
Refactoring,Medium,Mid,Other,High,3,3,1,6,4,9,False,0,False,5.58333333,0,1,1,1,0.95013
Deployment,Medium,Junior,Go,Critical,8,2,2,16,8,17,False,1,False,1.5,2,0,0,0,3.1365
Deployment,High,Senior,C++,Low,11,3,0,22,5,9,False,0,False,2.08333333,2,1,0,0,5.54280833
Testing,Medium,Mid,Other,Low,7,4,1,14,8,15,True,0,False,2.5625,3,0,1,0,3.21207846
Testing,High,Senior,Java,Low,4,3,3,8,1,18,False,2,False,5.0,1,0,1,1,2.141898
Refactoring,High,Mid,Go,High,8,2,2,16,6,11,False,1,True,3.625,1,0,1,0,3.59968455
Feature Dev,Low,Senior,JavaScript,Critical,12,3,2,24,3,11,True,1,False,2.08333333,2,1,0,0,4.1950475
Testing,Medium,Junior,Other,Medium,12,5,3,24,1,13,True,3,True,3.9,1,2,2,0,5.45319968
Client Meeting,Medium,Junior,Python,High,1,3,1,2,2,18,True,1,False,3.5,1,1,1,0,0.55113581
Client Meeting,Medium,Mid,C++,High,1,5,0,2,10,15,False,0,False,3.55,2,1,2,0,0.5
Client Meeting,Low,Mid,C++,Low,4,3,0,8,1,14,False,2,True,2.08333333,2,1,0,0,1.97613167
Refactoring,Medium,Junior,Other,Medium,6,5,3,12,4,10,True,3,False,3.2,3,0,2,0,2.922507
Deployment,High,Mid,Python,High,10,3,0,20,1,9,False,0,True,3.5,1,1,1,0,4.0860765
Refactoring,Medium,Junior,Python,Low,10,5,1,20,6,18,False,3,True,3.9,1,2,2,0,4.58059415
Feature Dev,High,Tech Lead,JavaScript,Medium,5,4,3,10,1,14,True,3,False,4.5625,1,1,1,1,2.56880531
Code Review,Medium,Tech Lead,Go,Medium,2,4,1,4,7,16,False,3,False,2.375,2,2,0,0,1.2265625
Documentation,Low,Tech Lead,Java,Critical,2,4,2,4,8,11,False,1,False,3.9375,1,2,0,1,0.81678625
Deployment,High,Senior,Python,Low,9,3,0,18,2,9,False,2,False,4.91666667,0,1,2,0,3.83312417
Deployment,High,Tech Lead,JavaScript,Critical,2,3,0,4,1,18,True,1,False,5.58333333,0,1,1,1,0.7118937
Testing,Medium,Mid,C++,High,8,4,0,16,6,9,True,1,False,3.25,0,4,0,0,2.92359375
Design Review,Medium,Senior,JavaScript,Critical,7,3,0,14,1,9,True,2,False,4.16666667,1,1,0,1,2.26806562
Code Review,Medium,Senior,C++,High,5,5,3,10,1,16,True,3,False,3.1,3,1,0,1,2.33302781
Feature Dev,Low,Senior,JavaScript,Medium,7,3,0,14,4,10,False,0,False,2.08333333,2,1,0,0,2.5095
Code Review,High,Tech Lead,Other,High,13,3,0,26,6,9,True,0,True,3.5,1,1,1,0,5.57749442
Design Review,Low,Tech Lead,Other,Medium,5,3,1,10,4,13,False,0,True,1.5,3,0,0,0,2.198625
Documentation,Medium,Mid,Other,Critical,2,5,2,4,8,15,False,1,True,3.55,2,1,2,0,0.9729423
Testing,Medium,Mid,Java,Critical,12,5,3,24,4,15,True,0,True,1.85,4,1,0,0,5.19284391
Refactoring,Low,Junior,Other,Medium,7,5,0,14,3,13,False,0,True,2.75,4,0,0,1,2.5346475
Deployment,High,Tech Lead,Go,High,12,3,0,24,2,14,False,0,False,2.08333333,2,1,0,0,4.9473
Design Review,High,Mid,Other,Low,12,4,0,24,9,15,False,3,False,3.0,2,1,1,0,5.899443
Feature Dev,High,Senior,Other,Medium,12,3,1,24,5,13,False,3,False,3.5,1,1,1,0,5.3565825
Deployment,Low,Tech Lead,Go,Low,12,2,3,24,3,17,True,1,False,1.5,2,0,0,0,5.76547125
Client Meeting,Medium,Tech Lead,Java,Medium,9,5,2,18,4,12,False,3,False,4.15,0,4,0,1,3.561075
Deployment,Low,Junior,JavaScript,Low,5,4,3,10,4,14,False,3,True,1.9375,3,1,0,0,3.09514219
Bug Fix,Medium,Senior,Other,Critical,7,4,3,14,8,18,False,1,False,5.625,0,1,2,1,2.15413375
Design Review,High,Mid,Go,High,11,5,0,22,4,12,False,1,True,3.95,2,1,1,1,4.24150452
Deployment,Medium,Tech Lead,C++,Critical,1,3,0,2,8,10,False,3,True,4.16666667,1,1,0,1,0.55441604
Documentation,High,Tech Lead,Other,Critical,10,2,0,20,4,15,True,1,False,3.625,1,0,1,0,3.73830877
Design Review,High,Tech Lead,Python,Critical,1,2,1,2,10,18,True,0,False,5.75,0,0,2,0,0.5
Design Review,High,Junior,Other,High,10,4,1,20,6,17,False,2,True,5.0,0,2,1,1,3.832191
Testing,High,Tech Lead,JavaScript,Medium,4,3,3,8,8,16,True,1,True,3.5,1,1,1,0,2.47681376
Bug Fix,Medium,Junior,Other,Low,1,3,0,2,7,17,False,0,True,3.5,1,1,1,0,0.5
Client Meeting,High,Senior,Other,Medium,10,2,2,20,5,18,True,1,False,3.25,0,2,0,0,4.921875
Client Meeting,High,Junior,Other,Medium,7,4,3,14,7,13,False,3,False,2.8125,1,3,0,0,3.80871875
Design Review,High,Junior,Other,High,11,4,2,22,4,9,False,3,False,4.5625,1,1,1,1,4.08602475
Deployment,High,Senior,JavaScript,Critical,6,2,3,12,5,12,False,3,False,2.375,1,1,0,0,2.92755938
Code Review,High,Tech Lead,Python,Critical,9,2,0,18,2,14,False,0,False,5.75,0,0,2,0,2.811681
Code Review,High,Tech Lead,Go,Medium,6,4,3,12,6,14,False,0,False,4.5625,1,1,1,1,2.57482125
Documentation,High,Tech Lead,Go,Medium,4,4,1,8,6,10,False,0,True,4.5625,1,1,1,1,1.75585162
Code Review,High,Senior,JavaScript,Critical,9,3,3,18,7,16,True,1,False,2.08333333,2,1,0,0,4.16838406
Feature Dev,High,Mid,JavaScript,Medium,10,5,1,20,3,13,True,1,False,4.3,1,2,1,1,4.1463135
Client Meeting,Medium,Senior,C++,High,12,3,0,24,2,14,True,1,True,2.91666667,2,0,1,0,4.71429276
Design Review,Medium,Senior,Go,Medium,7,3,3,14,5,14,False,3,False,3.5,1,1,1,0,3.1852375
Documentation,Medium,Tech Lead,Other,Critical,11,2,0,22,10,14,False,3,False,2.375,1,1,0,0,3.92009375
Bug Fix,High,Tech Lead,Python,Low,10,4,3,20,10,14,True,0,False,3.9375,1,2,0,1,5.00431723
Client Meeting,High,Junior,Other,Medium,7,4,3,14,10,18,False,0,False,3.4375,1,2,1,0,3.30403219
Documentation,Medium,Senior,Other,Medium,9,5,2,18,4,14,True,1,False,1.85,4,1,0,0,4.2315
Testing,Low,Tech Lead,Other,Critical,5,4,3,10,9,15,True,3,False,2.375,2,2,0,0,2.23320234
Deployment,Medium,Tech Lead,Other,Medium,3,2,3,6,7,18,False,0,True,1.5,2,0,0,0,1.860375
Design Review,High,Senior,Java,Medium,6,4,3,12,1,14,False,1,False,3.4375,1,2,1,0,2.97993094
Design Review,High,Tech Lead,JavaScript,Medium,11,3,1,22,1,13,False,1,False,3.5,1,1,1,0,4.7643975
Design Review,High,Mid,Go,Low,5,2,3,10,2,18,False,1,False,3.25,0,2,0,0,2.9390625
Deployment,High,Junior,JavaScript,High,12,4,2,24,1,13,True,2,False,2.375,2,2,0,0,5.58223313
Feature Dev,Medium,Tech Lead,Go,Critical,8,3,1,16,4,10,False,1,False,2.66666667,1,2,0,0,2.83475
Refactoring,Medium,Junior,Other,Low,8,4,3,16,5,9,False,0,False,3.5,2,1,0,1,3.52818125
Bug Fix,High,Junior,Java,Low,2,2,2,4,9,17,False,1,False,2.375,1,1,0,0,1.424775
Design Review,High,Senior,JavaScript,High,5,4,3,10,9,14,True,3,False,2.375,2,2,0,0,2.82820781
Design Review,Medium,Tech Lead,JavaScript,Low,13,5,1,26,10,17,False,1,False,3.05,2,2,1,0,5.50985463
Documentation,High,Mid,JavaScript,Low,9,2,1,18,7,12,True,3,True,1.5,2,0,0,0,5.97738488
Design Review,High,Mid,C++,Critical,1,2,3,2,2,15,False,1,False,4.5,0,1,1,0,0.72865188
Feature Dev,High,Junior,Python,High,12,2,2,24,8,14,False,2,False,2.375,1,1,0,0,5.3164125
Testing,Low,Senior,Other,High,3,2,1,6,7,12,False,1,False,1.5,2,0,0,0,1.226925
Refactoring,Medium,Junior,C++,Medium,8,3,2,16,9,10,False,3,True,2.08333333,2,1,0,0,4.16258333
Client Meeting,Medium,Junior,JavaScript,High,7,5,1,14,8,12,False,2,True,3.2,3,0,2,0,2.7555066
Refactoring,Medium,Tech Lead,Go,Medium,11,5,0,22,7,17,True,0,False,4.45,2,0,2,1,3.6081045
Code Review,Medium,Tech Lead,Other,Critical,5,4,2,10,5,12,True,3,False,4.5625,1,1,1,1,1.86133106
Bug Fix,Low,Mid,Go,High,7,3,3,14,8,18,False,3,False,2.08333333,2,1,0,0,2.9307375
Client Meeting,Medium,Senior,Python,Low,4,4,1,8,5,12,False,0,False,4.125,2,0,1,1,1.58283125
Refactoring,Medium,Tech Lead,Go,Medium,12,4,2,24,9,17,True,2,True,4.375,0,3,0,1,5.12484328
Documentation,Low,Senior,Python,High,11,3,0,22,10,18,False,2,False,2.08333333,2,1,0,0,3.7284
Feature Dev,Medium,Mid,JavaScript,Medium,13,3,0,26,1,17,False,2,True,4.16666667,1,1,0,1,5.031675
Design Review,Medium,Senior,C++,Low,8,3,1,16,8,10,True,3,False,5.58333333,0,1,1,1,3.2967165
Client Meeting,Medium,Mid,Go,Critical,11,4,3,22,3,13,True,3,False,3.625,2,0,2,0,3.96954436
Code Review,Low,Junior,Java,Medium,10,4,0,20,4,12,True,2,True,2.375,2,2,0,0,4.30670625
Deployment,High,Mid,JavaScript,Medium,11,2,2,22,6,9,True,2,False,2.375,1,1,0,0,5.7285375
Client Meeting,Medium,Junior,Python,Medium,8,5,3,16,2,15,True,2,False,2.55,2,3,0,0,3.93133125
Deployment,Medium,Mid,C++,Medium,8,4,3,16,2,15,False,3,False,2.5625,3,0,1,0,3.72373906
Testing,Medium,Junior,Go,Critical,2,4,0,4,2,14,False,3,False,1.9375,3,1,0,0,0.93792188
Refactoring,Medium,Senior,Other,Critical,5,4,1,10,8,14,False,1,False,3.4375,1,2,1,0,1.72178789
Code Review,Medium,Mid,Python,Critical,8,5,0,16,1,13,True,2,False,2.55,2,3,0,0,2.95105125
Code Review,High,Senior,Other,High,12,2,3,24,1,13,False,3,False,3.625,1,0,1,0,5.02897106
Refactoring,High,Senior,Java,Low,6,5,0,12,2,14,False,0,False,4.3,1,2,1,1,2.4719112
Design Review,Medium,Senior,JavaScript,Medium,4,3,2,8,4,9,False,0,False,1.5,3,0,0,0,1.9475
Documentation,High,Senior,Go,Critical,8,2,1,16,10,11,True,0,True,2.375,1,1,0,0,3.68960058
Bug Fix,Medium,Tech Lead,Java,Critical,9,3,3,18,3,13,False,3,False,4.16666667,1,1,0,1,3.13209062
Deployment,High,Tech Lead,C++,Low,3,2,2,6,4,12,False,0,True,1.5,2,0,0,0,2.08362
Deployment,High,Junior,Go,Low,2,4,2,4,1,9,False,3,True,3.4375,1,2,1,0,1.65579728
Client Meeting,High,Mid,Python,High,11,2,3,22,5,12,True,3,True,2.375,1,1,0,0,5.92625447
Feature Dev,Medium,Junior,Java,Critical,13,4,3,26,10,11,True,2,False,2.375,2,2,0,0,5.12322891
Documentation,High,Tech Lead,Java,Critical,12,3,2,24,2,15,True,0,False,2.66666667,1,2,0,0,5.021205
Code Review,Medium,Junior,Other,Medium,13,2,2,26,5,18,True,0,False,4.5,0,1,1,0,4.90153125
Bug Fix,High,Junior,C++,High,3,3,0,6,10,17,False,1,False,3.5,1,1,1,0,1.195137
Refactoring,Low,Senior,Other,Medium,9,4,0,18,6,15,False,1,False,1.9375,3,1,0,0,3.3504375
Design Review,Medium,Junior,Java,Critical,8,3,3,16,2,16,True,1,True,1.5,3,0,0,0,3.77360156
Feature Dev,Medium,Mid,Go,High,5,4,1,10,6,12,False,2,True,2.375,2,2,0,0,2.28287813
Bug Fix,Medium,Tech Lead,C++,Medium,4,3,3,8,4,9,True,0,False,3.58333333,2,0,0,1,1.88298906
Code Review,Medium,Mid,JavaScript,High,3,5,3,6,1,10,True,3,False,3.05,2,2,1,0,1.69362546
Design Review,Low,Tech Lead,JavaScript,Critical,9,4,2,18,1,17,False,1,False,2.375,2,2,0,0,3.0359875
Bug Fix,Medium,Junior,Java,Critical,9,4,2,18,7,18,False,3,False,1.9375,3,1,0,0,3.58115625
Feature Dev,Medium,Senior,Other,Critical,4,3,0,8,2,11,False,3,True,3.58333333,2,0,0,1,1.5540674
Design Review,High,Junior,Python,Medium,13,3,1,26,4,9,False,2,False,4.75,0,2,0,1,5.18664375
Bug Fix,Medium,Junior,Python,Low,9,3,3,18,1,15,False,2,True,4.16666667,1,1,0,1,4.35612604
Feature Dev,High,Tech Lead,C++,Low,4,2,3,8,10,16,False,3,False,3.625,1,0,1,0,2.53899319
Testing,High,Junior,C++,Low,6,5,0,12,4,15,False,0,True,3.95,2,1,1,1,2.77286988
Testing,High,Tech Lead,Go,Critical,11,2,0,22,6,16,True,2,False,3.625,1,0,1,0,4.18372428
Code Review,Medium,Senior,C++,Low,6,3,3,12,8,14,True,2,False,5.58333333,0,1,1,1,2.7547905
Testing,Medium,Tech Lead,C++,Critical,6,2,1,12,8,18,False,3,False,4.5,0,1,1,0,2.05609688
Design Review,Low,Senior,Java,High,6,3,0,12,8,16,False,2,False,2.66666667,1,2,0,0,2.0532
Documentation,Medium,Senior,JavaScript,Critical,7,2,3,14,9,14,True,0,True,1.5,2,0,0,0,3.27045469
Refactoring,High,Mid,C++,Medium,2,4,1,4,1,16,True,0,False,3.0,2,1,1,0,1.03530525
Bug Fix,High,Junior,JavaScript,Medium,5,3,0,10,8,17,False,2,False,4.91666667,0,1,2,0,2.00729167
Client Meeting,Medium,Senior,JavaScript,Low,6,3,1,12,10,15,True,1,False,2.08333333,2,1,0,0,3.04799688
Code Review,Medium,Mid,Java,High,1,4,3,2,4,13,False,3,True,1.5,4,0,0,0,1.1669625
Bug Fix,High,Senior,Go,Low,2,3,0,4,4,9,True,2,False,5.0,1,0,1,1,1.0115952
Client Meeting,Medium,Mid,Python,Low,10,2,0,20,2,14,True,1,True,1.5,2,0,0,0,5.33927625
Code Review,Medium,Mid,Java,High,3,5,3,6,8,14,True,2,False,2.35,4,0,1,0,1.66612596
Feature Dev,Medium,Senior,Java,High,4,2,2,8,2,17,False,2,False,2.375,1,1,0,0,1.8545625
Deployment,High,Mid,JavaScript,Low,8,2,0,16,5,17,True,1,False,2.375,1,1,0,0,4.28403938
Bug Fix,Medium,Mid,Java,High,7,5,3,14,8,17,True,3,True,2.7,3,1,1,0,3.45423511
Documentation,High,Mid,Go,High,5,3,0,10,3,9,True,0,False,4.33333333,1,0,2,0,1.8047295
Deployment,High,Tech Lead,Other,Low,3,2,2,6,10,11,True,0,True,3.625,1,0,1,0,1.90218625
Bug Fix,Medium,Tech Lead,Go,Low,6,4,1,12,6,14,False,2,False,1.9375,3,1,0,0,3.03445313
Deployment,Medium,Junior,Java,Critical,1,5,2,2,4,17,False,1,False,2.2,3,2,0,0,0.6732
Bug Fix,Medium,Junior,Other,High,10,3,0,20,5,18,False,2,False,4.16666667,1,1,0,1,3.201975
Code Review,Medium,Junior,Other,High,1,3,2,2,5,11,True,3,True,2.08333333,2,1,0,0,1.03516875
Deployment,High,Mid,C++,Low,5,5,3,10,4,11,False,0,False,3.45,2,2,0,1,2.66540312
Design Review,Medium,Tech Lead,Python,Medium,1,5,1,2,3,10,False,2,True,3.4,1,3,1,0,0.7442325
Design Review,High,Senior,Other,Low,6,3,3,12,6,16,False,2,True,3.5,1,1,1,0,3.70214323
Feature Dev,High,Senior,JavaScript,Medium,10,5,1,20,5,11,False,2,True,3.4,1,3,1,0,4.9119345
Design Review,Medium,Junior,Java,Medium,2,3,2,4,3,15,False,0,True,5.58333333,0,1,1,1,0.94622
Code Review,Low,Senior,Python,Medium,12,5,1,24,9,17,True,2,False,3.45,2,2,0,1,4.32059644
Testing,Medium,Junior,Go,Low,13,2,0,26,3,17,False,0,True,3.625,1,0,1,0,5.60735175
Code Review,High,Tech Lead,JavaScript,Critical,6,3,3,12,10,9,False,0,False,4.33333333,1,0,2,0,2.2655645
Deployment,High,Junior,Other,Critical,13,4,0,26,5,18,False,2,False,2.8125,1,3,0,0,5.03959688
Bug Fix,High,Junior,Python,Medium,7,2,3,14,9,14,False,2,False,4.5,0,1,1,0,3.2846625
Testing,Low,Senior,Go,Low,9,4,1,18,7,11,False,2,False,1.9375,3,1,0,0,3.96134063
Design Review,Low,Tech Lead,Python,Critical,13,2,1,26,7,15,True,3,False,3.25,0,2,0,0,4.29236719
Design Review,High,Tech Lead,Python,High,12,2,0,24,9,11,True,1,False,2.375,1,1,0,0,5.21132063
Code Review,Medium,Tech Lead,Go,Low,5,2,1,10,1,14,True,2,False,2.375,1,1,0,0,2.66335781
Code Review,High,Junior,Python,Low,3,2,3,6,8,9,False,3,False,3.625,1,0,1,0,2.08805231
Deployment,Medium,Tech Lead,C++,High,2,3,1,4,10,15,False,0,True,4.16666667,1,1,0,1,0.79668187
Refactoring,Low,Mid,Java,High,11,5,1,22,5,12,False,2,False,3.1,3,1,0,1,3.48237225
Client Meeting,Medium,Tech Lead,C++,High,4,4,0,8,3,14,True,0,True,3.0,2,1,1,0,1.5326388
Documentation,Medium,Senior,C++,Critical,12,3,2,24,8,10,False,0,False,2.08333333,2,1,0,0,4.3169375
Feature Dev,High,Senior,Java,Low,4,3,0,8,4,10,False,0,True,5.0,1,0,1,1,1.7410448
Refactoring,Medium,Tech Lead,Other,High,3,3,2,6,7,15,False,0,False,3.5,1,1,1,0,1.2112875
Design Review,Medium,Senior,Java,High,10,2,3,20,7,12,False,2,False,4.5,0,1,1,0,3.55201875
Client Meeting,Low,Senior,Python,Critical,6,2,0,12,10,9,True,3,False,1.5,2,0,0,0,2.25043875
Bug Fix,Low,Senior,Python,High,4,5,0,8,9,15,False,1,True,3.45,2,2,0,1,1.34336318
Design Review,High,Junior,JavaScript,Medium,13,5,3,26,2,11,False,1,False,2.55,2,3,0,0,6.350425
Client Meeting,High,Tech Lead,Java,Medium,13,5,3,26,8,17,False,3,False,3.9,1,2,2,0,5.725211
Feature Dev,High,Mid,Go,Critical,10,2,2,20,1,18,False,0,False,2.375,1,1,0,0,4.08690625
Deployment,High,Tech Lead,Python,Critical,2,3,1,4,7,10,True,1,False,4.75,0,2,0,1,0.85561186
Code Review,High,Junior,Python,High,9,2,3,18,2,17,True,3,True,5.75,0,0,2,0,4.06144084
Design Review,Medium,Junior,Java,Critical,11,5,3,22,4,18,False,3,False,4.3,1,2,1,1,3.5641605
Testing,Low,Senior,JavaScript,Medium,11,5,2,22,4,9,True,0,False,2.9,1,4,0,0,4.271715
Bug Fix,High,Tech Lead,Java,High,11,3,2,22,10,16,False,0,False,4.16666667,1,1,0,1,4.08633
Testing,Low,Junior,Go,Low,2,2,0,4,5,12,False,1,False,1.5,2,0,0,0,0.92455
Client Meeting,Low,Junior,JavaScript,Low,4,3,1,8,7,15,False,3,False,2.66666667,1,2,0,0,2.0097
Design Review,Low,Senior,Java,Low,11,4,2,22,2,11,True,1,True,2.375,2,2,0,0,5.43551663
Documentation,Low,Senior,JavaScript,High,2,2,0,4,7,15,False,0,False,2.375,1,1,0,0,0.63585
Refactoring,High,Tech Lead,C++,Medium,3,3,3,6,7,15,False,0,True,2.08333333,2,1,0,0,2.0046125
Deployment,Medium,Tech Lead,Python,Medium,1,5,2,2,5,11,False,3,False,1.85,4,1,0,0,1.0075
Documentation,Low,Mid,Java,High,6,3,0,12,8,15,True,1,False,1.5,3,0,0,0,2.1890925
Client Meeting,Medium,Mid,C++,High,3,2,0,6,5,16,True,3,True,1.5,2,0,0,0,1.59823125
Design Review,Medium,Junior,Other,Critical,1,2,0,2,3,14,False,1,False,2.375,1,1,0,0,0.5
Bug Fix,Medium,Tech Lead,C++,Critical,6,3,2,12,6,16,False,0,True,4.75,0,2,0,1,2.06851219
Refactoring,Low,Junior,Other,High,2,4,2,4,3,18,False,1,False,3.5,2,1,0,1,0.88578
Documentation,Medium,Tech Lead,Go,High,12,4,2,24,6,15,False,0,False,2.8125,1,3,0,0,4.40353125
Bug Fix,Medium,Senior,Java,High,2,2,0,4,9,16,True,2,True,4.5,0,1,1,0,0.88227563
Client Meeting,High,Mid,Python,Low,7,4,3,14,10,11,False,3,False,3.875,0,3,1,0,3.83886594
Refactoring,High,Junior,JavaScript,Medium,1,3,2,2,10,12,False,3,True,2.08333333,2,1,0,0,1.16114167
Client Meeting,High,Junior,JavaScript,Critical,4,2,2,8,6,10,False,3,True,3.625,1,0,1,0,2.03315516
Bug Fix,High,Senior,Python,Low,9,4,1,18,2,18,True,1,False,4.0625,1,1,2,0,4.27470625
Refactoring,Medium,Junior,Go,Low,4,2,2,8,7,15,False,0,False,2.375,1,1,0,0,2.0508125
Refactoring,High,Mid,JavaScript,Critical,9,5,2,18,4,13,False,0,False,3.05,2,2,1,0,3.46858905
Code Review,High,Junior,Go,Low,2,5,2,4,4,9,True,1,False,3.45,2,2,0,1,1.34336318
Client Meeting,Low,Tech Lead,Java,Medium,2,3,0,4,4,9,False,0,False,2.08333333,2,1,0,0,0.717
Client Meeting,Medium,Mid,Python,Low,2,3,2,4,5,14,False,1,False,4.16666667,1,1,0,1,1.11815
Client Meeting,High,Mid,Go,Critical,4,2,0,8,9,17,False,3,False,4.5,0,1,1,0,1.54387625
Feature Dev,High,Mid,Java,High,2,4,3,4,4,13,False,3,False,2.375,2,2,0,0,1.47481875
Deployment,Medium,Tech Lead,Java,Low,8,5,3,16,4,9,False,2,True,2.2,3,2,0,0,4.611915
Design Review,Medium,Junior,C++,High,5,5,2,10,9,10,False,3,False,2.35,4,0,1,0,2.2300785
Documentation,High,Junior,JavaScript,High,4,3,2,8,5,9,False,0,True,5.0,1,0,1,1,1.6567452
Bug Fix,Medium,Junior,C++,Low,3,4,1,6,10,17,True,3,False,1.9375,3,1,0,0,1.91170547
Deployment,Low,Senior,Java,Critical,4,3,1,8,2,14,False,3,False,3.25,0,3,0,0,1.50609375
Testing,Medium,Mid,Go,Low,9,3,1,18,4,9,False,0,True,2.08333333,2,1,0,0,4.51859375
Testing,Medium,Tech Lead,C++,Low,5,3,1,10,2,17,False,2,False,1.5,3,0,0,0,2.649625
Design Review,Medium,Tech Lead,Other,Critical,10,4,3,20,7,13,False,3,True,3.4375,1,2,1,0,3.9983741
Refactoring,Low,Junior,Java,Medium,11,3,2,22,4,14,False,0,False,3.25,0,3,0,0,3.99375
Refactoring,Medium,Senior,JavaScript,Low,11,3,1,22,6,12,True,2,False,4.75,0,2,0,1,4.49529609
Testing,Medium,Senior,Python,Medium,8,5,1,16,10,16,True,2,True,2.7,3,1,1,0,3.83803901
Documentation,Low,Junior,Other,Critical,12,5,0,24,5,17,False,3,False,1.85,4,1,0,0,3.9564525
Code Review,Medium,Senior,JavaScript,Critical,1,3,2,2,6,15,False,2,False,5.0,1,0,1,1,0.59823
Documentation,High,Senior,JavaScript,High,3,2,0,6,8,10,True,2,False,1.5,2,0,0,0,1.5304275
Documentation,Medium,Senior,C++,Low,3,2,0,6,6,16,False,2,False,3.625,1,0,1,0,1.37242875
Code Review,Medium,Mid,JavaScript,Low,4,5,2,8,1,12,False,3,False,3.9,1,2,2,0,2.058694
Deployment,Low,Tech Lead,JavaScript,Low,12,2,3,24,6,16,False,3,False,1.5,2,0,0,0,5.716425
Feature Dev,Medium,Tech Lead,JavaScript,Critical,12,5,0,24,7,18,True,2,True,2.7,3,1,1,0,4.59483544
Deployment,High,Senior,Python,Medium,11,5,1,22,4,12,True,1,False,4.8,1,1,2,1,4.2674877
Refactoring,High,Mid,C++,Critical,11,3,3,22,10,10,False,1,True,3.58333333,2,0,0,1,4.58858847
Client Meeting,Medium,Mid,C++,High,13,5,1,26,3,9,False,1,False,3.55,2,1,2,0,4.25337075
Design Review,High,Mid,Python,Medium,4,3,1,8,7,13,True,1,False,3.5,1,1,1,0,1.96901512
Testing,Medium,Senior,JavaScript,Medium,12,4,0,24,9,9,False,2,False,1.9375,3,1,0,0,5.015625
Feature Dev,Medium,Tech Lead,JavaScript,High,6,5,2,12,3,12,False,3,True,3.6,3,0,1,1,2.513808
Bug Fix,Medium,Mid,JavaScript,High,10,3,1,20,9,14,True,1,False,2.08333333,2,1,0,0,3.99951563
Deployment,Medium,Junior,C++,High,2,4,3,4,5,14,False,2,False,3.5,2,1,0,1,1.14676875
Code Review,Medium,Mid,JavaScript,High,9,3,1,18,4,12,False,2,True,1.5,3,0,0,0,4.0082625
Feature Dev,High,Senior,C++,High,5,4,2,10,7,11,True,1,False,4.5625,1,1,1,1,2.04662194
Design Review,High,Tech Lead,Python,Critical,2,3,1,4,1,14,False,3,True,2.91666667,2,0,1,0,1.1855726
Client Meeting,Medium,Junior,JavaScript,High,10,3,3,20,4,14,False,2,False,1.5,3,0,0,0,4.289625
Bug Fix,Low,Senior,Go,Medium,10,4,2,20,1,12,False,3,True,3.5,2,1,0,1,4.059825
Feature Dev,High,Senior,Java,Low,6,5,2,12,3,11,False,0,False,2.9,1,4,0,0,3.21453
Bug Fix,Medium,Junior,Python,Critical,13,5,2,26,10,15,False,3,False,3.2,3,0,2,0,4.356148
Deployment,Low,Senior,Other,Low,7,2,0,14,5,16,True,2,False,1.5,2,0,0,0,3.22014
Deployment,Low,Tech Lead,JavaScript,Low,8,3,3,16,9,15,True,3,False,3.58333333,2,0,0,1,3.66769528
Design Review,Medium,Junior,Python,High,8,2,1,16,7,16,True,3,False,4.5,0,1,1,0,2.92755094
Bug Fix,Medium,Senior,Other,Medium,2,2,1,4,1,16,True,1,True,4.5,0,1,1,0,1.02932156
Design Review,Medium,Junior,JavaScript,Low,4,3,2,8,4,17,False,1,False,4.08333333,0,2,1,0,1.91170833
Documentation,Medium,Senior,JavaScript,Critical,13,2,3,26,4,16,False,0,False,1.5,2,0,0,0,4.9225625
Code Review,High,Junior,Java,Medium,9,5,0,18,6,16,False,0,False,2.55,2,3,0,0,4.02615
Bug Fix,Medium,Senior,Go,Low,1,4,0,2,1,15,False,0,False,3.0625,3,0,0,1,0.5
Testing,Medium,Tech Lead,Other,Low,5,2,0,10,1,10,False,1,True,2.375,1,1,0,0,2.49335625
Deployment,High,Junior,C++,Low,12,2,3,24,5,17,True,1,True,3.625,1,0,1,0,6.87278007
Testing,Medium,Mid,JavaScript,Low,3,3,1,6,6,18,True,0,False,3.5,1,1,1,0,1.39903706
Bug Fix,Medium,Tech Lead,C++,Critical,2,5,2,4,2,9,True,0,False,3.45,2,2,0,1,0.86504447
Documentation,Medium,Senior,Go,Low,5,3,2,10,7,11,False,2,False,4.16666667,1,1,0,1,2.32947917
Deployment,Medium,Senior,Java,Low,8,3,1,16,3,16,True,0,False,2.66666667,1,2,0,0,3.740275
Documentation,High,Tech Lead,Go,Low,2,5,1,4,5,14,False,2,False,3.9,1,2,2,0,1.1884279
Client Meeting,High,Senior,C++,High,7,4,3,14,6,13,False,0,True,3.5,2,1,0,1,3.19276238
Refactoring,Low,Mid,C++,Critical,3,2,1,6,9,12,False,2,False,1.5,2,0,0,0,1.2458875
Code Review,Medium,Mid,JavaScript,Low,7,4,0,14,5,15,False,2,True,3.0,2,1,1,0,3.345045
Refactoring,High,Senior,Other,Low,10,4,3,20,3,12,True,1,True,4.0625,1,1,2,0,5.51622117
Design Review,Low,Junior,Java,Low,9,2,2,18,5,9,False,1,False,3.25,0,2,0,0,3.75375
Testing,High,Mid,Other,Low,3,4,1,6,6,17,False,0,False,4.5625,1,1,1,1,1.34997638
Deployment,Medium,Senior,Python,Medium,12,2,2,24,7,12,False,2,False,3.25,0,2,0,0,4.96875
Deployment,Medium,Senior,JavaScript,Medium,3,3,1,6,10,9,False,3,False,2.91666667,2,0,1,0,1.52714375
Design Review,Medium,Senior,C++,Critical,9,4,3,18,6,16,False,0,False,4.0625,1,1,2,0,2.90224266
Refactoring,High,Mid,JavaScript,Low,8,4,3,16,6,17,False,0,False,3.625,2,0,2,0,3.92344838
Refactoring,High,Mid,JavaScript,Critical,5,3,3,10,2,13,False,1,False,3.58333333,2,0,0,1,2.11918281
Refactoring,Medium,Mid,Python,Medium,8,3,2,16,5,12,False,0,True,3.5,1,1,1,0,3.4544125
Client Meeting,Medium,Mid,Go,Critical,5,2,1,10,6,10,True,1,True,2.375,1,1,0,0,2.16751992
Design Review,Medium,Mid,Other,High,3,3,2,6,1,15,False,1,False,3.5,1,1,1,0,1.29204
Deployment,Medium,Mid,Other,Medium,11,4,3,22,9,11,True,2,False,5.625,0,1,2,1,4.01134125
Code Review,High,Senior,Go,Medium,7,5,0,14,8,11,True,3,True,3.4,1,3,1,0,3.66757776
Bug Fix,Medium,Junior,Other,Low,1,4,0,2,5,17,False,3,False,2.375,2,2,0,0,0.7555625
Design Review,Medium,Junior,C++,High,7,5,1,14,7,13,True,1,False,2.35,4,0,1,0,2.74685631
Client Meeting,Medium,Tech Lead,JavaScript,Medium,11,4,3,22,8,10,False,2,False,4.125,2,0,1,1,4.1523625
Design Review,Medium,Senior,C++,High,13,5,3,26,10,16,False,2,False,2.2,3,2,0,0,5.21235
Documentation,Low,Mid,JavaScript,Medium,5,4,0,10,5,16,False,0,False,2.375,2,2,0,0,1.76625
Design Review,Low,Mid,JavaScript,Critical,2,3,0,4,6,12,False,1,False,2.08333333,2,1,0,0,0.69409583
Code Review,Medium,Tech Lead,C++,Low,5,4,0,10,3,12,False,0,False,5.625,0,1,2,1,1.6643
Deployment,Medium,Junior,C++,Low,1,2,1,2,1,13,False,0,False,5.75,0,0,2,0,0.5
Refactoring,High,Tech Lead,C++,Medium,1,3,1,2,8,9,True,2,False,2.66666667,1,2,0,0,0.82215
Feature Dev,High,Tech Lead,Java,Medium,5,2,2,10,2,12,False,0,True,3.625,1,0,1,0,2.54879625
Design Review,High,Tech Lead,Java,Low,3,5,1,6,2,9,False,2,False,2.55,2,3,0,0,1.8506675
Refactoring,Low,Senior,Java,Low,6,4,2,12,4,12,True,3,True,1.9375,3,1,0,0,3.51753806
Client Meeting,Low,Senior,Java,Medium,11,4,2,22,10,16,False,3,False,2.375,2,2,0,0,4.4745
Client Meeting,Low,Mid,Python,Low,13,3,3,26,9,10,True,3,False,2.08333333,2,1,0,0,6.24551813
Design Review,High,Junior,C++,Critical,9,2,3,18,2,17,True,0,False,4.5,0,1,1,0,3.47696803
Refactoring,High,Mid,C++,Medium,5,5,1,10,4,11,False,2,False,3.05,2,2,1,0,2.43554875
Documentation,Low,Tech Lead,JavaScript,Critical,10,2,1,20,10,9,True,1,False,1.5,2,0,0,0,3.52202812
Testing,Low,Junior,C++,Medium,13,2,2,26,5,18,True,1,False,2.375,1,1,0,0,5.2339875
Testing,Medium,Mid,Java,Critical,13,5,3,26,1,18,False,3,True,3.9,1,2,2,0,4.73265678
Design Review,High,Senior,Other,Critical,6,3,3,12,5,14,False,1,False,2.91666667,2,0,1,0,2.60401148
Client Meeting,Low,Tech Lead,C++,Critical,11,4,2,22,2,16,False,2,True,4.375,0,3,0,1,3.49115559
Bug Fix,Medium,Junior,C++,Critical,11,2,0,22,3,14,False,1,False,2.375,1,1,0,0,3.75328125
Design Review,Medium,Junior,Other,Medium,4,5,1,8,10,18,False,3,True,1.85,4,1,0,0,2.2719125
Design Review,High,Junior,Python,Medium,9,2,0,18,5,14,True,3,False,1.5,2,0,0,0,4.77855
Refactoring,High,Tech Lead,Python,High,13,2,0,26,1,16,False,3,False,2.375,1,1,0,0,5.546025
Documentation,Medium,Senior,C++,Medium,12,2,2,24,1,11,False,0,False,3.25,0,2,0,0,4.78125
Deployment,Medium,Tech Lead,C++,High,12,3,1,24,1,11,False,2,True,4.08333333,0,2,1,0,4.43038406
Feature Dev,High,Junior,Other,Low,4,3,3,8,7,17,False,3,True,3.58333333,2,0,0,1,2.7415096
Bug Fix,High,Junior,Other,High,4,2,0,8,4,18,True,2,True,1.5,2,0,0,0,2.1735945
Design Review,Low,Senior,Java,Medium,2,4,2,4,1,9,False,0,True,1.9375,3,1,0,0,1.12550625
Feature Dev,Low,Tech Lead,JavaScript,Medium,3,4,3,6,9,10,True,3,False,2.375,2,2,0,0,1.88547188
Feature Dev,Medium,Tech Lead,Java,High,9,5,0,18,2,14,True,1,False,3.1,3,1,0,1,3.13898288
Design Review,Low,Tech Lead,C++,Medium,2,3,0,4,4,11,True,0,True,4.16666667,1,1,0,1,0.7044345
Design Review,Low,Tech Lead,JavaScript,Critical,4,3,1,8,7,16,False,2,False,2.66666667,1,2,0,0,1.47078333
Refactoring,High,Senior,JavaScript,High,3,3,3,6,3,18,False,3,False,2.66666667,1,2,0,0,1.8531
Bug Fix,High,Mid,Other,Low,10,5,3,20,2,10,True,3,False,3.45,2,2,0,1,5.44469166
Feature Dev,Low,Mid,JavaScript,Medium,12,5,1,24,6,17,False,1,True,2.55,2,3,0,0,4.8887575
Code Review,Low,Junior,Other,Medium,13,2,3,26,9,15,False,2,False,2.375,1,1,0,0,5.2300625
Design Review,Low,Tech Lead,Go,Medium,1,2,1,2,1,13,True,3,False,2.375,1,1,0,0,0.83455313
Code Review,Medium,Senior,Python,Low,13,2,3,26,4,14,False,3,True,2.375,1,1,0,0,7.06450938
Design Review,Medium,Senior,Python,Medium,4,5,1,8,7,18,False,2,False,3.05,2,2,1,0,1.79219625
Design Review,High,Junior,Go,Medium,4,4,1,8,8,16,True,1,False,3.5,2,1,0,1,1.92841688
Testing,High,Senior,Other,High,12,2,0,24,3,14,False,1,False,2.375,1,1,0,0,4.9631625
Code Review,High,Senior,Java,Critical,3,4,2,6,1,16,True,2,False,4.125,2,0,1,1,1.37965328
Feature Dev,Medium,Tech Lead,C++,High,6,5,1,12,7,12,False,3,True,1.85,4,1,0,0,2.84266125
Feature Dev,Low,Junior,Java,High,2,2,2,4,6,17,True,0,False,1.5,2,0,0,0,0.9879975
Code Review,High,Junior,C++,High,3,4,0,6,2,11,True,0,False,3.625,2,0,2,0,1.12625336
Client Meeting,Low,Senior,Go,Low,2,2,3,4,2,15,False,0,False,1.5,2,0,0,0,1.319175
Feature Dev,High,Tech Lead,Other,High,12,3,2,24,2,15,True,0,False,2.08333333,2,1,0,0,5.47698375
Deployment,Medium,Mid,Go,Critical,9,5,3,18,6,17,False,2,False,2.9,1,4,0,0,3.4499375
Feature Dev,High,Tech Lead,C++,High,2,4,0,4,6,15,True,2,False,5.625,0,1,2,1,0.8006796
Client Meeting,Medium,Junior,C++,Low,1,2,0,2,6,11,False,0,True,4.5,0,1,1,0,0.5
Deployment,Medium,Senior,Other,High,6,5,1,12,9,18,False,0,False,3.95,2,1,1,1,1.9055385
Refactoring,Medium,Junior,Other,High,10,4,2,20,1,12,True,2,False,3.625,2,0,2,0,3.67256531
Code Review,High,Junior,Other,Critical,5,2,2,10,1,11,True,1,True,4.5,0,1,1,0,2.24980284
Design Review,High,Mid,Go,High,9,2,3,18,7,10,False,0,False,1.5,2,0,0,0,4.234275
Deployment,Low,Junior,Go,Low,5,2,2,10,9,13,False,2,False,2.375,1,1,0,0,2.4825625
Code Review,Medium,Senior,JavaScript,Critical,12,2,2,24,3,12,False,1,True,2.375,1,1,0,0,4.7708375
Feature Dev,High,Senior,JavaScript,High,6,2,3,12,3,13,True,0,False,3.625,1,0,1,0,2.70337272
Code Review,Low,Senior,Other,Medium,12,3,3,24,2,16,True,2,False,2.66666667,1,2,0,0,5.04455
Feature Dev,Medium,Senior,Go,Critical,6,4,1,12,7,17,True,3,False,1.9375,3,1,0,0,2.55157383
Refactoring,High,Mid,Go,High,1,5,2,2,2,11,False,2,False,3.9,1,2,2,0,0.7350048
Design Review,High,Mid,Go,Critical,13,2,3,26,1,10,False,1,False,4.5,0,1,1,0,4.71098688
Testing,Medium,Tech Lead,C++,Critical,6,4,0,12,4,16,False,1,True,1.5,4,0,0,0,2.3959375
Bug Fix,Low,Junior,C++,High,2,2,1,4,2,11,True,2,False,1.5,2,0,0,0,1.03642875
Documentation,Low,Tech Lead,Java,High,2,2,3,4,8,18,True,0,True,3.25,0,2,0,0,1.14020156
Bug Fix,High,Tech Lead,Java,Low,13,5,2,26,7,11,False,0,False,2.9,1,4,0,0,6.59714
Client Meeting,High,Tech Lead,Go,Low,13,4,3,26,7,12,True,1,False,4.0625,1,1,2,0,6.35850383
Feature Dev,Medium,Mid,Java,Low,8,5,1,16,7,12,False,1,False,3.55,2,1,2,0,3.29083425
Documentation,Medium,Tech Lead,Go,Medium,1,3,2,2,1,9,True,1,False,1.5,3,0,0,0,0.861
Testing,Medium,Senior,Other,Low,11,2,0,22,1,16,True,1,False,3.25,0,2,0,0,4.87265625
Code Review,High,Tech Lead,Other,Low,7,2,0,14,3,18,True,0,True,4.5,0,1,1,0,3.47224474
Refactoring,High,Tech Lead,JavaScript,Low,3,3,3,6,3,16,True,1,True,2.08333333,2,1,0,0,2.44184806
Testing,High,Mid,Go,High,3,4,0,6,1,9,False,3,False,3.0,2,1,1,0,1.393308
Deployment,Medium,Mid,Java,Medium,7,3,0,14,5,17,True,2,False,2.91666667,2,0,1,0,2.91545625
Feature Dev,High,Mid,Java,Medium,5,3,2,10,5,14,True,2,False,2.66666667,1,2,0,0,2.842
Refactoring,Low,Senior,Java,Low,1,3,3,2,2,15,True,2,False,4.16666667,1,1,0,1,0.98816506
Deployment,High,Tech Lead,Java,Medium,2,5,3,4,10,17,False,0,False,3.45,2,2,0,1,1.20714125
Documentation,Low,Junior,Other,High,12,3,1,24,10,14,True,1,False,2.08333333,2,1,0,0,4.30065563
Bug Fix,Medium,Junior,Python,Low,6,4,3,12,5,18,False,2,True,2.375,2,2,0,0,3.62130313
Feature Dev,High,Junior,JavaScript,Critical,12,3,0,24,9,9,False,2,False,2.08333333,2,1,0,0,4.84174167
Feature Dev,Low,Mid,Python,High,7,4,0,14,5,10,True,0,False,3.5,2,1,0,1,2.09265525
Refactoring,Medium,Mid,Go,Medium,10,2,1,20,10,13,False,0,True,2.375,1,1,0,0,4.47940625
Bug Fix,High,Mid,Go,Medium,11,2,2,22,2,9,False,0,False,2.375,1,1,0,0,5.2595
Design Review,Medium,Senior,Python,High,11,3,0,22,3,16,True,2,False,4.08333333,0,2,1,0,3.77736188
Client Meeting,Medium,Junior,JavaScript,High,2,2,1,4,1,14,False,0,False,2.375,1,1,0,0,0.83896875
Bug Fix,Medium,Senior,C++,High,12,4,0,24,7,14,True,1,False,3.0,2,1,1,0,4.26700575
Client Meeting,High,Tech Lead,Other,High,5,3,3,10,7,13,False,1,False,3.25,0,3,0,0,2.4046875
Testing,Medium,Mid,Java,High,8,3,1,16,6,13,False,0,True,4.33333333,1,0,2,0,2.7538005
Documentation,Medium,Junior,Python,Low,5,3,0,10,2,13,False,3,True,2.91666667,2,0,1,0,2.57578246
Design Review,Medium,Tech Lead,Python,Low,12,3,0,24,9,14,False,2,False,4.16666667,1,1,0,1,4.65895833
Design Review,High,Tech Lead,Java,Critical,13,5,1,26,1,16,True,1,False,4.45,2,0,2,1,4.34243577
Documentation,High,Mid,Other,Low,10,2,2,20,5,9,False,3,True,4.5,0,1,1,0,5.340335
Design Review,Medium,Tech Lead,Other,Critical,6,5,2,12,3,9,True,3,False,3.4,1,3,1,0,2.41537275
Testing,Medium,Mid,Go,High,10,2,3,20,9,14,True,1,False,5.75,0,0,2,0,3.43550025
Design Review,Medium,Junior,Go,Medium,12,4,2,24,4,18,False,1,True,1.5,4,0,0,0,5.863
Refactoring,High,Mid,Python,Critical,2,3,0,4,10,12,False,1,True,4.33333333,1,0,2,0,0.7918889
Refactoring,Low,Tech Lead,Go,Low,1,4,1,2,3,16,False,2,False,2.375,2,2,0,0,0.76635625
Client Meeting,Medium,Junior,C++,High,12,2,1,24,2,11,False,0,False,4.5,0,1,1,0,3.78118125
Bug Fix,Low,Senior,Python,Low,11,4,3,22,5,9,False,2,False,3.9375,1,2,0,1,4.35075953
Bug Fix,Medium,Tech Lead,Go,High,6,4,3,12,8,9,True,3,True,2.8125,1,3,0,0,3.14140148
Documentation,High,Senior,C++,Medium,7,2,2,14,7,16,True,2,True,4.5,0,1,1,0,3.64673925
Feature Dev,Medium,Senior,Other,Low,8,2,1,16,7,12,False,3,False,4.5,0,1,1,0,3.40773125
Deployment,Medium,Senior,C++,High,4,3,2,8,8,12,False,2,False,4.33333333,1,0,2,0,1.56933
Documentation,Low,Tech Lead,Go,Low,2,5,1,4,1,9,True,3,False,3.25,0,5,0,0,1.26689063
Refactoring,Medium,Tech Lead,JavaScript,Critical,6,3,2,12,9,12,True,1,False,1.5,3,0,0,0,2.561475
Bug Fix,Medium,Mid,Python,Low,13,3,3,26,8,9,True,2,True,4.16666667,1,1,0,1,6.29588334
Documentation,Low,Tech Lead,Java,Low,2,2,2,4,6,16,False,1,True,1.5,2,0,0,0,1.38908
Bug Fix,Medium,Junior,Go,Low,3,5,2,6,1,14,False,1,False,2.35,4,0,1,0,1.677324
Bug Fix,Low,Tech Lead,Other,High,5,4,3,10,2,12,False,3,False,1.9375,3,1,0,0,2.30217188
Documentation,Medium,Junior,JavaScript,High,6,4,1,12,1,14,False,3,False,1.9375,3,1,0,0,2.57301563
Feature Dev,Medium,Mid,Java,Low,4,5,1,8,2,10,False,3,False,2.7,3,1,1,0,2.11079275
Client Meeting,High,Junior,C++,High,4,2,0,8,1,11,False,0,False,2.375,1,1,0,0,1.62495
Testing,High,Junior,Go,High,4,2,2,8,3,9,True,2,False,4.5,0,1,1,0,1.87684088
Bug Fix,Medium,Tech Lead,Python,High,11,4,2,22,4,15,False,0,False,3.9375,1,2,0,1,3.62920781
Refactoring,Medium,Junior,JavaScript,Critical,2,3,3,4,7,11,False,2,True,3.5,1,1,1,0,1.21644669
Refactoring,Medium,Tech Lead,Go,Critical,2,4,0,4,10,10,True,0,True,3.875,0,3,1,0,0.69041569
Design Review,Medium,Mid,Other,Low,7,5,2,14,5,16,True,2,True,2.35,4,0,1,0,3.99570027
Client Meeting,Medium,Mid,C++,Low,1,4,3,2,2,11,False,3,True,3.5,2,1,0,1,1.22278062
Deployment,Low,Senior,Go,Medium,4,2,1,8,2,15,True,2,False,1.5,2,0,0,0,1.9264875
Bug Fix,Medium,Mid,Go,High,12,5,2,24,7,10,False,2,False,3.55,2,1,2,0,4.1363055
Design Review,Medium,Tech Lead,Go,Medium,12,2,3,24,4,10,True,0,False,3.25,0,2,0,0,5.16796875
Documentation,Low,Junior,Java,Medium,3,5,2,6,8,12,False,2,False,2.2,3,2,0,0,1.5642
Refactoring,High,Senior,Go,High,6,2,1,12,10,14,False,0,False,3.625,1,0,1,0,2.33402006
Testing,Medium,Mid,JavaScript,High,5,5,1,10,10,13,True,0,False,2.7,3,1,1,0,1.90181959
Deployment,High,Tech Lead,C++,High,7,5,1,14,7,15,True,2,False,3.05,2,2,1,0,3.10063737
Refactoring,Low,Mid,Java,Critical,3,4,3,6,10,16,False,2,False,3.0625,3,0,0,1,1.3227607
Documentation,Medium,Senior,Java,Critical,9,4,3,18,4,18,False,2,False,4.125,2,0,1,1,2.97037813
Client Meeting,Medium,Mid,Go,High,2,4,1,4,3,18,True,2,True,4.125,2,0,1,1,0.98293821
Refactoring,High,Tech Lead,C++,High,7,2,1,14,5,17,False,3,True,2.375,1,1,0,0,3.56517562
Testing,Low,Tech Lead,JavaScript,Medium,10,2,1,20,8,9,False,3,False,2.375,1,1,0,0,3.9740625
Deployment,High,Mid,Python,Critical,2,2,3,4,5,13,False,2,False,1.5,2,0,0,0,1.3678625
Bug Fix,Medium,Tech Lead,JavaScript,Low,7,4,1,14,1,9,False,0,False,4.5,0,2,2,0,2.6690125
Documentation,High,Junior,JavaScript,Critical,8,4,2,16,5,14,False,0,False,3.9375,1,2,0,1,2.90250828
Client Meeting,High,Junior,Python,High,13,3,1,26,1,17,False,1,True,2.08333333,2,1,0,0,6.14200125
Testing,High,Junior,Go,Low,5,5,3,10,7,17,True,3,True,3.55,2,1,2,0,3.36022793
Deployment,Low,Mid,Go,Critical,7,3,1,14,4,10,False,0,True,3.25,0,3,0,0,2.34042188
Code Review,High,Senior,JavaScript,Critical,8,5,2,16,9,13,False,3,False,4.3,1,2,1,1,2.9620596
Design Review,Medium,Tech Lead,Python,Low,11,4,2,22,5,13,False,3,False,3.875,0,3,1,0,4.83484375
Testing,Medium,Junior,C++,Critical,11,3,0,22,8,12,False,3,False,2.66666667,1,2,0,0,3.86183333
Deployment,Medium,Senior,JavaScript,High,11,2,1,22,4,9,False,2,False,4.5,0,1,1,0,3.62840625
Deployment,High,Junior,C++,Medium,5,3,3,10,8,17,False,3,True,2.91666667,2,0,1,0,3.10519229
Deployment,Low,Mid,Go,Medium,5,2,3,10,3,18,False,0,True,1.5,2,0,0,0,2.536875
Testing,Medium,Mid,C++,High,1,3,2,2,4,15,False,1,False,2.66666667,1,2,0,0,0.696
Bug Fix,High,Junior,Go,Medium,2,3,3,4,1,15,True,3,True,2.66666667,1,2,0,0,1.864555
Bug Fix,Medium,Tech Lead,Python,Medium,1,3,0,2,8,10,True,1,False,4.08333333,0,2,1,0,0.5
Code Review,High,Junior,Python,Critical,3,4,1,6,8,12,False,2,True,4.0625,1,1,2,0,1.36369575
Client Meeting,High,Senior,Go,High,6,3,3,12,5,14,True,1,True,2.08333333,2,1,0,0,3.42640856
Deployment,High,Senior,C++,Critical,9,4,2,18,2,15,True,3,False,3.0,2,1,1,0,3.89835968
Bug Fix,High,Junior,C++,Critical,5,3,3,10,1,15,True,3,False,4.33333333,1,0,2,0,2.26027113
Deployment,Medium,Mid,Java,High,2,2,1,4,5,17,False,1,False,2.375,1,1,0,0,0.92728125
Bug Fix,High,Junior,Python,Critical,1,4,0,2,2,15,False,2,False,3.0,2,1,1,0,0.5169615
Testing,Low,Tech Lead,Go,Medium,6,2,2,12,4,10,False,1,False,2.375,1,1,0,0,2.512
Code Review,High,Tech Lead,Other,Low,12,4,3,24,7,16,False,2,False,2.375,2,2,0,0,6.65974375
Bug Fix,High,Senior,Python,Critical,12,3,2,24,9,12,True,2,False,4.08333333,0,2,1,0,4.66878278
Feature Dev,High,Mid,C++,High,12,3,3,24,7,17,False,1,True,2.08333333,2,1,0,0,5.98426125
Code Review,High,Senior,Java,Medium,5,2,0,10,10,14,False,1,True,4.5,0,1,1,0,2.2407
Client Meeting,High,Junior,Java,Medium,3,2,3,6,5,12,False,0,True,1.5,2,0,0,0,2.063325
Refactoring,Medium,Senior,C++,High,11,3,2,22,1,18,False,1,False,4.08333333,0,2,1,0,3.7539
Documentation,High,Junior,JavaScript,Low,11,3,1,22,2,17,False,3,False,2.66666667,1,2,0,0,5.85896667
Feature Dev,High,Tech Lead,Other,High,13,4,2,26,2,11,True,1,False,4.5625,1,1,1,1,4.83609184
Refactoring,High,Mid,Go,Medium,6,5,0,12,2,12,False,0,False,3.4,1,3,1,0,2.489796
Client Meeting,Medium,Mid,C++,Critical,7,5,1,14,2,18,False,3,True,2.35,4,0,1,0,2.89600472
Design Review,Low,Mid,JavaScript,Low,2,3,0,4,7,12,True,1,True,3.58333333,2,0,0,1,0.91136671
Refactoring,Medium,Mid,Other,High,4,2,3,8,1,15,False,1,False,2.375,1,1,0,0,1.89871875
Code Review,Medium,Mid,Go,Low,8,3,2,16,6,14,True,0,True,2.91666667,2,0,1,0,4.11565241
Client Meeting,Low,Mid,C++,Critical,9,2,2,18,6,15,True,0,False,2.375,1,1,0,0,3.10021031
Client Meeting,High,Tech Lead,Java,Low,10,5,1,20,7,14,True,3,True,3.8,1,3,0,1,5.54665361
Deployment,High,Tech Lead,Python,Low,3,3,2,6,3,16,False,2,True,2.66666667,1,2,0,0,2.19897333
Design Review,High,Senior,C++,High,13,5,2,26,8,11,False,1,False,3.75,0,4,1,0,5.08238775
Code Review,High,Senior,Go,Low,4,2,0,8,10,16,False,3,False,3.625,1,0,1,0,2.09785538
Deployment,High,Mid,JavaScript,Medium,4,4,2,8,10,16,True,0,False,2.375,2,2,0,0,2.20486875
Deployment,Low,Senior,JavaScript,Critical,5,5,2,10,2,14,True,0,False,2.9,1,4,0,0,1.78990875
Design Review,High,Senior,JavaScript,Critical,13,2,3,26,8,17,False,0,False,4.5,0,1,1,0,4.63884313
Refactoring,Medium,Tech Lead,Go,Medium,13,5,2,26,8,13,True,3,False,3.9,1,2,2,0,5.180763
Code Review,High,Tech Lead,Java,Critical,4,5,3,8,7,13,False,2,False,3.55,2,1,2,0,1.83532298
Bug Fix,High,Mid,Go,Critical,3,4,1,6,10,18,False,3,False,3.625,2,0,2,0,1.34336869
Bug Fix,Low,Mid,Python,Low,7,4,0,14,4,9,False,1,False,3.5,2,1,0,1,2.5325575
Design Review,Medium,Junior,Java,Critical,5,4,2,10,3,10,True,0,False,3.0625,3,0,0,1,1.84651277
Bug Fix,Medium,Junior,JavaScript,Critical,1,4,0,2,4,14,False,2,True,2.375,2,2,0,0,0.55048125
Deployment,Medium,Mid,Other,Critical,4,2,3,8,8,18,False,1,True,1.5,2,0,0,0,2.06050625
Testing,Medium,Junior,Go,Low,1,5,0,2,2,14,True,1,False,3.05,2,2,1,0,0.53076581
Deployment,Medium,Senior,C++,Critical,4,3,2,8,4,15,True,0,False,3.5,1,1,1,0,1.52151169
Deployment,Low,Tech Lead,Java,High,10,4,0,20,3,10,False,2,True,2.375,2,2,0,0,3.6914625
Documentation,Medium,Tech Lead,JavaScript,High,4,5,1,8,10,16,False,2,False,3.45,2,2,0,1,1.54637438
Design Review,Medium,Senior,Go,Medium,1,4,2,2,7,16,True,0,False,3.5,2,1,0,1,0.64588125
Feature Dev,High,Senior,C++,Critical,1,5,3,2,2,13,True,0,False,2.55,2,3,0,0,0.78984019
Code Review,Medium,Mid,JavaScript,Low,7,4,0,14,9,12,True,3,True,5.1875,1,0,2,1,2.97951308
Deployment,Medium,Senior,Python,Critical,6,3,2,12,1,12,False,2,True,2.08333333,2,1,0,0,2.70020208
Bug Fix,High,Junior,C++,Critical,7,2,3,14,6,16,False,1,False,5.75,0,0,2,0,2.5603955
Design Review,Medium,Mid,Python,Low,1,2,3,2,6,17,True,2,True,2.375,1,1,0,0,1.30901203
Deployment,Low,Junior,Other,Low,9,3,0,18,5,11,False,1,False,2.66666667,1,2,0,0,3.55153333
Code Review,High,Tech Lead,JavaScript,High,8,3,3,16,7,14,True,2,False,4.75,0,2,0,1,3.35275959
Feature Dev,High,Senior,Java,Low,9,2,2,18,4,12,True,1,True,5.75,0,0,2,0,4.60868793
Client Meeting,High,Tech Lead,Python,Low,1,3,3,2,1,17,False,2,False,2.08333333,2,1,0,0,1.2159125
Design Review,Medium,Senior,Java,Medium,9,2,3,18,9,14,False,2,True,2.375,1,1,0,0,4.58734375
Feature Dev,High,Mid,Java,Critical,11,4,2,22,4,17,False,2,True,3.9375,1,2,0,1,4.46023634
Deployment,Medium,Junior,Other,High,1,2,1,2,10,10,False,2,False,3.625,1,0,1,0,0.60155156
Documentation,High,Mid,Other,Medium,1,5,1,2,10,13,False,2,False,2.9,1,4,0,0,0.77355
Code Review,Medium,Senior,Java,Critical,1,2,0,2,2,11,False,3,False,1.5,2,0,0,0,0.609875
Testing,Medium,Mid,Python,High,11,3,2,22,1,18,False,0,False,4.16666667,1,1,0,1,3.5831625
Feature Dev,High,Tech Lead,JavaScript,Low,13,2,2,26,9,10,False,2,False,2.375,1,1,0,0,6.99435
Design Review,High,Tech Lead,Other,Medium,3,3,1,6,9,16,False,1,False,2.08333333,2,1,0,0,1.62320833
Design Review,High,Senior,JavaScript,Critical,10,4,2,20,1,17,False,0,False,3.5,2,1,0,1,3.65999375
Refactoring,High,Mid,Go,High,13,3,1,26,10,18,False,2,False,5.0,1,0,1,1,4.455054
Client Meeting,High,Tech Lead,Go,Critical,5,4,3,10,6,15,False,0,False,3.9375,1,2,0,1,2.00550195
Documentation,Low,Senior,C++,High,2,3,0,4,1,13,False,1,True,4.16666667,1,1,0,1,0.68766225
Code Review,High,Junior,Go,Low,11,2,0,22,4,9,True,1,True,4.5,0,1,1,0,5.56421828
Testing,High,Senior,C++,Low,5,2,2,10,10,14,True,0,False,2.375,1,1,0,0,2.94669375
Refactoring,Medium,Mid,Java,Critical,5,2,2,10,7,15,True,0,False,3.25,0,2,0,0,1.92445312
Feature Dev,High,Tech Lead,C++,Low,10,3,2,20,2,17,False,3,False,2.66666667,1,2,0,0,5.52933333
Feature Dev,Medium,Junior,Python,High,1,3,2,2,7,17,False,1,False,2.66666667,1,2,0,0,0.696
Deployment,High,Senior,JavaScript,High,3,5,3,6,1,18,False,0,True,4.3,1,2,1,1,1.47508614
Testing,Medium,Mid,Go,Medium,5,5,2,10,6,10,False,1,False,3.45,2,2,0,1,2.1147
Testing,Medium,Junior,Other,Low,9,3,3,18,7,13,True,1,False,4.33333333,1,0,2,0,3.97999525
Client Meeting,Medium,Junior,Go,High,2,5,2,4,4,15,True,0,False,3.95,2,1,1,1,0.86309685
Refactoring,Low,Mid,JavaScript,Low,10,2,3,20,5,10,True,0,True,1.5,2,0,0,0,5.27416313
Refactoring,High,Tech Lead,JavaScript,Low,5,5,3,10,3,18,True,3,True,4.3,1,2,1,1,3.15504536
Documentation,Medium,Junior,JavaScript,Low,9,3,1,18,7,11,False,3,False,3.5,1,1,1,0,3.99724875
Client Meeting,Medium,Mid,Python,Low,10,3,1,20,1,15,True,3,False,3.5,1,1,1,0,4.61164069
Bug Fix,Medium,Mid,Python,Low,13,3,2,26,5,14,True,2,True,2.08333333,2,1,0,0,7.21167563
Design Review,Low,Senior,Go,Critical,5,3,0,10,6,10,True,3,True,4.75,0,2,0,1,1.68928495
Documentation,Low,Junior,Other,Critical,4,4,3,8,10,18,False,1,False,1.5,4,0,0,0,1.7337875
Design Review,Medium,Mid,Go,High,13,5,0,26,9,15,False,0,False,2.2,3,2,0,0,4.6332
Bug Fix,Medium,Tech Lead,JavaScript,High,6,5,1,12,4,12,False,2,True,1.85,4,1,0,0,2.74291875
Bug Fix,High,Senior,C++,Critical,11,4,3,22,5,15,False,3,False,2.375,2,2,0,0,4.84590312
Bug Fix,High,Tech Lead,Other,Medium,4,2,0,8,1,18,False,1,True,2.375,1,1,0,0,2.0939875
Refactoring,Low,Tech Lead,JavaScript,Medium,2,3,2,4,8,16,False,2,False,2.66666667,1,2,0,0,1.17933333
Deployment,Medium,Tech Lead,Java,Medium,10,5,0,20,4,14,True,2,False,3.05,2,2,1,0,4.05312075
Client Meeting,High,Mid,Go,Critical,6,4,3,12,6,15,False,1,False,4.5625,1,1,1,1,2.25677869
Documentation,Medium,Tech Lead,Java,Low,11,2,2,22,7,11,False,0,True,3.25,0,2,0,0,5.3315625
Client Meeting,Medium,Junior,JavaScript,High,12,2,1,24,3,13,False,0,True,2.375,1,1,0,0,4.80861563
Feature Dev,Low,Senior,Other,Low,9,2,0,18,10,10,True,0,False,1.5,2,0,0,0,3.835755
Documentation,Medium,Junior,C++,Medium,8,2,0,16,4,17,False,2,True,1.5,2,0,0,0,3.8335
Testing,Medium,Senior,Go,Low,10,2,0,20,4,17,True,0,False,2.375,1,1,0,0,4.533375
Deployment,High,Tech Lead,Other,Critical,13,4,0,26,6,17,False,0,False,2.375,2,2,0,0,4.98769375
Bug Fix,Medium,Mid,C++,Medium,12,3,2,24,2,18,False,2,True,4.16666667,1,1,0,1,4.93849583
Feature Dev,Medium,Tech Lead,C++,Medium,13,5,2,26,5,15,False,1,True,2.2,3,2,0,0,6.0984
Bug Fix,High,Tech Lead,Python,Critical,3,2,3,6,4,18,False,0,False,3.625,1,0,1,0,1.38624216
Bug Fix,Low,Junior,JavaScript,Critical,5,4,3,10,8,11,False,0,False,1.9375,3,1,0,0,1.91847656
Code Review,Low,Mid,Java,High,3,3,0,6,2,16,False,1,False,2.66666667,1,2,0,0,1.0266
Client Meeting,Low,Mid,Other,High,13,4,0,26,8,11,False,2,False,2.375,2,2,0,0,4.30965
Documentation,Medium,Junior,Other,Medium,5,5,3,10,10,12,False,2,True,3.9,1,2,2,0,2.4797905
Documentation,Low,Mid,C++,High,1,5,2,2,10,9,False,2,False,3.8,1,3,0,1,0.669123
Feature Dev,High,Senior,Python,Low,5,3,1,10,6,10,False,0,True,4.91666667,0,1,2,0,2.38024646
Client Meeting,Low,Junior,Java,Low,11,2,2,22,1,13,False,1,True,3.25,0,2,0,0,4.945875
Design Review,Low,Mid,C++,Critical,10,4,2,20,6,12,False,0,False,1.9375,3,1,0,0,3.32535937
Documentation,Low,Senior,JavaScript,Medium,13,5,1,26,2,12,False,1,False,1.85,4,1,0,0,4.966975
Documentation,High,Tech Lead,JavaScript,High,13,2,3,26,3,9,False,3,False,3.625,1,0,1,0,5.39792269
Refactoring,High,Tech Lead,Python,High,13,2,0,26,5,18,False,3,True,2.375,1,1,0,0,6.1006275
Feature Dev,High,Junior,Other,Low,1,4,0,2,1,13,False,3,False,4.125,2,0,1,1,0.687401
Deployment,Medium,Tech Lead,Java,High,5,2,0,10,10,10,False,1,False,4.5,0,1,1,0,1.6041375
Documentation,Medium,Tech Lead,JavaScript,Medium,5,4,0,10,4,9,True,2,False,3.0,2,1,1,0,2.128665
Testing,Medium,Tech Lead,Go,High,3,4,0,6,1,16,True,2,True,4.0625,1,1,2,0,1.22690886
Design Review,Low,Senior,Java,Medium,7,5,0,14,2,18,True,3,False,4.15,0,4,0,1,2.51055788
Bug Fix,Medium,Junior,Java,High,2,5,2,4,2,9,True,2,True,3.55,2,1,2,0,1.17182315
Documentation,Low,Junior,Python,Low,4,5,1,8,3,14,True,3,False,2.9,1,4,0,0,2.08471725
Deployment,Medium,Junior,C++,Medium,4,4,3,8,10,17,False,2,False,2.5625,3,0,1,0,2.12111719
Design Review,Low,Mid,Python,High,3,5,1,6,2,11,False,1,True,2.2,3,2,0,0,1.303533
Client Meeting,Medium,Mid,Java,Low,7,2,1,14,5,14,False,3,False,1.5,2,0,0,0,3.664375
Testing,High,Senior,Go,High,2,4,1,4,6,17,True,2,True,3.5,2,1,0,1,1.16009499
Code Review,Medium,Senior,Go,Low,1,2,0,2,2,15,True,2,False,2.375,1,1,0,0,0.68000625
Documentation,Medium,Junior,Other,High,8,2,1,16,9,9,False,1,False,3.25,0,2,0,0,2.9109375
Bug Fix,Medium,Tech Lead,C++,High,3,3,3,6,10,11,True,2,True,2.91666667,2,0,1,0,1.77988604
Deployment,Medium,Tech Lead,JavaScript,Medium,4,5,2,8,6,9,False,2,False,2.55,2,3,0,0,2.04225
Documentation,High,Tech Lead,Python,Medium,11,5,2,22,8,16,False,3,False,3.05,2,2,1,0,5.2019645
Design Review,High,Senior,Java,Critical,9,2,0,18,10,17,True,0,False,3.625,1,0,1,0,3.29289325
Design Review,Low,Tech Lead,Java,Critical,12,2,0,24,5,16,True,3,True,2.375,1,1,0,0,4.45064091
Documentation,Medium,Tech Lead,Python,High,9,4,2,18,3,14,False,3,False,3.4375,1,2,1,0,3.40306313
Code Review,Medium,Mid,Other,High,12,3,2,24,1,14,True,2,False,3.5,1,1,1,0,4.49387663
Feature Dev,Medium,Tech Lead,Go,Medium,1,2,0,2,9,12,True,0,True,3.625,1,0,1,0,0.5
Feature Dev,Medium,Senior,Java,Medium,5,3,1,10,1,16,False,0,False,3.5,1,1,1,0,1.9290875
Testing,Medium,Senior,JavaScript,Medium,13,3,1,26,7,10,False,1,True,3.5,1,1,1,0,5.37901375
Deployment,High,Mid,C++,Critical,1,4,2,2,10,16,False,0,False,4.0625,1,1,2,0,0.54461838
Feature Dev,Medium,Tech Lead,Python,High,13,2,2,26,9,12,False,1,False,2.375,1,1,0,0,4.9455
Design Review,Medium,Junior,Java,Medium,11,4,2,22,9,13,False,0,False,2.5625,3,0,1,0,4.43077813
Bug Fix,Medium,Senior,Other,High,8,5,3,16,5,18,True,1,False,5.15,0,2,2,1,2.68084688
Design Review,High,Mid,JavaScript,Low,7,3,0,14,7,9,False,3,False,3.5,1,1,1,0,3.474152
Refactoring,Medium,Tech Lead,Other,Low,7,3,1,14,9,15,True,0,False,1.5,3,0,0,0,3.49243125
Testing,Low,Mid,Java,Medium,13,5,1,26,6,16,True,1,False,3.1,3,1,0,1,4.64720288
Code Review,Medium,Mid,Java,Medium,3,2,0,6,2,16,True,1,True,1.5,2,0,0,0,1.5390375
Deployment,Medium,Senior,JavaScript,Medium,4,5,3,8,3,15,False,2,False,3.9,1,2,2,0,1.914075
Refactoring,Low,Tech Lead,Java,High,3,3,0,6,10,17,True,1,False,2.66666667,1,2,0,0,1.07793
Design Review,Low,Senior,Java,High,5,2,2,10,6,18,True,0,False,1.5,2,0,0,0,2.0341125
Code Review,High,Senior,Java,Low,8,2,2,16,9,17,False,3,False,4.5,0,1,1,0,3.995915
Documentation,High,Tech Lead,Go,Critical,10,4,0,20,1,10,False,2,False,3.9375,1,2,0,1,3.5005125
Refactoring,High,Mid,Python,Low,1,3,0,2,3,18,False,0,False,3.58333333,2,0,0,1,0.5
Documentation,High,Tech Lead,C++,Low,13,4,3,26,8,12,False,3,False,3.4375,1,2,1,0,6.66478209
Deployment,High,Junior,Other,Medium,4,5,3,8,5,11,False,3,False,4.8,1,1,2,1,1.982386
Testing,Low,Tech Lead,Other,High,5,2,0,10,5,17,True,3,False,3.25,0,2,0,0,1.86046875
Documentation,High,Mid,Python,High,1,5,3,2,10,15,False,3,False,3.95,2,1,1,1,0.9041967
Refactoring,Low,Junior,Other,Low,7,5,1,14,10,9,True,2,False,2.75,4,0,0,1,3.03101597
Feature Dev,High,Mid,Python,Medium,6,5,3,12,3,13,False,0,False,3.4,1,3,1,0,2.895741
Feature Dev,Medium,Senior,Python,Critical,13,5,3,26,1,17,False,1,False,3.05,2,2,1,0,4.49197906
Design Review,High,Mid,Other,Critical,1,2,0,2,6,9,False,2,False,3.25,0,2,0,0,0.5259375
Testing,High,Senior,Other,High,10,2,2,20,10,16,False,3,True,4.5,0,1,1,0,4.369365
Design Review,Medium,Mid,Other,Low,2,4,3,4,1,14,False,1,False,1.5,4,0,0,0,1.522125
Documentation,High,Tech Lead,Other,Low,9,5,2,18,7,13,True,1,True,3.9,1,2,2,0,4.90689715
Documentation,Medium,Mid,Java,Medium,6,5,0,12,7,14,False,1,False,2.75,4,0,0,1,2.2859375
Bug Fix,Medium,Tech Lead,Go,Low,12,5,3,24,5,14,True,1,False,2.2,3,2,0,0,6.1174575
Refactoring,Low,Mid,Python,High,2,3,0,4,2,17,True,3,False,3.58333333,2,0,0,1,0.84321169
Client Meeting,Medium,Tech Lead,Other,Critical,12,4,2,24,7,16,False,1,True,4.0625,1,1,2,0,4.09896988
Documentation,Medium,Senior,Go,Medium,5,2,2,10,4,10,False,2,False,2.375,1,1,0,0,2.453125
Client Meeting,Medium,Tech Lead,C++,Low,13,5,1,26,9,11,True,0,True,4.8,1,1,2,1,5.20255775
Bug Fix,Medium,Mid,Other,Medium,11,2,0,22,4,12,False,3,True,2.375,1,1,0,0,5.0730625
Client Meeting,Medium,Tech Lead,Other,Medium,4,3,0,8,9,17,True,3,False,4.75,0,2,0,1,1.63465312
Deployment,Medium,Junior,Python,Low,13,2,1,26,3,17,True,1,False,1.5,2,0,0,0,6.45211875
Documentation,Medium,Senior,JavaScript,High,6,5,2,12,8,9,False,2,False,2.35,4,0,1,0,2.48739525
Code Review,Low,Junior,JavaScript,Medium,7,2,1,14,9,9,False,0,True,1.5,2,0,0,0,3.010425
Deployment,Medium,Mid,Go,Medium,6,5,2,12,7,13,True,3,False,3.05,2,2,1,0,2.89508625
Documentation,Low,Tech Lead,Java,High,4,3,3,8,5,17,True,2,False,2.66666667,1,2,0,0,1.909215
Refactoring,High,Tech Lead,Go,Critical,7,2,1,14,3,13,False,1,True,1.5,2,0,0,0,3.32556125
Design Review,Low,Tech Lead,Java,High,1,2,3,2,8,10,True,0,False,1.5,2,0,0,0,0.78458625
Deployment,Medium,Tech Lead,Go,Low,1,5,1,2,7,13,True,1,False,3.95,2,1,1,1,0.62334773
Bug Fix,Low,Senior,Go,Low,4,3,1,8,1,13,False,1,True,2.66666667,1,2,0,0,1.97673667
Refactoring,High,Senior,Other,Low,8,2,2,16,7,10,False,0,False,2.375,1,1,0,0,4.2959125
Testing,High,Mid,Other,High,2,4,3,4,7,18,False,2,False,3.0,2,1,1,0,1.3020795
Design Review,High,Senior,Other,Critical,3,5,2,6,10,10,True,0,True,2.55,2,3,0,0,1.60398315
Documentation,Medium,Senior,C++,Medium,3,4,2,6,3,11,False,1,True,3.5,2,1,0,1,1.5466
Design Review,High,Senior,Go,Low,7,4,3,14,7,17,False,3,False,4.0625,1,1,2,0,3.68165394
Documentation,Medium,Tech Lead,Python,Low,7,5,3,14,8,16,True,0,False,3.9,1,2,2,0,3.19331512
Testing,Medium,Junior,JavaScript,Low,7,4,3,14,6,15,False,0,True,2.375,2,2,0,0,3.85876563
Bug Fix,Low,Junior,JavaScript,Critical,5,4,0,10,10,14,False,3,False,3.9375,1,2,0,1,1.53147422
Client Meeting,Low,Mid,Other,High,6,3,3,12,7,15,True,3,True,2.08333333,2,1,0,0,3.01234106
Design Review,High,Senior,Java,Critical,11,5,3,22,4,15,True,0,False,3.05,2,2,1,0,4.51971215
Testing,High,Senior,Go,Medium,3,4,1,6,1,11,True,1,False,4.125,2,0,1,1,1.40728088
Deployment,Medium,Junior,JavaScript,Critical,13,4,3,26,3,18,True,2,False,3.0,2,1,1,0,4.81126669
Client Meeting,High,Senior,JavaScript,High,3,3,1,6,1,10,False,0,False,2.91666667,2,0,1,0,1.27447087
Refactoring,High,Tech Lead,JavaScript,High,2,2,3,4,5,18,True,0,False,5.75,0,0,2,0,1.03442535
Feature Dev,High,Tech Lead,Other,Medium,8,3,1,16,8,16,False,1,False,5.0,1,0,1,1,3.07326
Code Review,Medium,Mid,C++,Medium,3,5,1,6,8,15,False,0,False,1.85,4,1,0,0,1.360125
Deployment,High,Mid,JavaScript,Medium,10,3,2,20,5,17,True,2,True,2.08333333,2,1,0,0,5.86595625
Feature Dev,Medium,Mid,Java,Low,7,3,0,14,7,10,False,3,True,1.5,3,0,0,0,3.844775
Client Meeting,Low,Mid,Python,High,5,2,0,10,5,14,True,0,False,2.375,1,1,0,0,1.66910625
Testing,Low,Senior,Go,Low,13,4,2,26,9,16,True,2,True,2.375,2,2,0,0,6.45779269
Testing,Medium,Senior,Python,Medium,11,3,1,22,6,9,False,0,False,1.5,3,0,0,0,4.66375
Feature Dev,Medium,Senior,Java,Medium,3,2,1,6,5,17,True,2,False,2.375,1,1,0,0,1.59698438
Client Meeting,High,Tech Lead,C++,Medium,4,3,0,8,2,18,True,2,True,3.5,1,1,1,0,2.11410045
Feature Dev,Medium,Mid,Java,High,9,5,2,18,7,17,True,3,True,2.55,2,3,0,0,4.24583775
Documentation,Low,Mid,C++,Low,9,4,1,18,5,18,True,0,False,2.375,2,2,0,0,3.84203531
Refactoring,High,Senior,C++,Critical,3,3,2,6,5,12,False,2,False,4.08333333,0,2,1,0,1.38859542
Code Review,Medium,Junior,C++,Low,2,2,1,4,1,15,False,1,False,4.5,0,1,1,0,0.98030625
Documentation,High,Tech Lead,Go,High,13,4,1,26,7,17,True,1,False,2.375,2,2,0,0,5.77696219
Code Review,High,Tech Lead,Other,Critical,3,5,2,6,10,11,False,2,False,3.8,1,3,0,1,1.381471
Deployment,Medium,Junior,C++,Medium,4,3,0,8,1,18,False,3,False,4.16666667,1,1,0,1,1.60945833
Documentation,Low,Junior,Go,Medium,12,5,2,24,3,17,False,1,False,3.1,3,1,0,1,4.23738
Documentation,Medium,Tech Lead,Go,Medium,12,5,2,24,9,9,True,3,False,2.7,3,1,1,0,5.3074035
Refactoring,Low,Senior,C++,High,4,3,2,8,6,12,True,1,False,1.5,3,0,0,0,1.78227
Client Meeting,Medium,Tech Lead,Python,High,10,4,2,20,4,14,False,1,False,2.5625,3,0,1,0,3.73316625
Design Review,Medium,Junior,C++,Medium,4,5,1,8,4,17,True,2,False,3.9,1,2,2,0,1.74180825
Deployment,Medium,Junior,C++,Medium,6,5,0,12,8,17,True,3,False,2.35,4,0,1,0,2.70182588
Bug Fix,High,Junior,Python,Low,7,5,0,14,7,14,True,1,False,4.8,1,1,2,1,2.93500284
Refactoring,Medium,Junior,Python,Low,7,3,2,14,3,12,False,2,False,4.33333333,1,0,2,0,3.01411
Refactoring,High,Mid,Java,Low,4,2,0,8,9,13,False,2,False,3.25,0,2,0,0,2.10375
Design Review,Medium,Tech Lead,Python,Critical,13,3,0,26,10,17,False,2,False,3.5,1,1,1,0,4.1183775
Design Review,Low,Junior,Other,Critical,2,2,0,4,4,9,True,1,False,3.25,0,2,0,0,0.68610938
Documentation,High,Mid,Other,Medium,9,5,2,18,7,18,False,1,False,3.9,1,2,2,0,3.862178
Bug Fix,Medium,Mid,Java,Critical,6,4,1,12,6,17,True,3,False,1.9375,3,1,0,0,2.55157383
Documentation,Medium,Tech Lead,JavaScript,Low,2,3,3,4,1,9,False,1,False,2.66666667,1,2,0,0,1.4355
Testing,Medium,Mid,JavaScript,High,7,3,3,14,7,12,True,1,False,3.5,1,1,1,0,2.84046919
Client Meeting,Low,Mid,Python,Critical,10,2,0,20,4,14,False,3,True,1.5,2,0,0,0,3.7376625
Bug Fix,Medium,Junior,Python,Low,4,4,1,8,5,16,False,2,False,4.5625,1,1,1,1,1.72055813
Client Meeting,Medium,Mid,JavaScript,Medium,8,4,0,16,8,15,False,3,True,3.0,2,1,1,0,3.547775
Design Review,High,Junior,C++,Medium,1,5,1,2,9,12,False,0,True,3.9,1,2,2,0,0.5708197
Client Meeting,Medium,Junior,JavaScript,High,2,3,2,4,7,18,False,1,False,2.08333333,2,1,0,0,1.0755
Design Review,Medium,Junior,Other,Medium,11,4,0,22,3,14,False,2,True,3.0,2,1,1,0,4.66279
Refactoring,High,Junior,Java,Medium,12,5,2,24,5,11,False,3,False,3.95,2,1,1,1,5.081436
Refactoring,High,Junior,JavaScript,Low,9,4,2,18,1,18,True,1,False,3.4375,1,2,1,0,4.72080479
Bug Fix,Medium,Junior,C++,Medium,11,3,3,22,1,12,False,3,False,3.5,1,1,1,0,4.6208375
Bug Fix,Low,Junior,Python,High,8,2,0,16,1,10,False,0,True,1.5,2,0,0,0,2.92248
Client Meeting,High,Junior,Other,Critical,12,5,0,24,2,13,False,1,True,3.55,2,1,2,0,4.5566131
Testing,High,Mid,Java,Medium,2,2,1,4,2,15,False,3,False,3.625,1,0,1,0,1.22092688
Design Review,Medium,Junior,Go,High,13,2,1,26,10,16,False,2,True,2.375,1,1,0,0,5.39147813
Testing,Medium,Junior,JavaScript,Critical,5,2,2,10,1,10,False,1,True,2.375,1,1,0,0,2.201925
Client Meeting,High,Senior,Python,Medium,7,5,1,14,2,12,False,0,False,3.45,2,2,0,1,2.96939125
Documentation,High,Tech Lead,JavaScript,High,10,5,3,20,8,9,False,2,False,3.9,1,2,2,0,4.0195575
Client Meeting,High,Mid,JavaScript,Medium,1,3,1,2,4,17,False,1,True,2.91666667,2,0,1,0,0.72284804
Feature Dev,Medium,Mid,Go,Critical,8,3,3,16,6,15,True,2,False,5.58333333,0,1,1,1,2.68704975
Feature Dev,Medium,Mid,Other,Critical,11,4,1,22,1,16,False,0,False,2.5625,3,0,1,0,3.64596477
Feature Dev,Medium,Senior,JavaScript,Medium,9,5,3,18,9,18,False,3,False,4.3,1,2,1,1,3.54177
Deployment,Low,Mid,Java,High,5,4,0,10,1,10,True,2,False,1.9375,3,1,0,0,1.89590625
Feature Dev,Low,Mid,Java,Low,7,3,1,14,5,10,True,2,True,2.66666667,1,2,0,0,3.5247905
Client Meeting,Medium,Tech Lead,Go,High,11,2,0,22,3,10,True,0,False,2.375,1,1,0,0,4.0800375
Client Meeting,Medium,Mid,JavaScript,Low,12,4,1,24,3,12,True,3,False,3.5,2,1,0,1,5.32852031
Design Review,Low,Tech Lead,JavaScript,High,8,5,3,16,10,18,True,1,False,3.8,1,3,0,1,2.80214708
Feature Dev,Low,Senior,JavaScript,Medium,10,3,1,20,8,15,False,2,False,2.08333333,2,1,0,0,3.93354167
Client Meeting,Medium,Tech Lead,JavaScript,Low,5,5,1,10,3,11,True,3,False,2.2,3,2,0,0,2.8014525
Documentation,Medium,Junior,Java,Critical,10,4,2,20,6,16,True,2,False,5.1875,1,0,2,1,3.03829312
Client Meeting,Medium,Tech Lead,Other,High,10,3,0,20,2,12,True,2,True,2.08333333,2,1,0,0,4.34770875
Refactoring,High,Tech Lead,Go,High,8,5,1,16,10,11,True,2,False,3.95,2,1,1,1,3.16207301
Documentation,High,Mid,Go,Medium,4,3,1,8,9,14,False,2,False,4.08333333,0,2,1,0,1.90301875
Feature Dev,High,Tech Lead,Java,Medium,5,3,1,10,2,11,False,3,False,2.66666667,1,2,0,0,2.65833333
Bug Fix,Medium,Tech Lead,JavaScript,Critical,7,4,1,14,5,11,False,3,False,1.5,4,0,0,0,2.8315625
Code Review,Medium,Mid,Other,High,6,3,0,12,9,11,False,0,False,2.08333333,2,1,0,0,2.151
Client Meeting,Low,Senior,JavaScript,High,9,2,2,18,3,17,True,1,False,2.375,1,1,0,0,3.37530375
Testing,High,Junior,C++,Critical,9,4,2,18,4,18,False,3,True,3.0,2,1,1,0,4.08399585
Refactoring,High,Junior,C++,High,13,4,3,26,9,14,False,1,True,2.375,2,2,0,0,6.34348688
Deployment,High,Mid,Python,Critical,6,5,1,12,2,16,True,1,False,3.4,1,3,1,0,2.42342399
Code Review,Low,Tech Lead,Go,Medium,2,3,0,4,4,9,False,3,False,2.08333333,2,1,0,0,1.01575
Testing,Medium,Mid,Python,Medium,12,4,2,24,3,18,True,3,False,1.5,4,0,0,0,5.81175
Deployment,Medium,Senior,Python,Critical,13,3,0,26,5,18,True,3,True,2.08333333,2,1,0,0,5.37712656
Feature Dev,Medium,Junior,JavaScript,Low,12,2,2,24,8,15,True,3,False,3.625,1,0,1,0,5.55833644
Refactoring,High,Mid,Java,High,1,2,2,2,10,12,True,0,False,1.5,2,0,0,0,0.736155
Testing,Medium,Mid,Java,High,11,4,3,22,2,12,False,3,False,3.4375,1,2,1,0,4.17280359
Client Meeting,Medium,Tech Lead,Python,Low,7,2,0,14,5,17,False,1,False,1.5,2,0,0,0,3.26975
Bug Fix,Low,Mid,Java,Low,7,2,1,14,1,9,True,2,True,2.375,1,1,0,0,3.57796622
Design Review,Low,Mid,Java,Critical,12,3,1,24,8,17,True,3,False,2.08333333,2,1,0,0,4.23948656
Testing,High,Mid,C++,High,4,5,2,8,8,11,True,1,False,3.05,2,2,1,0,1.94549796
Deployment,Low,Junior,Other,Low,6,2,1,12,5,16,True,1,False,1.5,2,0,0,0,2.85313875
Code Review,High,Junior,C++,High,12,4,2,24,10,15,True,2,True,4.5625,1,1,1,1,5.0195298
Refactoring,High,Junior,Java,High,3,3,1,6,2,16,True,3,True,3.5,1,1,1,0,1.70682522
Feature Dev,Low,Junior,Go,Medium,3,3,1,6,4,15,False,2,False,2.66666667,1,2,0,0,1.38233333
Documentation,High,Junior,C++,Medium,1,5,2,2,5,14,False,3,False,3.95,2,1,1,1,0.880118
Client Meeting,Low,Junior,JavaScript,Medium,6,3,0,12,3,18,False,0,False,2.08333333,2,1,0,0,2.151
Documentation,Low,Senior,Java,Medium,9,2,3,18,7,9,False,3,False,2.375,1,1,0,0,3.9151875
Client Meeting,High,Mid,JavaScript,Medium,4,3,2,8,8,9,False,1,False,4.33333333,1,0,2,0,1.85994667
Bug Fix,Medium,Mid,JavaScript,Critical,10,5,1,20,8,12,False,3,False,3.8,1,3,0,1,3.26997125
Bug Fix,High,Tech Lead,C++,High,2,5,3,4,1,13,True,0,False,3.95,2,1,1,1,1.0749479
Design Review,High,Tech Lead,Java,Medium,6,3,1,12,10,15,True,3,False,2.91666667,2,0,1,0,3.11953819
Bug Fix,Medium,Tech Lead,JavaScript,High,9,2,0,18,6,9,False,3,True,2.375,1,1,0,0,3.78860625
Design Review,Medium,Tech Lead,JavaScript,High,3,4,2,6,3,9,True,2,False,3.9375,1,2,0,1,1.3783268
Code Review,High,Senior,Other,High,12,3,2,24,2,18,False,0,False,4.08333333,0,2,1,0,4.55160375
Refactoring,Medium,Senior,Other,Low,4,2,2,8,2,18,True,2,False,1.5,2,0,0,0,2.4861375
Documentation,High,Tech Lead,Python,Medium,12,4,1,24,9,15,False,2,False,3.0,2,1,1,0,5.409205
Testing,Medium,Senior,Other,High,11,5,3,22,10,9,False,1,False,3.55,2,1,2,0,3.86315325
Bug Fix,Medium,Senior,Java,Critical,10,5,0,20,10,12,False,3,True,3.6,3,0,1,1,3.4029512
Feature Dev,High,Tech Lead,C++,Medium,1,5,0,2,4,12,False,1,False,3.05,2,2,1,0,0.514682
Feature Dev,Medium,Mid,C++,High,9,4,1,18,4,14,False,0,True,4.0625,1,1,2,0,3.12986953
Feature Dev,High,Junior,Go,Critical,7,3,3,14,5,12,True,3,False,4.33333333,1,0,2,0,2.94205783
Feature Dev,Medium,Mid,Go,Low,5,5,3,10,6,17,False,3,False,2.55,2,3,0,0,2.9418125
Refactoring,Medium,Senior,JavaScript,Critical,11,5,1,22,5,11,False,2,False,3.1,3,1,0,1,3.62466563
Design Review,Low,Senior,C++,Low,12,4,0,24,4,16,False,1,False,1.9375,3,1,0,0,4.87719375
Documentation,Medium,Junior,Go,Critical,4,5,3,8,6,16,False,1,False,2.7,3,1,1,0,1.71063138
Bug Fix,Medium,Mid,C++,Low,1,4,0,2,8,11,True,0,True,3.0,2,1,1,0,0.5
Documentation,High,Mid,Java,Low,8,2,1,16,5,17,False,3,False,3.625,1,0,1,0,4.04866481
Refactoring,Medium,Junior,Python,Medium,12,3,3,24,10,10,False,0,False,3.25,0,3,0,0,4.921875
Client Meeting,High,Senior,Java,Medium,6,2,2,12,6,9,False,0,False,2.375,1,1,0,0,3.002625
Deployment,Medium,Junior,Python,Medium,4,2,2,8,8,18,True,2,False,4.5,0,1,1,0,1.87149375
Deployment,Medium,Tech Lead,Other,Medium,1,3,3,2,9,9,True,0,False,3.5,1,1,1,0,0.80079562
Testing,Medium,Tech Lead,C++,High,8,3,0,16,10,10,True,0,False,2.08333333,2,1,0,0,3.0114
Refactoring,Medium,Mid,Other,Medium,5,3,3,10,8,13,False,2,False,2.91666667,2,0,1,0,2.45268542
Bug Fix,Medium,Mid,Other,Low,9,4,1,18,4,10,True,2,True,4.125,2,0,1,1,4.12644107
Client Meeting,Low,Mid,Python,High,9,2,2,18,1,15,False,2,True,2.375,1,1,0,0,3.63317625
Refactoring,High,Tech Lead,Other,Critical,5,3,3,10,10,14,False,3,True,4.91666667,0,1,2,0,2.2897176
Testing,High,Mid,C++,Medium,4,4,3,8,2,18,False,0,True,4.125,2,0,1,1,2.07124775
Testing,Medium,Tech Lead,Java,Medium,7,4,1,14,2,11,False,3,False,3.4375,1,2,1,0,2.92591406
Feature Dev,High,Mid,Java,High,8,3,1,16,3,15,False,1,True,5.58333333,0,1,1,1,3.0425274
Testing,Low,Tech Lead,Python,Medium,2,2,3,4,10,10,False,1,False,1.5,2,0,0,0,1.30175
Client Meeting,Medium,Senior,Python,Medium,5,4,2,10,9,14,False,3,True,3.4375,1,2,1,0,2.57480438
Documentation,High,Senior,Java,Critical,13,3,2,26,9,12,True,2,False,4.16666667,1,1,0,1,4.89902175
Deployment,Medium,Junior,C++,Medium,10,5,2,20,7,9,False,1,True,4.45,2,0,2,1,3.779919
Design Review,Medium,Mid,Python,High,5,3,0,10,4,18,False,2,False,2.91666667,2,0,1,0,1.8325725
Refactoring,Low,Junior,C++,Medium,7,5,2,14,6,14,False,0,False,1.85,4,1,0,0,2.84115
Client Meeting,Low,Mid,Other,Critical,1,4,0,2,5,18,False,2,False,1.5,4,0,0,0,0.5
Documentation,Low,Junior,Python,Low,9,3,1,18,7,14,False,1,False,2.66666667,1,2,0,0,3.71103333
Bug Fix,Medium,Tech Lead,Java,High,11,5,0,22,3,18,False,3,False,4.3,1,2,1,1,3.444066
Documentation,High,Junior,Go,High,5,2,1,10,5,12,False,2,True,1.5,2,0,0,0,2.6890875
Code Review,Medium,Tech Lead,Go,Medium,13,3,2,26,9,14,False,0,True,4.16666667,1,1,0,1,5.12485417
Bug Fix,Medium,Tech Lead,JavaScript,Low,4,3,3,8,2,18,True,3,False,4.08333333,0,2,1,0,2.35857016
Deployment,Medium,Tech Lead,C++,Medium,1,2,3,2,7,14,False,1,False,1.5,2,0,0,0,0.97375
Design Review,Medium,Tech Lead,Other,High,2,3,0,4,9,11,False,3,False,5.0,1,0,1,1,0.77418
Client Meeting,Medium,Mid,C++,Medium,6,2,3,12,7,14,True,0,True,4.5,0,1,1,0,2.79387281
Documentation,Medium,Junior,Python,Low,5,4,2,10,8,10,True,3,False,1.9375,3,1,0,0,3.01238438
Design Review,Medium,Junior,Go,Low,13,2,3,26,8,18,False,3,False,4.5,0,1,1,0,5.55506875
Documentation,Medium,Senior,JavaScript,Medium,9,2,3,18,2,10,False,0,True,3.625,1,0,1,0,3.97024031
Deployment,High,Tech Lead,Java,High,10,2,0,20,6,9,False,0,False,4.5,0,1,1,0,3.513825
Design Review,Medium,Senior,Other,Critical,13,4,0,26,5,18,True,2,False,4.125,2,0,1,1,3.96283388
Deployment,Low,Senior,Other,Low,2,5,0,4,6,10,False,1,False,3.8,1,3,0,1,0.779779
Client Meeting,High,Junior,JavaScript,Low,13,2,3,26,2,13,True,2,False,2.375,1,1,0,0,7.51406906
Client Meeting,Medium,Tech Lead,C++,Low,11,5,3,22,6,10,False,1,False,3.05,2,2,1,0,5.00436338
Design Review,Medium,Tech Lead,Other,Critical,2,3,1,4,9,12,False,1,True,2.08333333,2,1,0,0,0.97765938
Feature Dev,Medium,Mid,Java,High,3,2,3,6,1,16,False,2,False,2.375,1,1,0,0,1.63378125
Feature Dev,High,Tech Lead,Java,Low,12,3,0,24,10,15,True,2,True,2.08333333,2,1,0,0,7.23697975
Code Review,Medium,Senior,Java,Medium,9,5,1,18,7,18,False,1,False,4.3,1,2,1,1,3.13467
Testing,Medium,Senior,JavaScript,Critical,2,4,0,4,9,10,True,2,False,3.5,2,1,0,1,0.78428438
Deployment,Low,Senior,C++,Critical,13,4,1,26,2,18,True,1,False,3.0625,3,0,0,1,3.95795999
Deployment,Low,Mid,JavaScript,Low,4,2,1,8,6,16,True,3,True,1.5,2,0,0,0,2.46127613
Feature Dev,High,Mid,Python,Low,3,4,3,6,4,16,True,0,False,2.8125,1,3,0,0,2.02778297
Refactoring,Low,Junior,C++,Critical,9,3,3,18,10,16,False,0,False,3.58333333,2,0,0,1,2.74378406
Refactoring,Medium,Mid,C++,High,3,4,1,6,10,15,False,1,True,1.9375,3,1,0,0,1.43998594
Code Review,Medium,Senior,Go,Medium,1,4,1,2,8,18,True,3,False,3.0,2,1,1,0,0.82243875
Documentation,Medium,Senior,Go,High,13,3,1,26,9,13,True,2,False,5.58333333,0,1,1,1,4.1013945
Testing,High,Junior,Go,Critical,7,4,1,14,3,12,False,3,True,3.25,0,4,0,0,3.21698438
Design Review,Medium,Junior,Java,Medium,11,3,0,22,7,13,False,1,False,5.58333333,0,1,1,1,3.519
Feature Dev,Low,Tech Lead,JavaScript,High,4,4,3,8,10,9,False,2,False,1.9375,3,1,0,0,1.88687813
Refactoring,High,Tech Lead,Go,Critical,5,4,0,10,5,15,True,1,False,2.375,2,2,0,0,2.1018375
Deployment,Medium,Junior,Java,Medium,4,4,2,8,2,11,False,3,False,3.4375,1,2,1,0,1.98061875
Testing,Low,Tech Lead,C++,High,7,4,2,14,10,10,False,2,False,2.375,2,2,0,0,2.6670375
Deployment,High,Senior,C++,Low,2,3,3,4,10,18,False,3,False,4.16666667,1,1,0,1,1.55609208
Design Review,Medium,Junior,C++,High,3,2,0,6,6,10,True,2,True,3.625,1,0,1,0,1.29694517
Testing,High,Senior,Java,Low,8,2,3,16,10,16,True,1,False,2.375,1,1,0,0,4.79404406
Code Review,High,Tech Lead,C++,High,6,2,3,12,8,14,False,2,False,5.75,0,0,2,0,2.452131
Design Review,Low,Senior,Java,Medium,12,4,1,24,3,14,True,2,True,2.8125,1,3,0,0,5.17472484
Documentation,Medium,Tech Lead,JavaScript,Critical,6,2,3,12,8,9,False,1,True,1.5,2,0,0,0,2.82720625
Testing,Medium,Mid,Python,Low,6,4,0,12,4,10,False,3,False,3.0,2,1,1,0,2.736855
Client Meeting,Low,Senior,Python,High,11,4,0,22,10,14,True,0,False,2.375,2,2,0,0,3.67203375
Deployment,Low,Senior,Other,Low,8,2,3,16,4,16,False,0,False,3.25,0,2,0,0,3.4340625
Client Meeting,Medium,Junior,Go,High,7,4,2,14,5,17,False,0,True,5.0,0,2,1,1,2.399958
Documentation,Medium,Mid,C++,Critical,3,5,2,6,10,15,False,1,False,4.25,0,3,2,0,1.13458
Deployment,Medium,Mid,C++,Low,12,3,1,24,10,16,False,1,False,3.58333333,2,0,0,1,4.85946771
Deployment,High,Tech Lead,C++,Critical,2,5,0,4,3,9,False,3,False,4.45,2,0,2,1,0.80987108
Refactoring,High,Tech Lead,Python,Low,2,4,0,4,10,11,False,0,False,4.5625,1,1,1,1,0.8117505
Design Review,Medium,Mid,C++,Low,11,2,1,22,1,16,True,3,True,1.5,2,0,0,0,6.31597313
Client Meeting,Low,Junior,Other,Medium,4,4,3,8,5,10,False,3,False,3.0625,3,0,0,1,1.96997344
Testing,High,Mid,Java,Low,8,2,2,16,6,17,True,1,True,2.375,1,1,0,0,5.08644675
Design Review,Medium,Tech Lead,Java,Critical,4,2,2,8,1,13,True,3,True,1.5,2,0,0,0,2.21384625
Client Meeting,Low,Senior,Python,High,11,2,1,22,9,10,False,1,True,2.375,1,1,0,0,4.08975188
Documentation,High,Senior,C++,Low,13,3,3,26,7,18,False,1,False,2.91666667,2,0,1,0,6.64816579
Feature Dev,High,Mid,Python,Low,1,3,3,2,8,16,True,1,False,2.66666667,1,2,0,0,1.127665
Client Meeting,Low,Junior,JavaScript,High,7,3,1,14,3,14,False,1,False,2.08333333,2,1,0,0,2.4826125
Code Review,Medium,Junior,Python,Critical,12,5,3,24,6,18,True,1,False,3.55,2,1,2,0,4.14053286
Design Review,High,Senior,Python,Medium,7,3,3,14,8,15,False,3,False,5.58333333,0,1,1,1,3.10454
Refactoring,High,Junior,Go,Critical,10,2,2,20,9,18,True,2,True,2.375,1,1,0,0,4.91304516
Testing,Low,Tech Lead,JavaScript,Low,11,2,2,22,3,17,False,0,False,2.375,1,1,0,0,4.5981375
Code Review,Medium,Tech Lead,Go,High,4,2,0,8,8,16,True,2,True,4.5,0,1,1,0,1.58809613
Client Meeting,Medium,Tech Lead,Python,Critical,7,3,1,14,8,18,True,3,False,2.66666667,1,2,0,0,2.8039375
Deployment,Low,Junior,JavaScript,Medium,4,3,1,8,9,15,True,3,False,2.08333333,2,1,0,0,1.97623125
Code Review,High,Senior,Other,High,2,4,2,4,5,9,False,2,False,2.375,2,2,0,0,1.2540375
Client Meeting,Medium,Mid,C++,Critical,11,3,3,22,9,9,False,3,False,5.0,1,0,1,1,3.423205
Documentation,Low,Senior,C++,Medium,9,5,3,18,4,11,False,1,False,2.2,3,2,0,0,3.7521
Testing,Medium,Junior,C++,Low,2,5,3,4,6,17,False,0,False,3.6,3,0,1,1,1.1638
Bug Fix,High,Tech Lead,Java,High,1,4,3,2,5,14,False,1,False,3.9375,1,2,0,1,0.77989359
Bug Fix,High,Tech Lead,JavaScript,High,7,3,0,14,3,14,True,1,False,2.91666667,2,0,1,0,2.90379442
Refactoring,High,Mid,C++,High,7,5,1,14,1,9,False,0,False,3.45,2,2,0,1,2.67245213
Client Meeting,High,Tech Lead,C++,High,2,2,1,4,9,11,False,1,False,1.5,2,0,0,0,1.079325
Bug Fix,Medium,Mid,Other,Medium,7,3,2,14,10,13,True,1,True,2.08333333,2,1,0,0,3.6806
Design Review,Medium,Tech Lead,Go,High,1,2,0,2,1,13,True,2,False,1.5,2,0,0,0,0.581175
Refactoring,High,Senior,JavaScript,Critical,12,3,3,24,5,10,False,3,False,2.66666667,1,2,0,0,5.15185
Design Review,High,Tech Lead,JavaScript,Low,2,5,0,4,10,15,False,2,False,3.55,2,1,2,0,1.0683288
Client Meeting,High,Junior,Go,High,11,5,2,22,3,14,True,3,True,3.45,2,2,0,1,5.18416062
Documentation,Medium,Junior,C++,Low,10,2,3,20,7,18,False,2,True,5.75,0,0,2,0,4.4955735
Design Review,High,Tech Lead,JavaScript,High,11,3,0,22,10,13,True,2,False,3.5,1,1,1,0,4.45996058
Feature Dev,Medium,Junior,Other,High,11,4,0,22,4,12,False,3,True,2.375,2,2,0,0,4.56575625
Feature Dev,High,Junior,Other,High,10,4,0,20,2,17,False,1,False,3.625,2,0,2,0,3.65313375
Feature Dev,High,Mid,Java,Low,6,5,0,12,9,9,False,0,True,3.9,1,2,2,0,2.84099772
Testing,High,Senior,C++,Medium,3,2,1,6,6,10,False,3,False,2.375,1,1,0,0,1.7956875
Testing,High,Tech Lead,C++,Critical,4,2,0,8,1,17,False,0,False,5.75,0,0,2,0,1.249636
Feature Dev,High,Senior,Go,Medium,9,2,3,18,1,11,False,3,False,2.375,1,1,0,0,4.7983125
Refactoring,Medium,Junior,Go,High,3,5,0,6,6,11,True,2,False,4.8,1,1,2,1,1.0126242
Documentation,High,Tech Lead,JavaScript,Medium,5,3,0,10,9,9,False,3,True,2.08333333,2,1,0,0,2.84808333
Refactoring,Low,Mid,Other,Low,7,5,1,14,2,9,True,1,False,3.45,2,2,0,1,2.81902727
Refactoring,Medium,Mid,JavaScript,Critical,12,3,2,24,10,15,False,3,False,2.08333333,2,1,0,0,4.570875
Feature Dev,Medium,Junior,JavaScript,Medium,11,5,1,22,10,16,True,0,False,2.2,3,2,0,0,4.729725
Code Review,High,Junior,Other,Critical,5,4,3,10,5,15,False,3,False,3.0,2,1,1,0,2.38898875
Documentation,Low,Junior,Other,Medium,5,5,2,10,7,17,True,0,False,3.8,1,3,0,1,1.9062225
Client Meeting,Low,Tech Lead,Python,Critical,12,2,3,24,1,16,True,0,False,3.25,0,2,0,0,3.99114844
Design Review,Medium,Senior,JavaScript,Low,10,5,1,20,7,15,False,1,False,3.75,0,4,1,0,4.13795938
Testing,Medium,Mid,Other,Critical,13,3,3,26,1,17,False,0,False,4.33333333,1,0,2,0,3.98767583
Deployment,High,Tech Lead,C++,Medium,10,2,1,20,9,12,True,3,False,2.375,1,1,0,0,5.20307812
Code Review,Medium,Mid,Go,High,11,3,1,22,6,14,False,1,True,2.08333333,2,1,0,0,4.58431875
Documentation,Medium,Tech Lead,Other,Medium,6,5,1,12,6,11,False,2,True,3.1,3,1,0,1,2.71569375
Code Review,Medium,Senior,JavaScript,High,1,3,2,2,5,16,True,3,True,4.16666667,1,1,0,1,0.88054312
Documentation,High,Tech Lead,Java,Medium,2,3,1,4,10,16,False,2,True,4.08333333,0,2,1,0,1.21393479
Client Meeting,High,Tech Lead,Other,Low,9,4,3,18,2,17,True,0,False,4.5,0,2,2,0,4.36044263
Refactoring,Medium,Mid,Go,Low,1,3,0,2,4,9,True,1,False,3.5,1,1,1,0,0.51816188
Deployment,Medium,Senior,Other,Low,10,3,1,20,10,11,False,1,False,3.5,1,1,1,0,4.19464375
Refactoring,High,Senior,Other,Low,4,4,2,8,7,17,True,2,True,4.0625,1,1,2,0,2.50639952
Feature Dev,High,Tech Lead,Python,Low,3,4,0,6,9,16,True,1,False,3.0,2,1,1,0,1.5752121
Feature Dev,High,Tech Lead,C++,Critical,1,4,0,2,4,12,False,1,False,5.0,0,2,1,1,0.5
Client Meeting,Medium,Tech Lead,Java,High,5,5,3,10,1,12,False,2,True,2.55,2,3,0,0,2.55135375
Code Review,Medium,Senior,Python,Medium,11,3,3,22,3,11,False,2,False,3.5,1,1,1,0,4.5311125
Feature Dev,Medium,Tech Lead,Java,Low,10,2,1,20,8,11,False,3,True,1.5,2,0,0,0,5.5191125
Testing,Low,Mid,JavaScript,Low,10,3,0,20,10,12,True,2,False,4.16666667,1,1,0,1,3.71784875
Testing,Medium,Mid,Other,Low,4,3,0,8,1,13,True,2,False,4.16666667,1,1,0,1,1.76108625
Testing,Medium,Tech Lead,Python,Low,6,5,2,12,1,9,True,2,True,2.35,4,0,1,0,3.51137296
Refactoring,Medium,Junior,Python,Medium,11,3,3,22,10,16,False,0,True,2.66666667,1,2,0,0,5.15716667
Feature Dev,Medium,Junior,JavaScript,High,12,4,2,24,10,14,True,2,True,1.9375,3,1,0,0,5.52656672
Bug Fix,Medium,Senior,Python,Low,11,3,1,22,1,12,False,2,False,5.58333333,0,1,1,1,4.08595
Documentation,Low,Junior,Java,Low,4,3,3,8,9,16,False,3,False,2.66666667,1,2,0,0,2.3287
Deployment,Medium,Tech Lead,C++,Critical,12,2,0,24,1,18,False,1,False,1.5,2,0,0,0,4.269125
Testing,High,Tech Lead,Other,Low,1,4,2,2,7,10,False,3,False,2.8125,1,3,0,0,1.11863125
Design Review,Medium,Junior,Go,Medium,3,4,2,6,1,17,False,1,False,3.875,0,3,1,0,1.4065
Bug Fix,High,Mid,Other,High,6,2,3,12,4,9,False,3,False,3.625,1,0,1,0,2.81526131
Documentation,Low,Senior,C++,Critical,7,4,0,14,8,16,False,2,False,2.375,2,2,0,0,2.26865
Feature Dev,Medium,Senior,Python,Medium,5,5,1,10,6,10,True,1,False,2.75,4,0,0,1,2.16021094
Documentation,High,Senior,Other,Critical,7,5,0,14,2,9,True,1,True,3.55,2,1,2,0,2.82639738
Bug Fix,Medium,Junior,Go,Low,5,4,0,10,9,15,False,1,False,3.4375,1,2,1,0,2.07964969
Design Review,High,Tech Lead,Python,High,12,2,1,24,3,12,True,1,False,4.5,0,1,1,0,4.62793669
Bug Fix,Medium,Tech Lead,JavaScript,Low,13,2,1,26,2,9,False,3,False,1.5,2,0,0,0,6.370375
Bug Fix,Low,Tech Lead,Python,Critical,9,4,1,18,6,9,False,0,False,1.9375,3,1,0,0,2.89050469
Documentation,High,Senior,Python,Low,11,3,0,22,2,18,True,1,False,2.91666667,2,0,1,0,5.51604322
Refactoring,Medium,Junior,Go,Critical,6,4,2,12,9,17,False,1,True,3.0625,3,0,0,1,2.35497281
Feature Dev,Medium,Tech Lead,C++,Medium,1,2,3,2,8,13,False,0,True,2.375,1,1,0,0,0.91746875
Design Review,Medium,Junior,Python,Low,1,2,0,2,4,15,True,0,True,2.375,1,1,0,0,0.5
Client Meeting,High,Senior,Java,High,11,2,2,22,6,10,True,0,False,2.375,1,1,0,0,4.9702275
Design Review,Medium,Mid,Go,Critical,4,3,2,8,8,16,True,3,True,5.58333333,0,1,1,1,1.6890027
Feature Dev,Medium,Junior,C++,Low,9,5,0,18,5,13,False,2,False,3.05,2,2,1,0,3.8417335
Refactoring,High,Senior,JavaScript,Critical,9,4,1,18,6,15,False,1,False,5.0,0,2,1,1,2.918033
Design Review,Low,Tech Lead,Other,Low,13,4,2,26,1,14,False,2,False,3.0625,3,0,0,1,5.12552906
Design Review,Medium,Mid,Python,Low,5,5,1,10,3,10,True,3,False,3.55,2,1,2,0,2.45381771
Code Review,High,Mid,Java,Critical,12,4,0,24,3,18,True,3,False,3.9375,1,2,0,1,4.45658998
Testing,High,Tech Lead,C++,High,12,4,3,24,9,11,False,3,False,3.625,2,0,2,0,4.87343588
Client Meeting,Medium,Senior,Other,High,6,2,0,12,4,10,False,1,False,4.5,0,1,1,0,1.9096875
Refactoring,High,Junior,JavaScript,High,11,2,3,22,6,15,False,0,False,3.625,1,0,1,0,4.41939881
Code Review,High,Senior,C++,Low,3,4,1,6,5,17,False,3,False,4.5625,1,1,1,1,1.61467763
Code Review,High,Junior,C++,Medium,5,3,2,10,3,14,True,3,False,2.66666667,1,2,0,0,2.9435
Documentation,Medium,Mid,Go,High,13,3,3,26,10,10,True,1,False,2.66666667,1,2,0,0,5.252625
Design Review,Medium,Tech Lead,JavaScript,Medium,5,4,3,10,9,14,True,1,False,3.4375,1,2,1,0,2.41050305
Deployment,Medium,Mid,Other,Critical,3,3,3,6,3,14,False,3,False,3.58333333,2,0,0,1,1.44996719
Code Review,Medium,Junior,C++,Critical,11,2,2,22,7,11,False,0,False,4.5,0,1,1,0,3.39075625
Bug Fix,Medium,Junior,Python,Medium,6,3,2,12,9,13,True,1,False,2.08333333,2,1,0,0,2.92775
Bug Fix,Medium,Junior,Other,Critical,13,4,1,26,1,13,False,1,True,1.9375,3,1,0,0,5.11167422
Documentation,Medium,Senior,Other,Low,13,3,3,26,7,16,False,2,False,5.0,1,0,1,1,5.03217
Testing,Low,Tech Lead,C++,High,2,3,2,4,10,13,False,1,False,4.16666667,1,1,0,1,0.85386
Client Meeting,Medium,Senior,JavaScript,Low,13,3,1,26,9,12,False,1,False,4.16666667,1,1,0,1,5.07826458
Testing,High,Mid,C++,Medium,1,2,2,2,1,18,False,3,False,2.375,1,1,0,0,1.040125
Code Review,Low,Mid,JavaScript,High,12,2,3,24,4,13,False,0,False,1.5,2,0,0,0,4.400325
Design Review,Medium,Junior,Go,Medium,12,3,1,24,8,18,False,0,False,4.91666667,0,1,2,0,3.9744375
Code Review,High,Junior,Other,Critical,1,2,2,2,1,12,False,3,False,2.375,1,1,0,0,0.88410625
Feature Dev,Low,Tech Lead,Python,Critical,13,4,1,26,2,18,True,1,False,2.375,2,2,0,0,4.31752453
Documentation,High,Mid,JavaScript,Low,3,4,1,6,5,16,True,3,True,3.0,2,1,1,0,2.14250132
Feature Dev,High,Mid,C++,High,3,3,3,6,6,11,False,2,True,4.16666667,1,1,0,1,1.70238337
Documentation,Medium,Junior,Python,Medium,5,4,2,10,2,14,False,3,False,2.8125,1,3,0,0,2.494375
Deployment,Medium,Tech Lead,C++,Medium,6,4,0,12,8,16,False,1,False,3.5,2,1,0,1,2.196875
Refactoring,Medium,Tech Lead,Java,Medium,8,5,1,16,8,17,False,0,True,2.7,3,1,1,0,3.44934425
Feature Dev,Medium,Senior,Java,Critical,8,4,1,16,7,13,False,3,True,3.0625,3,0,0,1,3.06987527
Bug Fix,Medium,Mid,C++,Critical,6,3,1,12,4,18,False,2,True,3.58333333,2,0,0,1,2.24930807
Design Review,Low,Junior,Other,High,13,3,1,26,1,13,False,2,False,2.08333333,2,1,0,0,4.5081375
Client Meeting,Low,Mid,Go,Low,3,5,3,6,3,10,False,3,False,3.45,2,2,0,1,1.77370463
Deployment,High,Mid,Other,Low,2,2,0,4,5,17,True,2,False,3.625,1,0,1,0,1.15284015
Design Review,Medium,Tech Lead,Python,Medium,1,5,2,2,10,10,True,1,True,4.8,1,1,2,1,0.7072296
Testing,High,Tech Lead,Python,Low,7,2,3,14,2,17,True,1,True,3.625,1,0,1,0,4.26859652
Bug Fix,High,Mid,Java,Low,1,3,0,2,8,12,True,1,False,2.08333333,2,1,0,0,0.644105
Bug Fix,Medium,Senior,JavaScript,High,13,3,3,26,2,14,True,2,False,3.5,1,1,1,0,4.96022231
Client Meeting,High,Senior,Python,Critical,13,2,2,26,2,12,False,1,True,2.375,1,1,0,0,5.85345063
Client Meeting,High,Junior,C++,High,6,3,0,12,9,10,True,1,False,3.58333333,2,0,0,1,2.36429944
Client Meeting,Low,Mid,Go,High,12,5,2,24,2,17,False,1,True,3.25,0,5,0,0,4.38075
Client Meeting,Low,Mid,Other,Critical,2,3,1,4,7,17,False,0,False,4.16666667,1,1,0,1,0.62641812
Deployment,Medium,Junior,JavaScript,Low,9,3,3,18,3,10,True,2,False,2.08333333,2,1,0,0,4.88829688
Testing,High,Tech Lead,Python,Low,7,4,2,14,9,10,False,2,False,2.375,2,2,0,0,4.015275
Code Review,Medium,Junior,C++,Medium,2,4,1,4,7,15,True,1,False,1.5,4,0,0,0,1.1300625
Bug Fix,High,Tech Lead,Other,Critical,12,3,0,24,2,16,True,0,True,2.08333333,2,1,0,0,5.39667975
Refactoring,Low,Mid,JavaScript,Low,13,5,2,26,9,11,False,0,False,3.1,3,1,0,1,4.9178745
Bug Fix,Low,Mid,Other,Medium,4,2,0,8,3,17,False,1,False,1.5,2,0,0,0,1.5785
Client Meeting,High,Junior,Java,High,13,5,1,26,8,16,False,2,False,3.05,2,2,1,0,5.23597028
Bug Fix,High,Tech Lead,Python,Medium,1,4,3,2,8,17,False,2,False,3.0,2,1,1,0,1.022865
Code Review,High,Junior,C++,Critical,10,3,1,20,5,14,True,3,False,4.33333333,1,0,2,0,3.74241613
Deployment,Medium,Tech Lead,JavaScript,Low,5,5,3,10,2,12,True,1,True,2.35,4,0,1,0,3.08758657
Feature Dev,Low,Tech Lead,Python,Critical,11,5,0,22,7,13,True,0,False,1.85,4,1,0,0,3.56080725
Testing,Low,Tech Lead,C++,High,6,4,1,12,3,15,False,3,False,2.8125,1,3,0,0,2.25357188
Bug Fix,Medium,Tech Lead,Java,Low,4,3,2,8,8,18,True,3,False,3.25,0,3,0,0,2.3821875
Testing,Low,Senior,C++,Low,8,3,0,16,5,16,False,3,False,2.66666667,1,2,0,0,3.3814
Client Meeting,Medium,Senior,Python,Medium,2,2,0,4,10,17,False,0,True,1.5,2,0,0,0,0.902
Code Review,High,Junior,C++,Critical,9,5,1,18,4,12,False,3,False,3.4,1,3,1,0,3.51954315
Refactoring,Medium,Junior,JavaScript,Medium,10,3,2,20,9,10,True,1,False,4.08333333,0,2,1,0,4.0145875
Design Review,Medium,Tech Lead,Go,High,2,3,3,4,10,14,True,3,False,4.33333333,1,0,2,0,1.21623075
Client Meeting,Medium,Senior,JavaScript,Critical,6,3,2,12,2,18,True,1,False,5.0,1,0,1,1,1.954218
Deployment,High,Senior,Other,High,13,4,0,26,7,9,True,1,False,5.1875,1,0,2,1,4.3465464
Refactoring,Low,Tech Lead,Python,Critical,6,3,3,12,9,15,False,0,False,2.08333333,2,1,0,0,2.20925625
Refactoring,High,Mid,JavaScript,Critical,10,2,0,20,10,10,False,3,False,1.5,2,0,0,0,4.269125
Client Meeting,Medium,Mid,Java,Low,4,5,3,8,10,11,True,0,False,3.4,1,3,1,0,2.13594728
Deployment,Medium,Junior,Other,Low,10,4,0,20,5,10,False,2,False,1.9375,3,1,0,0,4.6344375
Client Meeting,Low,Senior,Python,Low,7,2,1,14,8,13,False,0,False,2.375,1,1,0,0,2.88193125
Deployment,High,Junior,Python,Low,6,4,0,12,7,15,False,1,False,2.8125,1,3,0,0,3.01819375
Refactoring,Medium,Senior,C++,Critical,5,4,3,10,3,9,True,3,False,3.0625,3,0,0,1,2.20778701
Documentation,High,Junior,Go,Low,13,4,3,26,8,12,True,2,False,3.625,2,0,2,0,6.61333798
Feature Dev,Medium,Senior,Go,High,4,4,2,8,7,14,False,3,False,1.9375,3,1,0,0,1.9861875
Design Review,High,Mid,Go,Low,7,5,2,14,8,13,False,2,False,3.05,2,2,1,0,3.7608549
Refactoring,High,Mid,Java,Critical,1,4,2,2,3,9,False,3,True,2.8125,1,3,0,0,0.95083656
Testing,High,Tech Lead,JavaScript,High,5,3,0,10,10,11,True,2,False,2.91666667,2,0,1,0,2.18659219
Design Review,Medium,Senior,Other,Critical,10,5,0,20,9,17,True,1,False,2.7,3,1,1,0,3.42524096
Code Review,High,Senior,Python,Critical,10,3,1,20,6,9,False,3,False,3.58333333,2,0,0,1,3.75504323
Client Meeting,High,Junior,Java,High,9,4,3,18,1,9,False,1,False,2.375,2,2,0,0,4.14185625
Refactoring,High,Tech Lead,C++,High,3,2,2,6,7,11,False,3,False,2.375,1,1,0,0,1.7485875
Deployment,High,Senior,Java,Critical,13,4,1,26,7,9,False,3,True,4.375,0,3,0,1,5.03321311
Feature Dev,Medium,Tech Lead,JavaScript,Critical,3,5,2,6,1,11,False,3,False,4.3,1,2,1,1,1.245726
Feature Dev,Medium,Senior,JavaScript,Medium,1,3,3,2,9,9,False,2,True,3.5,1,1,1,0,1.03632375
Bug Fix,High,Senior,Java,Low,6,3,3,12,3,12,True,0,True,3.5,1,1,1,0,3.65925916
Documentation,Medium,Mid,C++,High,12,3,1,24,6,15,False,3,False,2.08333333,2,1,0,0,4.7053125
Design Review,Medium,Tech Lead,Go,High,3,4,3,6,3,18,False,1,True,3.0625,3,0,0,1,1.55843789
Refactoring,High,Junior,Other,Medium,11,3,3,22,7,10,True,1,False,4.16666667,1,1,0,1,4.98974437
Testing,High,Junior,C++,High,3,4,0,6,8,9,False,1,False,4.0625,1,1,2,0,1.12295925
Design Review,Low,Junior,JavaScript,High,11,2,2,22,4,11,True,0,False,1.5,2,0,0,0,4.1263425
Client Meeting,High,Senior,Java,High,2,3,0,4,9,9,True,2,False,3.25,0,3,0,0,0.99225
Bug Fix,High,Senior,Go,Medium,11,5,2,22,7,18,False,2,False,2.9,1,4,0,0,5.3098
Feature Dev,High,Mid,Other,Low,9,3,3,18,7,17,True,2,False,3.58333333,2,0,0,1,4.83974116
Client Meeting,Medium,Mid,C++,High,4,4,0,8,6,11,False,0,True,2.8125,1,3,0,0,1.51965
Client Meeting,Medium,Junior,Java,High,8,2,2,16,6,17,False,1,False,3.625,1,0,1,0,2.8874475
Client Meeting,High,Tech Lead,JavaScript,Low,5,5,2,10,7,10,False,1,False,4.8,1,1,2,1,2.273238
Feature Dev,Low,Mid,Other,Low,13,5,0,26,2,16,False,0,False,1.85,4,1,0,0,5.18661
Deployment,High,Mid,Go,Low,3,3,2,6,10,18,False,1,True,2.91666667,2,0,1,0,1.99343164
Client Meeting,High,Tech Lead,C++,High,3,4,3,6,10,16,True,1,False,4.0625,1,1,2,0,1.53761954
Client Meeting,High,Junior,JavaScript,Low,4,5,3,8,6,12,False,1,True,3.8,1,3,0,1,2.50004755
Feature Dev,High,Senior,Python,Medium,5,3,3,10,9,10,False,1,False,3.25,0,3,0,0,2.671875
Code Review,Medium,Mid,Python,Medium,6,4,3,12,5,13,True,3,False,3.9375,1,2,0,1,2.83773164
Design Review,High,Mid,JavaScript,Low,7,3,0,14,6,12,False,1,False,3.5,1,1,1,0,3.276757
Refactoring,High,Junior,JavaScript,High,2,4,3,4,3,16,False,0,False,3.4375,1,2,1,0,1.11004678
Deployment,Low,Junior,Other,Critical,8,2,0,16,4,13,False,1,False,1.5,2,0,0,0,2.596325
Deployment,High,Senior,Other,Medium,5,2,3,10,9,14,True,0,True,3.625,1,0,1,0,2.8306343
Testing,Low,Mid,Other,Medium,11,4,0,22,3,18,True,3,True,3.9375,1,2,0,1,4.22146364
Documentation,Medium,Senior,Go,Medium,6,4,2,12,9,14,False,1,False,4.375,0,3,0,1,2.344125
Code Review,Low,Junior,Java,Critical,11,4,2,22,1,14,False,1,False,1.9375,3,1,0,0,3.71758125
Bug Fix,High,Senior,JavaScript,Low,13,4,2,26,8,14,False,1,True,2.8125,1,3,0,0,7.40618312
Bug Fix,Low,Senior,JavaScript,Medium,9,3,3,18,2,12,False,0,True,2.66666667,1,2,0,0,3.9237
Testing,High,Mid,Other,Critical,5,3,2,10,5,12,True,3,False,4.16666667,1,1,0,1,2.19246344
Code Review,High,Tech Lead,C++,Medium,3,3,0,6,8,17,False,0,True,4.33333333,1,0,2,0,1.260446
Design Review,Medium,Senior,Java,Critical,2,2,1,4,7,17,True,1,False,4.5,0,1,1,0,0.79538484
Refactoring,Low,Junior,Python,Critical,12,5,1,24,1,18,True,1,False,2.2,3,2,0,0,4.03793775
Testing,Medium,Senior,Java,Medium,6,5,0,12,1,13,True,0,False,4.45,2,0,2,1,1.968057
Code Review,High,Senior,Java,Medium,8,4,2,16,6,10,False,1,True,4.0625,1,1,2,0,3.7836645
Deployment,High,Mid,Java,Critical,2,2,3,4,9,18,True,1,False,4.5,0,1,1,0,1.11353878
Testing,High,Junior,Other,High,5,2,3,10,10,15,True,3,False,3.25,0,2,0,0,2.70210938
Feature Dev,Low,Tech Lead,JavaScript,Critical,5,4,0,10,3,17,False,0,False,3.9375,1,2,0,1,1.31269219
Design Review,Medium,Mid,Python,High,8,4,3,16,9,13,True,3,False,4.0625,1,1,2,0,3.14694155
Code Review,Medium,Senior,Python,Critical,11,2,1,22,5,15,True,3,False,3.625,1,0,1,0,3.85761649
Feature Dev,High,Junior,C++,Low,3,2,2,6,8,18,False,2,True,5.75,0,0,2,0,1.8175652
Code Review,Medium,Senior,JavaScript,Medium,3,3,3,6,10,11,True,0,False,4.91666667,0,1,2,0,1.39105312
Testing,High,Senior,Go,Medium,12,2,2,24,7,10,True,1,False,2.375,1,1,0,0,6.09945
Bug Fix,Medium,Mid,C++,High,13,4,2,26,5,9,False,2,False,2.375,2,2,0,0,5.0338125
Documentation,Low,Mid,Python,Critical,8,3,0,16,10,17,False,3,False,3.25,0,3,0,0,2.5340625
Refactoring,Medium,Tech Lead,Java,High,12,5,2,24,3,12,True,1,False,1.85,4,1,0,0,4.950855
Feature Dev,Low,Junior,Go,Critical,4,4,3,8,8,10,False,3,False,1.9375,3,1,0,0,1.86731719
Testing,Low,Junior,Go,Medium,13,2,2,26,10,11,False,0,True,3.25,0,2,0,0,5.135625
Testing,Medium,Mid,Python,Low,3,5,3,6,2,11,False,1,True,4.3,1,2,1,1,1.7240685
Documentation,Low,Junior,Other,Low,7,3,0,14,3,11,False,3,False,4.16666667,1,1,0,1,2.6276525
Deployment,Low,Junior,Other,Critical,8,5,1,16,6,10,False,0,True,1.85,4,1,0,0,2.85429788
Refactoring,High,Tech Lead,Other,Medium,10,2,3,20,4,14,True,3,False,3.625,1,0,1,0,5.00624578
Bug Fix,Medium,Senior,C++,Medium,1,5,3,2,2,16,False,2,False,3.9,1,2,2,0,0.893235
Design Review,Low,Tech Lead,C++,Low,11,2,2,22,2,17,False,3,False,2.375,1,1,0,0,4.92195
Documentation,High,Junior,Go,Low,1,2,2,2,5,13,False,0,False,2.375,1,1,0,0,0.820325
Documentation,Medium,Tech Lead,Python,Medium,12,4,1,24,6,9,False,0,False,3.5,2,1,0,1,4.3498125
Testing,High,Tech Lead,JavaScript,High,4,2,3,8,10,18,False,2,False,2.375,1,1,0,0,2.19898125
Deployment,High,Tech Lead,C++,Critical,1,4,0,2,2,12,False,2,False,5.625,0,1,2,1,0.5
